YEAR,Municipality,LAT,LON,MONTH,ALLSKY_SFC_SW_DWN,EVLAND,GWETROOT,PRECTOTCORR,RH2M,T2M_MAX,T2M_MIN,TS,WS2M
1990,Alfonso,14.14,120.85,1,18.17,1.96,0.5,0.67,78.89,30.46,21.78,26.27,4.23
1990,Alfonso,14.14,120.85,2,21.72,0.64,0.46,0.11,74.1,32.15,22.6,27.01,4.22
1990,Alfonso,14.14,120.85,3,22.51,0.72,0.45,0.57,69.46,33.94,22.87,27.89,3.57
1990,Alfonso,14.14,120.85,4,24.96,0.17,0.44,0.09,67.5,34.56,24.77,29.92,3.17
1990,Alfonso,14.14,120.85,5,21.21,2.09,0.5,6.31,74.77,35.56,26.07,29.67,2.81
1990,Alfonso,14.14,120.85,6,17.22,3.92,0.77,13.59,85.03,30.45,25.92,28.38,3.45
1990,Alfonso,14.14,120.85,7,18.27,4.19,0.95,14.07,86.21,30.24,25.45,27.65,3.16
1990,Alfonso,14.14,120.85,8,16.04,5.32,0.98,18.31,87.46,29.96,25.26,27.49,4.72
1990,Alfonso,14.14,120.85,9,17.99,4.15,0.97,9.74,86.35,30.01,25.22,27.23,3.19
1990,Alfonso,14.14,120.85,10,18.14,4.02,0.94,5.74,85.6,29.85,24.94,27.37,3.1
1990,Alfonso,14.14,120.85,11,16.46,4.56,0.89,4.65,84.62,29.81,23.05,27.05,3.77
1990,Alfonso,14.14,120.85,12,16.23,4.74,0.73,1.62,84.19,29.12,22.6,26.16,4.84
1990,Amadeo,14.17,120.92,1,18.17,1.96,0.5,0.67,78.89,30.46,21.78,26.27,4.23
1990,Amadeo,14.17,120.92,2,21.72,0.64,0.46,0.11,74.1,32.15,22.6,27.01,4.22
1990,Amadeo,14.17,120.92,3,22.51,0.72,0.45,0.57,69.46,33.94,22.87,27.89,3.57
1990,Amadeo,14.17,120.92,4,24.96,0.17,0.44,0.09,67.5,34.56,24.77,29.92,3.17
1990,Amadeo,14.17,120.92,5,21.21,2.09,0.5,6.31,74.77,35.56,26.07,29.67,2.81
1990,Amadeo,14.17,120.92,6,17.22,3.92,0.77,13.59,85.03,30.45,25.92,28.38,3.45
1990,Amadeo,14.17,120.92,7,18.27,4.19,0.95,14.07,86.21,30.24,25.45,27.65,3.16
1990,Amadeo,14.17,120.92,8,16.04,5.32,0.98,18.31,87.46,29.96,25.26,27.49,4.72
1990,Amadeo,14.17,120.92,9,17.99,4.15,0.97,9.74,86.35,30.01,25.22,27.23,3.19
1990,Amadeo,14.17,120.92,10,18.14,4.02,0.94,5.74,85.6,29.85,24.94,27.37,3.1
1990,Amadeo,14.17,120.92,11,16.46,4.56,0.89,4.65,84.62,29.81,23.05,27.05,3.77
1990,Amadeo,14.17,120.92,12,16.23,4.74,0.73,1.62,84.19,29.12,22.6,26.16,4.84
1990,Bacoor City,14.46,120.94,1,18.17,3.38,0.74,2.92,83.56,30.65,18.85,24.31,1.69
1990,Bacoor City,14.46,120.94,2,21.72,2.67,0.68,1.03,79.16,32.41,19.91,25.21,1.75
1990,Bacoor City,14.46,120.94,3,22.51,2.05,0.63,1.48,73.21,34.55,19.95,26.37,1.65
1990,Bacoor City,14.46,120.94,4,24.96,1.01,0.59,0.32,67.12,38.66,21.55,29.47,1.47
1990,Bacoor City,14.46,120.94,5,21.21,2.28,0.63,5.86,76.19,37.36,22.72,28.65,1.26
1990,Bacoor City,14.46,120.94,6,17.22,3.69,0.84,11.11,87.2,31.49,23.46,26.75,1.29
1990,Bacoor City,14.46,120.94,7,18.27,4.09,0.95,9.8,88.02,31.15,22.85,26.26,1.23
1990,Bacoor City,14.46,120.94,8,16.04,4.89,0.97,11.69,88.87,31.41,23.36,26.3,1.85
1990,Bacoor City,14.46,120.94,9,17.99,4.02,0.96,8.7,87.91,31.73,23.26,26.19,1.24
1990,Bacoor City,14.46,120.94,10,18.14,3.98,0.97,12.84,89.33,31.15,22.61,25.77,1.21
1990,Bacoor City,14.46,120.94,11,16.46,4.73,0.98,11.3,88.71,31.01,21.01,25.38,1.48
1990,Bacoor City,14.46,120.94,12,16.23,5.17,0.93,8.5,88.47,28.56,19.75,24.09,1.84
1990,Carmona,14.31,121.05,1,14.58,3.38,0.74,2.92,83.56,30.65,18.85,24.31,1.69
1990,Carmona,14.31,121.05,2,18.88,2.67,0.68,1.03,79.16,32.41,19.91,25.21,1.75
1990,Carmona,14.31,121.05,3,19.11,2.05,0.63,1.48,73.21,34.55,19.95,26.37,1.65
1990,Carmona,14.31,121.05,4,23.07,1.01,0.59,0.32,67.12,38.66,21.55,29.47,1.47
1990,Carmona,14.31,121.05,5,20.22,2.28,0.63,5.86,76.19,37.36,22.72,28.65,1.26
1990,Carmona,14.31,121.05,6,17.49,3.69,0.84,11.11,87.2,31.49,23.46,26.75,1.29
1990,Carmona,14.31,121.05,7,18.36,4.09,0.95,9.8,88.02,31.15,22.85,26.26,1.23
1990,Carmona,14.31,121.05,8,15.04,4.89,0.97,11.69,88.87,31.41,23.36,26.3,1.85
1990,Carmona,14.31,121.05,9,16.51,4.02,0.96,8.7,87.91,31.73,23.26,26.19,1.24
1990,Carmona,14.31,121.05,10,14.94,3.98,0.97,12.84,89.33,31.15,22.61,25.77,1.21
1990,Carmona,14.31,121.05,11,14.41,4.73,0.98,11.3,88.71,31.01,21.01,25.38,1.48
1990,Carmona,14.31,121.05,12,12.64,5.17,0.93,8.5,88.47,28.56,19.75,24.09,1.84
1990,Cavite City,14.48,120.9,1,18.17,1.12,0.61,0.46,75.13,31.46,21.23,27.67,4.49
1990,Cavite City,14.48,120.9,2,21.72,0.28,0.59,0.11,70.66,32.4,22.51,28.91,4.56
1990,Cavite City,14.48,120.9,3,22.51,0.35,0.59,0.34,65.84,33.89,22.61,30.3,3.98
1990,Cavite City,14.48,120.9,4,24.96,0.12,0.58,0.11,64.51,35.47,24.73,32.26,3.8
1990,Cavite City,14.48,120.9,5,21.21,1.78,0.64,6.32,73.34,35.21,25.83,31.08,3.28
1990,Cavite City,14.48,120.9,6,17.22,3.64,0.93,20.15,84.32,31.14,25.55,28.58,3.9
1990,Cavite City,14.48,120.9,7,18.27,3.79,0.99,15.81,86.0,30.08,25.03,27.78,3.51
1990,Cavite City,14.48,120.9,8,16.04,4.49,0.99,23.75,86.92,29.94,25.47,27.65,5.33
1990,Cavite City,14.48,120.9,9,17.99,3.57,0.98,14.23,86.15,29.92,24.95,27.39,3.54
1990,Cavite City,14.48,120.9,10,18.14,3.42,0.95,4.62,85.1,30.22,24.3,27.58,3.16
1990,Cavite City,14.48,120.9,11,16.46,3.63,0.89,3.58,83.74,30.0,21.85,27.35,3.97
1990,Cavite City,14.48,120.9,12,16.23,3.15,0.77,1.33,82.31,30.11,21.83,26.68,5.01
1990,Dasmarinas City,14.33,120.93,1,18.17,1.12,0.61,0.46,75.13,31.46,21.23,27.67,4.49
1990,Dasmarinas City,14.33,120.93,2,21.72,0.28,0.59,0.11,70.66,32.4,22.51,28.91,4.56
1990,Dasmarinas City,14.33,120.93,3,22.51,0.35,0.59,0.34,65.84,33.89,22.61,30.3,3.98
1990,Dasmarinas City,14.33,120.93,4,24.96,0.12,0.58,0.11,64.51,35.47,24.73,32.26,3.8
1990,Dasmarinas City,14.33,120.93,5,21.21,1.78,0.64,6.32,73.34,35.21,25.83,31.08,3.28
1990,Dasmarinas City,14.33,120.93,6,17.22,3.64,0.93,20.15,84.32,31.14,25.55,28.58,3.9
1990,Dasmarinas City,14.33,120.93,7,18.27,3.79,0.99,15.81,86.0,30.08,25.03,27.78,3.51
1990,Dasmarinas City,14.33,120.93,8,16.04,4.49,0.99,23.75,86.92,29.94,25.47,27.65,5.33
1990,Dasmarinas City,14.33,120.93,9,17.99,3.57,0.98,14.23,86.15,29.92,24.95,27.39,3.54
1990,Dasmarinas City,14.33,120.93,10,18.14,3.42,0.95,4.62,85.1,30.22,24.3,27.58,3.16
1990,Dasmarinas City,14.33,120.93,11,16.46,3.63,0.89,3.58,83.74,30.0,21.85,27.35,3.97
1990,Dasmarinas City,14.33,120.93,12,16.23,3.15,0.77,1.33,82.31,30.11,21.83,26.68,5.01
1990,General Emilio Aguinaldo,14.18,120.79,1,18.17,1.96,0.5,0.67,78.89,30.46,21.78,26.27,4.23
1990,General Emilio Aguinaldo,14.18,120.79,2,21.72,0.64,0.46,0.11,74.1,32.15,22.6,27.01,4.22
1990,General Emilio Aguinaldo,14.18,120.79,3,22.51,0.72,0.45,0.57,69.46,33.94,22.87,27.89,3.57
1990,General Emilio Aguinaldo,14.18,120.79,4,24.96,0.17,0.44,0.09,67.5,34.56,24.77,29.92,3.17
1990,General Emilio Aguinaldo,14.18,120.79,5,21.21,2.09,0.5,6.31,74.77,35.56,26.07,29.67,2.81
1990,General Emilio Aguinaldo,14.18,120.79,6,17.22,3.92,0.77,13.59,85.03,30.45,25.92,28.38,3.45
1990,General Emilio Aguinaldo,14.18,120.79,7,18.27,4.19,0.95,14.07,86.21,30.24,25.45,27.65,3.16
1990,General Emilio Aguinaldo,14.18,120.79,8,16.04,5.32,0.98,18.31,87.46,29.96,25.26,27.49,4.72
1990,General Emilio Aguinaldo,14.18,120.79,9,17.99,4.15,0.97,9.74,86.35,30.01,25.22,27.23,3.19
1990,General Emilio Aguinaldo,14.18,120.79,10,18.14,4.02,0.94,5.74,85.6,29.85,24.94,27.37,3.1
1990,General Emilio Aguinaldo,14.18,120.79,11,16.46,4.56,0.89,4.65,84.62,29.81,23.05,27.05,3.77
1990,General Emilio Aguinaldo,14.18,120.79,12,16.23,4.74,0.73,1.62,84.19,29.12,22.6,26.16,4.84
1990,General Mariano Alvarez,14.3,121.0,1,14.58,3.38,0.74,2.92,83.56,30.65,18.85,24.31,1.69
1990,General Mariano Alvarez,14.3,121.0,2,18.88,2.67,0.68,1.03,79.16,32.41,19.91,25.21,1.75
1990,General Mariano Alvarez,14.3,121.0,3,19.11,2.05,0.63,1.48,73.21,34.55,19.95,26.37,1.65
1990,General Mariano Alvarez,14.3,121.0,4,23.07,1.01,0.59,0.32,67.12,38.66,21.55,29.47,1.47
1990,General Mariano Alvarez,14.3,121.0,5,20.22,2.28,0.63,5.86,76.19,37.36,22.72,28.65,1.26
1990,General Mariano Alvarez,14.3,121.0,6,17.49,3.69,0.84,11.11,87.2,31.49,23.46,26.75,1.29
1990,General Mariano Alvarez,14.3,121.0,7,18.36,4.09,0.95,9.8,88.02,31.15,22.85,26.26,1.23
1990,General Mariano Alvarez,14.3,121.0,8,15.04,4.89,0.97,11.69,88.87,31.41,23.36,26.3,1.85
1990,General Mariano Alvarez,14.3,121.0,9,16.51,4.02,0.96,8.7,87.91,31.73,23.26,26.19,1.24
1990,General Mariano Alvarez,14.3,121.0,10,14.94,3.98,0.97,12.84,89.33,31.15,22.61,25.77,1.21
1990,General Mariano Alvarez,14.3,121.0,11,14.41,4.73,0.98,11.3,88.71,31.01,21.01,25.38,1.48
1990,General Mariano Alvarez,14.3,121.0,12,12.64,5.17,0.93,8.5,88.47,28.56,19.75,24.09,1.84
1990,General Trias,14.38,120.88,1,18.17,1.12,0.61,0.46,75.13,31.46,21.23,27.67,4.49
1990,General Trias,14.38,120.88,2,21.72,0.28,0.59,0.11,70.66,32.4,22.51,28.91,4.56
1990,General Trias,14.38,120.88,3,22.51,0.35,0.59,0.34,65.84,33.89,22.61,30.3,3.98
1990,General Trias,14.38,120.88,4,24.96,0.12,0.58,0.11,64.51,35.47,24.73,32.26,3.8
1990,General Trias,14.38,120.88,5,21.21,1.78,0.64,6.32,73.34,35.21,25.83,31.08,3.28
1990,General Trias,14.38,120.88,6,17.22,3.64,0.93,20.15,84.32,31.14,25.55,28.58,3.9
1990,General Trias,14.38,120.88,7,18.27,3.79,0.99,15.81,86.0,30.08,25.03,27.78,3.51
1990,General Trias,14.38,120.88,8,16.04,4.49,0.99,23.75,86.92,29.94,25.47,27.65,5.33
1990,General Trias,14.38,120.88,9,17.99,3.57,0.98,14.23,86.15,29.92,24.95,27.39,3.54
1990,General Trias,14.38,120.88,10,18.14,3.42,0.95,4.62,85.1,30.22,24.3,27.58,3.16
1990,General Trias,14.38,120.88,11,16.46,3.63,0.89,3.58,83.74,30.0,21.85,27.35,3.97
1990,General Trias,14.38,120.88,12,16.23,3.15,0.77,1.33,82.31,30.11,21.83,26.68,5.01
1990,Imus City,14.43,120.93,1,18.17,1.12,0.61,0.46,75.13,31.46,21.23,27.67,4.49
1990,Imus City,14.43,120.93,2,21.72,0.28,0.59,0.11,70.66,32.4,22.51,28.91,4.56
1990,Imus City,14.43,120.93,3,22.51,0.35,0.59,0.34,65.84,33.89,22.61,30.3,3.98
1990,Imus City,14.43,120.93,4,24.96,0.12,0.58,0.11,64.51,35.47,24.73,32.26,3.8
1990,Imus City,14.43,120.93,5,21.21,1.78,0.64,6.32,73.34,35.21,25.83,31.08,3.28
1990,Imus City,14.43,120.93,6,17.22,3.64,0.93,20.15,84.32,31.14,25.55,28.58,3.9
1990,Imus City,14.43,120.93,7,18.27,3.79,0.99,15.81,86.0,30.08,25.03,27.78,3.51
1990,Imus City,14.43,120.93,8,16.04,4.49,0.99,23.75,86.92,29.94,25.47,27.65,5.33
1990,Imus City,14.43,120.93,9,17.99,3.57,0.98,14.23,86.15,29.92,24.95,27.39,3.54
1990,Imus City,14.43,120.93,10,18.14,3.42,0.95,4.62,85.1,30.22,24.3,27.58,3.16
1990,Imus City,14.43,120.93,11,16.46,3.63,0.89,3.58,83.74,30.0,21.85,27.35,3.97
1990,Imus City,14.43,120.93,12,16.23,3.15,0.77,1.33,82.31,30.11,21.83,26.68,5.01
1990,Indang,14.19,120.87,1,18.17,1.96,0.5,0.67,78.89,30.46,21.78,26.27,4.23
1990,Indang,14.19,120.87,2,21.72,0.64,0.46,0.11,74.1,32.15,22.6,27.01,4.22
1990,Indang,14.19,120.87,3,22.51,0.72,0.45,0.57,69.46,33.94,22.87,27.89,3.57
1990,Indang,14.19,120.87,4,24.96,0.17,0.44,0.09,67.5,34.56,24.77,29.92,3.17
1990,Indang,14.19,120.87,5,21.21,2.09,0.5,6.31,74.77,35.56,26.07,29.67,2.81
1990,Indang,14.19,120.87,6,17.22,3.92,0.77,13.59,85.03,30.45,25.92,28.38,3.45
1990,Indang,14.19,120.87,7,18.27,4.19,0.95,14.07,86.21,30.24,25.45,27.65,3.16
1990,Indang,14.19,120.87,8,16.04,5.32,0.98,18.31,87.46,29.96,25.26,27.49,4.72
1990,Indang,14.19,120.87,9,17.99,4.15,0.97,9.74,86.35,30.01,25.22,27.23,3.19
1990,Indang,14.19,120.87,10,18.14,4.02,0.94,5.74,85.6,29.85,24.94,27.37,3.1
1990,Indang,14.19,120.87,11,16.46,4.56,0.89,4.65,84.62,29.81,23.05,27.05,3.77
1990,Indang,14.19,120.87,12,16.23,4.74,0.73,1.62,84.19,29.12,22.6,26.16,4.84
1990,Kawit,14.44,120.9,1,18.17,1.12,0.61,0.46,75.13,31.46,21.23,27.67,4.49
1990,Kawit,14.44,120.9,2,21.72,0.28,0.59,0.11,70.66,32.4,22.51,28.91,4.56
1990,Kawit,14.44,120.9,3,22.51,0.35,0.59,0.34,65.84,33.89,22.61,30.3,3.98
1990,Kawit,14.44,120.9,4,24.96,0.12,0.58,0.11,64.51,35.47,24.73,32.26,3.8
1990,Kawit,14.44,120.9,5,21.21,1.78,0.64,6.32,73.34,35.21,25.83,31.08,3.28
1990,Kawit,14.44,120.9,6,17.22,3.64,0.93,20.15,84.32,31.14,25.55,28.58,3.9
1990,Kawit,14.44,120.9,7,18.27,3.79,0.99,15.81,86.0,30.08,25.03,27.78,3.51
1990,Kawit,14.44,120.9,8,16.04,4.49,0.99,23.75,86.92,29.94,25.47,27.65,5.33
1990,Kawit,14.44,120.9,9,17.99,3.57,0.98,14.23,86.15,29.92,24.95,27.39,3.54
1990,Kawit,14.44,120.9,10,18.14,3.42,0.95,4.62,85.1,30.22,24.3,27.58,3.16
1990,Kawit,14.44,120.9,11,16.46,3.63,0.89,3.58,83.74,30.0,21.85,27.35,3.97
1990,Kawit,14.44,120.9,12,16.23,3.15,0.77,1.33,82.31,30.11,21.83,26.68,5.01
1990,Magallanes,14.19,120.73,1,18.17,1.96,0.5,0.67,78.89,30.46,21.78,26.27,4.23
1990,Magallanes,14.19,120.73,2,21.72,0.64,0.46,0.11,74.1,32.15,22.6,27.01,4.22
1990,Magallanes,14.19,120.73,3,22.51,0.72,0.45,0.57,69.46,33.94,22.87,27.89,3.57
1990,Magallanes,14.19,120.73,4,24.96,0.17,0.44,0.09,67.5,34.56,24.77,29.92,3.17
1990,Magallanes,14.19,120.73,5,21.21,2.09,0.5,6.31,74.77,35.56,26.07,29.67,2.81
1990,Magallanes,14.19,120.73,6,17.22,3.92,0.77,13.59,85.03,30.45,25.92,28.38,3.45
1990,Magallanes,14.19,120.73,7,18.27,4.19,0.95,14.07,86.21,30.24,25.45,27.65,3.16
1990,Magallanes,14.19,120.73,8,16.04,5.32,0.98,18.31,87.46,29.96,25.26,27.49,4.72
1990,Magallanes,14.19,120.73,9,17.99,4.15,0.97,9.74,86.35,30.01,25.22,27.23,3.19
1990,Magallanes,14.19,120.73,10,18.14,4.02,0.94,5.74,85.6,29.85,24.94,27.37,3.1
1990,Magallanes,14.19,120.73,11,16.46,4.56,0.89,4.65,84.62,29.81,23.05,27.05,3.77
1990,Magallanes,14.19,120.73,12,16.23,4.74,0.73,1.62,84.19,29.12,22.6,26.16,4.84
1990,Maragondon,14.27,120.73,1,18.17,1.12,0.61,0.46,75.13,31.46,21.23,27.67,4.49
1990,Maragondon,14.27,120.73,2,21.72,0.28,0.59,0.11,70.66,32.4,22.51,28.91,4.56
1990,Maragondon,14.27,120.73,3,22.51,0.35,0.59,0.34,65.84,33.89,22.61,30.3,3.98
1990,Maragondon,14.27,120.73,4,24.96,0.12,0.58,0.11,64.51,35.47,24.73,32.26,3.8
1990,Maragondon,14.27,120.73,5,21.21,1.78,0.64,6.32,73.34,35.21,25.83,31.08,3.28
1990,Maragondon,14.27,120.73,6,17.22,3.64,0.93,20.15,84.32,31.14,25.55,28.58,3.9
1990,Maragondon,14.27,120.73,7,18.27,3.79,0.99,15.81,86.0,30.08,25.03,27.78,3.51
1990,Maragondon,14.27,120.73,8,16.04,4.49,0.99,23.75,86.92,29.94,25.47,27.65,5.33
1990,Maragondon,14.27,120.73,9,17.99,3.57,0.98,14.23,86.15,29.92,24.95,27.39,3.54
1990,Maragondon,14.27,120.73,10,18.14,3.42,0.95,4.62,85.1,30.22,24.3,27.58,3.16
1990,Maragondon,14.27,120.73,11,16.46,3.63,0.89,3.58,83.74,30.0,21.85,27.35,3.97
1990,Maragondon,14.27,120.73,12,16.23,3.15,0.77,1.33,82.31,30.11,21.83,26.68,5.01
1990,Mendez,14.13,120.9,1,18.17,1.96,0.5,0.67,78.89,30.46,21.78,26.27,4.23
1990,Mendez,14.13,120.9,2,21.72,0.64,0.46,0.11,74.1,32.15,22.6,27.01,4.22
1990,Mendez,14.13,120.9,3,22.51,0.72,0.45,0.57,69.46,33.94,22.87,27.89,3.57
1990,Mendez,14.13,120.9,4,24.96,0.17,0.44,0.09,67.5,34.56,24.77,29.92,3.17
1990,Mendez,14.13,120.9,5,21.21,2.09,0.5,6.31,74.77,35.56,26.07,29.67,2.81
1990,Mendez,14.13,120.9,6,17.22,3.92,0.77,13.59,85.03,30.45,25.92,28.38,3.45
1990,Mendez,14.13,120.9,7,18.27,4.19,0.95,14.07,86.21,30.24,25.45,27.65,3.16
1990,Mendez,14.13,120.9,8,16.04,5.32,0.98,18.31,87.46,29.96,25.26,27.49,4.72
1990,Mendez,14.13,120.9,9,17.99,4.15,0.97,9.74,86.35,30.01,25.22,27.23,3.19
1990,Mendez,14.13,120.9,10,18.14,4.02,0.94,5.74,85.6,29.85,24.94,27.37,3.1
1990,Mendez,14.13,120.9,11,16.46,4.56,0.89,4.65,84.62,29.81,23.05,27.05,3.77
1990,Mendez,14.13,120.9,12,16.23,4.74,0.73,1.62,84.19,29.12,22.6,26.16,4.84
1990,Naic,14.32,120.77,1,18.17,1.12,0.61,0.46,75.13,31.46,21.23,27.67,4.49
1990,Naic,14.32,120.77,2,21.72,0.28,0.59,0.11,70.66,32.4,22.51,28.91,4.56
1990,Naic,14.32,120.77,3,22.51,0.35,0.59,0.34,65.84,33.89,22.61,30.3,3.98
1990,Naic,14.32,120.77,4,24.96,0.12,0.58,0.11,64.51,35.47,24.73,32.26,3.8
1990,Naic,14.32,120.77,5,21.21,1.78,0.64,6.32,73.34,35.21,25.83,31.08,3.28
1990,Naic,14.32,120.77,6,17.22,3.64,0.93,20.15,84.32,31.14,25.55,28.58,3.9
1990,Naic,14.32,120.77,7,18.27,3.79,0.99,15.81,86.0,30.08,25.03,27.78,3.51
1990,Naic,14.32,120.77,8,16.04,4.49,0.99,23.75,86.92,29.94,25.47,27.65,5.33
1990,Naic,14.32,120.77,9,17.99,3.57,0.98,14.23,86.15,29.92,24.95,27.39,3.54
1990,Naic,14.32,120.77,10,18.14,3.42,0.95,4.62,85.1,30.22,24.3,27.58,3.16
1990,Naic,14.32,120.77,11,16.46,3.63,0.89,3.58,83.74,30.0,21.85,27.35,3.97
1990,Naic,14.32,120.77,12,16.23,3.15,0.77,1.33,82.31,30.11,21.83,26.68,5.01
1990,Noveleta,14.43,120.88,1,18.17,1.12,0.61,0.46,75.13,31.46,21.23,27.67,4.49
1990,Noveleta,14.43,120.88,2,21.72,0.28,0.59,0.11,70.66,32.4,22.51,28.91,4.56
1990,Noveleta,14.43,120.88,3,22.51,0.35,0.59,0.34,65.84,33.89,22.61,30.3,3.98
1990,Noveleta,14.43,120.88,4,24.96,0.12,0.58,0.11,64.51,35.47,24.73,32.26,3.8
1990,Noveleta,14.43,120.88,5,21.21,1.78,0.64,6.32,73.34,35.21,25.83,31.08,3.28
1990,Noveleta,14.43,120.88,6,17.22,3.64,0.93,20.15,84.32,31.14,25.55,28.58,3.9
1990,Noveleta,14.43,120.88,7,18.27,3.79,0.99,15.81,86.0,30.08,25.03,27.78,3.51
1990,Noveleta,14.43,120.88,8,16.04,4.49,0.99,23.75,86.92,29.94,25.47,27.65,5.33
1990,Noveleta,14.43,120.88,9,17.99,3.57,0.98,14.23,86.15,29.92,24.95,27.39,3.54
1990,Noveleta,14.43,120.88,10,18.14,3.42,0.95,4.62,85.1,30.22,24.3,27.58,3.16
1990,Noveleta,14.43,120.88,11,16.46,3.63,0.89,3.58,83.74,30.0,21.85,27.35,3.97
1990,Noveleta,14.43,120.88,12,16.23,3.15,0.77,1.33,82.31,30.11,21.83,26.68,5.01
1990,Rosario,14.41,120.85,1,18.17,1.12,0.61,0.46,75.13,31.46,21.23,27.67,4.49
1990,Rosario,14.41,120.85,2,21.72,0.28,0.59,0.11,70.66,32.4,22.51,28.91,4.56
1990,Rosario,14.41,120.85,3,22.51,0.35,0.59,0.34,65.84,33.89,22.61,30.3,3.98
1990,Rosario,14.41,120.85,4,24.96,0.12,0.58,0.11,64.51,35.47,24.73,32.26,3.8
1990,Rosario,14.41,120.85,5,21.21,1.78,0.64,6.32,73.34,35.21,25.83,31.08,3.28
1990,Rosario,14.41,120.85,6,17.22,3.64,0.93,20.15,84.32,31.14,25.55,28.58,3.9
1990,Rosario,14.41,120.85,7,18.27,3.79,0.99,15.81,86.0,30.08,25.03,27.78,3.51
1990,Rosario,14.41,120.85,8,16.04,4.49,0.99,23.75,86.92,29.94,25.47,27.65,5.33
1990,Rosario,14.41,120.85,9,17.99,3.57,0.98,14.23,86.15,29.92,24.95,27.39,3.54
1990,Rosario,14.41,120.85,10,18.14,3.42,0.95,4.62,85.1,30.22,24.3,27.58,3.16
1990,Rosario,14.41,120.85,11,16.46,3.63,0.89,3.58,83.74,30.0,21.85,27.35,3.97
1990,Rosario,14.41,120.85,12,16.23,3.15,0.77,1.33,82.31,30.11,21.83,26.68,5.01
1990,Silang,14.23,120.97,1,18.17,3.8,0.73,3.0,85.89,30.13,18.04,24.2,1.63
1990,Silang,14.23,120.97,2,21.72,3.17,0.66,0.95,80.63,32.06,19.9,25.14,1.72
1990,Silang,14.23,120.97,3,22.51,2.23,0.59,1.46,74.39,34.27,19.76,26.31,1.6
1990,Silang,14.23,120.97,4,24.96,1.02,0.54,0.23,66.54,38.34,21.22,29.6,1.43
1990,Silang,14.23,120.97,5,21.21,2.01,0.59,5.18,74.45,37.4,22.91,29.06,1.24
1990,Silang,14.23,120.97,6,17.22,3.34,0.78,9.77,86.98,32.06,23.52,26.89,1.23
1990,Silang,14.23,120.97,7,18.27,3.96,0.91,8.63,87.48,31.73,23.21,26.48,1.21
1990,Silang,14.23,120.97,8,16.04,4.81,0.97,10.64,87.99,31.28,23.45,26.45,1.81
1990,Silang,14.23,120.97,9,17.99,3.78,0.94,6.76,87.85,31.61,23.17,26.23,1.24
1990,Silang,14.23,120.97,10,18.14,3.8,0.97,11.16,89.87,30.88,22.5,25.93,1.22
1990,Silang,14.23,120.97,11,16.46,4.52,0.97,11.43,89.19,30.91,21.08,25.54,1.45
1990,Silang,14.23,120.97,12,16.23,5.01,0.94,7.35,89.24,28.73,20.2,24.36,1.81
1990,Tagaytay City,14.11,120.96,1,18.17,3.8,0.73,3.0,85.89,30.13,18.04,24.2,1.63
1990,Tagaytay City,14.11,120.96,2,21.72,3.17,0.66,0.95,80.63,32.06,19.9,25.14,1.72
1990,Tagaytay City,14.11,120.96,3,22.51,2.23,0.59,1.46,74.39,34.27,19.76,26.31,1.6
1990,Tagaytay City,14.11,120.96,4,24.96,1.02,0.54,0.23,66.54,38.34,21.22,29.6,1.43
1990,Tagaytay City,14.11,120.96,5,21.21,2.01,0.59,5.18,74.45,37.4,22.91,29.06,1.24
1990,Tagaytay City,14.11,120.96,6,17.22,3.34,0.78,9.77,86.98,32.06,23.52,26.89,1.23
1990,Tagaytay City,14.11,120.96,7,18.27,3.96,0.91,8.63,87.48,31.73,23.21,26.48,1.21
1990,Tagaytay City,14.11,120.96,8,16.04,4.81,0.97,10.64,87.99,31.28,23.45,26.45,1.81
1990,Tagaytay City,14.11,120.96,9,17.99,3.78,0.94,6.76,87.85,31.61,23.17,26.23,1.24
1990,Tagaytay City,14.11,120.96,10,18.14,3.8,0.97,11.16,89.87,30.88,22.5,25.93,1.22
1990,Tagaytay City,14.11,120.96,11,16.46,4.52,0.97,11.43,89.19,30.91,21.08,25.54,1.45
1990,Tagaytay City,14.11,120.96,12,16.23,5.01,0.94,7.35,89.24,28.73,20.2,24.36,1.81
1990,Tanza,14.36,120.85,1,18.17,1.12,0.61,0.46,75.13,31.46,21.23,27.67,4.49
1990,Tanza,14.36,120.85,2,21.72,0.28,0.59,0.11,70.66,32.4,22.51,28.91,4.56
1990,Tanza,14.36,120.85,3,22.51,0.35,0.59,0.34,65.84,33.89,22.61,30.3,3.98
1990,Tanza,14.36,120.85,4,24.96,0.12,0.58,0.11,64.51,35.47,24.73,32.26,3.8
1990,Tanza,14.36,120.85,5,21.21,1.78,0.64,6.32,73.34,35.21,25.83,31.08,3.28
1990,Tanza,14.36,120.85,6,17.22,3.64,0.93,20.15,84.32,31.14,25.55,28.58,3.9
1990,Tanza,14.36,120.85,7,18.27,3.79,0.99,15.81,86.0,30.08,25.03,27.78,3.51
1990,Tanza,14.36,120.85,8,16.04,4.49,0.99,23.75,86.92,29.94,25.47,27.65,5.33
1990,Tanza,14.36,120.85,9,17.99,3.57,0.98,14.23,86.15,29.92,24.95,27.39,3.54
1990,Tanza,14.36,120.85,10,18.14,3.42,0.95,4.62,85.1,30.22,24.3,27.58,3.16
1990,Tanza,14.36,120.85,11,16.46,3.63,0.89,3.58,83.74,30.0,21.85,27.35,3.97
1990,Tanza,14.36,120.85,12,16.23,3.15,0.77,1.33,82.31,30.11,21.83,26.68,5.01
1990,Ternate,14.28,120.7,1,18.17,1.12,0.61,0.46,75.13,31.46,21.23,27.67,4.49
1990,Ternate,14.28,120.7,2,21.72,0.28,0.59,0.11,70.66,32.4,22.51,28.91,4.56
1990,Ternate,14.28,120.7,3,22.51,0.35,0.59,0.34,65.84,33.89,22.61,30.3,3.98
1990,Ternate,14.28,120.7,4,24.96,0.12,0.58,0.11,64.51,35.47,24.73,32.26,3.8
1990,Ternate,14.28,120.7,5,21.21,1.78,0.64,6.32,73.34,35.21,25.83,31.08,3.28
1990,Ternate,14.28,120.7,6,17.22,3.64,0.93,20.15,84.32,31.14,25.55,28.58,3.9
1990,Ternate,14.28,120.7,7,18.27,3.79,0.99,15.81,86.0,30.08,25.03,27.78,3.51
1990,Ternate,14.28,120.7,8,16.04,4.49,0.99,23.75,86.92,29.94,25.47,27.65,5.33
1990,Ternate,14.28,120.7,9,17.99,3.57,0.98,14.23,86.15,29.92,24.95,27.39,3.54
1990,Ternate,14.28,120.7,10,18.14,3.42,0.95,4.62,85.1,30.22,24.3,27.58,3.16
1990,Ternate,14.28,120.7,11,16.46,3.63,0.89,3.58,83.74,30.0,21.85,27.35,3.97
1990,Ternate,14.28,120.7,12,16.23,3.15,0.77,1.33,82.31,30.11,21.83,26.68,5.01
1990,Trece Martires City,14.28,120.86,1,18.17,1.12,0.61,0.46,75.13,31.46,21.23,27.67,4.49
1990,Trece Martires City,14.28,120.86,2,21.72,0.28,0.59,0.11,70.66,32.4,22.51,28.91,4.56
1990,Trece Martires City,14.28,120.86,3,22.51,0.35,0.59,0.34,65.84,33.89,22.61,30.3,3.98
1990,Trece Martires City,14.28,120.86,4,24.96,0.12,0.58,0.11,64.51,35.47,24.73,32.26,3.8
1990,Trece Martires City,14.28,120.86,5,21.21,1.78,0.64,6.32,73.34,35.21,25.83,31.08,3.28
1990,Trece Martires City,14.28,120.86,6,17.22,3.64,0.93,20.15,84.32,31.14,25.55,28.58,3.9
1990,Trece Martires City,14.28,120.86,7,18.27,3.79,0.99,15.81,86.0,30.08,25.03,27.78,3.51
1990,Trece Martires City,14.28,120.86,8,16.04,4.49,0.99,23.75,86.92,29.94,25.47,27.65,5.33
1990,Trece Martires City,14.28,120.86,9,17.99,3.57,0.98,14.23,86.15,29.92,24.95,27.39,3.54
1990,Trece Martires City,14.28,120.86,10,18.14,3.42,0.95,4.62,85.1,30.22,24.3,27.58,3.16
1990,Trece Martires City,14.28,120.86,11,16.46,3.63,0.89,3.58,83.74,30.0,21.85,27.35,3.97
1990,Trece Martires City,14.28,120.86,12,16.23,3.15,0.77,1.33,82.31,30.11,21.83,26.68,5.01
1991,Alfonso,14.14,120.85,1,17.38,2.95,0.58,0.61,81.16,29.17,22.42,25.76,4.56
1991,Alfonso,14.14,120.85,2,19.5,2.16,0.5,1.31,78.57,31.0,22.75,26.57,4.03
1991,Alfonso,14.14,120.85,3,23.2,1.74,0.48,1.38,73.7,31.72,22.73,27.28,4.24
1991,Alfonso,14.14,120.85,4,23.67,1.16,0.46,0.96,71.28,34.33,24.39,29.19,3.19
1991,Alfonso,14.14,120.85,5,23.1,2.37,0.48,3.59,72.94,33.53,25.78,29.76,3.22
1991,Alfonso,14.14,120.85,6,19.18,3.08,0.56,5.45,79.62,33.14,26.0,28.95,3.89
1991,Alfonso,14.14,120.85,7,16.68,3.78,0.78,12.76,83.83,31.77,25.38,27.97,3.51
1991,Alfonso,14.14,120.85,8,12.57,3.52,0.97,16.72,89.93,29.26,25.48,27.32,4.21
1991,Alfonso,14.14,120.85,9,15.47,3.89,0.98,8.8,88.76,29.08,24.9,27.18,3.88
1991,Alfonso,14.14,120.85,10,17.59,4.94,0.9,2.5,82.09,29.72,24.39,27.34,3.19
1991,Alfonso,14.14,120.85,11,16.71,4.76,0.76,3.79,83.55,29.28,22.84,26.38,3.91
1991,Alfonso,14.14,120.85,12,17.17,3.97,0.65,1.16,82.89,29.3,22.53,25.98,5.14
1991,Amadeo,14.17,120.92,1,17.38,2.95,0.58,0.61,81.16,29.17,22.42,25.76,4.56
1991,Amadeo,14.17,120.92,2,19.5,2.16,0.5,1.31,78.57,31.0,22.75,26.57,4.03
1991,Amadeo,14.17,120.92,3,23.2,1.74,0.48,1.38,73.7,31.72,22.73,27.28,4.24
1991,Amadeo,14.17,120.92,4,23.67,1.16,0.46,0.96,71.28,34.33,24.39,29.19,3.19
1991,Amadeo,14.17,120.92,5,23.1,2.37,0.48,3.59,72.94,33.53,25.78,29.76,3.22
1991,Amadeo,14.17,120.92,6,19.18,3.08,0.56,5.45,79.62,33.14,26.0,28.95,3.89
1991,Amadeo,14.17,120.92,7,16.68,3.78,0.78,12.76,83.83,31.77,25.38,27.97,3.51
1991,Amadeo,14.17,120.92,8,12.57,3.52,0.97,16.72,89.93,29.26,25.48,27.32,4.21
1991,Amadeo,14.17,120.92,9,15.47,3.89,0.98,8.8,88.76,29.08,24.9,27.18,3.88
1991,Amadeo,14.17,120.92,10,17.59,4.94,0.9,2.5,82.09,29.72,24.39,27.34,3.19
1991,Amadeo,14.17,120.92,11,16.71,4.76,0.76,3.79,83.55,29.28,22.84,26.38,3.91
1991,Amadeo,14.17,120.92,12,17.17,3.97,0.65,1.16,82.89,29.3,22.53,25.98,5.14
1991,Bacoor City,14.46,120.94,1,17.38,4.4,0.85,2.28,85.65,28.95,19.43,23.74,1.73
1991,Bacoor City,14.46,120.94,2,19.5,4.16,0.76,4.86,83.4,31.06,20.04,24.75,1.68
1991,Bacoor City,14.46,120.94,3,23.2,3.81,0.72,2.1,79.0,31.35,19.12,25.33,1.75
1991,Bacoor City,14.46,120.94,4,23.67,2.64,0.65,2.2,74.41,35.86,20.84,28.0,1.5
1991,Bacoor City,14.46,120.94,5,23.1,2.72,0.65,3.44,75.52,36.36,22.56,28.5,1.41
1991,Bacoor City,14.46,120.94,6,19.18,3.52,0.72,7.57,82.6,34.28,23.33,27.36,1.54
1991,Bacoor City,14.46,120.94,7,16.68,3.5,0.87,8.37,86.91,32.19,23.39,26.38,1.27
1991,Bacoor City,14.46,120.94,8,12.57,3.61,0.96,10.4,91.29,30.22,23.38,25.97,1.56
1991,Bacoor City,14.46,120.94,9,15.47,3.77,0.95,5.93,89.51,32.11,22.97,25.99,1.46
1991,Bacoor City,14.46,120.94,10,17.59,4.67,0.89,4.29,84.07,31.24,21.13,26.01,1.3
1991,Bacoor City,14.46,120.94,11,16.71,4.47,0.86,7.77,86.89,30.31,19.75,24.66,1.6
1991,Bacoor City,14.46,120.94,12,17.17,4.8,0.86,5.58,86.54,29.61,19.27,23.87,1.99
1991,Carmona,14.31,121.05,1,13.82,4.4,0.85,2.28,85.65,28.95,19.43,23.74,1.73
1991,Carmona,14.31,121.05,2,16.07,4.16,0.76,4.86,83.4,31.06,20.04,24.75,1.68
1991,Carmona,14.31,121.05,3,20.54,3.81,0.72,2.1,79.0,31.35,19.12,25.33,1.75
1991,Carmona,14.31,121.05,4,21.68,2.64,0.65,2.2,74.41,35.86,20.84,28.0,1.5
1991,Carmona,14.31,121.05,5,22.15,2.72,0.65,3.44,75.52,36.36,22.56,28.5,1.41
1991,Carmona,14.31,121.05,6,18.67,3.52,0.72,7.57,82.6,34.28,23.33,27.36,1.54
1991,Carmona,14.31,121.05,7,17.2,3.5,0.87,8.37,86.91,32.19,23.39,26.38,1.27
1991,Carmona,14.31,121.05,8,13.3,3.61,0.96,10.4,91.29,30.22,23.38,25.97,1.56
1991,Carmona,14.31,121.05,9,15.82,3.77,0.95,5.93,89.51,32.11,22.97,25.99,1.46
1991,Carmona,14.31,121.05,10,16.92,4.67,0.89,4.29,84.07,31.24,21.13,26.01,1.3
1991,Carmona,14.31,121.05,11,14.58,4.47,0.86,7.77,86.89,30.31,19.75,24.66,1.6
1991,Carmona,14.31,121.05,12,13.47,4.8,0.86,5.58,86.54,29.61,19.27,23.87,1.99
1991,Cavite City,14.48,120.9,1,17.38,2.19,0.66,0.36,77.82,30.06,21.86,26.86,4.7
1991,Cavite City,14.48,120.9,2,19.5,0.93,0.6,0.8,73.52,31.5,22.62,28.61,4.42
1991,Cavite City,14.48,120.9,3,23.2,0.93,0.6,0.66,69.65,32.91,22.59,29.31,4.67
1991,Cavite City,14.48,120.9,4,23.67,0.49,0.59,0.51,66.99,35.34,24.3,31.77,3.71
1991,Cavite City,14.48,120.9,5,23.1,2.32,0.62,2.95,71.77,34.28,25.67,31.07,3.54
1991,Cavite City,14.48,120.9,6,19.18,2.84,0.7,6.62,78.44,33.65,25.56,29.49,4.34
1991,Cavite City,14.48,120.9,7,16.68,3.25,0.9,16.03,83.42,31.66,25.54,28.15,3.88
1991,Cavite City,14.48,120.9,8,12.57,3.16,0.99,24.88,89.52,29.81,25.47,27.22,4.59
1991,Cavite City,14.48,120.9,9,15.47,3.56,1.0,14.87,88.22,29.42,24.81,27.24,4.47
1991,Cavite City,14.48,120.9,10,17.59,4.34,0.93,2.47,80.87,30.1,23.91,27.78,3.44
1991,Cavite City,14.48,120.9,11,16.71,3.58,0.82,3.28,81.73,29.79,22.03,26.91,4.17
1991,Cavite City,14.48,120.9,12,17.17,2.93,0.73,0.77,80.11,29.78,21.51,26.51,5.37
1991,Dasmarinas City,14.33,120.93,1,17.38,2.19,0.66,0.36,77.82,30.06,21.86,26.86,4.7
1991,Dasmarinas City,14.33,120.93,2,19.5,0.93,0.6,0.8,73.52,31.5,22.62,28.61,4.42
1991,Dasmarinas City,14.33,120.93,3,23.2,0.93,0.6,0.66,69.65,32.91,22.59,29.31,4.67
1991,Dasmarinas City,14.33,120.93,4,23.67,0.49,0.59,0.51,66.99,35.34,24.3,31.77,3.71
1991,Dasmarinas City,14.33,120.93,5,23.1,2.32,0.62,2.95,71.77,34.28,25.67,31.07,3.54
1991,Dasmarinas City,14.33,120.93,6,19.18,2.84,0.7,6.62,78.44,33.65,25.56,29.49,4.34
1991,Dasmarinas City,14.33,120.93,7,16.68,3.25,0.9,16.03,83.42,31.66,25.54,28.15,3.88
1991,Dasmarinas City,14.33,120.93,8,12.57,3.16,0.99,24.88,89.52,29.81,25.47,27.22,4.59
1991,Dasmarinas City,14.33,120.93,9,15.47,3.56,1.0,14.87,88.22,29.42,24.81,27.24,4.47
1991,Dasmarinas City,14.33,120.93,10,17.59,4.34,0.93,2.47,80.87,30.1,23.91,27.78,3.44
1991,Dasmarinas City,14.33,120.93,11,16.71,3.58,0.82,3.28,81.73,29.79,22.03,26.91,4.17
1991,Dasmarinas City,14.33,120.93,12,17.17,2.93,0.73,0.77,80.11,29.78,21.51,26.51,5.37
1991,General Emilio Aguinaldo,14.18,120.79,1,17.38,2.95,0.58,0.61,81.16,29.17,22.42,25.76,4.56
1991,General Emilio Aguinaldo,14.18,120.79,2,19.5,2.16,0.5,1.31,78.57,31.0,22.75,26.57,4.03
1991,General Emilio Aguinaldo,14.18,120.79,3,23.2,1.74,0.48,1.38,73.7,31.72,22.73,27.28,4.24
1991,General Emilio Aguinaldo,14.18,120.79,4,23.67,1.16,0.46,0.96,71.28,34.33,24.39,29.19,3.19
1991,General Emilio Aguinaldo,14.18,120.79,5,23.1,2.37,0.48,3.59,72.94,33.53,25.78,29.76,3.22
1991,General Emilio Aguinaldo,14.18,120.79,6,19.18,3.08,0.56,5.45,79.62,33.14,26.0,28.95,3.89
1991,General Emilio Aguinaldo,14.18,120.79,7,16.68,3.78,0.78,12.76,83.83,31.77,25.38,27.97,3.51
1991,General Emilio Aguinaldo,14.18,120.79,8,12.57,3.52,0.97,16.72,89.93,29.26,25.48,27.32,4.21
1991,General Emilio Aguinaldo,14.18,120.79,9,15.47,3.89,0.98,8.8,88.76,29.08,24.9,27.18,3.88
1991,General Emilio Aguinaldo,14.18,120.79,10,17.59,4.94,0.9,2.5,82.09,29.72,24.39,27.34,3.19
1991,General Emilio Aguinaldo,14.18,120.79,11,16.71,4.76,0.76,3.79,83.55,29.28,22.84,26.38,3.91
1991,General Emilio Aguinaldo,14.18,120.79,12,17.17,3.97,0.65,1.16,82.89,29.3,22.53,25.98,5.14
1991,General Mariano Alvarez,14.3,121.0,1,13.82,4.4,0.85,2.28,85.65,28.95,19.43,23.74,1.73
1991,General Mariano Alvarez,14.3,121.0,2,16.07,4.16,0.76,4.86,83.4,31.06,20.04,24.75,1.68
1991,General Mariano Alvarez,14.3,121.0,3,20.54,3.81,0.72,2.1,79.0,31.35,19.12,25.33,1.75
1991,General Mariano Alvarez,14.3,121.0,4,21.68,2.64,0.65,2.2,74.41,35.86,20.84,28.0,1.5
1991,General Mariano Alvarez,14.3,121.0,5,22.15,2.72,0.65,3.44,75.52,36.36,22.56,28.5,1.41
1991,General Mariano Alvarez,14.3,121.0,6,18.67,3.52,0.72,7.57,82.6,34.28,23.33,27.36,1.54
1991,General Mariano Alvarez,14.3,121.0,7,17.2,3.5,0.87,8.37,86.91,32.19,23.39,26.38,1.27
1991,General Mariano Alvarez,14.3,121.0,8,13.3,3.61,0.96,10.4,91.29,30.22,23.38,25.97,1.56
1991,General Mariano Alvarez,14.3,121.0,9,15.82,3.77,0.95,5.93,89.51,32.11,22.97,25.99,1.46
1991,General Mariano Alvarez,14.3,121.0,10,16.92,4.67,0.89,4.29,84.07,31.24,21.13,26.01,1.3
1991,General Mariano Alvarez,14.3,121.0,11,14.58,4.47,0.86,7.77,86.89,30.31,19.75,24.66,1.6
1991,General Mariano Alvarez,14.3,121.0,12,13.47,4.8,0.86,5.58,86.54,29.61,19.27,23.87,1.99
1991,General Trias,14.38,120.88,1,17.38,2.19,0.66,0.36,77.82,30.06,21.86,26.86,4.7
1991,General Trias,14.38,120.88,2,19.5,0.93,0.6,0.8,73.52,31.5,22.62,28.61,4.42
1991,General Trias,14.38,120.88,3,23.2,0.93,0.6,0.66,69.65,32.91,22.59,29.31,4.67
1991,General Trias,14.38,120.88,4,23.67,0.49,0.59,0.51,66.99,35.34,24.3,31.77,3.71
1991,General Trias,14.38,120.88,5,23.1,2.32,0.62,2.95,71.77,34.28,25.67,31.07,3.54
1991,General Trias,14.38,120.88,6,19.18,2.84,0.7,6.62,78.44,33.65,25.56,29.49,4.34
1991,General Trias,14.38,120.88,7,16.68,3.25,0.9,16.03,83.42,31.66,25.54,28.15,3.88
1991,General Trias,14.38,120.88,8,12.57,3.16,0.99,24.88,89.52,29.81,25.47,27.22,4.59
1991,General Trias,14.38,120.88,9,15.47,3.56,1.0,14.87,88.22,29.42,24.81,27.24,4.47
1991,General Trias,14.38,120.88,10,17.59,4.34,0.93,2.47,80.87,30.1,23.91,27.78,3.44
1991,General Trias,14.38,120.88,11,16.71,3.58,0.82,3.28,81.73,29.79,22.03,26.91,4.17
1991,General Trias,14.38,120.88,12,17.17,2.93,0.73,0.77,80.11,29.78,21.51,26.51,5.37
1991,Imus City,14.43,120.93,1,17.38,2.19,0.66,0.36,77.82,30.06,21.86,26.86,4.7
1991,Imus City,14.43,120.93,2,19.5,0.93,0.6,0.8,73.52,31.5,22.62,28.61,4.42
1991,Imus City,14.43,120.93,3,23.2,0.93,0.6,0.66,69.65,32.91,22.59,29.31,4.67
1991,Imus City,14.43,120.93,4,23.67,0.49,0.59,0.51,66.99,35.34,24.3,31.77,3.71
1991,Imus City,14.43,120.93,5,23.1,2.32,0.62,2.95,71.77,34.28,25.67,31.07,3.54
1991,Imus City,14.43,120.93,6,19.18,2.84,0.7,6.62,78.44,33.65,25.56,29.49,4.34
1991,Imus City,14.43,120.93,7,16.68,3.25,0.9,16.03,83.42,31.66,25.54,28.15,3.88
1991,Imus City,14.43,120.93,8,12.57,3.16,0.99,24.88,89.52,29.81,25.47,27.22,4.59
1991,Imus City,14.43,120.93,9,15.47,3.56,1.0,14.87,88.22,29.42,24.81,27.24,4.47
1991,Imus City,14.43,120.93,10,17.59,4.34,0.93,2.47,80.87,30.1,23.91,27.78,3.44
1991,Imus City,14.43,120.93,11,16.71,3.58,0.82,3.28,81.73,29.79,22.03,26.91,4.17
1991,Imus City,14.43,120.93,12,17.17,2.93,0.73,0.77,80.11,29.78,21.51,26.51,5.37
1991,Indang,14.19,120.87,1,17.38,2.95,0.58,0.61,81.16,29.17,22.42,25.76,4.56
1991,Indang,14.19,120.87,2,19.5,2.16,0.5,1.31,78.57,31.0,22.75,26.57,4.03
1991,Indang,14.19,120.87,3,23.2,1.74,0.48,1.38,73.7,31.72,22.73,27.28,4.24
1991,Indang,14.19,120.87,4,23.67,1.16,0.46,0.96,71.28,34.33,24.39,29.19,3.19
1991,Indang,14.19,120.87,5,23.1,2.37,0.48,3.59,72.94,33.53,25.78,29.76,3.22
1991,Indang,14.19,120.87,6,19.18,3.08,0.56,5.45,79.62,33.14,26.0,28.95,3.89
1991,Indang,14.19,120.87,7,16.68,3.78,0.78,12.76,83.83,31.77,25.38,27.97,3.51
1991,Indang,14.19,120.87,8,12.57,3.52,0.97,16.72,89.93,29.26,25.48,27.32,4.21
1991,Indang,14.19,120.87,9,15.47,3.89,0.98,8.8,88.76,29.08,24.9,27.18,3.88
1991,Indang,14.19,120.87,10,17.59,4.94,0.9,2.5,82.09,29.72,24.39,27.34,3.19
1991,Indang,14.19,120.87,11,16.71,4.76,0.76,3.79,83.55,29.28,22.84,26.38,3.91
1991,Indang,14.19,120.87,12,17.17,3.97,0.65,1.16,82.89,29.3,22.53,25.98,5.14
1991,Kawit,14.44,120.9,1,17.38,2.19,0.66,0.36,77.82,30.06,21.86,26.86,4.7
1991,Kawit,14.44,120.9,2,19.5,0.93,0.6,0.8,73.52,31.5,22.62,28.61,4.42
1991,Kawit,14.44,120.9,3,23.2,0.93,0.6,0.66,69.65,32.91,22.59,29.31,4.67
1991,Kawit,14.44,120.9,4,23.67,0.49,0.59,0.51,66.99,35.34,24.3,31.77,3.71
1991,Kawit,14.44,120.9,5,23.1,2.32,0.62,2.95,71.77,34.28,25.67,31.07,3.54
1991,Kawit,14.44,120.9,6,19.18,2.84,0.7,6.62,78.44,33.65,25.56,29.49,4.34
1991,Kawit,14.44,120.9,7,16.68,3.25,0.9,16.03,83.42,31.66,25.54,28.15,3.88
1991,Kawit,14.44,120.9,8,12.57,3.16,0.99,24.88,89.52,29.81,25.47,27.22,4.59
1991,Kawit,14.44,120.9,9,15.47,3.56,1.0,14.87,88.22,29.42,24.81,27.24,4.47
1991,Kawit,14.44,120.9,10,17.59,4.34,0.93,2.47,80.87,30.1,23.91,27.78,3.44
1991,Kawit,14.44,120.9,11,16.71,3.58,0.82,3.28,81.73,29.79,22.03,26.91,4.17
1991,Kawit,14.44,120.9,12,17.17,2.93,0.73,0.77,80.11,29.78,21.51,26.51,5.37
1991,Magallanes,14.19,120.73,1,17.38,2.95,0.58,0.61,81.16,29.17,22.42,25.76,4.56
1991,Magallanes,14.19,120.73,2,19.5,2.16,0.5,1.31,78.57,31.0,22.75,26.57,4.03
1991,Magallanes,14.19,120.73,3,23.2,1.74,0.48,1.38,73.7,31.72,22.73,27.28,4.24
1991,Magallanes,14.19,120.73,4,23.67,1.16,0.46,0.96,71.28,34.33,24.39,29.19,3.19
1991,Magallanes,14.19,120.73,5,23.1,2.37,0.48,3.59,72.94,33.53,25.78,29.76,3.22
1991,Magallanes,14.19,120.73,6,19.18,3.08,0.56,5.45,79.62,33.14,26.0,28.95,3.89
1991,Magallanes,14.19,120.73,7,16.68,3.78,0.78,12.76,83.83,31.77,25.38,27.97,3.51
1991,Magallanes,14.19,120.73,8,12.57,3.52,0.97,16.72,89.93,29.26,25.48,27.32,4.21
1991,Magallanes,14.19,120.73,9,15.47,3.89,0.98,8.8,88.76,29.08,24.9,27.18,3.88
1991,Magallanes,14.19,120.73,10,17.59,4.94,0.9,2.5,82.09,29.72,24.39,27.34,3.19
1991,Magallanes,14.19,120.73,11,16.71,4.76,0.76,3.79,83.55,29.28,22.84,26.38,3.91
1991,Magallanes,14.19,120.73,12,17.17,3.97,0.65,1.16,82.89,29.3,22.53,25.98,5.14
1991,Maragondon,14.27,120.73,1,17.38,2.19,0.66,0.36,77.82,30.06,21.86,26.86,4.7
1991,Maragondon,14.27,120.73,2,19.5,0.93,0.6,0.8,73.52,31.5,22.62,28.61,4.42
1991,Maragondon,14.27,120.73,3,23.2,0.93,0.6,0.66,69.65,32.91,22.59,29.31,4.67
1991,Maragondon,14.27,120.73,4,23.67,0.49,0.59,0.51,66.99,35.34,24.3,31.77,3.71
1991,Maragondon,14.27,120.73,5,23.1,2.32,0.62,2.95,71.77,34.28,25.67,31.07,3.54
1991,Maragondon,14.27,120.73,6,19.18,2.84,0.7,6.62,78.44,33.65,25.56,29.49,4.34
1991,Maragondon,14.27,120.73,7,16.68,3.25,0.9,16.03,83.42,31.66,25.54,28.15,3.88
1991,Maragondon,14.27,120.73,8,12.57,3.16,0.99,24.88,89.52,29.81,25.47,27.22,4.59
1991,Maragondon,14.27,120.73,9,15.47,3.56,1.0,14.87,88.22,29.42,24.81,27.24,4.47
1991,Maragondon,14.27,120.73,10,17.59,4.34,0.93,2.47,80.87,30.1,23.91,27.78,3.44
1991,Maragondon,14.27,120.73,11,16.71,3.58,0.82,3.28,81.73,29.79,22.03,26.91,4.17
1991,Maragondon,14.27,120.73,12,17.17,2.93,0.73,0.77,80.11,29.78,21.51,26.51,5.37
1991,Mendez,14.13,120.9,1,17.38,2.95,0.58,0.61,81.16,29.17,22.42,25.76,4.56
1991,Mendez,14.13,120.9,2,19.5,2.16,0.5,1.31,78.57,31.0,22.75,26.57,4.03
1991,Mendez,14.13,120.9,3,23.2,1.74,0.48,1.38,73.7,31.72,22.73,27.28,4.24
1991,Mendez,14.13,120.9,4,23.67,1.16,0.46,0.96,71.28,34.33,24.39,29.19,3.19
1991,Mendez,14.13,120.9,5,23.1,2.37,0.48,3.59,72.94,33.53,25.78,29.76,3.22
1991,Mendez,14.13,120.9,6,19.18,3.08,0.56,5.45,79.62,33.14,26.0,28.95,3.89
1991,Mendez,14.13,120.9,7,16.68,3.78,0.78,12.76,83.83,31.77,25.38,27.97,3.51
1991,Mendez,14.13,120.9,8,12.57,3.52,0.97,16.72,89.93,29.26,25.48,27.32,4.21
1991,Mendez,14.13,120.9,9,15.47,3.89,0.98,8.8,88.76,29.08,24.9,27.18,3.88
1991,Mendez,14.13,120.9,10,17.59,4.94,0.9,2.5,82.09,29.72,24.39,27.34,3.19
1991,Mendez,14.13,120.9,11,16.71,4.76,0.76,3.79,83.55,29.28,22.84,26.38,3.91
1991,Mendez,14.13,120.9,12,17.17,3.97,0.65,1.16,82.89,29.3,22.53,25.98,5.14
1991,Naic,14.32,120.77,1,17.38,2.19,0.66,0.36,77.82,30.06,21.86,26.86,4.7
1991,Naic,14.32,120.77,2,19.5,0.93,0.6,0.8,73.52,31.5,22.62,28.61,4.42
1991,Naic,14.32,120.77,3,23.2,0.93,0.6,0.66,69.65,32.91,22.59,29.31,4.67
1991,Naic,14.32,120.77,4,23.67,0.49,0.59,0.51,66.99,35.34,24.3,31.77,3.71
1991,Naic,14.32,120.77,5,23.1,2.32,0.62,2.95,71.77,34.28,25.67,31.07,3.54
1991,Naic,14.32,120.77,6,19.18,2.84,0.7,6.62,78.44,33.65,25.56,29.49,4.34
1991,Naic,14.32,120.77,7,16.68,3.25,0.9,16.03,83.42,31.66,25.54,28.15,3.88
1991,Naic,14.32,120.77,8,12.57,3.16,0.99,24.88,89.52,29.81,25.47,27.22,4.59
1991,Naic,14.32,120.77,9,15.47,3.56,1.0,14.87,88.22,29.42,24.81,27.24,4.47
1991,Naic,14.32,120.77,10,17.59,4.34,0.93,2.47,80.87,30.1,23.91,27.78,3.44
1991,Naic,14.32,120.77,11,16.71,3.58,0.82,3.28,81.73,29.79,22.03,26.91,4.17
1991,Naic,14.32,120.77,12,17.17,2.93,0.73,0.77,80.11,29.78,21.51,26.51,5.37
1991,Noveleta,14.43,120.88,1,17.38,2.19,0.66,0.36,77.82,30.06,21.86,26.86,4.7
1991,Noveleta,14.43,120.88,2,19.5,0.93,0.6,0.8,73.52,31.5,22.62,28.61,4.42
1991,Noveleta,14.43,120.88,3,23.2,0.93,0.6,0.66,69.65,32.91,22.59,29.31,4.67
1991,Noveleta,14.43,120.88,4,23.67,0.49,0.59,0.51,66.99,35.34,24.3,31.77,3.71
1991,Noveleta,14.43,120.88,5,23.1,2.32,0.62,2.95,71.77,34.28,25.67,31.07,3.54
1991,Noveleta,14.43,120.88,6,19.18,2.84,0.7,6.62,78.44,33.65,25.56,29.49,4.34
1991,Noveleta,14.43,120.88,7,16.68,3.25,0.9,16.03,83.42,31.66,25.54,28.15,3.88
1991,Noveleta,14.43,120.88,8,12.57,3.16,0.99,24.88,89.52,29.81,25.47,27.22,4.59
1991,Noveleta,14.43,120.88,9,15.47,3.56,1.0,14.87,88.22,29.42,24.81,27.24,4.47
1991,Noveleta,14.43,120.88,10,17.59,4.34,0.93,2.47,80.87,30.1,23.91,27.78,3.44
1991,Noveleta,14.43,120.88,11,16.71,3.58,0.82,3.28,81.73,29.79,22.03,26.91,4.17
1991,Noveleta,14.43,120.88,12,17.17,2.93,0.73,0.77,80.11,29.78,21.51,26.51,5.37
1991,Rosario,14.41,120.85,1,17.38,2.19,0.66,0.36,77.82,30.06,21.86,26.86,4.7
1991,Rosario,14.41,120.85,2,19.5,0.93,0.6,0.8,73.52,31.5,22.62,28.61,4.42
1991,Rosario,14.41,120.85,3,23.2,0.93,0.6,0.66,69.65,32.91,22.59,29.31,4.67
1991,Rosario,14.41,120.85,4,23.67,0.49,0.59,0.51,66.99,35.34,24.3,31.77,3.71
1991,Rosario,14.41,120.85,5,23.1,2.32,0.62,2.95,71.77,34.28,25.67,31.07,3.54
1991,Rosario,14.41,120.85,6,19.18,2.84,0.7,6.62,78.44,33.65,25.56,29.49,4.34
1991,Rosario,14.41,120.85,7,16.68,3.25,0.9,16.03,83.42,31.66,25.54,28.15,3.88
1991,Rosario,14.41,120.85,8,12.57,3.16,0.99,24.88,89.52,29.81,25.47,27.22,4.59
1991,Rosario,14.41,120.85,9,15.47,3.56,1.0,14.87,88.22,29.42,24.81,27.24,4.47
1991,Rosario,14.41,120.85,10,17.59,4.34,0.93,2.47,80.87,30.1,23.91,27.78,3.44
1991,Rosario,14.41,120.85,11,16.71,3.58,0.82,3.28,81.73,29.79,22.03,26.91,4.17
1991,Rosario,14.41,120.85,12,17.17,2.93,0.73,0.77,80.11,29.78,21.51,26.51,5.37
1991,Silang,14.23,120.97,1,17.38,4.64,0.84,2.26,87.7,29.46,19.13,23.74,1.69
1991,Silang,14.23,120.97,2,19.5,4.52,0.74,4.29,85.26,30.65,20.26,24.68,1.64
1991,Silang,14.23,120.97,3,23.2,4.33,0.69,2.83,80.87,31.38,19.21,25.26,1.72
1991,Silang,14.23,120.97,4,23.67,2.75,0.61,1.98,75.25,35.52,21.09,27.89,1.47
1991,Silang,14.23,120.97,5,23.1,2.53,0.61,3.42,74.95,35.69,22.73,28.71,1.39
1991,Silang,14.23,120.97,6,19.18,3.48,0.68,7.04,82.95,33.86,23.72,27.57,1.5
1991,Silang,14.23,120.97,7,16.68,3.55,0.84,8.22,86.61,32.47,23.3,26.54,1.25
1991,Silang,14.23,120.97,8,12.57,3.43,0.94,8.88,90.94,31.07,23.45,26.29,1.59
1991,Silang,14.23,120.97,9,15.47,3.57,0.94,4.37,88.86,31.39,22.82,26.26,1.42
1991,Silang,14.23,120.97,10,17.59,4.42,0.88,4.63,84.6,31.36,21.74,26.19,1.27
1991,Silang,14.23,120.97,11,16.71,4.31,0.88,8.14,88.34,29.9,19.82,24.77,1.52
1991,Silang,14.23,120.97,12,17.17,4.94,0.89,6.01,88.73,28.95,19.43,23.95,1.92
1991,Tagaytay City,14.11,120.96,1,17.38,4.64,0.84,2.26,87.7,29.46,19.13,23.74,1.69
1991,Tagaytay City,14.11,120.96,2,19.5,4.52,0.74,4.29,85.26,30.65,20.26,24.68,1.64
1991,Tagaytay City,14.11,120.96,3,23.2,4.33,0.69,2.83,80.87,31.38,19.21,25.26,1.72
1991,Tagaytay City,14.11,120.96,4,23.67,2.75,0.61,1.98,75.25,35.52,21.09,27.89,1.47
1991,Tagaytay City,14.11,120.96,5,23.1,2.53,0.61,3.42,74.95,35.69,22.73,28.71,1.39
1991,Tagaytay City,14.11,120.96,6,19.18,3.48,0.68,7.04,82.95,33.86,23.72,27.57,1.5
1991,Tagaytay City,14.11,120.96,7,16.68,3.55,0.84,8.22,86.61,32.47,23.3,26.54,1.25
1991,Tagaytay City,14.11,120.96,8,12.57,3.43,0.94,8.88,90.94,31.07,23.45,26.29,1.59
1991,Tagaytay City,14.11,120.96,9,15.47,3.57,0.94,4.37,88.86,31.39,22.82,26.26,1.42
1991,Tagaytay City,14.11,120.96,10,17.59,4.42,0.88,4.63,84.6,31.36,21.74,26.19,1.27
1991,Tagaytay City,14.11,120.96,11,16.71,4.31,0.88,8.14,88.34,29.9,19.82,24.77,1.52
1991,Tagaytay City,14.11,120.96,12,17.17,4.94,0.89,6.01,88.73,28.95,19.43,23.95,1.92
1991,Tanza,14.36,120.85,1,17.38,2.19,0.66,0.36,77.82,30.06,21.86,26.86,4.7
1991,Tanza,14.36,120.85,2,19.5,0.93,0.6,0.8,73.52,31.5,22.62,28.61,4.42
1991,Tanza,14.36,120.85,3,23.2,0.93,0.6,0.66,69.65,32.91,22.59,29.31,4.67
1991,Tanza,14.36,120.85,4,23.67,0.49,0.59,0.51,66.99,35.34,24.3,31.77,3.71
1991,Tanza,14.36,120.85,5,23.1,2.32,0.62,2.95,71.77,34.28,25.67,31.07,3.54
1991,Tanza,14.36,120.85,6,19.18,2.84,0.7,6.62,78.44,33.65,25.56,29.49,4.34
1991,Tanza,14.36,120.85,7,16.68,3.25,0.9,16.03,83.42,31.66,25.54,28.15,3.88
1991,Tanza,14.36,120.85,8,12.57,3.16,0.99,24.88,89.52,29.81,25.47,27.22,4.59
1991,Tanza,14.36,120.85,9,15.47,3.56,1.0,14.87,88.22,29.42,24.81,27.24,4.47
1991,Tanza,14.36,120.85,10,17.59,4.34,0.93,2.47,80.87,30.1,23.91,27.78,3.44
1991,Tanza,14.36,120.85,11,16.71,3.58,0.82,3.28,81.73,29.79,22.03,26.91,4.17
1991,Tanza,14.36,120.85,12,17.17,2.93,0.73,0.77,80.11,29.78,21.51,26.51,5.37
1991,Ternate,14.28,120.7,1,17.38,2.19,0.66,0.36,77.82,30.06,21.86,26.86,4.7
1991,Ternate,14.28,120.7,2,19.5,0.93,0.6,0.8,73.52,31.5,22.62,28.61,4.42
1991,Ternate,14.28,120.7,3,23.2,0.93,0.6,0.66,69.65,32.91,22.59,29.31,4.67
1991,Ternate,14.28,120.7,4,23.67,0.49,0.59,0.51,66.99,35.34,24.3,31.77,3.71
1991,Ternate,14.28,120.7,5,23.1,2.32,0.62,2.95,71.77,34.28,25.67,31.07,3.54
1991,Ternate,14.28,120.7,6,19.18,2.84,0.7,6.62,78.44,33.65,25.56,29.49,4.34
1991,Ternate,14.28,120.7,7,16.68,3.25,0.9,16.03,83.42,31.66,25.54,28.15,3.88
1991,Ternate,14.28,120.7,8,12.57,3.16,0.99,24.88,89.52,29.81,25.47,27.22,4.59
1991,Ternate,14.28,120.7,9,15.47,3.56,1.0,14.87,88.22,29.42,24.81,27.24,4.47
1991,Ternate,14.28,120.7,10,17.59,4.34,0.93,2.47,80.87,30.1,23.91,27.78,3.44
1991,Ternate,14.28,120.7,11,16.71,3.58,0.82,3.28,81.73,29.79,22.03,26.91,4.17
1991,Ternate,14.28,120.7,12,17.17,2.93,0.73,0.77,80.11,29.78,21.51,26.51,5.37
1991,Trece Martires City,14.28,120.86,1,17.38,2.19,0.66,0.36,77.82,30.06,21.86,26.86,4.7
1991,Trece Martires City,14.28,120.86,2,19.5,0.93,0.6,0.8,73.52,31.5,22.62,28.61,4.42
1991,Trece Martires City,14.28,120.86,3,23.2,0.93,0.6,0.66,69.65,32.91,22.59,29.31,4.67
1991,Trece Martires City,14.28,120.86,4,23.67,0.49,0.59,0.51,66.99,35.34,24.3,31.77,3.71
1991,Trece Martires City,14.28,120.86,5,23.1,2.32,0.62,2.95,71.77,34.28,25.67,31.07,3.54
1991,Trece Martires City,14.28,120.86,6,19.18,2.84,0.7,6.62,78.44,33.65,25.56,29.49,4.34
1991,Trece Martires City,14.28,120.86,7,16.68,3.25,0.9,16.03,83.42,31.66,25.54,28.15,3.88
1991,Trece Martires City,14.28,120.86,8,12.57,3.16,0.99,24.88,89.52,29.81,25.47,27.22,4.59
1991,Trece Martires City,14.28,120.86,9,15.47,3.56,1.0,14.87,88.22,29.42,24.81,27.24,4.47
1991,Trece Martires City,14.28,120.86,10,17.59,4.34,0.93,2.47,80.87,30.1,23.91,27.78,3.44
1991,Trece Martires City,14.28,120.86,11,16.71,3.58,0.82,3.28,81.73,29.79,22.03,26.91,4.17
1991,Trece Martires City,14.28,120.86,12,17.17,2.93,0.73,0.77,80.11,29.78,21.51,26.51,5.37
1992,Alfonso,14.14,120.85,1,17.47,2.29,0.54,0.39,79.1,29.6,21.86,26.07,3.83
1992,Alfonso,14.14,120.85,2,20.64,1.24,0.47,0.51,74.11,31.67,22.18,26.73,3.94
1992,Alfonso,14.14,120.85,3,23.46,0.65,0.45,0.38,70.32,32.8,23.44,28.31,3.63
1992,Alfonso,14.14,120.85,4,23.65,0.81,0.44,0.69,67.95,34.56,24.73,29.84,2.7
1992,Alfonso,14.14,120.85,5,21.92,1.37,0.46,2.22,71.06,34.7,25.81,30.07,2.69
1992,Alfonso,14.14,120.85,6,20.46,2.49,0.52,4.24,75.84,33.38,26.72,29.92,3.05
1992,Alfonso,14.14,120.85,7,17.94,3.18,0.64,7.29,82.59,32.03,25.51,28.29,2.99
1992,Alfonso,14.14,120.85,8,13.29,3.65,0.82,10.72,87.83,29.4,25.67,27.71,4.36
1992,Alfonso,14.14,120.85,9,15.93,3.9,0.94,6.8,87.36,30.18,25.05,27.24,3.52
1992,Alfonso,14.14,120.85,10,17.84,4.15,0.89,4.78,84.5,30.6,24.93,27.58,3.33
1992,Alfonso,14.14,120.85,11,17.48,5.22,0.85,3.62,83.85,29.21,21.9,26.18,4.51
1992,Alfonso,14.14,120.85,12,16.78,4.18,0.67,1.12,83.03,28.79,22.38,26.0,5.03
1992,Amadeo,14.17,120.92,1,17.47,2.29,0.54,0.39,79.1,29.6,21.86,26.07,3.83
1992,Amadeo,14.17,120.92,2,20.64,1.24,0.47,0.51,74.11,31.67,22.18,26.73,3.94
1992,Amadeo,14.17,120.92,3,23.46,0.65,0.45,0.38,70.32,32.8,23.44,28.31,3.63
1992,Amadeo,14.17,120.92,4,23.65,0.81,0.44,0.69,67.95,34.56,24.73,29.84,2.7
1992,Amadeo,14.17,120.92,5,21.92,1.37,0.46,2.22,71.06,34.7,25.81,30.07,2.69
1992,Amadeo,14.17,120.92,6,20.46,2.49,0.52,4.24,75.84,33.38,26.72,29.92,3.05
1992,Amadeo,14.17,120.92,7,17.94,3.18,0.64,7.29,82.59,32.03,25.51,28.29,2.99
1992,Amadeo,14.17,120.92,8,13.29,3.65,0.82,10.72,87.83,29.4,25.67,27.71,4.36
1992,Amadeo,14.17,120.92,9,15.93,3.9,0.94,6.8,87.36,30.18,25.05,27.24,3.52
1992,Amadeo,14.17,120.92,10,17.84,4.15,0.89,4.78,84.5,30.6,24.93,27.58,3.33
1992,Amadeo,14.17,120.92,11,17.48,5.22,0.85,3.62,83.85,29.21,21.9,26.18,4.51
1992,Amadeo,14.17,120.92,12,16.78,4.18,0.67,1.12,83.03,28.79,22.38,26.0,5.03
1992,Bacoor City,14.46,120.94,1,17.47,3.62,0.79,2.27,83.79,31.23,18.93,24.08,1.54
1992,Bacoor City,14.46,120.94,2,20.64,3.19,0.71,1.79,78.43,33.0,18.74,24.92,1.67
1992,Bacoor City,14.46,120.94,3,23.46,2.03,0.63,1.16,73.79,33.62,19.59,26.81,1.64
1992,Bacoor City,14.46,120.94,4,23.65,1.76,0.61,1.42,68.14,37.13,21.36,29.07,1.31
1992,Bacoor City,14.46,120.94,5,21.92,2.18,0.62,3.25,73.32,35.46,21.92,28.6,1.23
1992,Bacoor City,14.46,120.94,6,20.46,2.69,0.67,3.71,78.0,34.78,23.8,28.29,1.18
1992,Bacoor City,14.46,120.94,7,17.94,3.29,0.8,10.49,85.45,32.26,23.21,26.61,1.17
1992,Bacoor City,14.46,120.94,8,13.29,3.9,0.95,8.72,89.75,30.68,23.34,26.17,1.68
1992,Bacoor City,14.46,120.94,9,15.93,3.86,0.95,6.34,89.07,32.1,22.79,25.83,1.36
1992,Bacoor City,14.46,120.94,10,17.84,4.26,0.94,7.67,88.51,31.24,21.83,25.84,1.35
1992,Bacoor City,14.46,120.94,11,17.48,5.29,0.95,11.36,87.17,30.0,18.87,24.27,1.74
1992,Bacoor City,14.46,120.94,12,16.78,4.86,0.87,3.99,86.72,28.32,19.02,23.95,1.88
1992,Carmona,14.31,121.05,1,14.3,3.62,0.79,2.27,83.79,31.23,18.93,24.08,1.54
1992,Carmona,14.31,121.05,2,17.81,3.19,0.71,1.79,78.43,33.0,18.74,24.92,1.67
1992,Carmona,14.31,121.05,3,21.56,2.03,0.63,1.16,73.79,33.62,19.59,26.81,1.64
1992,Carmona,14.31,121.05,4,23.34,1.76,0.61,1.42,68.14,37.13,21.36,29.07,1.31
1992,Carmona,14.31,121.05,5,21.69,2.18,0.62,3.25,73.32,35.46,21.92,28.6,1.23
1992,Carmona,14.31,121.05,6,19.96,2.69,0.67,3.71,78.0,34.78,23.8,28.29,1.18
1992,Carmona,14.31,121.05,7,17.46,3.29,0.8,10.49,85.45,32.26,23.21,26.61,1.17
1992,Carmona,14.31,121.05,8,14.12,3.9,0.95,8.72,89.75,30.68,23.34,26.17,1.68
1992,Carmona,14.31,121.05,9,15.24,3.86,0.95,6.34,89.07,32.1,22.79,25.83,1.36
1992,Carmona,14.31,121.05,10,15.6,4.26,0.94,7.67,88.51,31.24,21.83,25.84,1.35
1992,Carmona,14.31,121.05,11,14.2,5.29,0.95,11.36,87.17,30.0,18.87,24.27,1.74
1992,Carmona,14.31,121.05,12,13.04,4.86,0.87,3.99,86.72,28.32,19.02,23.95,1.88
1992,Cavite City,14.48,120.9,1,17.47,1.68,0.63,0.32,75.21,30.86,21.62,27.32,3.94
1992,Cavite City,14.48,120.9,2,20.64,0.78,0.6,0.6,70.91,32.06,21.45,28.47,4.3
1992,Cavite City,14.48,120.9,3,23.46,0.23,0.59,0.19,66.97,33.58,23.0,30.59,4.1
1992,Cavite City,14.48,120.9,4,23.65,0.56,0.59,0.58,64.52,34.98,24.78,32.31,3.27
1992,Cavite City,14.48,120.9,5,21.92,1.22,0.6,2.41,69.46,34.87,25.62,31.51,3.26
1992,Cavite City,14.48,120.9,6,20.46,2.7,0.72,5.69,76.22,33.63,26.37,30.22,3.22
1992,Cavite City,14.48,120.9,7,17.94,3.05,0.87,9.09,83.34,32.31,25.31,28.43,3.29
1992,Cavite City,14.48,120.9,8,13.29,3.44,0.98,20.77,87.25,29.34,25.34,27.74,5.06
1992,Cavite City,14.48,120.9,9,15.93,3.44,0.99,10.79,87.11,30.33,24.93,27.33,3.93
1992,Cavite City,14.48,120.9,10,17.84,3.58,0.92,4.34,84.01,30.51,24.38,27.78,3.55
1992,Cavite City,14.48,120.9,11,17.48,3.95,0.86,2.74,82.06,29.66,20.67,26.55,4.64
1992,Cavite City,14.48,120.9,12,16.78,2.83,0.73,0.67,80.49,29.54,21.81,26.63,5.18
1992,Dasmarinas City,14.33,120.93,1,17.47,1.68,0.63,0.32,75.21,30.86,21.62,27.32,3.94
1992,Dasmarinas City,14.33,120.93,2,20.64,0.78,0.6,0.6,70.91,32.06,21.45,28.47,4.3
1992,Dasmarinas City,14.33,120.93,3,23.46,0.23,0.59,0.19,66.97,33.58,23.0,30.59,4.1
1992,Dasmarinas City,14.33,120.93,4,23.65,0.56,0.59,0.58,64.52,34.98,24.78,32.31,3.27
1992,Dasmarinas City,14.33,120.93,5,21.92,1.22,0.6,2.41,69.46,34.87,25.62,31.51,3.26
1992,Dasmarinas City,14.33,120.93,6,20.46,2.7,0.72,5.69,76.22,33.63,26.37,30.22,3.22
1992,Dasmarinas City,14.33,120.93,7,17.94,3.05,0.87,9.09,83.34,32.31,25.31,28.43,3.29
1992,Dasmarinas City,14.33,120.93,8,13.29,3.44,0.98,20.77,87.25,29.34,25.34,27.74,5.06
1992,Dasmarinas City,14.33,120.93,9,15.93,3.44,0.99,10.79,87.11,30.33,24.93,27.33,3.93
1992,Dasmarinas City,14.33,120.93,10,17.84,3.58,0.92,4.34,84.01,30.51,24.38,27.78,3.55
1992,Dasmarinas City,14.33,120.93,11,17.48,3.95,0.86,2.74,82.06,29.66,20.67,26.55,4.64
1992,Dasmarinas City,14.33,120.93,12,16.78,2.83,0.73,0.67,80.49,29.54,21.81,26.63,5.18
1992,General Emilio Aguinaldo,14.18,120.79,1,17.47,2.29,0.54,0.39,79.1,29.6,21.86,26.07,3.83
1992,General Emilio Aguinaldo,14.18,120.79,2,20.64,1.24,0.47,0.51,74.11,31.67,22.18,26.73,3.94
1992,General Emilio Aguinaldo,14.18,120.79,3,23.46,0.65,0.45,0.38,70.32,32.8,23.44,28.31,3.63
1992,General Emilio Aguinaldo,14.18,120.79,4,23.65,0.81,0.44,0.69,67.95,34.56,24.73,29.84,2.7
1992,General Emilio Aguinaldo,14.18,120.79,5,21.92,1.37,0.46,2.22,71.06,34.7,25.81,30.07,2.69
1992,General Emilio Aguinaldo,14.18,120.79,6,20.46,2.49,0.52,4.24,75.84,33.38,26.72,29.92,3.05
1992,General Emilio Aguinaldo,14.18,120.79,7,17.94,3.18,0.64,7.29,82.59,32.03,25.51,28.29,2.99
1992,General Emilio Aguinaldo,14.18,120.79,8,13.29,3.65,0.82,10.72,87.83,29.4,25.67,27.71,4.36
1992,General Emilio Aguinaldo,14.18,120.79,9,15.93,3.9,0.94,6.8,87.36,30.18,25.05,27.24,3.52
1992,General Emilio Aguinaldo,14.18,120.79,10,17.84,4.15,0.89,4.78,84.5,30.6,24.93,27.58,3.33
1992,General Emilio Aguinaldo,14.18,120.79,11,17.48,5.22,0.85,3.62,83.85,29.21,21.9,26.18,4.51
1992,General Emilio Aguinaldo,14.18,120.79,12,16.78,4.18,0.67,1.12,83.03,28.79,22.38,26.0,5.03
1992,General Mariano Alvarez,14.3,121.0,1,14.3,3.62,0.79,2.27,83.79,31.23,18.93,24.08,1.54
1992,General Mariano Alvarez,14.3,121.0,2,17.81,3.19,0.71,1.79,78.43,33.0,18.74,24.92,1.67
1992,General Mariano Alvarez,14.3,121.0,3,21.56,2.03,0.63,1.16,73.79,33.62,19.59,26.81,1.64
1992,General Mariano Alvarez,14.3,121.0,4,23.34,1.76,0.61,1.42,68.14,37.13,21.36,29.07,1.31
1992,General Mariano Alvarez,14.3,121.0,5,21.69,2.18,0.62,3.25,73.32,35.46,21.92,28.6,1.23
1992,General Mariano Alvarez,14.3,121.0,6,19.96,2.69,0.67,3.71,78.0,34.78,23.8,28.29,1.18
1992,General Mariano Alvarez,14.3,121.0,7,17.46,3.29,0.8,10.49,85.45,32.26,23.21,26.61,1.17
1992,General Mariano Alvarez,14.3,121.0,8,14.12,3.9,0.95,8.72,89.75,30.68,23.34,26.17,1.68
1992,General Mariano Alvarez,14.3,121.0,9,15.24,3.86,0.95,6.34,89.07,32.1,22.79,25.83,1.36
1992,General Mariano Alvarez,14.3,121.0,10,15.6,4.26,0.94,7.67,88.51,31.24,21.83,25.84,1.35
1992,General Mariano Alvarez,14.3,121.0,11,14.2,5.29,0.95,11.36,87.17,30.0,18.87,24.27,1.74
1992,General Mariano Alvarez,14.3,121.0,12,13.04,4.86,0.87,3.99,86.72,28.32,19.02,23.95,1.88
1992,General Trias,14.38,120.88,1,17.47,1.68,0.63,0.32,75.21,30.86,21.62,27.32,3.94
1992,General Trias,14.38,120.88,2,20.64,0.78,0.6,0.6,70.91,32.06,21.45,28.47,4.3
1992,General Trias,14.38,120.88,3,23.46,0.23,0.59,0.19,66.97,33.58,23.0,30.59,4.1
1992,General Trias,14.38,120.88,4,23.65,0.56,0.59,0.58,64.52,34.98,24.78,32.31,3.27
1992,General Trias,14.38,120.88,5,21.92,1.22,0.6,2.41,69.46,34.87,25.62,31.51,3.26
1992,General Trias,14.38,120.88,6,20.46,2.7,0.72,5.69,76.22,33.63,26.37,30.22,3.22
1992,General Trias,14.38,120.88,7,17.94,3.05,0.87,9.09,83.34,32.31,25.31,28.43,3.29
1992,General Trias,14.38,120.88,8,13.29,3.44,0.98,20.77,87.25,29.34,25.34,27.74,5.06
1992,General Trias,14.38,120.88,9,15.93,3.44,0.99,10.79,87.11,30.33,24.93,27.33,3.93
1992,General Trias,14.38,120.88,10,17.84,3.58,0.92,4.34,84.01,30.51,24.38,27.78,3.55
1992,General Trias,14.38,120.88,11,17.48,3.95,0.86,2.74,82.06,29.66,20.67,26.55,4.64
1992,General Trias,14.38,120.88,12,16.78,2.83,0.73,0.67,80.49,29.54,21.81,26.63,5.18
1992,Imus City,14.43,120.93,1,17.47,1.68,0.63,0.32,75.21,30.86,21.62,27.32,3.94
1992,Imus City,14.43,120.93,2,20.64,0.78,0.6,0.6,70.91,32.06,21.45,28.47,4.3
1992,Imus City,14.43,120.93,3,23.46,0.23,0.59,0.19,66.97,33.58,23.0,30.59,4.1
1992,Imus City,14.43,120.93,4,23.65,0.56,0.59,0.58,64.52,34.98,24.78,32.31,3.27
1992,Imus City,14.43,120.93,5,21.92,1.22,0.6,2.41,69.46,34.87,25.62,31.51,3.26
1992,Imus City,14.43,120.93,6,20.46,2.7,0.72,5.69,76.22,33.63,26.37,30.22,3.22
1992,Imus City,14.43,120.93,7,17.94,3.05,0.87,9.09,83.34,32.31,25.31,28.43,3.29
1992,Imus City,14.43,120.93,8,13.29,3.44,0.98,20.77,87.25,29.34,25.34,27.74,5.06
1992,Imus City,14.43,120.93,9,15.93,3.44,0.99,10.79,87.11,30.33,24.93,27.33,3.93
1992,Imus City,14.43,120.93,10,17.84,3.58,0.92,4.34,84.01,30.51,24.38,27.78,3.55
1992,Imus City,14.43,120.93,11,17.48,3.95,0.86,2.74,82.06,29.66,20.67,26.55,4.64
1992,Imus City,14.43,120.93,12,16.78,2.83,0.73,0.67,80.49,29.54,21.81,26.63,5.18
1992,Indang,14.19,120.87,1,17.47,2.29,0.54,0.39,79.1,29.6,21.86,26.07,3.83
1992,Indang,14.19,120.87,2,20.64,1.24,0.47,0.51,74.11,31.67,22.18,26.73,3.94
1992,Indang,14.19,120.87,3,23.46,0.65,0.45,0.38,70.32,32.8,23.44,28.31,3.63
1992,Indang,14.19,120.87,4,23.65,0.81,0.44,0.69,67.95,34.56,24.73,29.84,2.7
1992,Indang,14.19,120.87,5,21.92,1.37,0.46,2.22,71.06,34.7,25.81,30.07,2.69
1992,Indang,14.19,120.87,6,20.46,2.49,0.52,4.24,75.84,33.38,26.72,29.92,3.05
1992,Indang,14.19,120.87,7,17.94,3.18,0.64,7.29,82.59,32.03,25.51,28.29,2.99
1992,Indang,14.19,120.87,8,13.29,3.65,0.82,10.72,87.83,29.4,25.67,27.71,4.36
1992,Indang,14.19,120.87,9,15.93,3.9,0.94,6.8,87.36,30.18,25.05,27.24,3.52
1992,Indang,14.19,120.87,10,17.84,4.15,0.89,4.78,84.5,30.6,24.93,27.58,3.33
1992,Indang,14.19,120.87,11,17.48,5.22,0.85,3.62,83.85,29.21,21.9,26.18,4.51
1992,Indang,14.19,120.87,12,16.78,4.18,0.67,1.12,83.03,28.79,22.38,26.0,5.03
1992,Kawit,14.44,120.9,1,17.47,1.68,0.63,0.32,75.21,30.86,21.62,27.32,3.94
1992,Kawit,14.44,120.9,2,20.64,0.78,0.6,0.6,70.91,32.06,21.45,28.47,4.3
1992,Kawit,14.44,120.9,3,23.46,0.23,0.59,0.19,66.97,33.58,23.0,30.59,4.1
1992,Kawit,14.44,120.9,4,23.65,0.56,0.59,0.58,64.52,34.98,24.78,32.31,3.27
1992,Kawit,14.44,120.9,5,21.92,1.22,0.6,2.41,69.46,34.87,25.62,31.51,3.26
1992,Kawit,14.44,120.9,6,20.46,2.7,0.72,5.69,76.22,33.63,26.37,30.22,3.22
1992,Kawit,14.44,120.9,7,17.94,3.05,0.87,9.09,83.34,32.31,25.31,28.43,3.29
1992,Kawit,14.44,120.9,8,13.29,3.44,0.98,20.77,87.25,29.34,25.34,27.74,5.06
1992,Kawit,14.44,120.9,9,15.93,3.44,0.99,10.79,87.11,30.33,24.93,27.33,3.93
1992,Kawit,14.44,120.9,10,17.84,3.58,0.92,4.34,84.01,30.51,24.38,27.78,3.55
1992,Kawit,14.44,120.9,11,17.48,3.95,0.86,2.74,82.06,29.66,20.67,26.55,4.64
1992,Kawit,14.44,120.9,12,16.78,2.83,0.73,0.67,80.49,29.54,21.81,26.63,5.18
1992,Magallanes,14.19,120.73,1,17.47,2.29,0.54,0.39,79.1,29.6,21.86,26.07,3.83
1992,Magallanes,14.19,120.73,2,20.64,1.24,0.47,0.51,74.11,31.67,22.18,26.73,3.94
1992,Magallanes,14.19,120.73,3,23.46,0.65,0.45,0.38,70.32,32.8,23.44,28.31,3.63
1992,Magallanes,14.19,120.73,4,23.65,0.81,0.44,0.69,67.95,34.56,24.73,29.84,2.7
1992,Magallanes,14.19,120.73,5,21.92,1.37,0.46,2.22,71.06,34.7,25.81,30.07,2.69
1992,Magallanes,14.19,120.73,6,20.46,2.49,0.52,4.24,75.84,33.38,26.72,29.92,3.05
1992,Magallanes,14.19,120.73,7,17.94,3.18,0.64,7.29,82.59,32.03,25.51,28.29,2.99
1992,Magallanes,14.19,120.73,8,13.29,3.65,0.82,10.72,87.83,29.4,25.67,27.71,4.36
1992,Magallanes,14.19,120.73,9,15.93,3.9,0.94,6.8,87.36,30.18,25.05,27.24,3.52
1992,Magallanes,14.19,120.73,10,17.84,4.15,0.89,4.78,84.5,30.6,24.93,27.58,3.33
1992,Magallanes,14.19,120.73,11,17.48,5.22,0.85,3.62,83.85,29.21,21.9,26.18,4.51
1992,Magallanes,14.19,120.73,12,16.78,4.18,0.67,1.12,83.03,28.79,22.38,26.0,5.03
1992,Maragondon,14.27,120.73,1,17.47,1.68,0.63,0.32,75.21,30.86,21.62,27.32,3.94
1992,Maragondon,14.27,120.73,2,20.64,0.78,0.6,0.6,70.91,32.06,21.45,28.47,4.3
1992,Maragondon,14.27,120.73,3,23.46,0.23,0.59,0.19,66.97,33.58,23.0,30.59,4.1
1992,Maragondon,14.27,120.73,4,23.65,0.56,0.59,0.58,64.52,34.98,24.78,32.31,3.27
1992,Maragondon,14.27,120.73,5,21.92,1.22,0.6,2.41,69.46,34.87,25.62,31.51,3.26
1992,Maragondon,14.27,120.73,6,20.46,2.7,0.72,5.69,76.22,33.63,26.37,30.22,3.22
1992,Maragondon,14.27,120.73,7,17.94,3.05,0.87,9.09,83.34,32.31,25.31,28.43,3.29
1992,Maragondon,14.27,120.73,8,13.29,3.44,0.98,20.77,87.25,29.34,25.34,27.74,5.06
1992,Maragondon,14.27,120.73,9,15.93,3.44,0.99,10.79,87.11,30.33,24.93,27.33,3.93
1992,Maragondon,14.27,120.73,10,17.84,3.58,0.92,4.34,84.01,30.51,24.38,27.78,3.55
1992,Maragondon,14.27,120.73,11,17.48,3.95,0.86,2.74,82.06,29.66,20.67,26.55,4.64
1992,Maragondon,14.27,120.73,12,16.78,2.83,0.73,0.67,80.49,29.54,21.81,26.63,5.18
1992,Mendez,14.13,120.9,1,17.47,2.29,0.54,0.39,79.1,29.6,21.86,26.07,3.83
1992,Mendez,14.13,120.9,2,20.64,1.24,0.47,0.51,74.11,31.67,22.18,26.73,3.94
1992,Mendez,14.13,120.9,3,23.46,0.65,0.45,0.38,70.32,32.8,23.44,28.31,3.63
1992,Mendez,14.13,120.9,4,23.65,0.81,0.44,0.69,67.95,34.56,24.73,29.84,2.7
1992,Mendez,14.13,120.9,5,21.92,1.37,0.46,2.22,71.06,34.7,25.81,30.07,2.69
1992,Mendez,14.13,120.9,6,20.46,2.49,0.52,4.24,75.84,33.38,26.72,29.92,3.05
1992,Mendez,14.13,120.9,7,17.94,3.18,0.64,7.29,82.59,32.03,25.51,28.29,2.99
1992,Mendez,14.13,120.9,8,13.29,3.65,0.82,10.72,87.83,29.4,25.67,27.71,4.36
1992,Mendez,14.13,120.9,9,15.93,3.9,0.94,6.8,87.36,30.18,25.05,27.24,3.52
1992,Mendez,14.13,120.9,10,17.84,4.15,0.89,4.78,84.5,30.6,24.93,27.58,3.33
1992,Mendez,14.13,120.9,11,17.48,5.22,0.85,3.62,83.85,29.21,21.9,26.18,4.51
1992,Mendez,14.13,120.9,12,16.78,4.18,0.67,1.12,83.03,28.79,22.38,26.0,5.03
1992,Naic,14.32,120.77,1,17.47,1.68,0.63,0.32,75.21,30.86,21.62,27.32,3.94
1992,Naic,14.32,120.77,2,20.64,0.78,0.6,0.6,70.91,32.06,21.45,28.47,4.3
1992,Naic,14.32,120.77,3,23.46,0.23,0.59,0.19,66.97,33.58,23.0,30.59,4.1
1992,Naic,14.32,120.77,4,23.65,0.56,0.59,0.58,64.52,34.98,24.78,32.31,3.27
1992,Naic,14.32,120.77,5,21.92,1.22,0.6,2.41,69.46,34.87,25.62,31.51,3.26
1992,Naic,14.32,120.77,6,20.46,2.7,0.72,5.69,76.22,33.63,26.37,30.22,3.22
1992,Naic,14.32,120.77,7,17.94,3.05,0.87,9.09,83.34,32.31,25.31,28.43,3.29
1992,Naic,14.32,120.77,8,13.29,3.44,0.98,20.77,87.25,29.34,25.34,27.74,5.06
1992,Naic,14.32,120.77,9,15.93,3.44,0.99,10.79,87.11,30.33,24.93,27.33,3.93
1992,Naic,14.32,120.77,10,17.84,3.58,0.92,4.34,84.01,30.51,24.38,27.78,3.55
1992,Naic,14.32,120.77,11,17.48,3.95,0.86,2.74,82.06,29.66,20.67,26.55,4.64
1992,Naic,14.32,120.77,12,16.78,2.83,0.73,0.67,80.49,29.54,21.81,26.63,5.18
1992,Noveleta,14.43,120.88,1,17.47,1.68,0.63,0.32,75.21,30.86,21.62,27.32,3.94
1992,Noveleta,14.43,120.88,2,20.64,0.78,0.6,0.6,70.91,32.06,21.45,28.47,4.3
1992,Noveleta,14.43,120.88,3,23.46,0.23,0.59,0.19,66.97,33.58,23.0,30.59,4.1
1992,Noveleta,14.43,120.88,4,23.65,0.56,0.59,0.58,64.52,34.98,24.78,32.31,3.27
1992,Noveleta,14.43,120.88,5,21.92,1.22,0.6,2.41,69.46,34.87,25.62,31.51,3.26
1992,Noveleta,14.43,120.88,6,20.46,2.7,0.72,5.69,76.22,33.63,26.37,30.22,3.22
1992,Noveleta,14.43,120.88,7,17.94,3.05,0.87,9.09,83.34,32.31,25.31,28.43,3.29
1992,Noveleta,14.43,120.88,8,13.29,3.44,0.98,20.77,87.25,29.34,25.34,27.74,5.06
1992,Noveleta,14.43,120.88,9,15.93,3.44,0.99,10.79,87.11,30.33,24.93,27.33,3.93
1992,Noveleta,14.43,120.88,10,17.84,3.58,0.92,4.34,84.01,30.51,24.38,27.78,3.55
1992,Noveleta,14.43,120.88,11,17.48,3.95,0.86,2.74,82.06,29.66,20.67,26.55,4.64
1992,Noveleta,14.43,120.88,12,16.78,2.83,0.73,0.67,80.49,29.54,21.81,26.63,5.18
1992,Rosario,14.41,120.85,1,17.47,1.68,0.63,0.32,75.21,30.86,21.62,27.32,3.94
1992,Rosario,14.41,120.85,2,20.64,0.78,0.6,0.6,70.91,32.06,21.45,28.47,4.3
1992,Rosario,14.41,120.85,3,23.46,0.23,0.59,0.19,66.97,33.58,23.0,30.59,4.1
1992,Rosario,14.41,120.85,4,23.65,0.56,0.59,0.58,64.52,34.98,24.78,32.31,3.27
1992,Rosario,14.41,120.85,5,21.92,1.22,0.6,2.41,69.46,34.87,25.62,31.51,3.26
1992,Rosario,14.41,120.85,6,20.46,2.7,0.72,5.69,76.22,33.63,26.37,30.22,3.22
1992,Rosario,14.41,120.85,7,17.94,3.05,0.87,9.09,83.34,32.31,25.31,28.43,3.29
1992,Rosario,14.41,120.85,8,13.29,3.44,0.98,20.77,87.25,29.34,25.34,27.74,5.06
1992,Rosario,14.41,120.85,9,15.93,3.44,0.99,10.79,87.11,30.33,24.93,27.33,3.93
1992,Rosario,14.41,120.85,10,17.84,3.58,0.92,4.34,84.01,30.51,24.38,27.78,3.55
1992,Rosario,14.41,120.85,11,17.48,3.95,0.86,2.74,82.06,29.66,20.67,26.55,4.64
1992,Rosario,14.41,120.85,12,16.78,2.83,0.73,0.67,80.49,29.54,21.81,26.63,5.18
1992,Silang,14.23,120.97,1,17.47,4.08,0.81,2.25,86.43,31.1,18.48,23.87,1.48
1992,Silang,14.23,120.97,2,20.64,3.72,0.7,1.47,80.18,32.55,19.31,24.79,1.67
1992,Silang,14.23,120.97,3,23.46,2.29,0.6,0.99,73.74,33.19,19.88,26.96,1.64
1992,Silang,14.23,120.97,4,23.65,1.78,0.56,1.25,68.43,36.95,21.38,29.08,1.33
1992,Silang,14.23,120.97,5,21.92,1.94,0.57,2.95,72.13,35.48,22.08,29.0,1.22
1992,Silang,14.23,120.97,6,20.46,2.38,0.62,3.56,77.75,34.5,23.93,28.47,1.22
1992,Silang,14.23,120.97,7,17.94,3.31,0.77,10.15,85.06,32.79,23.23,26.81,1.14
1992,Silang,14.23,120.97,8,13.29,3.72,0.89,5.43,88.82,30.61,23.4,26.47,1.64
1992,Silang,14.23,120.97,9,15.93,3.64,0.89,5.12,88.35,31.56,23.01,26.05,1.33
1992,Silang,14.23,120.97,10,17.84,3.88,0.92,7.07,89.01,31.29,22.29,25.99,1.31
1992,Silang,14.23,120.97,11,17.48,4.99,0.95,12.36,88.44,30.09,18.96,24.44,1.7
1992,Silang,14.23,120.97,12,16.78,4.89,0.89,4.35,88.37,28.54,19.05,24.07,1.86
1992,Tagaytay City,14.11,120.96,1,17.47,4.08,0.81,2.25,86.43,31.1,18.48,23.87,1.48
1992,Tagaytay City,14.11,120.96,2,20.64,3.72,0.7,1.47,80.18,32.55,19.31,24.79,1.67
1992,Tagaytay City,14.11,120.96,3,23.46,2.29,0.6,0.99,73.74,33.19,19.88,26.96,1.64
1992,Tagaytay City,14.11,120.96,4,23.65,1.78,0.56,1.25,68.43,36.95,21.38,29.08,1.33
1992,Tagaytay City,14.11,120.96,5,21.92,1.94,0.57,2.95,72.13,35.48,22.08,29.0,1.22
1992,Tagaytay City,14.11,120.96,6,20.46,2.38,0.62,3.56,77.75,34.5,23.93,28.47,1.22
1992,Tagaytay City,14.11,120.96,7,17.94,3.31,0.77,10.15,85.06,32.79,23.23,26.81,1.14
1992,Tagaytay City,14.11,120.96,8,13.29,3.72,0.89,5.43,88.82,30.61,23.4,26.47,1.64
1992,Tagaytay City,14.11,120.96,9,15.93,3.64,0.89,5.12,88.35,31.56,23.01,26.05,1.33
1992,Tagaytay City,14.11,120.96,10,17.84,3.88,0.92,7.07,89.01,31.29,22.29,25.99,1.31
1992,Tagaytay City,14.11,120.96,11,17.48,4.99,0.95,12.36,88.44,30.09,18.96,24.44,1.7
1992,Tagaytay City,14.11,120.96,12,16.78,4.89,0.89,4.35,88.37,28.54,19.05,24.07,1.86
1992,Tanza,14.36,120.85,1,17.47,1.68,0.63,0.32,75.21,30.86,21.62,27.32,3.94
1992,Tanza,14.36,120.85,2,20.64,0.78,0.6,0.6,70.91,32.06,21.45,28.47,4.3
1992,Tanza,14.36,120.85,3,23.46,0.23,0.59,0.19,66.97,33.58,23.0,30.59,4.1
1992,Tanza,14.36,120.85,4,23.65,0.56,0.59,0.58,64.52,34.98,24.78,32.31,3.27
1992,Tanza,14.36,120.85,5,21.92,1.22,0.6,2.41,69.46,34.87,25.62,31.51,3.26
1992,Tanza,14.36,120.85,6,20.46,2.7,0.72,5.69,76.22,33.63,26.37,30.22,3.22
1992,Tanza,14.36,120.85,7,17.94,3.05,0.87,9.09,83.34,32.31,25.31,28.43,3.29
1992,Tanza,14.36,120.85,8,13.29,3.44,0.98,20.77,87.25,29.34,25.34,27.74,5.06
1992,Tanza,14.36,120.85,9,15.93,3.44,0.99,10.79,87.11,30.33,24.93,27.33,3.93
1992,Tanza,14.36,120.85,10,17.84,3.58,0.92,4.34,84.01,30.51,24.38,27.78,3.55
1992,Tanza,14.36,120.85,11,17.48,3.95,0.86,2.74,82.06,29.66,20.67,26.55,4.64
1992,Tanza,14.36,120.85,12,16.78,2.83,0.73,0.67,80.49,29.54,21.81,26.63,5.18
1992,Ternate,14.28,120.7,1,17.47,1.68,0.63,0.32,75.21,30.86,21.62,27.32,3.94
1992,Ternate,14.28,120.7,2,20.64,0.78,0.6,0.6,70.91,32.06,21.45,28.47,4.3
1992,Ternate,14.28,120.7,3,23.46,0.23,0.59,0.19,66.97,33.58,23.0,30.59,4.1
1992,Ternate,14.28,120.7,4,23.65,0.56,0.59,0.58,64.52,34.98,24.78,32.31,3.27
1992,Ternate,14.28,120.7,5,21.92,1.22,0.6,2.41,69.46,34.87,25.62,31.51,3.26
1992,Ternate,14.28,120.7,6,20.46,2.7,0.72,5.69,76.22,33.63,26.37,30.22,3.22
1992,Ternate,14.28,120.7,7,17.94,3.05,0.87,9.09,83.34,32.31,25.31,28.43,3.29
1992,Ternate,14.28,120.7,8,13.29,3.44,0.98,20.77,87.25,29.34,25.34,27.74,5.06
1992,Ternate,14.28,120.7,9,15.93,3.44,0.99,10.79,87.11,30.33,24.93,27.33,3.93
1992,Ternate,14.28,120.7,10,17.84,3.58,0.92,4.34,84.01,30.51,24.38,27.78,3.55
1992,Ternate,14.28,120.7,11,17.48,3.95,0.86,2.74,82.06,29.66,20.67,26.55,4.64
1992,Ternate,14.28,120.7,12,16.78,2.83,0.73,0.67,80.49,29.54,21.81,26.63,5.18
1992,Trece Martires City,14.28,120.86,1,17.47,1.68,0.63,0.32,75.21,30.86,21.62,27.32,3.94
1992,Trece Martires City,14.28,120.86,2,20.64,0.78,0.6,0.6,70.91,32.06,21.45,28.47,4.3
1992,Trece Martires City,14.28,120.86,3,23.46,0.23,0.59,0.19,66.97,33.58,23.0,30.59,4.1
1992,Trece Martires City,14.28,120.86,4,23.65,0.56,0.59,0.58,64.52,34.98,24.78,32.31,3.27
1992,Trece Martires City,14.28,120.86,5,21.92,1.22,0.6,2.41,69.46,34.87,25.62,31.51,3.26
1992,Trece Martires City,14.28,120.86,6,20.46,2.7,0.72,5.69,76.22,33.63,26.37,30.22,3.22
1992,Trece Martires City,14.28,120.86,7,17.94,3.05,0.87,9.09,83.34,32.31,25.31,28.43,3.29
1992,Trece Martires City,14.28,120.86,8,13.29,3.44,0.98,20.77,87.25,29.34,25.34,27.74,5.06
1992,Trece Martires City,14.28,120.86,9,15.93,3.44,0.99,10.79,87.11,30.33,24.93,27.33,3.93
1992,Trece Martires City,14.28,120.86,10,17.84,3.58,0.92,4.34,84.01,30.51,24.38,27.78,3.55
1992,Trece Martires City,14.28,120.86,11,17.48,3.95,0.86,2.74,82.06,29.66,20.67,26.55,4.64
1992,Trece Martires City,14.28,120.86,12,16.78,2.83,0.73,0.67,80.49,29.54,21.81,26.63,5.18
1993,Alfonso,14.14,120.85,1,18.42,2.52,0.55,1.03,79.36,29.54,20.98,25.55,4.52
1993,Alfonso,14.14,120.85,2,21.06,1.43,0.48,0.25,76.04,31.75,21.58,26.27,4.1
1993,Alfonso,14.14,120.85,3,22.47,0.71,0.45,0.36,70.26,33.76,22.79,27.61,4.02
1993,Alfonso,14.14,120.85,4,24.08,0.74,0.44,0.84,67.62,34.53,23.57,29.41,2.98
1993,Alfonso,14.14,120.85,5,24.36,1.48,0.46,1.88,69.49,35.51,25.59,29.96,2.71
1993,Alfonso,14.14,120.85,6,20.87,2.43,0.53,4.96,77.0,33.15,26.33,29.63,2.39
1993,Alfonso,14.14,120.85,7,18.04,3.63,0.68,8.28,84.77,31.28,25.59,28.1,2.97
1993,Alfonso,14.14,120.85,8,16.24,3.57,0.89,11.36,86.99,29.98,25.06,27.53,3.75
1993,Alfonso,14.14,120.85,9,15.75,3.41,0.94,5.37,87.42,30.47,24.9,27.39,3.0
1993,Alfonso,14.14,120.85,10,16.89,4.55,0.92,4.44,86.22,29.39,24.13,26.98,4.07
1993,Alfonso,14.14,120.85,11,16.46,3.86,0.85,4.35,87.14,29.35,24.3,27.04,4.33
1993,Alfonso,14.14,120.85,12,14.12,4.71,0.87,8.54,87.52,28.96,22.52,25.84,5.32
1993,Amadeo,14.17,120.92,1,18.42,2.52,0.55,1.03,79.36,29.54,20.98,25.55,4.52
1993,Amadeo,14.17,120.92,2,21.06,1.43,0.48,0.25,76.04,31.75,21.58,26.27,4.1
1993,Amadeo,14.17,120.92,3,22.47,0.71,0.45,0.36,70.26,33.76,22.79,27.61,4.02
1993,Amadeo,14.17,120.92,4,24.08,0.74,0.44,0.84,67.62,34.53,23.57,29.41,2.98
1993,Amadeo,14.17,120.92,5,24.36,1.48,0.46,1.88,69.49,35.51,25.59,29.96,2.71
1993,Amadeo,14.17,120.92,6,20.87,2.43,0.53,4.96,77.0,33.15,26.33,29.63,2.39
1993,Amadeo,14.17,120.92,7,18.04,3.63,0.68,8.28,84.77,31.28,25.59,28.1,2.97
1993,Amadeo,14.17,120.92,8,16.24,3.57,0.89,11.36,86.99,29.98,25.06,27.53,3.75
1993,Amadeo,14.17,120.92,9,15.75,3.41,0.94,5.37,87.42,30.47,24.9,27.39,3.0
1993,Amadeo,14.17,120.92,10,16.89,4.55,0.92,4.44,86.22,29.39,24.13,26.98,4.07
1993,Amadeo,14.17,120.92,11,16.46,3.86,0.85,4.35,87.14,29.35,24.3,27.04,4.33
1993,Amadeo,14.17,120.92,12,14.12,4.71,0.87,8.54,87.52,28.96,22.52,25.84,5.32
1993,Bacoor City,14.46,120.94,1,18.42,3.87,0.76,3.25,82.82,30.56,18.34,23.64,1.76
1993,Bacoor City,14.46,120.94,2,21.06,3.25,0.71,1.8,79.86,32.2,19.08,24.67,1.78
1993,Bacoor City,14.46,120.94,3,22.47,2.1,0.64,0.96,72.93,35.45,19.3,26.15,1.81
1993,Bacoor City,14.46,120.94,4,24.08,1.53,0.6,1.59,70.9,35.54,19.45,28.15,1.53
1993,Bacoor City,14.46,120.94,5,24.36,1.55,0.59,1.29,70.05,37.11,22.79,28.95,1.35
1993,Bacoor City,14.46,120.94,6,20.87,2.16,0.62,4.53,75.86,35.83,23.84,28.79,1.01
1993,Bacoor City,14.46,120.94,7,18.04,3.34,0.76,5.76,85.36,32.96,23.52,27.0,1.18
1993,Bacoor City,14.46,120.94,8,16.24,3.47,0.84,7.88,87.51,33.27,23.09,26.17,1.29
1993,Bacoor City,14.46,120.94,9,15.75,3.41,0.92,6.32,88.84,32.3,22.42,25.86,1.09
1993,Bacoor City,14.46,120.94,10,16.89,4.52,0.97,8.7,89.4,30.46,22.05,25.46,1.62
1993,Bacoor City,14.46,120.94,11,16.46,4.07,0.95,8.86,90.81,29.13,21.85,25.27,1.67
1993,Bacoor City,14.46,120.94,12,14.12,5.22,0.97,19.07,90.02,28.52,20.17,24.2,2.18
1993,Carmona,14.31,121.05,1,14.83,3.87,0.76,3.25,82.82,30.56,18.34,23.64,1.76
1993,Carmona,14.31,121.05,2,17.54,3.25,0.71,1.8,79.86,32.2,19.08,24.67,1.78
1993,Carmona,14.31,121.05,3,19.34,2.1,0.64,0.96,72.93,35.45,19.3,26.15,1.81
1993,Carmona,14.31,121.05,4,22.27,1.53,0.6,1.59,70.9,35.54,19.45,28.15,1.53
1993,Carmona,14.31,121.05,5,23.46,1.55,0.59,1.29,70.05,37.11,22.79,28.95,1.35
1993,Carmona,14.31,121.05,6,20.27,2.16,0.62,4.53,75.86,35.83,23.84,28.79,1.01
1993,Carmona,14.31,121.05,7,19.1,3.34,0.76,5.76,85.36,32.96,23.52,27.0,1.18
1993,Carmona,14.31,121.05,8,16.97,3.47,0.84,7.88,87.51,33.27,23.09,26.17,1.29
1993,Carmona,14.31,121.05,9,15.42,3.41,0.92,6.32,88.84,32.3,22.42,25.86,1.09
1993,Carmona,14.31,121.05,10,13.77,4.52,0.97,8.7,89.4,30.46,22.05,25.46,1.62
1993,Carmona,14.31,121.05,11,13.04,4.07,0.95,8.86,90.81,29.13,21.85,25.27,1.67
1993,Carmona,14.31,121.05,12,10.7,5.22,0.97,19.07,90.02,28.52,20.17,24.2,2.18
1993,Cavite City,14.48,120.9,1,18.42,1.49,0.62,0.45,74.33,31.15,20.25,26.87,4.71
1993,Cavite City,14.48,120.9,2,21.06,0.53,0.59,0.21,70.82,32.91,21.25,28.3,4.46
1993,Cavite City,14.48,120.9,3,22.47,0.19,0.59,0.17,66.4,34.43,22.55,29.74,4.55
1993,Cavite City,14.48,120.9,4,24.08,0.59,0.59,0.79,64.36,35.45,24.13,31.81,3.41
1993,Cavite City,14.48,120.9,5,24.36,1.32,0.6,1.28,66.6,35.42,25.31,31.81,3.2
1993,Cavite City,14.48,120.9,6,20.87,2.21,0.69,6.87,77.62,33.52,25.64,30.04,2.72
1993,Cavite City,14.48,120.9,7,18.04,3.26,0.88,10.15,84.56,31.44,25.53,28.39,3.36
1993,Cavite City,14.48,120.9,8,16.24,3.52,0.97,16.21,86.32,30.1,24.99,27.57,3.98
1993,Cavite City,14.48,120.9,9,15.75,3.08,0.99,7.57,87.37,30.77,24.57,27.44,3.2
1993,Cavite City,14.48,120.9,10,16.89,3.82,0.96,4.79,85.58,29.73,23.43,27.13,4.31
1993,Cavite City,14.48,120.9,11,16.46,3.08,0.9,4.05,86.41,29.66,23.67,27.07,4.53
1993,Cavite City,14.48,120.9,12,14.12,3.41,0.86,4.57,85.33,29.42,21.47,26.05,5.74
1993,Dasmarinas City,14.33,120.93,1,18.42,1.49,0.62,0.45,74.33,31.15,20.25,26.87,4.71
1993,Dasmarinas City,14.33,120.93,2,21.06,0.53,0.59,0.21,70.82,32.91,21.25,28.3,4.46
1993,Dasmarinas City,14.33,120.93,3,22.47,0.19,0.59,0.17,66.4,34.43,22.55,29.74,4.55
1993,Dasmarinas City,14.33,120.93,4,24.08,0.59,0.59,0.79,64.36,35.45,24.13,31.81,3.41
1993,Dasmarinas City,14.33,120.93,5,24.36,1.32,0.6,1.28,66.6,35.42,25.31,31.81,3.2
1993,Dasmarinas City,14.33,120.93,6,20.87,2.21,0.69,6.87,77.62,33.52,25.64,30.04,2.72
1993,Dasmarinas City,14.33,120.93,7,18.04,3.26,0.88,10.15,84.56,31.44,25.53,28.39,3.36
1993,Dasmarinas City,14.33,120.93,8,16.24,3.52,0.97,16.21,86.32,30.1,24.99,27.57,3.98
1993,Dasmarinas City,14.33,120.93,9,15.75,3.08,0.99,7.57,87.37,30.77,24.57,27.44,3.2
1993,Dasmarinas City,14.33,120.93,10,16.89,3.82,0.96,4.79,85.58,29.73,23.43,27.13,4.31
1993,Dasmarinas City,14.33,120.93,11,16.46,3.08,0.9,4.05,86.41,29.66,23.67,27.07,4.53
1993,Dasmarinas City,14.33,120.93,12,14.12,3.41,0.86,4.57,85.33,29.42,21.47,26.05,5.74
1993,General Emilio Aguinaldo,14.18,120.79,1,18.42,2.52,0.55,1.03,79.36,29.54,20.98,25.55,4.52
1993,General Emilio Aguinaldo,14.18,120.79,2,21.06,1.43,0.48,0.25,76.04,31.75,21.58,26.27,4.1
1993,General Emilio Aguinaldo,14.18,120.79,3,22.47,0.71,0.45,0.36,70.26,33.76,22.79,27.61,4.02
1993,General Emilio Aguinaldo,14.18,120.79,4,24.08,0.74,0.44,0.84,67.62,34.53,23.57,29.41,2.98
1993,General Emilio Aguinaldo,14.18,120.79,5,24.36,1.48,0.46,1.88,69.49,35.51,25.59,29.96,2.71
1993,General Emilio Aguinaldo,14.18,120.79,6,20.87,2.43,0.53,4.96,77.0,33.15,26.33,29.63,2.39
1993,General Emilio Aguinaldo,14.18,120.79,7,18.04,3.63,0.68,8.28,84.77,31.28,25.59,28.1,2.97
1993,General Emilio Aguinaldo,14.18,120.79,8,16.24,3.57,0.89,11.36,86.99,29.98,25.06,27.53,3.75
1993,General Emilio Aguinaldo,14.18,120.79,9,15.75,3.41,0.94,5.37,87.42,30.47,24.9,27.39,3.0
1993,General Emilio Aguinaldo,14.18,120.79,10,16.89,4.55,0.92,4.44,86.22,29.39,24.13,26.98,4.07
1993,General Emilio Aguinaldo,14.18,120.79,11,16.46,3.86,0.85,4.35,87.14,29.35,24.3,27.04,4.33
1993,General Emilio Aguinaldo,14.18,120.79,12,14.12,4.71,0.87,8.54,87.52,28.96,22.52,25.84,5.32
1993,General Mariano Alvarez,14.3,121.0,1,14.83,3.87,0.76,3.25,82.82,30.56,18.34,23.64,1.76
1993,General Mariano Alvarez,14.3,121.0,2,17.54,3.25,0.71,1.8,79.86,32.2,19.08,24.67,1.78
1993,General Mariano Alvarez,14.3,121.0,3,19.34,2.1,0.64,0.96,72.93,35.45,19.3,26.15,1.81
1993,General Mariano Alvarez,14.3,121.0,4,22.27,1.53,0.6,1.59,70.9,35.54,19.45,28.15,1.53
1993,General Mariano Alvarez,14.3,121.0,5,23.46,1.55,0.59,1.29,70.05,37.11,22.79,28.95,1.35
1993,General Mariano Alvarez,14.3,121.0,6,20.27,2.16,0.62,4.53,75.86,35.83,23.84,28.79,1.01
1993,General Mariano Alvarez,14.3,121.0,7,19.1,3.34,0.76,5.76,85.36,32.96,23.52,27.0,1.18
1993,General Mariano Alvarez,14.3,121.0,8,16.97,3.47,0.84,7.88,87.51,33.27,23.09,26.17,1.29
1993,General Mariano Alvarez,14.3,121.0,9,15.42,3.41,0.92,6.32,88.84,32.3,22.42,25.86,1.09
1993,General Mariano Alvarez,14.3,121.0,10,13.77,4.52,0.97,8.7,89.4,30.46,22.05,25.46,1.62
1993,General Mariano Alvarez,14.3,121.0,11,13.04,4.07,0.95,8.86,90.81,29.13,21.85,25.27,1.67
1993,General Mariano Alvarez,14.3,121.0,12,10.7,5.22,0.97,19.07,90.02,28.52,20.17,24.2,2.18
1993,General Trias,14.38,120.88,1,18.42,1.49,0.62,0.45,74.33,31.15,20.25,26.87,4.71
1993,General Trias,14.38,120.88,2,21.06,0.53,0.59,0.21,70.82,32.91,21.25,28.3,4.46
1993,General Trias,14.38,120.88,3,22.47,0.19,0.59,0.17,66.4,34.43,22.55,29.74,4.55
1993,General Trias,14.38,120.88,4,24.08,0.59,0.59,0.79,64.36,35.45,24.13,31.81,3.41
1993,General Trias,14.38,120.88,5,24.36,1.32,0.6,1.28,66.6,35.42,25.31,31.81,3.2
1993,General Trias,14.38,120.88,6,20.87,2.21,0.69,6.87,77.62,33.52,25.64,30.04,2.72
1993,General Trias,14.38,120.88,7,18.04,3.26,0.88,10.15,84.56,31.44,25.53,28.39,3.36
1993,General Trias,14.38,120.88,8,16.24,3.52,0.97,16.21,86.32,30.1,24.99,27.57,3.98
1993,General Trias,14.38,120.88,9,15.75,3.08,0.99,7.57,87.37,30.77,24.57,27.44,3.2
1993,General Trias,14.38,120.88,10,16.89,3.82,0.96,4.79,85.58,29.73,23.43,27.13,4.31
1993,General Trias,14.38,120.88,11,16.46,3.08,0.9,4.05,86.41,29.66,23.67,27.07,4.53
1993,General Trias,14.38,120.88,12,14.12,3.41,0.86,4.57,85.33,29.42,21.47,26.05,5.74
1993,Imus City,14.43,120.93,1,18.42,1.49,0.62,0.45,74.33,31.15,20.25,26.87,4.71
1993,Imus City,14.43,120.93,2,21.06,0.53,0.59,0.21,70.82,32.91,21.25,28.3,4.46
1993,Imus City,14.43,120.93,3,22.47,0.19,0.59,0.17,66.4,34.43,22.55,29.74,4.55
1993,Imus City,14.43,120.93,4,24.08,0.59,0.59,0.79,64.36,35.45,24.13,31.81,3.41
1993,Imus City,14.43,120.93,5,24.36,1.32,0.6,1.28,66.6,35.42,25.31,31.81,3.2
1993,Imus City,14.43,120.93,6,20.87,2.21,0.69,6.87,77.62,33.52,25.64,30.04,2.72
1993,Imus City,14.43,120.93,7,18.04,3.26,0.88,10.15,84.56,31.44,25.53,28.39,3.36
1993,Imus City,14.43,120.93,8,16.24,3.52,0.97,16.21,86.32,30.1,24.99,27.57,3.98
1993,Imus City,14.43,120.93,9,15.75,3.08,0.99,7.57,87.37,30.77,24.57,27.44,3.2
1993,Imus City,14.43,120.93,10,16.89,3.82,0.96,4.79,85.58,29.73,23.43,27.13,4.31
1993,Imus City,14.43,120.93,11,16.46,3.08,0.9,4.05,86.41,29.66,23.67,27.07,4.53
1993,Imus City,14.43,120.93,12,14.12,3.41,0.86,4.57,85.33,29.42,21.47,26.05,5.74
1993,Indang,14.19,120.87,1,18.42,2.52,0.55,1.03,79.36,29.54,20.98,25.55,4.52
1993,Indang,14.19,120.87,2,21.06,1.43,0.48,0.25,76.04,31.75,21.58,26.27,4.1
1993,Indang,14.19,120.87,3,22.47,0.71,0.45,0.36,70.26,33.76,22.79,27.61,4.02
1993,Indang,14.19,120.87,4,24.08,0.74,0.44,0.84,67.62,34.53,23.57,29.41,2.98
1993,Indang,14.19,120.87,5,24.36,1.48,0.46,1.88,69.49,35.51,25.59,29.96,2.71
1993,Indang,14.19,120.87,6,20.87,2.43,0.53,4.96,77.0,33.15,26.33,29.63,2.39
1993,Indang,14.19,120.87,7,18.04,3.63,0.68,8.28,84.77,31.28,25.59,28.1,2.97
1993,Indang,14.19,120.87,8,16.24,3.57,0.89,11.36,86.99,29.98,25.06,27.53,3.75
1993,Indang,14.19,120.87,9,15.75,3.41,0.94,5.37,87.42,30.47,24.9,27.39,3.0
1993,Indang,14.19,120.87,10,16.89,4.55,0.92,4.44,86.22,29.39,24.13,26.98,4.07
1993,Indang,14.19,120.87,11,16.46,3.86,0.85,4.35,87.14,29.35,24.3,27.04,4.33
1993,Indang,14.19,120.87,12,14.12,4.71,0.87,8.54,87.52,28.96,22.52,25.84,5.32
1993,Kawit,14.44,120.9,1,18.42,1.49,0.62,0.45,74.33,31.15,20.25,26.87,4.71
1993,Kawit,14.44,120.9,2,21.06,0.53,0.59,0.21,70.82,32.91,21.25,28.3,4.46
1993,Kawit,14.44,120.9,3,22.47,0.19,0.59,0.17,66.4,34.43,22.55,29.74,4.55
1993,Kawit,14.44,120.9,4,24.08,0.59,0.59,0.79,64.36,35.45,24.13,31.81,3.41
1993,Kawit,14.44,120.9,5,24.36,1.32,0.6,1.28,66.6,35.42,25.31,31.81,3.2
1993,Kawit,14.44,120.9,6,20.87,2.21,0.69,6.87,77.62,33.52,25.64,30.04,2.72
1993,Kawit,14.44,120.9,7,18.04,3.26,0.88,10.15,84.56,31.44,25.53,28.39,3.36
1993,Kawit,14.44,120.9,8,16.24,3.52,0.97,16.21,86.32,30.1,24.99,27.57,3.98
1993,Kawit,14.44,120.9,9,15.75,3.08,0.99,7.57,87.37,30.77,24.57,27.44,3.2
1993,Kawit,14.44,120.9,10,16.89,3.82,0.96,4.79,85.58,29.73,23.43,27.13,4.31
1993,Kawit,14.44,120.9,11,16.46,3.08,0.9,4.05,86.41,29.66,23.67,27.07,4.53
1993,Kawit,14.44,120.9,12,14.12,3.41,0.86,4.57,85.33,29.42,21.47,26.05,5.74
1993,Magallanes,14.19,120.73,1,18.42,2.52,0.55,1.03,79.36,29.54,20.98,25.55,4.52
1993,Magallanes,14.19,120.73,2,21.06,1.43,0.48,0.25,76.04,31.75,21.58,26.27,4.1
1993,Magallanes,14.19,120.73,3,22.47,0.71,0.45,0.36,70.26,33.76,22.79,27.61,4.02
1993,Magallanes,14.19,120.73,4,24.08,0.74,0.44,0.84,67.62,34.53,23.57,29.41,2.98
1993,Magallanes,14.19,120.73,5,24.36,1.48,0.46,1.88,69.49,35.51,25.59,29.96,2.71
1993,Magallanes,14.19,120.73,6,20.87,2.43,0.53,4.96,77.0,33.15,26.33,29.63,2.39
1993,Magallanes,14.19,120.73,7,18.04,3.63,0.68,8.28,84.77,31.28,25.59,28.1,2.97
1993,Magallanes,14.19,120.73,8,16.24,3.57,0.89,11.36,86.99,29.98,25.06,27.53,3.75
1993,Magallanes,14.19,120.73,9,15.75,3.41,0.94,5.37,87.42,30.47,24.9,27.39,3.0
1993,Magallanes,14.19,120.73,10,16.89,4.55,0.92,4.44,86.22,29.39,24.13,26.98,4.07
1993,Magallanes,14.19,120.73,11,16.46,3.86,0.85,4.35,87.14,29.35,24.3,27.04,4.33
1993,Magallanes,14.19,120.73,12,14.12,4.71,0.87,8.54,87.52,28.96,22.52,25.84,5.32
1993,Maragondon,14.27,120.73,1,18.42,1.49,0.62,0.45,74.33,31.15,20.25,26.87,4.71
1993,Maragondon,14.27,120.73,2,21.06,0.53,0.59,0.21,70.82,32.91,21.25,28.3,4.46
1993,Maragondon,14.27,120.73,3,22.47,0.19,0.59,0.17,66.4,34.43,22.55,29.74,4.55
1993,Maragondon,14.27,120.73,4,24.08,0.59,0.59,0.79,64.36,35.45,24.13,31.81,3.41
1993,Maragondon,14.27,120.73,5,24.36,1.32,0.6,1.28,66.6,35.42,25.31,31.81,3.2
1993,Maragondon,14.27,120.73,6,20.87,2.21,0.69,6.87,77.62,33.52,25.64,30.04,2.72
1993,Maragondon,14.27,120.73,7,18.04,3.26,0.88,10.15,84.56,31.44,25.53,28.39,3.36
1993,Maragondon,14.27,120.73,8,16.24,3.52,0.97,16.21,86.32,30.1,24.99,27.57,3.98
1993,Maragondon,14.27,120.73,9,15.75,3.08,0.99,7.57,87.37,30.77,24.57,27.44,3.2
1993,Maragondon,14.27,120.73,10,16.89,3.82,0.96,4.79,85.58,29.73,23.43,27.13,4.31
1993,Maragondon,14.27,120.73,11,16.46,3.08,0.9,4.05,86.41,29.66,23.67,27.07,4.53
1993,Maragondon,14.27,120.73,12,14.12,3.41,0.86,4.57,85.33,29.42,21.47,26.05,5.74
1993,Mendez,14.13,120.9,1,18.42,2.52,0.55,1.03,79.36,29.54,20.98,25.55,4.52
1993,Mendez,14.13,120.9,2,21.06,1.43,0.48,0.25,76.04,31.75,21.58,26.27,4.1
1993,Mendez,14.13,120.9,3,22.47,0.71,0.45,0.36,70.26,33.76,22.79,27.61,4.02
1993,Mendez,14.13,120.9,4,24.08,0.74,0.44,0.84,67.62,34.53,23.57,29.41,2.98
1993,Mendez,14.13,120.9,5,24.36,1.48,0.46,1.88,69.49,35.51,25.59,29.96,2.71
1993,Mendez,14.13,120.9,6,20.87,2.43,0.53,4.96,77.0,33.15,26.33,29.63,2.39
1993,Mendez,14.13,120.9,7,18.04,3.63,0.68,8.28,84.77,31.28,25.59,28.1,2.97
1993,Mendez,14.13,120.9,8,16.24,3.57,0.89,11.36,86.99,29.98,25.06,27.53,3.75
1993,Mendez,14.13,120.9,9,15.75,3.41,0.94,5.37,87.42,30.47,24.9,27.39,3.0
1993,Mendez,14.13,120.9,10,16.89,4.55,0.92,4.44,86.22,29.39,24.13,26.98,4.07
1993,Mendez,14.13,120.9,11,16.46,3.86,0.85,4.35,87.14,29.35,24.3,27.04,4.33
1993,Mendez,14.13,120.9,12,14.12,4.71,0.87,8.54,87.52,28.96,22.52,25.84,5.32
1993,Naic,14.32,120.77,1,18.42,1.49,0.62,0.45,74.33,31.15,20.25,26.87,4.71
1993,Naic,14.32,120.77,2,21.06,0.53,0.59,0.21,70.82,32.91,21.25,28.3,4.46
1993,Naic,14.32,120.77,3,22.47,0.19,0.59,0.17,66.4,34.43,22.55,29.74,4.55
1993,Naic,14.32,120.77,4,24.08,0.59,0.59,0.79,64.36,35.45,24.13,31.81,3.41
1993,Naic,14.32,120.77,5,24.36,1.32,0.6,1.28,66.6,35.42,25.31,31.81,3.2
1993,Naic,14.32,120.77,6,20.87,2.21,0.69,6.87,77.62,33.52,25.64,30.04,2.72
1993,Naic,14.32,120.77,7,18.04,3.26,0.88,10.15,84.56,31.44,25.53,28.39,3.36
1993,Naic,14.32,120.77,8,16.24,3.52,0.97,16.21,86.32,30.1,24.99,27.57,3.98
1993,Naic,14.32,120.77,9,15.75,3.08,0.99,7.57,87.37,30.77,24.57,27.44,3.2
1993,Naic,14.32,120.77,10,16.89,3.82,0.96,4.79,85.58,29.73,23.43,27.13,4.31
1993,Naic,14.32,120.77,11,16.46,3.08,0.9,4.05,86.41,29.66,23.67,27.07,4.53
1993,Naic,14.32,120.77,12,14.12,3.41,0.86,4.57,85.33,29.42,21.47,26.05,5.74
1993,Noveleta,14.43,120.88,1,18.42,1.49,0.62,0.45,74.33,31.15,20.25,26.87,4.71
1993,Noveleta,14.43,120.88,2,21.06,0.53,0.59,0.21,70.82,32.91,21.25,28.3,4.46
1993,Noveleta,14.43,120.88,3,22.47,0.19,0.59,0.17,66.4,34.43,22.55,29.74,4.55
1993,Noveleta,14.43,120.88,4,24.08,0.59,0.59,0.79,64.36,35.45,24.13,31.81,3.41
1993,Noveleta,14.43,120.88,5,24.36,1.32,0.6,1.28,66.6,35.42,25.31,31.81,3.2
1993,Noveleta,14.43,120.88,6,20.87,2.21,0.69,6.87,77.62,33.52,25.64,30.04,2.72
1993,Noveleta,14.43,120.88,7,18.04,3.26,0.88,10.15,84.56,31.44,25.53,28.39,3.36
1993,Noveleta,14.43,120.88,8,16.24,3.52,0.97,16.21,86.32,30.1,24.99,27.57,3.98
1993,Noveleta,14.43,120.88,9,15.75,3.08,0.99,7.57,87.37,30.77,24.57,27.44,3.2
1993,Noveleta,14.43,120.88,10,16.89,3.82,0.96,4.79,85.58,29.73,23.43,27.13,4.31
1993,Noveleta,14.43,120.88,11,16.46,3.08,0.9,4.05,86.41,29.66,23.67,27.07,4.53
1993,Noveleta,14.43,120.88,12,14.12,3.41,0.86,4.57,85.33,29.42,21.47,26.05,5.74
1993,Rosario,14.41,120.85,1,18.42,1.49,0.62,0.45,74.33,31.15,20.25,26.87,4.71
1993,Rosario,14.41,120.85,2,21.06,0.53,0.59,0.21,70.82,32.91,21.25,28.3,4.46
1993,Rosario,14.41,120.85,3,22.47,0.19,0.59,0.17,66.4,34.43,22.55,29.74,4.55
1993,Rosario,14.41,120.85,4,24.08,0.59,0.59,0.79,64.36,35.45,24.13,31.81,3.41
1993,Rosario,14.41,120.85,5,24.36,1.32,0.6,1.28,66.6,35.42,25.31,31.81,3.2
1993,Rosario,14.41,120.85,6,20.87,2.21,0.69,6.87,77.62,33.52,25.64,30.04,2.72
1993,Rosario,14.41,120.85,7,18.04,3.26,0.88,10.15,84.56,31.44,25.53,28.39,3.36
1993,Rosario,14.41,120.85,8,16.24,3.52,0.97,16.21,86.32,30.1,24.99,27.57,3.98
1993,Rosario,14.41,120.85,9,15.75,3.08,0.99,7.57,87.37,30.77,24.57,27.44,3.2
1993,Rosario,14.41,120.85,10,16.89,3.82,0.96,4.79,85.58,29.73,23.43,27.13,4.31
1993,Rosario,14.41,120.85,11,16.46,3.08,0.9,4.05,86.41,29.66,23.67,27.07,4.53
1993,Rosario,14.41,120.85,12,14.12,3.41,0.86,4.57,85.33,29.42,21.47,26.05,5.74
1993,Silang,14.23,120.97,1,18.42,4.4,0.79,4.11,86.2,29.73,18.64,23.47,1.68
1993,Silang,14.23,120.97,2,21.06,3.91,0.72,1.46,82.5,31.33,19.26,24.41,1.7
1993,Silang,14.23,120.97,3,22.47,2.81,0.62,1.1,75.09,34.73,19.46,25.97,1.73
1993,Silang,14.23,120.97,4,24.08,1.52,0.56,1.05,70.55,35.37,19.38,28.19,1.51
1993,Silang,14.23,120.97,5,24.36,1.46,0.55,1.38,69.42,37.0,22.81,29.19,1.33
1993,Silang,14.23,120.97,6,20.87,2.09,0.59,4.45,75.51,35.98,24.39,28.95,1.03
1993,Silang,14.23,120.97,7,18.04,3.3,0.73,6.08,86.05,32.71,23.42,27.01,1.13
1993,Silang,14.23,120.97,8,16.24,3.34,0.84,7.59,88.09,32.49,23.02,26.31,1.3
1993,Silang,14.23,120.97,9,15.75,3.25,0.9,5.69,88.6,32.69,22.73,26.12,1.07
1993,Silang,14.23,120.97,10,16.89,4.32,0.95,9.22,90.03,30.0,22.05,25.61,1.61
1993,Silang,14.23,120.97,11,16.46,3.7,0.95,10.08,91.86,29.63,22.5,25.46,1.61
1993,Silang,14.23,120.97,12,14.12,4.76,0.98,21.97,91.31,28.5,20.49,24.44,2.09
1993,Tagaytay City,14.11,120.96,1,18.42,4.4,0.79,4.11,86.2,29.73,18.64,23.47,1.68
1993,Tagaytay City,14.11,120.96,2,21.06,3.91,0.72,1.46,82.5,31.33,19.26,24.41,1.7
1993,Tagaytay City,14.11,120.96,3,22.47,2.81,0.62,1.1,75.09,34.73,19.46,25.97,1.73
1993,Tagaytay City,14.11,120.96,4,24.08,1.52,0.56,1.05,70.55,35.37,19.38,28.19,1.51
1993,Tagaytay City,14.11,120.96,5,24.36,1.46,0.55,1.38,69.42,37.0,22.81,29.19,1.33
1993,Tagaytay City,14.11,120.96,6,20.87,2.09,0.59,4.45,75.51,35.98,24.39,28.95,1.03
1993,Tagaytay City,14.11,120.96,7,18.04,3.3,0.73,6.08,86.05,32.71,23.42,27.01,1.13
1993,Tagaytay City,14.11,120.96,8,16.24,3.34,0.84,7.59,88.09,32.49,23.02,26.31,1.3
1993,Tagaytay City,14.11,120.96,9,15.75,3.25,0.9,5.69,88.6,32.69,22.73,26.12,1.07
1993,Tagaytay City,14.11,120.96,10,16.89,4.32,0.95,9.22,90.03,30.0,22.05,25.61,1.61
1993,Tagaytay City,14.11,120.96,11,16.46,3.7,0.95,10.08,91.86,29.63,22.5,25.46,1.61
1993,Tagaytay City,14.11,120.96,12,14.12,4.76,0.98,21.97,91.31,28.5,20.49,24.44,2.09
1993,Tanza,14.36,120.85,1,18.42,1.49,0.62,0.45,74.33,31.15,20.25,26.87,4.71
1993,Tanza,14.36,120.85,2,21.06,0.53,0.59,0.21,70.82,32.91,21.25,28.3,4.46
1993,Tanza,14.36,120.85,3,22.47,0.19,0.59,0.17,66.4,34.43,22.55,29.74,4.55
1993,Tanza,14.36,120.85,4,24.08,0.59,0.59,0.79,64.36,35.45,24.13,31.81,3.41
1993,Tanza,14.36,120.85,5,24.36,1.32,0.6,1.28,66.6,35.42,25.31,31.81,3.2
1993,Tanza,14.36,120.85,6,20.87,2.21,0.69,6.87,77.62,33.52,25.64,30.04,2.72
1993,Tanza,14.36,120.85,7,18.04,3.26,0.88,10.15,84.56,31.44,25.53,28.39,3.36
1993,Tanza,14.36,120.85,8,16.24,3.52,0.97,16.21,86.32,30.1,24.99,27.57,3.98
1993,Tanza,14.36,120.85,9,15.75,3.08,0.99,7.57,87.37,30.77,24.57,27.44,3.2
1993,Tanza,14.36,120.85,10,16.89,3.82,0.96,4.79,85.58,29.73,23.43,27.13,4.31
1993,Tanza,14.36,120.85,11,16.46,3.08,0.9,4.05,86.41,29.66,23.67,27.07,4.53
1993,Tanza,14.36,120.85,12,14.12,3.41,0.86,4.57,85.33,29.42,21.47,26.05,5.74
1993,Ternate,14.28,120.7,1,18.42,1.49,0.62,0.45,74.33,31.15,20.25,26.87,4.71
1993,Ternate,14.28,120.7,2,21.06,0.53,0.59,0.21,70.82,32.91,21.25,28.3,4.46
1993,Ternate,14.28,120.7,3,22.47,0.19,0.59,0.17,66.4,34.43,22.55,29.74,4.55
1993,Ternate,14.28,120.7,4,24.08,0.59,0.59,0.79,64.36,35.45,24.13,31.81,3.41
1993,Ternate,14.28,120.7,5,24.36,1.32,0.6,1.28,66.6,35.42,25.31,31.81,3.2
1993,Ternate,14.28,120.7,6,20.87,2.21,0.69,6.87,77.62,33.52,25.64,30.04,2.72
1993,Ternate,14.28,120.7,7,18.04,3.26,0.88,10.15,84.56,31.44,25.53,28.39,3.36
1993,Ternate,14.28,120.7,8,16.24,3.52,0.97,16.21,86.32,30.1,24.99,27.57,3.98
1993,Ternate,14.28,120.7,9,15.75,3.08,0.99,7.57,87.37,30.77,24.57,27.44,3.2
1993,Ternate,14.28,120.7,10,16.89,3.82,0.96,4.79,85.58,29.73,23.43,27.13,4.31
1993,Ternate,14.28,120.7,11,16.46,3.08,0.9,4.05,86.41,29.66,23.67,27.07,4.53
1993,Ternate,14.28,120.7,12,14.12,3.41,0.86,4.57,85.33,29.42,21.47,26.05,5.74
1993,Trece Martires City,14.28,120.86,1,18.42,1.49,0.62,0.45,74.33,31.15,20.25,26.87,4.71
1993,Trece Martires City,14.28,120.86,2,21.06,0.53,0.59,0.21,70.82,32.91,21.25,28.3,4.46
1993,Trece Martires City,14.28,120.86,3,22.47,0.19,0.59,0.17,66.4,34.43,22.55,29.74,4.55
1993,Trece Martires City,14.28,120.86,4,24.08,0.59,0.59,0.79,64.36,35.45,24.13,31.81,3.41
1993,Trece Martires City,14.28,120.86,5,24.36,1.32,0.6,1.28,66.6,35.42,25.31,31.81,3.2
1993,Trece Martires City,14.28,120.86,6,20.87,2.21,0.69,6.87,77.62,33.52,25.64,30.04,2.72
1993,Trece Martires City,14.28,120.86,7,18.04,3.26,0.88,10.15,84.56,31.44,25.53,28.39,3.36
1993,Trece Martires City,14.28,120.86,8,16.24,3.52,0.97,16.21,86.32,30.1,24.99,27.57,3.98
1993,Trece Martires City,14.28,120.86,9,15.75,3.08,0.99,7.57,87.37,30.77,24.57,27.44,3.2
1993,Trece Martires City,14.28,120.86,10,16.89,3.82,0.96,4.79,85.58,29.73,23.43,27.13,4.31
1993,Trece Martires City,14.28,120.86,11,16.46,3.08,0.9,4.05,86.41,29.66,23.67,27.07,4.53
1993,Trece Martires City,14.28,120.86,12,14.12,3.41,0.86,4.57,85.33,29.42,21.47,26.05,5.74
1994,Alfonso,14.14,120.85,1,17.31,4.51,0.77,1.35,85.11,28.95,22.09,25.62,4.09
1994,Alfonso,14.14,120.85,2,20.13,3.45,0.61,0.81,80.51,29.99,22.61,26.31,4.05
1994,Alfonso,14.14,120.85,3,21.72,2.05,0.5,0.34,76.69,31.83,23.2,27.5,4.64
1994,Alfonso,14.14,120.85,4,23.41,1.93,0.48,2.11,73.62,34.89,23.91,28.98,3.03
1994,Alfonso,14.14,120.85,5,21.92,1.81,0.48,2.26,75.5,33.49,26.56,29.94,2.18
1994,Alfonso,14.14,120.85,6,19.63,2.93,0.58,7.1,82.0,31.66,25.69,28.81,2.75
1994,Alfonso,14.14,120.85,7,12.53,3.92,0.8,12.41,88.92,29.34,24.79,27.28,4.73
1994,Alfonso,14.14,120.85,8,18.8,4.12,0.91,5.41,86.47,29.11,25.22,27.36,3.3
1994,Alfonso,14.14,120.85,9,16.86,3.6,0.89,5.83,86.8,29.37,24.74,27.44,3.1
1994,Alfonso,14.14,120.85,10,19.07,5.0,0.86,3.9,82.78,30.0,24.01,27.31,3.35
1994,Alfonso,14.14,120.85,11,19.06,4.89,0.68,0.91,82.65,29.61,23.5,26.5,4.86
1994,Alfonso,14.14,120.85,12,16.68,2.89,0.56,2.79,80.22,29.86,22.58,26.37,5.11
1994,Amadeo,14.17,120.92,1,17.31,4.51,0.77,1.35,85.11,28.95,22.09,25.62,4.09
1994,Amadeo,14.17,120.92,2,20.13,3.45,0.61,0.81,80.51,29.99,22.61,26.31,4.05
1994,Amadeo,14.17,120.92,3,21.72,2.05,0.5,0.34,76.69,31.83,23.2,27.5,4.64
1994,Amadeo,14.17,120.92,4,23.41,1.93,0.48,2.11,73.62,34.89,23.91,28.98,3.03
1994,Amadeo,14.17,120.92,5,21.92,1.81,0.48,2.26,75.5,33.49,26.56,29.94,2.18
1994,Amadeo,14.17,120.92,6,19.63,2.93,0.58,7.1,82.0,31.66,25.69,28.81,2.75
1994,Amadeo,14.17,120.92,7,12.53,3.92,0.8,12.41,88.92,29.34,24.79,27.28,4.73
1994,Amadeo,14.17,120.92,8,18.8,4.12,0.91,5.41,86.47,29.11,25.22,27.36,3.3
1994,Amadeo,14.17,120.92,9,16.86,3.6,0.89,5.83,86.8,29.37,24.74,27.44,3.1
1994,Amadeo,14.17,120.92,10,19.07,5.0,0.86,3.9,82.78,30.0,24.01,27.31,3.35
1994,Amadeo,14.17,120.92,11,19.06,4.89,0.68,0.91,82.65,29.61,23.5,26.5,4.86
1994,Amadeo,14.17,120.92,12,16.68,2.89,0.56,2.79,80.22,29.86,22.58,26.37,5.11
1994,Bacoor City,14.46,120.94,1,17.31,4.62,0.93,6.26,88.34,29.86,19.31,23.89,1.6
1994,Bacoor City,14.46,120.94,2,20.13,4.55,0.83,2.13,83.68,31.96,19.36,24.61,1.64
1994,Bacoor City,14.46,120.94,3,21.72,3.72,0.71,2.07,80.04,31.87,20.43,25.89,1.9
1994,Bacoor City,14.46,120.94,4,23.41,3.23,0.68,3.51,76.81,34.53,20.7,27.86,1.41
1994,Bacoor City,14.46,120.94,5,21.92,2.82,0.68,3.28,77.99,35.49,24.23,28.58,0.97
1994,Bacoor City,14.46,120.94,6,19.63,3.4,0.74,8.15,83.54,32.81,23.4,27.39,1.1
1994,Bacoor City,14.46,120.94,7,12.53,3.81,0.88,6.65,90.29,30.61,23.18,25.78,1.82
1994,Bacoor City,14.46,120.94,8,18.8,3.9,0.86,4.05,85.98,32.69,22.78,26.34,1.23
1994,Bacoor City,14.46,120.94,9,16.86,3.63,0.88,6.88,87.43,31.46,22.79,26.18,1.12
1994,Bacoor City,14.46,120.94,10,19.07,4.61,0.9,6.57,85.75,30.57,21.26,25.73,1.35
1994,Bacoor City,14.46,120.94,11,19.06,4.79,0.82,3.65,85.24,29.65,20.73,24.8,1.87
1994,Bacoor City,14.46,120.94,12,16.68,4.02,0.78,7.18,84.33,30.13,19.77,24.2,1.99
1994,Carmona,14.31,121.05,1,13.45,4.62,0.93,6.26,88.34,29.86,19.31,23.89,1.6
1994,Carmona,14.31,121.05,2,16.69,4.55,0.83,2.13,83.68,31.96,19.36,24.61,1.64
1994,Carmona,14.31,121.05,3,18.16,3.72,0.71,2.07,80.04,31.87,20.43,25.89,1.9
1994,Carmona,14.31,121.05,4,21.75,3.23,0.68,3.51,76.81,34.53,20.7,27.86,1.41
1994,Carmona,14.31,121.05,5,20.1,2.82,0.68,3.28,77.99,35.49,24.23,28.58,0.97
1994,Carmona,14.31,121.05,6,18.99,3.4,0.74,8.15,83.54,32.81,23.4,27.39,1.1
1994,Carmona,14.31,121.05,7,13.43,3.81,0.88,6.65,90.29,30.61,23.18,25.78,1.82
1994,Carmona,14.31,121.05,8,18.56,3.9,0.86,4.05,85.98,32.69,22.78,26.34,1.23
1994,Carmona,14.31,121.05,9,16.84,3.63,0.88,6.88,87.43,31.46,22.79,26.18,1.12
1994,Carmona,14.31,121.05,10,17.1,4.61,0.9,6.57,85.75,30.57,21.26,25.73,1.35
1994,Carmona,14.31,121.05,11,15.7,4.79,0.82,3.65,85.24,29.65,20.73,24.8,1.87
1994,Carmona,14.31,121.05,12,13.36,4.02,0.78,7.18,84.33,30.13,19.77,24.2,1.99
1994,Cavite City,14.48,120.9,1,17.31,3.05,0.78,1.2,82.66,29.41,21.07,26.31,4.25
1994,Cavite City,14.48,120.9,2,20.13,2.52,0.66,0.47,76.92,30.78,22.17,27.64,4.37
1994,Cavite City,14.48,120.9,3,21.72,0.77,0.6,0.36,71.69,32.56,22.9,29.54,5.13
1994,Cavite City,14.48,120.9,4,23.41,1.34,0.6,1.47,70.43,35.92,23.75,30.94,3.51
1994,Cavite City,14.48,120.9,5,21.92,2.0,0.63,2.87,75.81,33.31,26.66,30.78,2.59
1994,Cavite City,14.48,120.9,6,19.63,2.81,0.79,9.64,82.5,32.18,25.4,29.05,3.01
1994,Cavite City,14.48,120.9,7,12.53,3.68,0.96,18.07,88.34,29.66,25.04,27.23,5.49
1994,Cavite City,14.48,120.9,8,18.8,3.9,0.96,9.2,86.18,30.32,24.97,27.55,3.7
1994,Cavite City,14.48,120.9,9,16.86,3.35,0.97,6.33,86.0,29.18,24.52,27.73,3.18
1994,Cavite City,14.48,120.9,10,19.07,4.17,0.91,3.08,81.6,30.31,23.32,27.71,3.57
1994,Cavite City,14.48,120.9,11,19.06,3.36,0.75,0.58,79.63,30.86,22.83,27.16,5.03
1994,Cavite City,14.48,120.9,12,16.68,2.17,0.66,1.84,77.95,30.84,22.05,26.99,5.33
1994,Dasmarinas City,14.33,120.93,1,17.31,3.05,0.78,1.2,82.66,29.41,21.07,26.31,4.25
1994,Dasmarinas City,14.33,120.93,2,20.13,2.52,0.66,0.47,76.92,30.78,22.17,27.64,4.37
1994,Dasmarinas City,14.33,120.93,3,21.72,0.77,0.6,0.36,71.69,32.56,22.9,29.54,5.13
1994,Dasmarinas City,14.33,120.93,4,23.41,1.34,0.6,1.47,70.43,35.92,23.75,30.94,3.51
1994,Dasmarinas City,14.33,120.93,5,21.92,2.0,0.63,2.87,75.81,33.31,26.66,30.78,2.59
1994,Dasmarinas City,14.33,120.93,6,19.63,2.81,0.79,9.64,82.5,32.18,25.4,29.05,3.01
1994,Dasmarinas City,14.33,120.93,7,12.53,3.68,0.96,18.07,88.34,29.66,25.04,27.23,5.49
1994,Dasmarinas City,14.33,120.93,8,18.8,3.9,0.96,9.2,86.18,30.32,24.97,27.55,3.7
1994,Dasmarinas City,14.33,120.93,9,16.86,3.35,0.97,6.33,86.0,29.18,24.52,27.73,3.18
1994,Dasmarinas City,14.33,120.93,10,19.07,4.17,0.91,3.08,81.6,30.31,23.32,27.71,3.57
1994,Dasmarinas City,14.33,120.93,11,19.06,3.36,0.75,0.58,79.63,30.86,22.83,27.16,5.03
1994,Dasmarinas City,14.33,120.93,12,16.68,2.17,0.66,1.84,77.95,30.84,22.05,26.99,5.33
1994,General Emilio Aguinaldo,14.18,120.79,1,17.31,4.51,0.77,1.35,85.11,28.95,22.09,25.62,4.09
1994,General Emilio Aguinaldo,14.18,120.79,2,20.13,3.45,0.61,0.81,80.51,29.99,22.61,26.31,4.05
1994,General Emilio Aguinaldo,14.18,120.79,3,21.72,2.05,0.5,0.34,76.69,31.83,23.2,27.5,4.64
1994,General Emilio Aguinaldo,14.18,120.79,4,23.41,1.93,0.48,2.11,73.62,34.89,23.91,28.98,3.03
1994,General Emilio Aguinaldo,14.18,120.79,5,21.92,1.81,0.48,2.26,75.5,33.49,26.56,29.94,2.18
1994,General Emilio Aguinaldo,14.18,120.79,6,19.63,2.93,0.58,7.1,82.0,31.66,25.69,28.81,2.75
1994,General Emilio Aguinaldo,14.18,120.79,7,12.53,3.92,0.8,12.41,88.92,29.34,24.79,27.28,4.73
1994,General Emilio Aguinaldo,14.18,120.79,8,18.8,4.12,0.91,5.41,86.47,29.11,25.22,27.36,3.3
1994,General Emilio Aguinaldo,14.18,120.79,9,16.86,3.6,0.89,5.83,86.8,29.37,24.74,27.44,3.1
1994,General Emilio Aguinaldo,14.18,120.79,10,19.07,5.0,0.86,3.9,82.78,30.0,24.01,27.31,3.35
1994,General Emilio Aguinaldo,14.18,120.79,11,19.06,4.89,0.68,0.91,82.65,29.61,23.5,26.5,4.86
1994,General Emilio Aguinaldo,14.18,120.79,12,16.68,2.89,0.56,2.79,80.22,29.86,22.58,26.37,5.11
1994,General Mariano Alvarez,14.3,121.0,1,13.45,4.62,0.93,6.26,88.34,29.86,19.31,23.89,1.6
1994,General Mariano Alvarez,14.3,121.0,2,16.69,4.55,0.83,2.13,83.68,31.96,19.36,24.61,1.64
1994,General Mariano Alvarez,14.3,121.0,3,18.16,3.72,0.71,2.07,80.04,31.87,20.43,25.89,1.9
1994,General Mariano Alvarez,14.3,121.0,4,21.75,3.23,0.68,3.51,76.81,34.53,20.7,27.86,1.41
1994,General Mariano Alvarez,14.3,121.0,5,20.1,2.82,0.68,3.28,77.99,35.49,24.23,28.58,0.97
1994,General Mariano Alvarez,14.3,121.0,6,18.99,3.4,0.74,8.15,83.54,32.81,23.4,27.39,1.1
1994,General Mariano Alvarez,14.3,121.0,7,13.43,3.81,0.88,6.65,90.29,30.61,23.18,25.78,1.82
1994,General Mariano Alvarez,14.3,121.0,8,18.56,3.9,0.86,4.05,85.98,32.69,22.78,26.34,1.23
1994,General Mariano Alvarez,14.3,121.0,9,16.84,3.63,0.88,6.88,87.43,31.46,22.79,26.18,1.12
1994,General Mariano Alvarez,14.3,121.0,10,17.1,4.61,0.9,6.57,85.75,30.57,21.26,25.73,1.35
1994,General Mariano Alvarez,14.3,121.0,11,15.7,4.79,0.82,3.65,85.24,29.65,20.73,24.8,1.87
1994,General Mariano Alvarez,14.3,121.0,12,13.36,4.02,0.78,7.18,84.33,30.13,19.77,24.2,1.99
1994,General Trias,14.38,120.88,1,17.31,3.05,0.78,1.2,82.66,29.41,21.07,26.31,4.25
1994,General Trias,14.38,120.88,2,20.13,2.52,0.66,0.47,76.92,30.78,22.17,27.64,4.37
1994,General Trias,14.38,120.88,3,21.72,0.77,0.6,0.36,71.69,32.56,22.9,29.54,5.13
1994,General Trias,14.38,120.88,4,23.41,1.34,0.6,1.47,70.43,35.92,23.75,30.94,3.51
1994,General Trias,14.38,120.88,5,21.92,2.0,0.63,2.87,75.81,33.31,26.66,30.78,2.59
1994,General Trias,14.38,120.88,6,19.63,2.81,0.79,9.64,82.5,32.18,25.4,29.05,3.01
1994,General Trias,14.38,120.88,7,12.53,3.68,0.96,18.07,88.34,29.66,25.04,27.23,5.49
1994,General Trias,14.38,120.88,8,18.8,3.9,0.96,9.2,86.18,30.32,24.97,27.55,3.7
1994,General Trias,14.38,120.88,9,16.86,3.35,0.97,6.33,86.0,29.18,24.52,27.73,3.18
1994,General Trias,14.38,120.88,10,19.07,4.17,0.91,3.08,81.6,30.31,23.32,27.71,3.57
1994,General Trias,14.38,120.88,11,19.06,3.36,0.75,0.58,79.63,30.86,22.83,27.16,5.03
1994,General Trias,14.38,120.88,12,16.68,2.17,0.66,1.84,77.95,30.84,22.05,26.99,5.33
1994,Imus City,14.43,120.93,1,17.31,3.05,0.78,1.2,82.66,29.41,21.07,26.31,4.25
1994,Imus City,14.43,120.93,2,20.13,2.52,0.66,0.47,76.92,30.78,22.17,27.64,4.37
1994,Imus City,14.43,120.93,3,21.72,0.77,0.6,0.36,71.69,32.56,22.9,29.54,5.13
1994,Imus City,14.43,120.93,4,23.41,1.34,0.6,1.47,70.43,35.92,23.75,30.94,3.51
1994,Imus City,14.43,120.93,5,21.92,2.0,0.63,2.87,75.81,33.31,26.66,30.78,2.59
1994,Imus City,14.43,120.93,6,19.63,2.81,0.79,9.64,82.5,32.18,25.4,29.05,3.01
1994,Imus City,14.43,120.93,7,12.53,3.68,0.96,18.07,88.34,29.66,25.04,27.23,5.49
1994,Imus City,14.43,120.93,8,18.8,3.9,0.96,9.2,86.18,30.32,24.97,27.55,3.7
1994,Imus City,14.43,120.93,9,16.86,3.35,0.97,6.33,86.0,29.18,24.52,27.73,3.18
1994,Imus City,14.43,120.93,10,19.07,4.17,0.91,3.08,81.6,30.31,23.32,27.71,3.57
1994,Imus City,14.43,120.93,11,19.06,3.36,0.75,0.58,79.63,30.86,22.83,27.16,5.03
1994,Imus City,14.43,120.93,12,16.68,2.17,0.66,1.84,77.95,30.84,22.05,26.99,5.33
1994,Indang,14.19,120.87,1,17.31,4.51,0.77,1.35,85.11,28.95,22.09,25.62,4.09
1994,Indang,14.19,120.87,2,20.13,3.45,0.61,0.81,80.51,29.99,22.61,26.31,4.05
1994,Indang,14.19,120.87,3,21.72,2.05,0.5,0.34,76.69,31.83,23.2,27.5,4.64
1994,Indang,14.19,120.87,4,23.41,1.93,0.48,2.11,73.62,34.89,23.91,28.98,3.03
1994,Indang,14.19,120.87,5,21.92,1.81,0.48,2.26,75.5,33.49,26.56,29.94,2.18
1994,Indang,14.19,120.87,6,19.63,2.93,0.58,7.1,82.0,31.66,25.69,28.81,2.75
1994,Indang,14.19,120.87,7,12.53,3.92,0.8,12.41,88.92,29.34,24.79,27.28,4.73
1994,Indang,14.19,120.87,8,18.8,4.12,0.91,5.41,86.47,29.11,25.22,27.36,3.3
1994,Indang,14.19,120.87,9,16.86,3.6,0.89,5.83,86.8,29.37,24.74,27.44,3.1
1994,Indang,14.19,120.87,10,19.07,5.0,0.86,3.9,82.78,30.0,24.01,27.31,3.35
1994,Indang,14.19,120.87,11,19.06,4.89,0.68,0.91,82.65,29.61,23.5,26.5,4.86
1994,Indang,14.19,120.87,12,16.68,2.89,0.56,2.79,80.22,29.86,22.58,26.37,5.11
1994,Kawit,14.44,120.9,1,17.31,3.05,0.78,1.2,82.66,29.41,21.07,26.31,4.25
1994,Kawit,14.44,120.9,2,20.13,2.52,0.66,0.47,76.92,30.78,22.17,27.64,4.37
1994,Kawit,14.44,120.9,3,21.72,0.77,0.6,0.36,71.69,32.56,22.9,29.54,5.13
1994,Kawit,14.44,120.9,4,23.41,1.34,0.6,1.47,70.43,35.92,23.75,30.94,3.51
1994,Kawit,14.44,120.9,5,21.92,2.0,0.63,2.87,75.81,33.31,26.66,30.78,2.59
1994,Kawit,14.44,120.9,6,19.63,2.81,0.79,9.64,82.5,32.18,25.4,29.05,3.01
1994,Kawit,14.44,120.9,7,12.53,3.68,0.96,18.07,88.34,29.66,25.04,27.23,5.49
1994,Kawit,14.44,120.9,8,18.8,3.9,0.96,9.2,86.18,30.32,24.97,27.55,3.7
1994,Kawit,14.44,120.9,9,16.86,3.35,0.97,6.33,86.0,29.18,24.52,27.73,3.18
1994,Kawit,14.44,120.9,10,19.07,4.17,0.91,3.08,81.6,30.31,23.32,27.71,3.57
1994,Kawit,14.44,120.9,11,19.06,3.36,0.75,0.58,79.63,30.86,22.83,27.16,5.03
1994,Kawit,14.44,120.9,12,16.68,2.17,0.66,1.84,77.95,30.84,22.05,26.99,5.33
1994,Magallanes,14.19,120.73,1,17.31,4.51,0.77,1.35,85.11,28.95,22.09,25.62,4.09
1994,Magallanes,14.19,120.73,2,20.13,3.45,0.61,0.81,80.51,29.99,22.61,26.31,4.05
1994,Magallanes,14.19,120.73,3,21.72,2.05,0.5,0.34,76.69,31.83,23.2,27.5,4.64
1994,Magallanes,14.19,120.73,4,23.41,1.93,0.48,2.11,73.62,34.89,23.91,28.98,3.03
1994,Magallanes,14.19,120.73,5,21.92,1.81,0.48,2.26,75.5,33.49,26.56,29.94,2.18
1994,Magallanes,14.19,120.73,6,19.63,2.93,0.58,7.1,82.0,31.66,25.69,28.81,2.75
1994,Magallanes,14.19,120.73,7,12.53,3.92,0.8,12.41,88.92,29.34,24.79,27.28,4.73
1994,Magallanes,14.19,120.73,8,18.8,4.12,0.91,5.41,86.47,29.11,25.22,27.36,3.3
1994,Magallanes,14.19,120.73,9,16.86,3.6,0.89,5.83,86.8,29.37,24.74,27.44,3.1
1994,Magallanes,14.19,120.73,10,19.07,5.0,0.86,3.9,82.78,30.0,24.01,27.31,3.35
1994,Magallanes,14.19,120.73,11,19.06,4.89,0.68,0.91,82.65,29.61,23.5,26.5,4.86
1994,Magallanes,14.19,120.73,12,16.68,2.89,0.56,2.79,80.22,29.86,22.58,26.37,5.11
1994,Maragondon,14.27,120.73,1,17.31,3.05,0.78,1.2,82.66,29.41,21.07,26.31,4.25
1994,Maragondon,14.27,120.73,2,20.13,2.52,0.66,0.47,76.92,30.78,22.17,27.64,4.37
1994,Maragondon,14.27,120.73,3,21.72,0.77,0.6,0.36,71.69,32.56,22.9,29.54,5.13
1994,Maragondon,14.27,120.73,4,23.41,1.34,0.6,1.47,70.43,35.92,23.75,30.94,3.51
1994,Maragondon,14.27,120.73,5,21.92,2.0,0.63,2.87,75.81,33.31,26.66,30.78,2.59
1994,Maragondon,14.27,120.73,6,19.63,2.81,0.79,9.64,82.5,32.18,25.4,29.05,3.01
1994,Maragondon,14.27,120.73,7,12.53,3.68,0.96,18.07,88.34,29.66,25.04,27.23,5.49
1994,Maragondon,14.27,120.73,8,18.8,3.9,0.96,9.2,86.18,30.32,24.97,27.55,3.7
1994,Maragondon,14.27,120.73,9,16.86,3.35,0.97,6.33,86.0,29.18,24.52,27.73,3.18
1994,Maragondon,14.27,120.73,10,19.07,4.17,0.91,3.08,81.6,30.31,23.32,27.71,3.57
1994,Maragondon,14.27,120.73,11,19.06,3.36,0.75,0.58,79.63,30.86,22.83,27.16,5.03
1994,Maragondon,14.27,120.73,12,16.68,2.17,0.66,1.84,77.95,30.84,22.05,26.99,5.33
1994,Mendez,14.13,120.9,1,17.31,4.51,0.77,1.35,85.11,28.95,22.09,25.62,4.09
1994,Mendez,14.13,120.9,2,20.13,3.45,0.61,0.81,80.51,29.99,22.61,26.31,4.05
1994,Mendez,14.13,120.9,3,21.72,2.05,0.5,0.34,76.69,31.83,23.2,27.5,4.64
1994,Mendez,14.13,120.9,4,23.41,1.93,0.48,2.11,73.62,34.89,23.91,28.98,3.03
1994,Mendez,14.13,120.9,5,21.92,1.81,0.48,2.26,75.5,33.49,26.56,29.94,2.18
1994,Mendez,14.13,120.9,6,19.63,2.93,0.58,7.1,82.0,31.66,25.69,28.81,2.75
1994,Mendez,14.13,120.9,7,12.53,3.92,0.8,12.41,88.92,29.34,24.79,27.28,4.73
1994,Mendez,14.13,120.9,8,18.8,4.12,0.91,5.41,86.47,29.11,25.22,27.36,3.3
1994,Mendez,14.13,120.9,9,16.86,3.6,0.89,5.83,86.8,29.37,24.74,27.44,3.1
1994,Mendez,14.13,120.9,10,19.07,5.0,0.86,3.9,82.78,30.0,24.01,27.31,3.35
1994,Mendez,14.13,120.9,11,19.06,4.89,0.68,0.91,82.65,29.61,23.5,26.5,4.86
1994,Mendez,14.13,120.9,12,16.68,2.89,0.56,2.79,80.22,29.86,22.58,26.37,5.11
1994,Naic,14.32,120.77,1,17.31,3.05,0.78,1.2,82.66,29.41,21.07,26.31,4.25
1994,Naic,14.32,120.77,2,20.13,2.52,0.66,0.47,76.92,30.78,22.17,27.64,4.37
1994,Naic,14.32,120.77,3,21.72,0.77,0.6,0.36,71.69,32.56,22.9,29.54,5.13
1994,Naic,14.32,120.77,4,23.41,1.34,0.6,1.47,70.43,35.92,23.75,30.94,3.51
1994,Naic,14.32,120.77,5,21.92,2.0,0.63,2.87,75.81,33.31,26.66,30.78,2.59
1994,Naic,14.32,120.77,6,19.63,2.81,0.79,9.64,82.5,32.18,25.4,29.05,3.01
1994,Naic,14.32,120.77,7,12.53,3.68,0.96,18.07,88.34,29.66,25.04,27.23,5.49
1994,Naic,14.32,120.77,8,18.8,3.9,0.96,9.2,86.18,30.32,24.97,27.55,3.7
1994,Naic,14.32,120.77,9,16.86,3.35,0.97,6.33,86.0,29.18,24.52,27.73,3.18
1994,Naic,14.32,120.77,10,19.07,4.17,0.91,3.08,81.6,30.31,23.32,27.71,3.57
1994,Naic,14.32,120.77,11,19.06,3.36,0.75,0.58,79.63,30.86,22.83,27.16,5.03
1994,Naic,14.32,120.77,12,16.68,2.17,0.66,1.84,77.95,30.84,22.05,26.99,5.33
1994,Noveleta,14.43,120.88,1,17.31,3.05,0.78,1.2,82.66,29.41,21.07,26.31,4.25
1994,Noveleta,14.43,120.88,2,20.13,2.52,0.66,0.47,76.92,30.78,22.17,27.64,4.37
1994,Noveleta,14.43,120.88,3,21.72,0.77,0.6,0.36,71.69,32.56,22.9,29.54,5.13
1994,Noveleta,14.43,120.88,4,23.41,1.34,0.6,1.47,70.43,35.92,23.75,30.94,3.51
1994,Noveleta,14.43,120.88,5,21.92,2.0,0.63,2.87,75.81,33.31,26.66,30.78,2.59
1994,Noveleta,14.43,120.88,6,19.63,2.81,0.79,9.64,82.5,32.18,25.4,29.05,3.01
1994,Noveleta,14.43,120.88,7,12.53,3.68,0.96,18.07,88.34,29.66,25.04,27.23,5.49
1994,Noveleta,14.43,120.88,8,18.8,3.9,0.96,9.2,86.18,30.32,24.97,27.55,3.7
1994,Noveleta,14.43,120.88,9,16.86,3.35,0.97,6.33,86.0,29.18,24.52,27.73,3.18
1994,Noveleta,14.43,120.88,10,19.07,4.17,0.91,3.08,81.6,30.31,23.32,27.71,3.57
1994,Noveleta,14.43,120.88,11,19.06,3.36,0.75,0.58,79.63,30.86,22.83,27.16,5.03
1994,Noveleta,14.43,120.88,12,16.68,2.17,0.66,1.84,77.95,30.84,22.05,26.99,5.33
1994,Rosario,14.41,120.85,1,17.31,3.05,0.78,1.2,82.66,29.41,21.07,26.31,4.25
1994,Rosario,14.41,120.85,2,20.13,2.52,0.66,0.47,76.92,30.78,22.17,27.64,4.37
1994,Rosario,14.41,120.85,3,21.72,0.77,0.6,0.36,71.69,32.56,22.9,29.54,5.13
1994,Rosario,14.41,120.85,4,23.41,1.34,0.6,1.47,70.43,35.92,23.75,30.94,3.51
1994,Rosario,14.41,120.85,5,21.92,2.0,0.63,2.87,75.81,33.31,26.66,30.78,2.59
1994,Rosario,14.41,120.85,6,19.63,2.81,0.79,9.64,82.5,32.18,25.4,29.05,3.01
1994,Rosario,14.41,120.85,7,12.53,3.68,0.96,18.07,88.34,29.66,25.04,27.23,5.49
1994,Rosario,14.41,120.85,8,18.8,3.9,0.96,9.2,86.18,30.32,24.97,27.55,3.7
1994,Rosario,14.41,120.85,9,16.86,3.35,0.97,6.33,86.0,29.18,24.52,27.73,3.18
1994,Rosario,14.41,120.85,10,19.07,4.17,0.91,3.08,81.6,30.31,23.32,27.71,3.57
1994,Rosario,14.41,120.85,11,19.06,3.36,0.75,0.58,79.63,30.86,22.83,27.16,5.03
1994,Rosario,14.41,120.85,12,16.68,2.17,0.66,1.84,77.95,30.84,22.05,26.99,5.33
1994,Silang,14.23,120.97,1,17.31,4.49,0.95,5.55,89.23,29.58,19.26,24.01,1.56
1994,Silang,14.23,120.97,2,20.13,4.88,0.85,2.05,85.61,31.39,19.52,24.46,1.58
1994,Silang,14.23,120.97,3,21.72,4.41,0.7,1.7,82.28,31.88,20.41,25.74,1.8
1994,Silang,14.23,120.97,4,23.41,3.47,0.65,4.3,77.7,34.41,20.42,27.79,1.36
1994,Silang,14.23,120.97,5,21.92,2.6,0.64,2.78,78.17,36.04,24.54,28.64,0.96
1994,Silang,14.23,120.97,6,19.63,3.32,0.7,7.81,83.62,33.06,23.52,27.54,1.09
1994,Silang,14.23,120.97,7,12.53,3.64,0.84,6.8,90.02,29.76,23.06,26.03,1.76
1994,Silang,14.23,120.97,8,18.8,3.88,0.84,3.16,85.8,32.59,23.06,26.49,1.2
1994,Silang,14.23,120.97,9,16.86,3.43,0.85,6.97,88.03,31.17,23.1,26.19,1.16
1994,Silang,14.23,120.97,10,19.07,4.46,0.9,6.72,86.81,31.3,21.34,25.8,1.29
1994,Silang,14.23,120.97,11,19.06,5.04,0.84,4.28,87.14,29.4,20.51,24.86,1.8
1994,Silang,14.23,120.97,12,16.68,4.33,0.79,7.81,86.55,29.32,19.65,24.25,1.92
1994,Tagaytay City,14.11,120.96,1,17.31,4.49,0.95,5.55,89.23,29.58,19.26,24.01,1.56
1994,Tagaytay City,14.11,120.96,2,20.13,4.88,0.85,2.05,85.61,31.39,19.52,24.46,1.58
1994,Tagaytay City,14.11,120.96,3,21.72,4.41,0.7,1.7,82.28,31.88,20.41,25.74,1.8
1994,Tagaytay City,14.11,120.96,4,23.41,3.47,0.65,4.3,77.7,34.41,20.42,27.79,1.36
1994,Tagaytay City,14.11,120.96,5,21.92,2.6,0.64,2.78,78.17,36.04,24.54,28.64,0.96
1994,Tagaytay City,14.11,120.96,6,19.63,3.32,0.7,7.81,83.62,33.06,23.52,27.54,1.09
1994,Tagaytay City,14.11,120.96,7,12.53,3.64,0.84,6.8,90.02,29.76,23.06,26.03,1.76
1994,Tagaytay City,14.11,120.96,8,18.8,3.88,0.84,3.16,85.8,32.59,23.06,26.49,1.2
1994,Tagaytay City,14.11,120.96,9,16.86,3.43,0.85,6.97,88.03,31.17,23.1,26.19,1.16
1994,Tagaytay City,14.11,120.96,10,19.07,4.46,0.9,6.72,86.81,31.3,21.34,25.8,1.29
1994,Tagaytay City,14.11,120.96,11,19.06,5.04,0.84,4.28,87.14,29.4,20.51,24.86,1.8
1994,Tagaytay City,14.11,120.96,12,16.68,4.33,0.79,7.81,86.55,29.32,19.65,24.25,1.92
1994,Tanza,14.36,120.85,1,17.31,3.05,0.78,1.2,82.66,29.41,21.07,26.31,4.25
1994,Tanza,14.36,120.85,2,20.13,2.52,0.66,0.47,76.92,30.78,22.17,27.64,4.37
1994,Tanza,14.36,120.85,3,21.72,0.77,0.6,0.36,71.69,32.56,22.9,29.54,5.13
1994,Tanza,14.36,120.85,4,23.41,1.34,0.6,1.47,70.43,35.92,23.75,30.94,3.51
1994,Tanza,14.36,120.85,5,21.92,2.0,0.63,2.87,75.81,33.31,26.66,30.78,2.59
1994,Tanza,14.36,120.85,6,19.63,2.81,0.79,9.64,82.5,32.18,25.4,29.05,3.01
1994,Tanza,14.36,120.85,7,12.53,3.68,0.96,18.07,88.34,29.66,25.04,27.23,5.49
1994,Tanza,14.36,120.85,8,18.8,3.9,0.96,9.2,86.18,30.32,24.97,27.55,3.7
1994,Tanza,14.36,120.85,9,16.86,3.35,0.97,6.33,86.0,29.18,24.52,27.73,3.18
1994,Tanza,14.36,120.85,10,19.07,4.17,0.91,3.08,81.6,30.31,23.32,27.71,3.57
1994,Tanza,14.36,120.85,11,19.06,3.36,0.75,0.58,79.63,30.86,22.83,27.16,5.03
1994,Tanza,14.36,120.85,12,16.68,2.17,0.66,1.84,77.95,30.84,22.05,26.99,5.33
1994,Ternate,14.28,120.7,1,17.31,3.05,0.78,1.2,82.66,29.41,21.07,26.31,4.25
1994,Ternate,14.28,120.7,2,20.13,2.52,0.66,0.47,76.92,30.78,22.17,27.64,4.37
1994,Ternate,14.28,120.7,3,21.72,0.77,0.6,0.36,71.69,32.56,22.9,29.54,5.13
1994,Ternate,14.28,120.7,4,23.41,1.34,0.6,1.47,70.43,35.92,23.75,30.94,3.51
1994,Ternate,14.28,120.7,5,21.92,2.0,0.63,2.87,75.81,33.31,26.66,30.78,2.59
1994,Ternate,14.28,120.7,6,19.63,2.81,0.79,9.64,82.5,32.18,25.4,29.05,3.01
1994,Ternate,14.28,120.7,7,12.53,3.68,0.96,18.07,88.34,29.66,25.04,27.23,5.49
1994,Ternate,14.28,120.7,8,18.8,3.9,0.96,9.2,86.18,30.32,24.97,27.55,3.7
1994,Ternate,14.28,120.7,9,16.86,3.35,0.97,6.33,86.0,29.18,24.52,27.73,3.18
1994,Ternate,14.28,120.7,10,19.07,4.17,0.91,3.08,81.6,30.31,23.32,27.71,3.57
1994,Ternate,14.28,120.7,11,19.06,3.36,0.75,0.58,79.63,30.86,22.83,27.16,5.03
1994,Ternate,14.28,120.7,12,16.68,2.17,0.66,1.84,77.95,30.84,22.05,26.99,5.33
1994,Trece Martires City,14.28,120.86,1,17.31,3.05,0.78,1.2,82.66,29.41,21.07,26.31,4.25
1994,Trece Martires City,14.28,120.86,2,20.13,2.52,0.66,0.47,76.92,30.78,22.17,27.64,4.37
1994,Trece Martires City,14.28,120.86,3,21.72,0.77,0.6,0.36,71.69,32.56,22.9,29.54,5.13
1994,Trece Martires City,14.28,120.86,4,23.41,1.34,0.6,1.47,70.43,35.92,23.75,30.94,3.51
1994,Trece Martires City,14.28,120.86,5,21.92,2.0,0.63,2.87,75.81,33.31,26.66,30.78,2.59
1994,Trece Martires City,14.28,120.86,6,19.63,2.81,0.79,9.64,82.5,32.18,25.4,29.05,3.01
1994,Trece Martires City,14.28,120.86,7,12.53,3.68,0.96,18.07,88.34,29.66,25.04,27.23,5.49
1994,Trece Martires City,14.28,120.86,8,18.8,3.9,0.96,9.2,86.18,30.32,24.97,27.55,3.7
1994,Trece Martires City,14.28,120.86,9,16.86,3.35,0.97,6.33,86.0,29.18,24.52,27.73,3.18
1994,Trece Martires City,14.28,120.86,10,19.07,4.17,0.91,3.08,81.6,30.31,23.32,27.71,3.57
1994,Trece Martires City,14.28,120.86,11,19.06,3.36,0.75,0.58,79.63,30.86,22.83,27.16,5.03
1994,Trece Martires City,14.28,120.86,12,16.68,2.17,0.66,1.84,77.95,30.84,22.05,26.99,5.33
1995,Alfonso,14.14,120.85,1,17.24,2.23,0.52,0.5,79.18,29.88,21.77,25.94,4.84
1995,Alfonso,14.14,120.85,2,20.14,1.27,0.47,0.81,76.02,31.53,21.52,26.48,4.22
1995,Alfonso,14.14,120.85,3,22.69,0.43,0.45,0.12,70.54,33.92,22.56,27.92,4.07
1995,Alfonso,14.14,120.85,4,25.05,0.23,0.44,0.15,66.57,34.5,24.62,29.63,3.89
1995,Alfonso,14.14,120.85,5,21.19,1.44,0.47,3.28,75.57,34.54,25.51,29.23,2.65
1995,Alfonso,14.14,120.85,6,21.11,3.23,0.58,4.68,79.49,33.04,26.25,29.36,2.65
1995,Alfonso,14.14,120.85,7,17.95,3.0,0.64,5.33,83.12,31.65,25.48,28.62,2.92
1995,Alfonso,14.14,120.85,8,16.67,3.42,0.75,9.81,86.04,30.67,25.84,28.07,2.96
1995,Alfonso,14.14,120.85,9,14.69,3.6,0.96,12.89,87.56,29.9,25.6,27.87,3.43
1995,Alfonso,14.14,120.85,10,16.83,4.37,0.96,6.98,85.11,30.34,25.11,27.78,3.21
1995,Alfonso,14.14,120.85,11,15.28,4.07,0.93,4.63,87.23,29.73,24.7,27.29,4.04
1995,Alfonso,14.14,120.85,12,13.83,4.11,0.86,4.87,87.18,28.32,21.83,25.94,5.4
1995,Amadeo,14.17,120.92,1,17.24,2.23,0.52,0.5,79.18,29.88,21.77,25.94,4.84
1995,Amadeo,14.17,120.92,2,20.14,1.27,0.47,0.81,76.02,31.53,21.52,26.48,4.22
1995,Amadeo,14.17,120.92,3,22.69,0.43,0.45,0.12,70.54,33.92,22.56,27.92,4.07
1995,Amadeo,14.17,120.92,4,25.05,0.23,0.44,0.15,66.57,34.5,24.62,29.63,3.89
1995,Amadeo,14.17,120.92,5,21.19,1.44,0.47,3.28,75.57,34.54,25.51,29.23,2.65
1995,Amadeo,14.17,120.92,6,21.11,3.23,0.58,4.68,79.49,33.04,26.25,29.36,2.65
1995,Amadeo,14.17,120.92,7,17.95,3.0,0.64,5.33,83.12,31.65,25.48,28.62,2.92
1995,Amadeo,14.17,120.92,8,16.67,3.42,0.75,9.81,86.04,30.67,25.84,28.07,2.96
1995,Amadeo,14.17,120.92,9,14.69,3.6,0.96,12.89,87.56,29.9,25.6,27.87,3.43
1995,Amadeo,14.17,120.92,10,16.83,4.37,0.96,6.98,85.11,30.34,25.11,27.78,3.21
1995,Amadeo,14.17,120.92,11,15.28,4.07,0.93,4.63,87.23,29.73,24.7,27.29,4.04
1995,Amadeo,14.17,120.92,12,13.83,4.11,0.86,4.87,87.18,28.32,21.83,25.94,5.4
1995,Bacoor City,14.46,120.94,1,17.24,4.11,0.79,3.69,84.14,29.39,18.78,23.86,1.92
1995,Bacoor City,14.46,120.94,2,20.14,4.07,0.8,5.19,82.94,31.49,19.05,24.3,1.71
1995,Bacoor City,14.46,120.94,3,22.69,2.81,0.68,1.06,76.9,33.34,19.56,25.68,1.74
1995,Bacoor City,14.46,120.94,4,25.05,1.7,0.61,1.0,71.76,34.6,21.23,27.95,1.79
1995,Bacoor City,14.46,120.94,5,21.19,2.46,0.65,4.99,78.45,36.48,22.89,27.8,1.15
1995,Bacoor City,14.46,120.94,6,21.11,3.84,0.78,7.27,82.93,34.18,23.93,27.82,1.11
1995,Bacoor City,14.46,120.94,7,17.95,3.64,0.86,7.3,86.28,33.92,23.22,26.6,1.07
1995,Bacoor City,14.46,120.94,8,16.67,3.53,0.93,8.43,89.37,31.19,23.39,26.56,1.12
1995,Bacoor City,14.46,120.94,9,14.69,3.72,0.99,13.83,90.17,30.89,23.28,26.38,1.29
1995,Bacoor City,14.46,120.94,10,16.83,4.39,0.98,10.66,89.14,30.83,22.92,26.22,1.31
1995,Bacoor City,14.46,120.94,11,15.28,4.23,0.97,9.65,90.75,29.72,22.38,25.62,1.58
1995,Bacoor City,14.46,120.94,12,13.83,4.59,0.98,18.64,91.13,26.95,18.59,23.43,2.1
1995,Carmona,14.31,121.05,1,13.94,4.11,0.79,3.69,84.14,29.39,18.78,23.86,1.92
1995,Carmona,14.31,121.05,2,17.95,4.07,0.8,5.19,82.94,31.49,19.05,24.3,1.71
1995,Carmona,14.31,121.05,3,20.65,2.81,0.68,1.06,76.9,33.34,19.56,25.68,1.74
1995,Carmona,14.31,121.05,4,23.33,1.7,0.61,1.0,71.76,34.6,21.23,27.95,1.79
1995,Carmona,14.31,121.05,5,20.17,2.46,0.65,4.99,78.45,36.48,22.89,27.8,1.15
1995,Carmona,14.31,121.05,6,20.86,3.84,0.78,7.27,82.93,34.18,23.93,27.82,1.11
1995,Carmona,14.31,121.05,7,17.48,3.64,0.86,7.3,86.28,33.92,23.22,26.6,1.07
1995,Carmona,14.31,121.05,8,16.91,3.53,0.93,8.43,89.37,31.19,23.39,26.56,1.12
1995,Carmona,14.31,121.05,9,14.02,3.72,0.99,13.83,90.17,30.89,23.28,26.38,1.29
1995,Carmona,14.31,121.05,10,14.96,4.39,0.98,10.66,89.14,30.83,22.92,26.22,1.31
1995,Carmona,14.31,121.05,11,13.69,4.23,0.97,9.65,90.75,29.72,22.38,25.62,1.58
1995,Carmona,14.31,121.05,12,10.09,4.59,0.98,18.64,91.13,26.95,18.59,23.43,2.1
1995,Cavite City,14.48,120.9,1,17.24,1.42,0.62,0.44,76.1,30.54,21.06,27.11,5.18
1995,Cavite City,14.48,120.9,2,20.14,0.99,0.61,0.87,73.72,32.02,21.11,28.05,4.52
1995,Cavite City,14.48,120.9,3,22.69,0.26,0.59,0.14,68.17,34.64,21.95,29.87,4.5
1995,Cavite City,14.48,120.9,4,25.05,0.14,0.58,0.15,64.77,34.85,24.79,31.96,4.43
1995,Cavite City,14.48,120.9,5,21.19,1.34,0.64,4.18,75.31,34.57,25.25,30.33,3.11
1995,Cavite City,14.48,120.9,6,21.11,3.43,0.81,6.09,80.54,33.19,26.02,29.63,3.05
1995,Cavite City,14.48,120.9,7,17.95,2.77,0.89,7.03,83.81,31.18,25.25,28.53,3.28
1995,Cavite City,14.48,120.9,8,16.67,3.12,0.96,15.15,86.46,30.25,25.48,27.98,3.16
1995,Cavite City,14.48,120.9,9,14.69,3.17,0.99,14.91,87.46,29.65,25.1,27.82,3.69
1995,Cavite City,14.48,120.9,10,16.83,3.72,0.97,6.05,84.87,30.41,24.6,28.01,3.37
1995,Cavite City,14.48,120.9,11,15.28,3.31,0.94,3.37,86.38,30.23,24.08,27.43,4.15
1995,Cavite City,14.48,120.9,12,13.83,2.84,0.87,3.68,86.08,28.38,20.85,25.89,5.7
1995,Dasmarinas City,14.33,120.93,1,17.24,1.42,0.62,0.44,76.1,30.54,21.06,27.11,5.18
1995,Dasmarinas City,14.33,120.93,2,20.14,0.99,0.61,0.87,73.72,32.02,21.11,28.05,4.52
1995,Dasmarinas City,14.33,120.93,3,22.69,0.26,0.59,0.14,68.17,34.64,21.95,29.87,4.5
1995,Dasmarinas City,14.33,120.93,4,25.05,0.14,0.58,0.15,64.77,34.85,24.79,31.96,4.43
1995,Dasmarinas City,14.33,120.93,5,21.19,1.34,0.64,4.18,75.31,34.57,25.25,30.33,3.11
1995,Dasmarinas City,14.33,120.93,6,21.11,3.43,0.81,6.09,80.54,33.19,26.02,29.63,3.05
1995,Dasmarinas City,14.33,120.93,7,17.95,2.77,0.89,7.03,83.81,31.18,25.25,28.53,3.28
1995,Dasmarinas City,14.33,120.93,8,16.67,3.12,0.96,15.15,86.46,30.25,25.48,27.98,3.16
1995,Dasmarinas City,14.33,120.93,9,14.69,3.17,0.99,14.91,87.46,29.65,25.1,27.82,3.69
1995,Dasmarinas City,14.33,120.93,10,16.83,3.72,0.97,6.05,84.87,30.41,24.6,28.01,3.37
1995,Dasmarinas City,14.33,120.93,11,15.28,3.31,0.94,3.37,86.38,30.23,24.08,27.43,4.15
1995,Dasmarinas City,14.33,120.93,12,13.83,2.84,0.87,3.68,86.08,28.38,20.85,25.89,5.7
1995,General Emilio Aguinaldo,14.18,120.79,1,17.24,2.23,0.52,0.5,79.18,29.88,21.77,25.94,4.84
1995,General Emilio Aguinaldo,14.18,120.79,2,20.14,1.27,0.47,0.81,76.02,31.53,21.52,26.48,4.22
1995,General Emilio Aguinaldo,14.18,120.79,3,22.69,0.43,0.45,0.12,70.54,33.92,22.56,27.92,4.07
1995,General Emilio Aguinaldo,14.18,120.79,4,25.05,0.23,0.44,0.15,66.57,34.5,24.62,29.63,3.89
1995,General Emilio Aguinaldo,14.18,120.79,5,21.19,1.44,0.47,3.28,75.57,34.54,25.51,29.23,2.65
1995,General Emilio Aguinaldo,14.18,120.79,6,21.11,3.23,0.58,4.68,79.49,33.04,26.25,29.36,2.65
1995,General Emilio Aguinaldo,14.18,120.79,7,17.95,3.0,0.64,5.33,83.12,31.65,25.48,28.62,2.92
1995,General Emilio Aguinaldo,14.18,120.79,8,16.67,3.42,0.75,9.81,86.04,30.67,25.84,28.07,2.96
1995,General Emilio Aguinaldo,14.18,120.79,9,14.69,3.6,0.96,12.89,87.56,29.9,25.6,27.87,3.43
1995,General Emilio Aguinaldo,14.18,120.79,10,16.83,4.37,0.96,6.98,85.11,30.34,25.11,27.78,3.21
1995,General Emilio Aguinaldo,14.18,120.79,11,15.28,4.07,0.93,4.63,87.23,29.73,24.7,27.29,4.04
1995,General Emilio Aguinaldo,14.18,120.79,12,13.83,4.11,0.86,4.87,87.18,28.32,21.83,25.94,5.4
1995,General Mariano Alvarez,14.3,121.0,1,13.94,4.11,0.79,3.69,84.14,29.39,18.78,23.86,1.92
1995,General Mariano Alvarez,14.3,121.0,2,17.95,4.07,0.8,5.19,82.94,31.49,19.05,24.3,1.71
1995,General Mariano Alvarez,14.3,121.0,3,20.65,2.81,0.68,1.06,76.9,33.34,19.56,25.68,1.74
1995,General Mariano Alvarez,14.3,121.0,4,23.33,1.7,0.61,1.0,71.76,34.6,21.23,27.95,1.79
1995,General Mariano Alvarez,14.3,121.0,5,20.17,2.46,0.65,4.99,78.45,36.48,22.89,27.8,1.15
1995,General Mariano Alvarez,14.3,121.0,6,20.86,3.84,0.78,7.27,82.93,34.18,23.93,27.82,1.11
1995,General Mariano Alvarez,14.3,121.0,7,17.48,3.64,0.86,7.3,86.28,33.92,23.22,26.6,1.07
1995,General Mariano Alvarez,14.3,121.0,8,16.91,3.53,0.93,8.43,89.37,31.19,23.39,26.56,1.12
1995,General Mariano Alvarez,14.3,121.0,9,14.02,3.72,0.99,13.83,90.17,30.89,23.28,26.38,1.29
1995,General Mariano Alvarez,14.3,121.0,10,14.96,4.39,0.98,10.66,89.14,30.83,22.92,26.22,1.31
1995,General Mariano Alvarez,14.3,121.0,11,13.69,4.23,0.97,9.65,90.75,29.72,22.38,25.62,1.58
1995,General Mariano Alvarez,14.3,121.0,12,10.09,4.59,0.98,18.64,91.13,26.95,18.59,23.43,2.1
1995,General Trias,14.38,120.88,1,17.24,1.42,0.62,0.44,76.1,30.54,21.06,27.11,5.18
1995,General Trias,14.38,120.88,2,20.14,0.99,0.61,0.87,73.72,32.02,21.11,28.05,4.52
1995,General Trias,14.38,120.88,3,22.69,0.26,0.59,0.14,68.17,34.64,21.95,29.87,4.5
1995,General Trias,14.38,120.88,4,25.05,0.14,0.58,0.15,64.77,34.85,24.79,31.96,4.43
1995,General Trias,14.38,120.88,5,21.19,1.34,0.64,4.18,75.31,34.57,25.25,30.33,3.11
1995,General Trias,14.38,120.88,6,21.11,3.43,0.81,6.09,80.54,33.19,26.02,29.63,3.05
1995,General Trias,14.38,120.88,7,17.95,2.77,0.89,7.03,83.81,31.18,25.25,28.53,3.28
1995,General Trias,14.38,120.88,8,16.67,3.12,0.96,15.15,86.46,30.25,25.48,27.98,3.16
1995,General Trias,14.38,120.88,9,14.69,3.17,0.99,14.91,87.46,29.65,25.1,27.82,3.69
1995,General Trias,14.38,120.88,10,16.83,3.72,0.97,6.05,84.87,30.41,24.6,28.01,3.37
1995,General Trias,14.38,120.88,11,15.28,3.31,0.94,3.37,86.38,30.23,24.08,27.43,4.15
1995,General Trias,14.38,120.88,12,13.83,2.84,0.87,3.68,86.08,28.38,20.85,25.89,5.7
1995,Imus City,14.43,120.93,1,17.24,1.42,0.62,0.44,76.1,30.54,21.06,27.11,5.18
1995,Imus City,14.43,120.93,2,20.14,0.99,0.61,0.87,73.72,32.02,21.11,28.05,4.52
1995,Imus City,14.43,120.93,3,22.69,0.26,0.59,0.14,68.17,34.64,21.95,29.87,4.5
1995,Imus City,14.43,120.93,4,25.05,0.14,0.58,0.15,64.77,34.85,24.79,31.96,4.43
1995,Imus City,14.43,120.93,5,21.19,1.34,0.64,4.18,75.31,34.57,25.25,30.33,3.11
1995,Imus City,14.43,120.93,6,21.11,3.43,0.81,6.09,80.54,33.19,26.02,29.63,3.05
1995,Imus City,14.43,120.93,7,17.95,2.77,0.89,7.03,83.81,31.18,25.25,28.53,3.28
1995,Imus City,14.43,120.93,8,16.67,3.12,0.96,15.15,86.46,30.25,25.48,27.98,3.16
1995,Imus City,14.43,120.93,9,14.69,3.17,0.99,14.91,87.46,29.65,25.1,27.82,3.69
1995,Imus City,14.43,120.93,10,16.83,3.72,0.97,6.05,84.87,30.41,24.6,28.01,3.37
1995,Imus City,14.43,120.93,11,15.28,3.31,0.94,3.37,86.38,30.23,24.08,27.43,4.15
1995,Imus City,14.43,120.93,12,13.83,2.84,0.87,3.68,86.08,28.38,20.85,25.89,5.7
1995,Indang,14.19,120.87,1,17.24,2.23,0.52,0.5,79.18,29.88,21.77,25.94,4.84
1995,Indang,14.19,120.87,2,20.14,1.27,0.47,0.81,76.02,31.53,21.52,26.48,4.22
1995,Indang,14.19,120.87,3,22.69,0.43,0.45,0.12,70.54,33.92,22.56,27.92,4.07
1995,Indang,14.19,120.87,4,25.05,0.23,0.44,0.15,66.57,34.5,24.62,29.63,3.89
1995,Indang,14.19,120.87,5,21.19,1.44,0.47,3.28,75.57,34.54,25.51,29.23,2.65
1995,Indang,14.19,120.87,6,21.11,3.23,0.58,4.68,79.49,33.04,26.25,29.36,2.65
1995,Indang,14.19,120.87,7,17.95,3.0,0.64,5.33,83.12,31.65,25.48,28.62,2.92
1995,Indang,14.19,120.87,8,16.67,3.42,0.75,9.81,86.04,30.67,25.84,28.07,2.96
1995,Indang,14.19,120.87,9,14.69,3.6,0.96,12.89,87.56,29.9,25.6,27.87,3.43
1995,Indang,14.19,120.87,10,16.83,4.37,0.96,6.98,85.11,30.34,25.11,27.78,3.21
1995,Indang,14.19,120.87,11,15.28,4.07,0.93,4.63,87.23,29.73,24.7,27.29,4.04
1995,Indang,14.19,120.87,12,13.83,4.11,0.86,4.87,87.18,28.32,21.83,25.94,5.4
1995,Kawit,14.44,120.9,1,17.24,1.42,0.62,0.44,76.1,30.54,21.06,27.11,5.18
1995,Kawit,14.44,120.9,2,20.14,0.99,0.61,0.87,73.72,32.02,21.11,28.05,4.52
1995,Kawit,14.44,120.9,3,22.69,0.26,0.59,0.14,68.17,34.64,21.95,29.87,4.5
1995,Kawit,14.44,120.9,4,25.05,0.14,0.58,0.15,64.77,34.85,24.79,31.96,4.43
1995,Kawit,14.44,120.9,5,21.19,1.34,0.64,4.18,75.31,34.57,25.25,30.33,3.11
1995,Kawit,14.44,120.9,6,21.11,3.43,0.81,6.09,80.54,33.19,26.02,29.63,3.05
1995,Kawit,14.44,120.9,7,17.95,2.77,0.89,7.03,83.81,31.18,25.25,28.53,3.28
1995,Kawit,14.44,120.9,8,16.67,3.12,0.96,15.15,86.46,30.25,25.48,27.98,3.16
1995,Kawit,14.44,120.9,9,14.69,3.17,0.99,14.91,87.46,29.65,25.1,27.82,3.69
1995,Kawit,14.44,120.9,10,16.83,3.72,0.97,6.05,84.87,30.41,24.6,28.01,3.37
1995,Kawit,14.44,120.9,11,15.28,3.31,0.94,3.37,86.38,30.23,24.08,27.43,4.15
1995,Kawit,14.44,120.9,12,13.83,2.84,0.87,3.68,86.08,28.38,20.85,25.89,5.7
1995,Magallanes,14.19,120.73,1,17.24,2.23,0.52,0.5,79.18,29.88,21.77,25.94,4.84
1995,Magallanes,14.19,120.73,2,20.14,1.27,0.47,0.81,76.02,31.53,21.52,26.48,4.22
1995,Magallanes,14.19,120.73,3,22.69,0.43,0.45,0.12,70.54,33.92,22.56,27.92,4.07
1995,Magallanes,14.19,120.73,4,25.05,0.23,0.44,0.15,66.57,34.5,24.62,29.63,3.89
1995,Magallanes,14.19,120.73,5,21.19,1.44,0.47,3.28,75.57,34.54,25.51,29.23,2.65
1995,Magallanes,14.19,120.73,6,21.11,3.23,0.58,4.68,79.49,33.04,26.25,29.36,2.65
1995,Magallanes,14.19,120.73,7,17.95,3.0,0.64,5.33,83.12,31.65,25.48,28.62,2.92
1995,Magallanes,14.19,120.73,8,16.67,3.42,0.75,9.81,86.04,30.67,25.84,28.07,2.96
1995,Magallanes,14.19,120.73,9,14.69,3.6,0.96,12.89,87.56,29.9,25.6,27.87,3.43
1995,Magallanes,14.19,120.73,10,16.83,4.37,0.96,6.98,85.11,30.34,25.11,27.78,3.21
1995,Magallanes,14.19,120.73,11,15.28,4.07,0.93,4.63,87.23,29.73,24.7,27.29,4.04
1995,Magallanes,14.19,120.73,12,13.83,4.11,0.86,4.87,87.18,28.32,21.83,25.94,5.4
1995,Maragondon,14.27,120.73,1,17.24,1.42,0.62,0.44,76.1,30.54,21.06,27.11,5.18
1995,Maragondon,14.27,120.73,2,20.14,0.99,0.61,0.87,73.72,32.02,21.11,28.05,4.52
1995,Maragondon,14.27,120.73,3,22.69,0.26,0.59,0.14,68.17,34.64,21.95,29.87,4.5
1995,Maragondon,14.27,120.73,4,25.05,0.14,0.58,0.15,64.77,34.85,24.79,31.96,4.43
1995,Maragondon,14.27,120.73,5,21.19,1.34,0.64,4.18,75.31,34.57,25.25,30.33,3.11
1995,Maragondon,14.27,120.73,6,21.11,3.43,0.81,6.09,80.54,33.19,26.02,29.63,3.05
1995,Maragondon,14.27,120.73,7,17.95,2.77,0.89,7.03,83.81,31.18,25.25,28.53,3.28
1995,Maragondon,14.27,120.73,8,16.67,3.12,0.96,15.15,86.46,30.25,25.48,27.98,3.16
1995,Maragondon,14.27,120.73,9,14.69,3.17,0.99,14.91,87.46,29.65,25.1,27.82,3.69
1995,Maragondon,14.27,120.73,10,16.83,3.72,0.97,6.05,84.87,30.41,24.6,28.01,3.37
1995,Maragondon,14.27,120.73,11,15.28,3.31,0.94,3.37,86.38,30.23,24.08,27.43,4.15
1995,Maragondon,14.27,120.73,12,13.83,2.84,0.87,3.68,86.08,28.38,20.85,25.89,5.7
1995,Mendez,14.13,120.9,1,17.24,2.23,0.52,0.5,79.18,29.88,21.77,25.94,4.84
1995,Mendez,14.13,120.9,2,20.14,1.27,0.47,0.81,76.02,31.53,21.52,26.48,4.22
1995,Mendez,14.13,120.9,3,22.69,0.43,0.45,0.12,70.54,33.92,22.56,27.92,4.07
1995,Mendez,14.13,120.9,4,25.05,0.23,0.44,0.15,66.57,34.5,24.62,29.63,3.89
1995,Mendez,14.13,120.9,5,21.19,1.44,0.47,3.28,75.57,34.54,25.51,29.23,2.65
1995,Mendez,14.13,120.9,6,21.11,3.23,0.58,4.68,79.49,33.04,26.25,29.36,2.65
1995,Mendez,14.13,120.9,7,17.95,3.0,0.64,5.33,83.12,31.65,25.48,28.62,2.92
1995,Mendez,14.13,120.9,8,16.67,3.42,0.75,9.81,86.04,30.67,25.84,28.07,2.96
1995,Mendez,14.13,120.9,9,14.69,3.6,0.96,12.89,87.56,29.9,25.6,27.87,3.43
1995,Mendez,14.13,120.9,10,16.83,4.37,0.96,6.98,85.11,30.34,25.11,27.78,3.21
1995,Mendez,14.13,120.9,11,15.28,4.07,0.93,4.63,87.23,29.73,24.7,27.29,4.04
1995,Mendez,14.13,120.9,12,13.83,4.11,0.86,4.87,87.18,28.32,21.83,25.94,5.4
1995,Naic,14.32,120.77,1,17.24,1.42,0.62,0.44,76.1,30.54,21.06,27.11,5.18
1995,Naic,14.32,120.77,2,20.14,0.99,0.61,0.87,73.72,32.02,21.11,28.05,4.52
1995,Naic,14.32,120.77,3,22.69,0.26,0.59,0.14,68.17,34.64,21.95,29.87,4.5
1995,Naic,14.32,120.77,4,25.05,0.14,0.58,0.15,64.77,34.85,24.79,31.96,4.43
1995,Naic,14.32,120.77,5,21.19,1.34,0.64,4.18,75.31,34.57,25.25,30.33,3.11
1995,Naic,14.32,120.77,6,21.11,3.43,0.81,6.09,80.54,33.19,26.02,29.63,3.05
1995,Naic,14.32,120.77,7,17.95,2.77,0.89,7.03,83.81,31.18,25.25,28.53,3.28
1995,Naic,14.32,120.77,8,16.67,3.12,0.96,15.15,86.46,30.25,25.48,27.98,3.16
1995,Naic,14.32,120.77,9,14.69,3.17,0.99,14.91,87.46,29.65,25.1,27.82,3.69
1995,Naic,14.32,120.77,10,16.83,3.72,0.97,6.05,84.87,30.41,24.6,28.01,3.37
1995,Naic,14.32,120.77,11,15.28,3.31,0.94,3.37,86.38,30.23,24.08,27.43,4.15
1995,Naic,14.32,120.77,12,13.83,2.84,0.87,3.68,86.08,28.38,20.85,25.89,5.7
1995,Noveleta,14.43,120.88,1,17.24,1.42,0.62,0.44,76.1,30.54,21.06,27.11,5.18
1995,Noveleta,14.43,120.88,2,20.14,0.99,0.61,0.87,73.72,32.02,21.11,28.05,4.52
1995,Noveleta,14.43,120.88,3,22.69,0.26,0.59,0.14,68.17,34.64,21.95,29.87,4.5
1995,Noveleta,14.43,120.88,4,25.05,0.14,0.58,0.15,64.77,34.85,24.79,31.96,4.43
1995,Noveleta,14.43,120.88,5,21.19,1.34,0.64,4.18,75.31,34.57,25.25,30.33,3.11
1995,Noveleta,14.43,120.88,6,21.11,3.43,0.81,6.09,80.54,33.19,26.02,29.63,3.05
1995,Noveleta,14.43,120.88,7,17.95,2.77,0.89,7.03,83.81,31.18,25.25,28.53,3.28
1995,Noveleta,14.43,120.88,8,16.67,3.12,0.96,15.15,86.46,30.25,25.48,27.98,3.16
1995,Noveleta,14.43,120.88,9,14.69,3.17,0.99,14.91,87.46,29.65,25.1,27.82,3.69
1995,Noveleta,14.43,120.88,10,16.83,3.72,0.97,6.05,84.87,30.41,24.6,28.01,3.37
1995,Noveleta,14.43,120.88,11,15.28,3.31,0.94,3.37,86.38,30.23,24.08,27.43,4.15
1995,Noveleta,14.43,120.88,12,13.83,2.84,0.87,3.68,86.08,28.38,20.85,25.89,5.7
1995,Rosario,14.41,120.85,1,17.24,1.42,0.62,0.44,76.1,30.54,21.06,27.11,5.18
1995,Rosario,14.41,120.85,2,20.14,0.99,0.61,0.87,73.72,32.02,21.11,28.05,4.52
1995,Rosario,14.41,120.85,3,22.69,0.26,0.59,0.14,68.17,34.64,21.95,29.87,4.5
1995,Rosario,14.41,120.85,4,25.05,0.14,0.58,0.15,64.77,34.85,24.79,31.96,4.43
1995,Rosario,14.41,120.85,5,21.19,1.34,0.64,4.18,75.31,34.57,25.25,30.33,3.11
1995,Rosario,14.41,120.85,6,21.11,3.43,0.81,6.09,80.54,33.19,26.02,29.63,3.05
1995,Rosario,14.41,120.85,7,17.95,2.77,0.89,7.03,83.81,31.18,25.25,28.53,3.28
1995,Rosario,14.41,120.85,8,16.67,3.12,0.96,15.15,86.46,30.25,25.48,27.98,3.16
1995,Rosario,14.41,120.85,9,14.69,3.17,0.99,14.91,87.46,29.65,25.1,27.82,3.69
1995,Rosario,14.41,120.85,10,16.83,3.72,0.97,6.05,84.87,30.41,24.6,28.01,3.37
1995,Rosario,14.41,120.85,11,15.28,3.31,0.94,3.37,86.38,30.23,24.08,27.43,4.15
1995,Rosario,14.41,120.85,12,13.83,2.84,0.87,3.68,86.08,28.38,20.85,25.89,5.7
1995,Silang,14.23,120.97,1,17.24,4.24,0.78,3.06,85.78,29.3,18.68,23.95,1.86
1995,Silang,14.23,120.97,2,20.14,4.02,0.75,4.07,83.74,31.16,19.13,24.43,1.71
1995,Silang,14.23,120.97,3,22.69,2.64,0.62,0.47,75.93,34.18,19.85,26.08,1.72
1995,Silang,14.23,120.97,4,25.05,1.36,0.55,0.57,68.81,35.02,21.04,28.57,1.77
1995,Silang,14.23,120.97,5,21.19,2.09,0.58,4.61,76.55,35.98,23.22,28.2,1.18
1995,Silang,14.23,120.97,6,21.11,3.53,0.72,6.4,82.75,34.0,23.7,27.88,1.08
1995,Silang,14.23,120.97,7,17.95,3.34,0.8,7.32,85.93,32.41,23.36,26.86,1.04
1995,Silang,14.23,120.97,8,16.67,3.39,0.89,8.07,89.28,31.42,23.67,26.82,1.11
1995,Silang,14.23,120.97,9,14.69,3.57,0.96,13.78,89.94,30.97,23.42,26.62,1.28
1995,Silang,14.23,120.97,10,16.83,4.1,0.98,10.99,89.63,31.12,22.86,26.36,1.29
1995,Silang,14.23,120.97,11,15.28,3.93,0.98,11.56,91.69,29.91,22.44,25.82,1.56
1995,Silang,14.23,120.97,12,13.83,4.17,0.98,19.42,92.34,27.78,18.87,23.88,2.01
1995,Tagaytay City,14.11,120.96,1,17.24,4.24,0.78,3.06,85.78,29.3,18.68,23.95,1.86
1995,Tagaytay City,14.11,120.96,2,20.14,4.02,0.75,4.07,83.74,31.16,19.13,24.43,1.71
1995,Tagaytay City,14.11,120.96,3,22.69,2.64,0.62,0.47,75.93,34.18,19.85,26.08,1.72
1995,Tagaytay City,14.11,120.96,4,25.05,1.36,0.55,0.57,68.81,35.02,21.04,28.57,1.77
1995,Tagaytay City,14.11,120.96,5,21.19,2.09,0.58,4.61,76.55,35.98,23.22,28.2,1.18
1995,Tagaytay City,14.11,120.96,6,21.11,3.53,0.72,6.4,82.75,34.0,23.7,27.88,1.08
1995,Tagaytay City,14.11,120.96,7,17.95,3.34,0.8,7.32,85.93,32.41,23.36,26.86,1.04
1995,Tagaytay City,14.11,120.96,8,16.67,3.39,0.89,8.07,89.28,31.42,23.67,26.82,1.11
1995,Tagaytay City,14.11,120.96,9,14.69,3.57,0.96,13.78,89.94,30.97,23.42,26.62,1.28
1995,Tagaytay City,14.11,120.96,10,16.83,4.1,0.98,10.99,89.63,31.12,22.86,26.36,1.29
1995,Tagaytay City,14.11,120.96,11,15.28,3.93,0.98,11.56,91.69,29.91,22.44,25.82,1.56
1995,Tagaytay City,14.11,120.96,12,13.83,4.17,0.98,19.42,92.34,27.78,18.87,23.88,2.01
1995,Tanza,14.36,120.85,1,17.24,1.42,0.62,0.44,76.1,30.54,21.06,27.11,5.18
1995,Tanza,14.36,120.85,2,20.14,0.99,0.61,0.87,73.72,32.02,21.11,28.05,4.52
1995,Tanza,14.36,120.85,3,22.69,0.26,0.59,0.14,68.17,34.64,21.95,29.87,4.5
1995,Tanza,14.36,120.85,4,25.05,0.14,0.58,0.15,64.77,34.85,24.79,31.96,4.43
1995,Tanza,14.36,120.85,5,21.19,1.34,0.64,4.18,75.31,34.57,25.25,30.33,3.11
1995,Tanza,14.36,120.85,6,21.11,3.43,0.81,6.09,80.54,33.19,26.02,29.63,3.05
1995,Tanza,14.36,120.85,7,17.95,2.77,0.89,7.03,83.81,31.18,25.25,28.53,3.28
1995,Tanza,14.36,120.85,8,16.67,3.12,0.96,15.15,86.46,30.25,25.48,27.98,3.16
1995,Tanza,14.36,120.85,9,14.69,3.17,0.99,14.91,87.46,29.65,25.1,27.82,3.69
1995,Tanza,14.36,120.85,10,16.83,3.72,0.97,6.05,84.87,30.41,24.6,28.01,3.37
1995,Tanza,14.36,120.85,11,15.28,3.31,0.94,3.37,86.38,30.23,24.08,27.43,4.15
1995,Tanza,14.36,120.85,12,13.83,2.84,0.87,3.68,86.08,28.38,20.85,25.89,5.7
1995,Ternate,14.28,120.7,1,17.24,1.42,0.62,0.44,76.1,30.54,21.06,27.11,5.18
1995,Ternate,14.28,120.7,2,20.14,0.99,0.61,0.87,73.72,32.02,21.11,28.05,4.52
1995,Ternate,14.28,120.7,3,22.69,0.26,0.59,0.14,68.17,34.64,21.95,29.87,4.5
1995,Ternate,14.28,120.7,4,25.05,0.14,0.58,0.15,64.77,34.85,24.79,31.96,4.43
1995,Ternate,14.28,120.7,5,21.19,1.34,0.64,4.18,75.31,34.57,25.25,30.33,3.11
1995,Ternate,14.28,120.7,6,21.11,3.43,0.81,6.09,80.54,33.19,26.02,29.63,3.05
1995,Ternate,14.28,120.7,7,17.95,2.77,0.89,7.03,83.81,31.18,25.25,28.53,3.28
1995,Ternate,14.28,120.7,8,16.67,3.12,0.96,15.15,86.46,30.25,25.48,27.98,3.16
1995,Ternate,14.28,120.7,9,14.69,3.17,0.99,14.91,87.46,29.65,25.1,27.82,3.69
1995,Ternate,14.28,120.7,10,16.83,3.72,0.97,6.05,84.87,30.41,24.6,28.01,3.37
1995,Ternate,14.28,120.7,11,15.28,3.31,0.94,3.37,86.38,30.23,24.08,27.43,4.15
1995,Ternate,14.28,120.7,12,13.83,2.84,0.87,3.68,86.08,28.38,20.85,25.89,5.7
1995,Trece Martires City,14.28,120.86,1,17.24,1.42,0.62,0.44,76.1,30.54,21.06,27.11,5.18
1995,Trece Martires City,14.28,120.86,2,20.14,0.99,0.61,0.87,73.72,32.02,21.11,28.05,4.52
1995,Trece Martires City,14.28,120.86,3,22.69,0.26,0.59,0.14,68.17,34.64,21.95,29.87,4.5
1995,Trece Martires City,14.28,120.86,4,25.05,0.14,0.58,0.15,64.77,34.85,24.79,31.96,4.43
1995,Trece Martires City,14.28,120.86,5,21.19,1.34,0.64,4.18,75.31,34.57,25.25,30.33,3.11
1995,Trece Martires City,14.28,120.86,6,21.11,3.43,0.81,6.09,80.54,33.19,26.02,29.63,3.05
1995,Trece Martires City,14.28,120.86,7,17.95,2.77,0.89,7.03,83.81,31.18,25.25,28.53,3.28
1995,Trece Martires City,14.28,120.86,8,16.67,3.12,0.96,15.15,86.46,30.25,25.48,27.98,3.16
1995,Trece Martires City,14.28,120.86,9,14.69,3.17,0.99,14.91,87.46,29.65,25.1,27.82,3.69
1995,Trece Martires City,14.28,120.86,10,16.83,3.72,0.97,6.05,84.87,30.41,24.6,28.01,3.37
1995,Trece Martires City,14.28,120.86,11,15.28,3.31,0.94,3.37,86.38,30.23,24.08,27.43,4.15
1995,Trece Martires City,14.28,120.86,12,13.83,2.84,0.87,3.68,86.08,28.38,20.85,25.89,5.7
1996,Alfonso,14.14,120.85,1,15.56,4.22,0.73,0.56,84.45,28.95,21.88,25.74,5.03
1996,Alfonso,14.14,120.85,2,19.01,3.02,0.57,0.34,79.94,30.19,21.51,25.68,5.25
1996,Alfonso,14.14,120.85,3,21.36,1.68,0.49,0.88,77.25,32.23,23.1,27.4,4.55
1996,Alfonso,14.14,120.85,4,21.13,1.81,0.49,1.98,78.66,32.16,24.63,28.19,3.36
1996,Alfonso,14.14,120.85,5,19.89,1.69,0.49,2.87,78.91,33.19,25.76,29.03,3.02
1996,Alfonso,14.14,120.85,6,20.44,2.85,0.57,4.88,79.99,32.8,25.88,29.01,2.75
1996,Alfonso,14.14,120.85,7,15.7,3.05,0.67,10.54,84.14,31.01,26.03,28.84,3.85
1996,Alfonso,14.14,120.85,8,18.79,3.78,0.89,3.97,85.2,30.5,25.42,27.81,2.85
1996,Alfonso,14.14,120.85,9,16.1,3.78,0.93,9.75,86.18,30.94,25.31,27.89,3.07
1996,Alfonso,14.14,120.85,10,17.37,3.4,0.91,4.17,84.68,30.5,25.57,28.09,2.7
1996,Alfonso,14.14,120.85,11,14.37,4.34,0.94,8.49,86.7,29.78,25.07,27.58,4.72
1996,Alfonso,14.14,120.85,12,15.87,5.32,0.83,0.99,82.69,28.72,21.24,26.04,5.43
1996,Amadeo,14.17,120.92,1,15.56,4.22,0.73,0.56,84.45,28.95,21.88,25.74,5.03
1996,Amadeo,14.17,120.92,2,19.01,3.02,0.57,0.34,79.94,30.19,21.51,25.68,5.25
1996,Amadeo,14.17,120.92,3,21.36,1.68,0.49,0.88,77.25,32.23,23.1,27.4,4.55
1996,Amadeo,14.17,120.92,4,21.13,1.81,0.49,1.98,78.66,32.16,24.63,28.19,3.36
1996,Amadeo,14.17,120.92,5,19.89,1.69,0.49,2.87,78.91,33.19,25.76,29.03,3.02
1996,Amadeo,14.17,120.92,6,20.44,2.85,0.57,4.88,79.99,32.8,25.88,29.01,2.75
1996,Amadeo,14.17,120.92,7,15.7,3.05,0.67,10.54,84.14,31.01,26.03,28.84,3.85
1996,Amadeo,14.17,120.92,8,18.79,3.78,0.89,3.97,85.2,30.5,25.42,27.81,2.85
1996,Amadeo,14.17,120.92,9,16.1,3.78,0.93,9.75,86.18,30.94,25.31,27.89,3.07
1996,Amadeo,14.17,120.92,10,17.37,3.4,0.91,4.17,84.68,30.5,25.57,28.09,2.7
1996,Amadeo,14.17,120.92,11,14.37,4.34,0.94,8.49,86.7,29.78,25.07,27.58,4.72
1996,Amadeo,14.17,120.92,12,15.87,5.32,0.83,0.99,82.69,28.72,21.24,26.04,5.43
1996,Bacoor City,14.46,120.94,1,15.56,4.58,0.91,4.04,88.41,28.49,18.36,23.34,1.83
1996,Bacoor City,14.46,120.94,2,19.01,4.64,0.81,1.93,82.95,31.5,18.76,23.75,2.1
1996,Bacoor City,14.46,120.94,3,21.36,3.03,0.69,1.64,79.34,33.27,21.09,26.08,1.89
1996,Bacoor City,14.46,120.94,4,21.13,4.06,0.75,7.52,83.62,32.5,22.22,26.7,1.51
1996,Bacoor City,14.46,120.94,5,19.89,3.3,0.74,4.07,82.21,34.0,23.29,27.7,1.11
1996,Bacoor City,14.46,120.94,6,20.44,3.55,0.81,6.71,85.17,32.34,23.1,27.12,1.12
1996,Bacoor City,14.46,120.94,7,15.7,3.38,0.88,8.71,87.68,31.42,23.46,26.68,1.42
1996,Bacoor City,14.46,120.94,8,18.79,3.88,0.94,3.99,86.73,31.91,23.26,26.51,1.1
1996,Bacoor City,14.46,120.94,9,16.1,3.84,0.92,6.88,87.72,32.75,23.3,26.59,1.2
1996,Bacoor City,14.46,120.94,10,17.37,3.72,0.91,7.83,87.96,30.95,22.88,26.38,1.11
1996,Bacoor City,14.46,120.94,11,14.37,4.37,0.98,15.71,90.89,29.84,21.87,25.45,1.72
1996,Bacoor City,14.46,120.94,12,15.87,5.33,0.95,6.05,86.6,27.8,17.83,23.3,1.96
1996,Carmona,14.31,121.05,1,13.25,4.58,0.91,4.04,88.41,28.49,18.36,23.34,1.83
1996,Carmona,14.31,121.05,2,16.35,4.64,0.81,1.93,82.95,31.5,18.76,23.75,2.1
1996,Carmona,14.31,121.05,3,19.23,3.03,0.69,1.64,79.34,33.27,21.09,26.08,1.89
1996,Carmona,14.31,121.05,4,18.34,4.06,0.75,7.52,83.62,32.5,22.22,26.7,1.51
1996,Carmona,14.31,121.05,5,20.55,3.3,0.74,4.07,82.21,34.0,23.29,27.7,1.11
1996,Carmona,14.31,121.05,6,20.12,3.55,0.81,6.71,85.17,32.34,23.1,27.12,1.12
1996,Carmona,14.31,121.05,7,16.85,3.38,0.88,8.71,87.68,31.42,23.46,26.68,1.42
1996,Carmona,14.31,121.05,8,18.76,3.88,0.94,3.99,86.73,31.91,23.26,26.51,1.1
1996,Carmona,14.31,121.05,9,16.66,3.84,0.92,6.88,87.72,32.75,23.3,26.59,1.2
1996,Carmona,14.31,121.05,10,16.14,3.72,0.91,7.83,87.96,30.95,22.88,26.38,1.11
1996,Carmona,14.31,121.05,11,11.81,4.37,0.98,15.71,90.89,29.84,21.87,25.45,1.72
1996,Carmona,14.31,121.05,12,11.94,5.33,0.95,6.05,86.6,27.8,17.83,23.3,1.96
1996,Cavite City,14.48,120.9,1,15.56,2.93,0.78,0.49,82.75,29.59,20.85,26.08,5.1
1996,Cavite City,14.48,120.9,2,19.01,2.24,0.65,0.24,76.03,31.55,20.56,26.85,5.62
1996,Cavite City,14.48,120.9,3,21.36,0.57,0.59,0.35,72.03,33.84,22.98,29.41,5.06
1996,Cavite City,14.48,120.9,4,21.13,1.4,0.61,1.59,75.08,32.89,24.3,29.92,3.88
1996,Cavite City,14.48,120.9,5,19.89,1.8,0.65,4.49,78.38,33.55,25.74,29.8,3.31
1996,Cavite City,14.48,120.9,6,20.44,2.77,0.77,5.02,80.26,33.01,25.5,29.32,2.88
1996,Cavite City,14.48,120.9,7,15.7,2.73,0.87,13.39,84.0,30.8,25.99,28.84,4.23
1996,Cavite City,14.48,120.9,8,18.79,3.39,0.98,7.63,85.49,30.15,25.03,27.83,3.22
1996,Cavite City,14.48,120.9,9,16.1,3.56,0.98,12.42,85.53,30.7,24.98,28.13,3.37
1996,Cavite City,14.48,120.9,10,17.37,3.06,0.95,3.71,84.11,30.81,25.05,28.27,2.87
1996,Cavite City,14.48,120.9,11,14.37,3.48,0.96,6.92,86.45,30.15,24.04,27.38,4.87
1996,Cavite City,14.48,120.9,12,15.87,3.76,0.86,0.81,81.52,29.07,20.23,26.09,5.45
1996,Dasmarinas City,14.33,120.93,1,15.56,2.93,0.78,0.49,82.75,29.59,20.85,26.08,5.1
1996,Dasmarinas City,14.33,120.93,2,19.01,2.24,0.65,0.24,76.03,31.55,20.56,26.85,5.62
1996,Dasmarinas City,14.33,120.93,3,21.36,0.57,0.59,0.35,72.03,33.84,22.98,29.41,5.06
1996,Dasmarinas City,14.33,120.93,4,21.13,1.4,0.61,1.59,75.08,32.89,24.3,29.92,3.88
1996,Dasmarinas City,14.33,120.93,5,19.89,1.8,0.65,4.49,78.38,33.55,25.74,29.8,3.31
1996,Dasmarinas City,14.33,120.93,6,20.44,2.77,0.77,5.02,80.26,33.01,25.5,29.32,2.88
1996,Dasmarinas City,14.33,120.93,7,15.7,2.73,0.87,13.39,84.0,30.8,25.99,28.84,4.23
1996,Dasmarinas City,14.33,120.93,8,18.79,3.39,0.98,7.63,85.49,30.15,25.03,27.83,3.22
1996,Dasmarinas City,14.33,120.93,9,16.1,3.56,0.98,12.42,85.53,30.7,24.98,28.13,3.37
1996,Dasmarinas City,14.33,120.93,10,17.37,3.06,0.95,3.71,84.11,30.81,25.05,28.27,2.87
1996,Dasmarinas City,14.33,120.93,11,14.37,3.48,0.96,6.92,86.45,30.15,24.04,27.38,4.87
1996,Dasmarinas City,14.33,120.93,12,15.87,3.76,0.86,0.81,81.52,29.07,20.23,26.09,5.45
1996,General Emilio Aguinaldo,14.18,120.79,1,15.56,4.22,0.73,0.56,84.45,28.95,21.88,25.74,5.03
1996,General Emilio Aguinaldo,14.18,120.79,2,19.01,3.02,0.57,0.34,79.94,30.19,21.51,25.68,5.25
1996,General Emilio Aguinaldo,14.18,120.79,3,21.36,1.68,0.49,0.88,77.25,32.23,23.1,27.4,4.55
1996,General Emilio Aguinaldo,14.18,120.79,4,21.13,1.81,0.49,1.98,78.66,32.16,24.63,28.19,3.36
1996,General Emilio Aguinaldo,14.18,120.79,5,19.89,1.69,0.49,2.87,78.91,33.19,25.76,29.03,3.02
1996,General Emilio Aguinaldo,14.18,120.79,6,20.44,2.85,0.57,4.88,79.99,32.8,25.88,29.01,2.75
1996,General Emilio Aguinaldo,14.18,120.79,7,15.7,3.05,0.67,10.54,84.14,31.01,26.03,28.84,3.85
1996,General Emilio Aguinaldo,14.18,120.79,8,18.79,3.78,0.89,3.97,85.2,30.5,25.42,27.81,2.85
1996,General Emilio Aguinaldo,14.18,120.79,9,16.1,3.78,0.93,9.75,86.18,30.94,25.31,27.89,3.07
1996,General Emilio Aguinaldo,14.18,120.79,10,17.37,3.4,0.91,4.17,84.68,30.5,25.57,28.09,2.7
1996,General Emilio Aguinaldo,14.18,120.79,11,14.37,4.34,0.94,8.49,86.7,29.78,25.07,27.58,4.72
1996,General Emilio Aguinaldo,14.18,120.79,12,15.87,5.32,0.83,0.99,82.69,28.72,21.24,26.04,5.43
1996,General Mariano Alvarez,14.3,121.0,1,13.25,4.58,0.91,4.04,88.41,28.49,18.36,23.34,1.83
1996,General Mariano Alvarez,14.3,121.0,2,16.35,4.64,0.81,1.93,82.95,31.5,18.76,23.75,2.1
1996,General Mariano Alvarez,14.3,121.0,3,19.23,3.03,0.69,1.64,79.34,33.27,21.09,26.08,1.89
1996,General Mariano Alvarez,14.3,121.0,4,18.34,4.06,0.75,7.52,83.62,32.5,22.22,26.7,1.51
1996,General Mariano Alvarez,14.3,121.0,5,20.55,3.3,0.74,4.07,82.21,34.0,23.29,27.7,1.11
1996,General Mariano Alvarez,14.3,121.0,6,20.12,3.55,0.81,6.71,85.17,32.34,23.1,27.12,1.12
1996,General Mariano Alvarez,14.3,121.0,7,16.85,3.38,0.88,8.71,87.68,31.42,23.46,26.68,1.42
1996,General Mariano Alvarez,14.3,121.0,8,18.76,3.88,0.94,3.99,86.73,31.91,23.26,26.51,1.1
1996,General Mariano Alvarez,14.3,121.0,9,16.66,3.84,0.92,6.88,87.72,32.75,23.3,26.59,1.2
1996,General Mariano Alvarez,14.3,121.0,10,16.14,3.72,0.91,7.83,87.96,30.95,22.88,26.38,1.11
1996,General Mariano Alvarez,14.3,121.0,11,11.81,4.37,0.98,15.71,90.89,29.84,21.87,25.45,1.72
1996,General Mariano Alvarez,14.3,121.0,12,11.94,5.33,0.95,6.05,86.6,27.8,17.83,23.3,1.96
1996,General Trias,14.38,120.88,1,15.56,2.93,0.78,0.49,82.75,29.59,20.85,26.08,5.1
1996,General Trias,14.38,120.88,2,19.01,2.24,0.65,0.24,76.03,31.55,20.56,26.85,5.62
1996,General Trias,14.38,120.88,3,21.36,0.57,0.59,0.35,72.03,33.84,22.98,29.41,5.06
1996,General Trias,14.38,120.88,4,21.13,1.4,0.61,1.59,75.08,32.89,24.3,29.92,3.88
1996,General Trias,14.38,120.88,5,19.89,1.8,0.65,4.49,78.38,33.55,25.74,29.8,3.31
1996,General Trias,14.38,120.88,6,20.44,2.77,0.77,5.02,80.26,33.01,25.5,29.32,2.88
1996,General Trias,14.38,120.88,7,15.7,2.73,0.87,13.39,84.0,30.8,25.99,28.84,4.23
1996,General Trias,14.38,120.88,8,18.79,3.39,0.98,7.63,85.49,30.15,25.03,27.83,3.22
1996,General Trias,14.38,120.88,9,16.1,3.56,0.98,12.42,85.53,30.7,24.98,28.13,3.37
1996,General Trias,14.38,120.88,10,17.37,3.06,0.95,3.71,84.11,30.81,25.05,28.27,2.87
1996,General Trias,14.38,120.88,11,14.37,3.48,0.96,6.92,86.45,30.15,24.04,27.38,4.87
1996,General Trias,14.38,120.88,12,15.87,3.76,0.86,0.81,81.52,29.07,20.23,26.09,5.45
1996,Imus City,14.43,120.93,1,15.56,2.93,0.78,0.49,82.75,29.59,20.85,26.08,5.1
1996,Imus City,14.43,120.93,2,19.01,2.24,0.65,0.24,76.03,31.55,20.56,26.85,5.62
1996,Imus City,14.43,120.93,3,21.36,0.57,0.59,0.35,72.03,33.84,22.98,29.41,5.06
1996,Imus City,14.43,120.93,4,21.13,1.4,0.61,1.59,75.08,32.89,24.3,29.92,3.88
1996,Imus City,14.43,120.93,5,19.89,1.8,0.65,4.49,78.38,33.55,25.74,29.8,3.31
1996,Imus City,14.43,120.93,6,20.44,2.77,0.77,5.02,80.26,33.01,25.5,29.32,2.88
1996,Imus City,14.43,120.93,7,15.7,2.73,0.87,13.39,84.0,30.8,25.99,28.84,4.23
1996,Imus City,14.43,120.93,8,18.79,3.39,0.98,7.63,85.49,30.15,25.03,27.83,3.22
1996,Imus City,14.43,120.93,9,16.1,3.56,0.98,12.42,85.53,30.7,24.98,28.13,3.37
1996,Imus City,14.43,120.93,10,17.37,3.06,0.95,3.71,84.11,30.81,25.05,28.27,2.87
1996,Imus City,14.43,120.93,11,14.37,3.48,0.96,6.92,86.45,30.15,24.04,27.38,4.87
1996,Imus City,14.43,120.93,12,15.87,3.76,0.86,0.81,81.52,29.07,20.23,26.09,5.45
1996,Indang,14.19,120.87,1,15.56,4.22,0.73,0.56,84.45,28.95,21.88,25.74,5.03
1996,Indang,14.19,120.87,2,19.01,3.02,0.57,0.34,79.94,30.19,21.51,25.68,5.25
1996,Indang,14.19,120.87,3,21.36,1.68,0.49,0.88,77.25,32.23,23.1,27.4,4.55
1996,Indang,14.19,120.87,4,21.13,1.81,0.49,1.98,78.66,32.16,24.63,28.19,3.36
1996,Indang,14.19,120.87,5,19.89,1.69,0.49,2.87,78.91,33.19,25.76,29.03,3.02
1996,Indang,14.19,120.87,6,20.44,2.85,0.57,4.88,79.99,32.8,25.88,29.01,2.75
1996,Indang,14.19,120.87,7,15.7,3.05,0.67,10.54,84.14,31.01,26.03,28.84,3.85
1996,Indang,14.19,120.87,8,18.79,3.78,0.89,3.97,85.2,30.5,25.42,27.81,2.85
1996,Indang,14.19,120.87,9,16.1,3.78,0.93,9.75,86.18,30.94,25.31,27.89,3.07
1996,Indang,14.19,120.87,10,17.37,3.4,0.91,4.17,84.68,30.5,25.57,28.09,2.7
1996,Indang,14.19,120.87,11,14.37,4.34,0.94,8.49,86.7,29.78,25.07,27.58,4.72
1996,Indang,14.19,120.87,12,15.87,5.32,0.83,0.99,82.69,28.72,21.24,26.04,5.43
1996,Kawit,14.44,120.9,1,15.56,2.93,0.78,0.49,82.75,29.59,20.85,26.08,5.1
1996,Kawit,14.44,120.9,2,19.01,2.24,0.65,0.24,76.03,31.55,20.56,26.85,5.62
1996,Kawit,14.44,120.9,3,21.36,0.57,0.59,0.35,72.03,33.84,22.98,29.41,5.06
1996,Kawit,14.44,120.9,4,21.13,1.4,0.61,1.59,75.08,32.89,24.3,29.92,3.88
1996,Kawit,14.44,120.9,5,19.89,1.8,0.65,4.49,78.38,33.55,25.74,29.8,3.31
1996,Kawit,14.44,120.9,6,20.44,2.77,0.77,5.02,80.26,33.01,25.5,29.32,2.88
1996,Kawit,14.44,120.9,7,15.7,2.73,0.87,13.39,84.0,30.8,25.99,28.84,4.23
1996,Kawit,14.44,120.9,8,18.79,3.39,0.98,7.63,85.49,30.15,25.03,27.83,3.22
1996,Kawit,14.44,120.9,9,16.1,3.56,0.98,12.42,85.53,30.7,24.98,28.13,3.37
1996,Kawit,14.44,120.9,10,17.37,3.06,0.95,3.71,84.11,30.81,25.05,28.27,2.87
1996,Kawit,14.44,120.9,11,14.37,3.48,0.96,6.92,86.45,30.15,24.04,27.38,4.87
1996,Kawit,14.44,120.9,12,15.87,3.76,0.86,0.81,81.52,29.07,20.23,26.09,5.45
1996,Magallanes,14.19,120.73,1,15.56,4.22,0.73,0.56,84.45,28.95,21.88,25.74,5.03
1996,Magallanes,14.19,120.73,2,19.01,3.02,0.57,0.34,79.94,30.19,21.51,25.68,5.25
1996,Magallanes,14.19,120.73,3,21.36,1.68,0.49,0.88,77.25,32.23,23.1,27.4,4.55
1996,Magallanes,14.19,120.73,4,21.13,1.81,0.49,1.98,78.66,32.16,24.63,28.19,3.36
1996,Magallanes,14.19,120.73,5,19.89,1.69,0.49,2.87,78.91,33.19,25.76,29.03,3.02
1996,Magallanes,14.19,120.73,6,20.44,2.85,0.57,4.88,79.99,32.8,25.88,29.01,2.75
1996,Magallanes,14.19,120.73,7,15.7,3.05,0.67,10.54,84.14,31.01,26.03,28.84,3.85
1996,Magallanes,14.19,120.73,8,18.79,3.78,0.89,3.97,85.2,30.5,25.42,27.81,2.85
1996,Magallanes,14.19,120.73,9,16.1,3.78,0.93,9.75,86.18,30.94,25.31,27.89,3.07
1996,Magallanes,14.19,120.73,10,17.37,3.4,0.91,4.17,84.68,30.5,25.57,28.09,2.7
1996,Magallanes,14.19,120.73,11,14.37,4.34,0.94,8.49,86.7,29.78,25.07,27.58,4.72
1996,Magallanes,14.19,120.73,12,15.87,5.32,0.83,0.99,82.69,28.72,21.24,26.04,5.43
1996,Maragondon,14.27,120.73,1,15.56,2.93,0.78,0.49,82.75,29.59,20.85,26.08,5.1
1996,Maragondon,14.27,120.73,2,19.01,2.24,0.65,0.24,76.03,31.55,20.56,26.85,5.62
1996,Maragondon,14.27,120.73,3,21.36,0.57,0.59,0.35,72.03,33.84,22.98,29.41,5.06
1996,Maragondon,14.27,120.73,4,21.13,1.4,0.61,1.59,75.08,32.89,24.3,29.92,3.88
1996,Maragondon,14.27,120.73,5,19.89,1.8,0.65,4.49,78.38,33.55,25.74,29.8,3.31
1996,Maragondon,14.27,120.73,6,20.44,2.77,0.77,5.02,80.26,33.01,25.5,29.32,2.88
1996,Maragondon,14.27,120.73,7,15.7,2.73,0.87,13.39,84.0,30.8,25.99,28.84,4.23
1996,Maragondon,14.27,120.73,8,18.79,3.39,0.98,7.63,85.49,30.15,25.03,27.83,3.22
1996,Maragondon,14.27,120.73,9,16.1,3.56,0.98,12.42,85.53,30.7,24.98,28.13,3.37
1996,Maragondon,14.27,120.73,10,17.37,3.06,0.95,3.71,84.11,30.81,25.05,28.27,2.87
1996,Maragondon,14.27,120.73,11,14.37,3.48,0.96,6.92,86.45,30.15,24.04,27.38,4.87
1996,Maragondon,14.27,120.73,12,15.87,3.76,0.86,0.81,81.52,29.07,20.23,26.09,5.45
1996,Mendez,14.13,120.9,1,15.56,4.22,0.73,0.56,84.45,28.95,21.88,25.74,5.03
1996,Mendez,14.13,120.9,2,19.01,3.02,0.57,0.34,79.94,30.19,21.51,25.68,5.25
1996,Mendez,14.13,120.9,3,21.36,1.68,0.49,0.88,77.25,32.23,23.1,27.4,4.55
1996,Mendez,14.13,120.9,4,21.13,1.81,0.49,1.98,78.66,32.16,24.63,28.19,3.36
1996,Mendez,14.13,120.9,5,19.89,1.69,0.49,2.87,78.91,33.19,25.76,29.03,3.02
1996,Mendez,14.13,120.9,6,20.44,2.85,0.57,4.88,79.99,32.8,25.88,29.01,2.75
1996,Mendez,14.13,120.9,7,15.7,3.05,0.67,10.54,84.14,31.01,26.03,28.84,3.85
1996,Mendez,14.13,120.9,8,18.79,3.78,0.89,3.97,85.2,30.5,25.42,27.81,2.85
1996,Mendez,14.13,120.9,9,16.1,3.78,0.93,9.75,86.18,30.94,25.31,27.89,3.07
1996,Mendez,14.13,120.9,10,17.37,3.4,0.91,4.17,84.68,30.5,25.57,28.09,2.7
1996,Mendez,14.13,120.9,11,14.37,4.34,0.94,8.49,86.7,29.78,25.07,27.58,4.72
1996,Mendez,14.13,120.9,12,15.87,5.32,0.83,0.99,82.69,28.72,21.24,26.04,5.43
1996,Naic,14.32,120.77,1,15.56,2.93,0.78,0.49,82.75,29.59,20.85,26.08,5.1
1996,Naic,14.32,120.77,2,19.01,2.24,0.65,0.24,76.03,31.55,20.56,26.85,5.62
1996,Naic,14.32,120.77,3,21.36,0.57,0.59,0.35,72.03,33.84,22.98,29.41,5.06
1996,Naic,14.32,120.77,4,21.13,1.4,0.61,1.59,75.08,32.89,24.3,29.92,3.88
1996,Naic,14.32,120.77,5,19.89,1.8,0.65,4.49,78.38,33.55,25.74,29.8,3.31
1996,Naic,14.32,120.77,6,20.44,2.77,0.77,5.02,80.26,33.01,25.5,29.32,2.88
1996,Naic,14.32,120.77,7,15.7,2.73,0.87,13.39,84.0,30.8,25.99,28.84,4.23
1996,Naic,14.32,120.77,8,18.79,3.39,0.98,7.63,85.49,30.15,25.03,27.83,3.22
1996,Naic,14.32,120.77,9,16.1,3.56,0.98,12.42,85.53,30.7,24.98,28.13,3.37
1996,Naic,14.32,120.77,10,17.37,3.06,0.95,3.71,84.11,30.81,25.05,28.27,2.87
1996,Naic,14.32,120.77,11,14.37,3.48,0.96,6.92,86.45,30.15,24.04,27.38,4.87
1996,Naic,14.32,120.77,12,15.87,3.76,0.86,0.81,81.52,29.07,20.23,26.09,5.45
1996,Noveleta,14.43,120.88,1,15.56,2.93,0.78,0.49,82.75,29.59,20.85,26.08,5.1
1996,Noveleta,14.43,120.88,2,19.01,2.24,0.65,0.24,76.03,31.55,20.56,26.85,5.62
1996,Noveleta,14.43,120.88,3,21.36,0.57,0.59,0.35,72.03,33.84,22.98,29.41,5.06
1996,Noveleta,14.43,120.88,4,21.13,1.4,0.61,1.59,75.08,32.89,24.3,29.92,3.88
1996,Noveleta,14.43,120.88,5,19.89,1.8,0.65,4.49,78.38,33.55,25.74,29.8,3.31
1996,Noveleta,14.43,120.88,6,20.44,2.77,0.77,5.02,80.26,33.01,25.5,29.32,2.88
1996,Noveleta,14.43,120.88,7,15.7,2.73,0.87,13.39,84.0,30.8,25.99,28.84,4.23
1996,Noveleta,14.43,120.88,8,18.79,3.39,0.98,7.63,85.49,30.15,25.03,27.83,3.22
1996,Noveleta,14.43,120.88,9,16.1,3.56,0.98,12.42,85.53,30.7,24.98,28.13,3.37
1996,Noveleta,14.43,120.88,10,17.37,3.06,0.95,3.71,84.11,30.81,25.05,28.27,2.87
1996,Noveleta,14.43,120.88,11,14.37,3.48,0.96,6.92,86.45,30.15,24.04,27.38,4.87
1996,Noveleta,14.43,120.88,12,15.87,3.76,0.86,0.81,81.52,29.07,20.23,26.09,5.45
1996,Rosario,14.41,120.85,1,15.56,2.93,0.78,0.49,82.75,29.59,20.85,26.08,5.1
1996,Rosario,14.41,120.85,2,19.01,2.24,0.65,0.24,76.03,31.55,20.56,26.85,5.62
1996,Rosario,14.41,120.85,3,21.36,0.57,0.59,0.35,72.03,33.84,22.98,29.41,5.06
1996,Rosario,14.41,120.85,4,21.13,1.4,0.61,1.59,75.08,32.89,24.3,29.92,3.88
1996,Rosario,14.41,120.85,5,19.89,1.8,0.65,4.49,78.38,33.55,25.74,29.8,3.31
1996,Rosario,14.41,120.85,6,20.44,2.77,0.77,5.02,80.26,33.01,25.5,29.32,2.88
1996,Rosario,14.41,120.85,7,15.7,2.73,0.87,13.39,84.0,30.8,25.99,28.84,4.23
1996,Rosario,14.41,120.85,8,18.79,3.39,0.98,7.63,85.49,30.15,25.03,27.83,3.22
1996,Rosario,14.41,120.85,9,16.1,3.56,0.98,12.42,85.53,30.7,24.98,28.13,3.37
1996,Rosario,14.41,120.85,10,17.37,3.06,0.95,3.71,84.11,30.81,25.05,28.27,2.87
1996,Rosario,14.41,120.85,11,14.37,3.48,0.96,6.92,86.45,30.15,24.04,27.38,4.87
1996,Rosario,14.41,120.85,12,15.87,3.76,0.86,0.81,81.52,29.07,20.23,26.09,5.45
1996,Silang,14.23,120.97,1,15.56,4.4,0.93,3.57,89.6,28.47,18.46,23.64,1.8
1996,Silang,14.23,120.97,2,19.01,5.18,0.82,1.92,85.6,31.03,18.73,23.63,1.97
1996,Silang,14.23,120.97,3,21.36,3.86,0.68,2.16,82.21,32.35,20.75,25.84,1.83
1996,Silang,14.23,120.97,4,21.13,3.79,0.7,6.2,84.7,31.91,22.5,26.71,1.48
1996,Silang,14.23,120.97,5,19.89,3.22,0.68,3.32,81.76,34.4,23.66,27.9,1.12
1996,Silang,14.23,120.97,6,20.44,3.38,0.74,6.71,85.54,32.78,23.37,27.31,1.15
1996,Silang,14.23,120.97,7,15.7,3.29,0.84,8.92,87.63,31.68,23.82,26.93,1.4
1996,Silang,14.23,120.97,8,18.79,3.71,0.91,3.25,85.98,31.82,23.4,26.74,1.07
1996,Silang,14.23,120.97,9,16.1,3.64,0.9,6.59,87.81,33.17,23.48,26.65,1.2
1996,Silang,14.23,120.97,10,17.37,3.3,0.91,8.11,88.78,31.3,22.98,26.58,1.09
1996,Silang,14.23,120.97,11,14.37,4.06,0.98,16.4,91.4,30.25,22.64,25.76,1.72
1996,Silang,14.23,120.97,12,15.87,5.18,0.96,6.36,87.83,28.61,17.62,23.69,1.95
1996,Tagaytay City,14.11,120.96,1,15.56,4.4,0.93,3.57,89.6,28.47,18.46,23.64,1.8
1996,Tagaytay City,14.11,120.96,2,19.01,5.18,0.82,1.92,85.6,31.03,18.73,23.63,1.97
1996,Tagaytay City,14.11,120.96,3,21.36,3.86,0.68,2.16,82.21,32.35,20.75,25.84,1.83
1996,Tagaytay City,14.11,120.96,4,21.13,3.79,0.7,6.2,84.7,31.91,22.5,26.71,1.48
1996,Tagaytay City,14.11,120.96,5,19.89,3.22,0.68,3.32,81.76,34.4,23.66,27.9,1.12
1996,Tagaytay City,14.11,120.96,6,20.44,3.38,0.74,6.71,85.54,32.78,23.37,27.31,1.15
1996,Tagaytay City,14.11,120.96,7,15.7,3.29,0.84,8.92,87.63,31.68,23.82,26.93,1.4
1996,Tagaytay City,14.11,120.96,8,18.79,3.71,0.91,3.25,85.98,31.82,23.4,26.74,1.07
1996,Tagaytay City,14.11,120.96,9,16.1,3.64,0.9,6.59,87.81,33.17,23.48,26.65,1.2
1996,Tagaytay City,14.11,120.96,10,17.37,3.3,0.91,8.11,88.78,31.3,22.98,26.58,1.09
1996,Tagaytay City,14.11,120.96,11,14.37,4.06,0.98,16.4,91.4,30.25,22.64,25.76,1.72
1996,Tagaytay City,14.11,120.96,12,15.87,5.18,0.96,6.36,87.83,28.61,17.62,23.69,1.95
1996,Tanza,14.36,120.85,1,15.56,2.93,0.78,0.49,82.75,29.59,20.85,26.08,5.1
1996,Tanza,14.36,120.85,2,19.01,2.24,0.65,0.24,76.03,31.55,20.56,26.85,5.62
1996,Tanza,14.36,120.85,3,21.36,0.57,0.59,0.35,72.03,33.84,22.98,29.41,5.06
1996,Tanza,14.36,120.85,4,21.13,1.4,0.61,1.59,75.08,32.89,24.3,29.92,3.88
1996,Tanza,14.36,120.85,5,19.89,1.8,0.65,4.49,78.38,33.55,25.74,29.8,3.31
1996,Tanza,14.36,120.85,6,20.44,2.77,0.77,5.02,80.26,33.01,25.5,29.32,2.88
1996,Tanza,14.36,120.85,7,15.7,2.73,0.87,13.39,84.0,30.8,25.99,28.84,4.23
1996,Tanza,14.36,120.85,8,18.79,3.39,0.98,7.63,85.49,30.15,25.03,27.83,3.22
1996,Tanza,14.36,120.85,9,16.1,3.56,0.98,12.42,85.53,30.7,24.98,28.13,3.37
1996,Tanza,14.36,120.85,10,17.37,3.06,0.95,3.71,84.11,30.81,25.05,28.27,2.87
1996,Tanza,14.36,120.85,11,14.37,3.48,0.96,6.92,86.45,30.15,24.04,27.38,4.87
1996,Tanza,14.36,120.85,12,15.87,3.76,0.86,0.81,81.52,29.07,20.23,26.09,5.45
1996,Ternate,14.28,120.7,1,15.56,2.93,0.78,0.49,82.75,29.59,20.85,26.08,5.1
1996,Ternate,14.28,120.7,2,19.01,2.24,0.65,0.24,76.03,31.55,20.56,26.85,5.62
1996,Ternate,14.28,120.7,3,21.36,0.57,0.59,0.35,72.03,33.84,22.98,29.41,5.06
1996,Ternate,14.28,120.7,4,21.13,1.4,0.61,1.59,75.08,32.89,24.3,29.92,3.88
1996,Ternate,14.28,120.7,5,19.89,1.8,0.65,4.49,78.38,33.55,25.74,29.8,3.31
1996,Ternate,14.28,120.7,6,20.44,2.77,0.77,5.02,80.26,33.01,25.5,29.32,2.88
1996,Ternate,14.28,120.7,7,15.7,2.73,0.87,13.39,84.0,30.8,25.99,28.84,4.23
1996,Ternate,14.28,120.7,8,18.79,3.39,0.98,7.63,85.49,30.15,25.03,27.83,3.22
1996,Ternate,14.28,120.7,9,16.1,3.56,0.98,12.42,85.53,30.7,24.98,28.13,3.37
1996,Ternate,14.28,120.7,10,17.37,3.06,0.95,3.71,84.11,30.81,25.05,28.27,2.87
1996,Ternate,14.28,120.7,11,14.37,3.48,0.96,6.92,86.45,30.15,24.04,27.38,4.87
1996,Ternate,14.28,120.7,12,15.87,3.76,0.86,0.81,81.52,29.07,20.23,26.09,5.45
1996,Trece Martires City,14.28,120.86,1,15.56,2.93,0.78,0.49,82.75,29.59,20.85,26.08,5.1
1996,Trece Martires City,14.28,120.86,2,19.01,2.24,0.65,0.24,76.03,31.55,20.56,26.85,5.62
1996,Trece Martires City,14.28,120.86,3,21.36,0.57,0.59,0.35,72.03,33.84,22.98,29.41,5.06
1996,Trece Martires City,14.28,120.86,4,21.13,1.4,0.61,1.59,75.08,32.89,24.3,29.92,3.88
1996,Trece Martires City,14.28,120.86,5,19.89,1.8,0.65,4.49,78.38,33.55,25.74,29.8,3.31
1996,Trece Martires City,14.28,120.86,6,20.44,2.77,0.77,5.02,80.26,33.01,25.5,29.32,2.88
1996,Trece Martires City,14.28,120.86,7,15.7,2.73,0.87,13.39,84.0,30.8,25.99,28.84,4.23
1996,Trece Martires City,14.28,120.86,8,18.79,3.39,0.98,7.63,85.49,30.15,25.03,27.83,3.22
1996,Trece Martires City,14.28,120.86,9,16.1,3.56,0.98,12.42,85.53,30.7,24.98,28.13,3.37
1996,Trece Martires City,14.28,120.86,10,17.37,3.06,0.95,3.71,84.11,30.81,25.05,28.27,2.87
1996,Trece Martires City,14.28,120.86,11,14.37,3.48,0.96,6.92,86.45,30.15,24.04,27.38,4.87
1996,Trece Martires City,14.28,120.86,12,15.87,3.76,0.86,0.81,81.52,29.07,20.23,26.09,5.45
1997,Alfonso,14.14,120.85,1,16.76,3.42,0.62,0.33,80.38,28.83,21.61,25.39,4.43
1997,Alfonso,14.14,120.85,2,18.1,2.51,0.52,1.39,79.66,30.14,21.81,26.37,4.89
1997,Alfonso,14.14,120.85,3,21.75,1.19,0.47,0.31,71.96,32.39,21.95,27.43,3.61
1997,Alfonso,14.14,120.85,4,22.86,0.96,0.45,0.83,67.89,34.02,24.57,29.66,2.75
1997,Alfonso,14.14,120.85,5,20.25,2.02,0.51,8.11,75.05,34.12,25.82,29.44,3.65
1997,Alfonso,14.14,120.85,6,20.3,4.02,0.72,6.48,82.81,30.62,25.82,28.39,2.77
1997,Alfonso,14.14,120.85,7,17.16,3.47,0.88,10.87,86.86,29.78,25.5,27.78,2.76
1997,Alfonso,14.14,120.85,8,15.27,4.05,0.96,10.97,88.65,28.92,25.08,27.27,4.36
1997,Alfonso,14.14,120.85,9,17.7,3.64,0.93,3.99,85.18,30.49,25.21,27.64,2.61
1997,Alfonso,14.14,120.85,10,18.96,4.86,0.83,1.59,82.17,30.76,24.8,28.09,3.22
1997,Alfonso,14.14,120.85,11,17.98,4.56,0.64,1.34,80.41,30.66,23.59,27.71,3.98
1997,Alfonso,14.14,120.85,12,16.66,2.34,0.52,0.84,77.46,30.47,22.72,27.19,4.54
1997,Amadeo,14.17,120.92,1,16.76,3.42,0.62,0.33,80.38,28.83,21.61,25.39,4.43
1997,Amadeo,14.17,120.92,2,18.1,2.51,0.52,1.39,79.66,30.14,21.81,26.37,4.89
1997,Amadeo,14.17,120.92,3,21.75,1.19,0.47,0.31,71.96,32.39,21.95,27.43,3.61
1997,Amadeo,14.17,120.92,4,22.86,0.96,0.45,0.83,67.89,34.02,24.57,29.66,2.75
1997,Amadeo,14.17,120.92,5,20.25,2.02,0.51,8.11,75.05,34.12,25.82,29.44,3.65
1997,Amadeo,14.17,120.92,6,20.3,4.02,0.72,6.48,82.81,30.62,25.82,28.39,2.77
1997,Amadeo,14.17,120.92,7,17.16,3.47,0.88,10.87,86.86,29.78,25.5,27.78,2.76
1997,Amadeo,14.17,120.92,8,15.27,4.05,0.96,10.97,88.65,28.92,25.08,27.27,4.36
1997,Amadeo,14.17,120.92,9,17.7,3.64,0.93,3.99,85.18,30.49,25.21,27.64,2.61
1997,Amadeo,14.17,120.92,10,18.96,4.86,0.83,1.59,82.17,30.76,24.8,28.09,3.22
1997,Amadeo,14.17,120.92,11,17.98,4.56,0.64,1.34,80.41,30.66,23.59,27.71,3.98
1997,Amadeo,14.17,120.92,12,16.66,2.34,0.52,0.84,77.46,30.47,22.72,27.19,4.54
1997,Bacoor City,14.46,120.94,1,16.76,4.17,0.82,2.37,84.77,29.31,18.24,22.92,1.66
1997,Bacoor City,14.46,120.94,2,18.1,4.1,0.76,4.67,83.46,30.58,18.3,24.37,1.93
1997,Bacoor City,14.46,120.94,3,21.75,3.27,0.7,1.67,76.59,34.69,18.74,25.44,1.56
1997,Bacoor City,14.46,120.94,4,22.86,2.19,0.63,1.5,71.86,34.69,21.24,28.18,1.34
1997,Bacoor City,14.46,120.94,5,20.25,2.78,0.67,7.0,77.48,36.51,21.61,27.82,1.49
1997,Bacoor City,14.46,120.94,6,20.3,3.51,0.75,3.7,81.77,33.37,23.64,27.43,1.09
1997,Bacoor City,14.46,120.94,7,17.16,3.33,0.88,10.26,89.44,32.25,23.0,26.29,1.08
1997,Bacoor City,14.46,120.94,8,15.27,3.84,0.94,6.22,89.75,30.1,23.38,25.86,1.68
1997,Bacoor City,14.46,120.94,9,17.7,3.8,0.93,6.34,87.98,31.0,23.15,26.13,1.04
1997,Bacoor City,14.46,120.94,10,18.96,4.51,0.87,2.27,84.9,31.89,21.46,26.5,1.28
1997,Bacoor City,14.46,120.94,11,17.98,4.06,0.76,3.35,82.92,31.58,20.41,25.96,1.51
1997,Bacoor City,14.46,120.94,12,16.66,3.65,0.73,3.88,82.47,30.83,19.29,24.81,1.73
1997,Carmona,14.31,121.05,1,14.75,4.17,0.82,2.37,84.77,29.31,18.24,22.92,1.66
1997,Carmona,14.31,121.05,2,15.37,4.1,0.76,4.67,83.46,30.58,18.3,24.37,1.93
1997,Carmona,14.31,121.05,3,20.59,3.27,0.7,1.67,76.59,34.69,18.74,25.44,1.56
1997,Carmona,14.31,121.05,4,21.72,2.19,0.63,1.5,71.86,34.69,21.24,28.18,1.34
1997,Carmona,14.31,121.05,5,20.49,2.78,0.67,7.0,77.48,36.51,21.61,27.82,1.49
1997,Carmona,14.31,121.05,6,20.91,3.51,0.75,3.7,81.77,33.37,23.64,27.43,1.09
1997,Carmona,14.31,121.05,7,16.91,3.33,0.88,10.26,89.44,32.25,23.0,26.29,1.08
1997,Carmona,14.31,121.05,8,16.88,3.84,0.94,6.22,89.75,30.1,23.38,25.86,1.68
1997,Carmona,14.31,121.05,9,17.69,3.8,0.93,6.34,87.98,31.0,23.15,26.13,1.04
1997,Carmona,14.31,121.05,10,17.07,4.51,0.87,2.27,84.9,31.89,21.46,26.5,1.28
1997,Carmona,14.31,121.05,11,16.58,4.06,0.76,3.35,82.92,31.58,20.41,25.96,1.51
1997,Carmona,14.31,121.05,12,14.4,3.65,0.73,3.88,82.47,30.83,19.29,24.81,1.73
1997,Cavite City,14.48,120.9,1,16.76,2.65,0.7,0.32,77.94,29.48,20.79,26.09,4.4
1997,Cavite City,14.48,120.9,2,18.1,1.68,0.62,1.04,76.15,31.07,21.23,27.5,5.26
1997,Cavite City,14.48,120.9,3,21.75,0.56,0.6,0.27,68.61,32.98,21.29,29.56,4.03
1997,Cavite City,14.48,120.9,4,22.86,0.71,0.59,0.75,65.12,34.56,24.27,32.1,3.17
1997,Cavite City,14.48,120.9,5,20.25,1.7,0.66,11.66,72.8,35.04,25.08,30.83,4.22
1997,Cavite City,14.48,120.9,6,20.3,3.85,0.91,8.27,83.22,31.12,25.83,28.61,3.15
1997,Cavite City,14.48,120.9,7,17.16,3.13,0.98,12.5,86.98,29.55,24.98,27.81,2.97
1997,Cavite City,14.48,120.9,8,15.27,3.63,1.0,21.06,88.39,28.69,25.22,27.21,5.13
1997,Cavite City,14.48,120.9,9,17.7,3.2,0.97,4.3,85.14,30.66,24.98,27.69,2.64
1997,Cavite City,14.48,120.9,10,18.96,4.01,0.88,1.49,80.81,31.15,24.08,28.53,3.3
1997,Cavite City,14.48,120.9,11,17.98,3.16,0.72,0.88,76.99,31.79,23.03,28.67,4.04
1997,Cavite City,14.48,120.9,12,16.66,1.65,0.62,0.56,74.56,31.27,22.06,28.18,4.65
1997,Dasmarinas City,14.33,120.93,1,16.76,2.65,0.7,0.32,77.94,29.48,20.79,26.09,4.4
1997,Dasmarinas City,14.33,120.93,2,18.1,1.68,0.62,1.04,76.15,31.07,21.23,27.5,5.26
1997,Dasmarinas City,14.33,120.93,3,21.75,0.56,0.6,0.27,68.61,32.98,21.29,29.56,4.03
1997,Dasmarinas City,14.33,120.93,4,22.86,0.71,0.59,0.75,65.12,34.56,24.27,32.1,3.17
1997,Dasmarinas City,14.33,120.93,5,20.25,1.7,0.66,11.66,72.8,35.04,25.08,30.83,4.22
1997,Dasmarinas City,14.33,120.93,6,20.3,3.85,0.91,8.27,83.22,31.12,25.83,28.61,3.15
1997,Dasmarinas City,14.33,120.93,7,17.16,3.13,0.98,12.5,86.98,29.55,24.98,27.81,2.97
1997,Dasmarinas City,14.33,120.93,8,15.27,3.63,1.0,21.06,88.39,28.69,25.22,27.21,5.13
1997,Dasmarinas City,14.33,120.93,9,17.7,3.2,0.97,4.3,85.14,30.66,24.98,27.69,2.64
1997,Dasmarinas City,14.33,120.93,10,18.96,4.01,0.88,1.49,80.81,31.15,24.08,28.53,3.3
1997,Dasmarinas City,14.33,120.93,11,17.98,3.16,0.72,0.88,76.99,31.79,23.03,28.67,4.04
1997,Dasmarinas City,14.33,120.93,12,16.66,1.65,0.62,0.56,74.56,31.27,22.06,28.18,4.65
1997,General Emilio Aguinaldo,14.18,120.79,1,16.76,3.42,0.62,0.33,80.38,28.83,21.61,25.39,4.43
1997,General Emilio Aguinaldo,14.18,120.79,2,18.1,2.51,0.52,1.39,79.66,30.14,21.81,26.37,4.89
1997,General Emilio Aguinaldo,14.18,120.79,3,21.75,1.19,0.47,0.31,71.96,32.39,21.95,27.43,3.61
1997,General Emilio Aguinaldo,14.18,120.79,4,22.86,0.96,0.45,0.83,67.89,34.02,24.57,29.66,2.75
1997,General Emilio Aguinaldo,14.18,120.79,5,20.25,2.02,0.51,8.11,75.05,34.12,25.82,29.44,3.65
1997,General Emilio Aguinaldo,14.18,120.79,6,20.3,4.02,0.72,6.48,82.81,30.62,25.82,28.39,2.77
1997,General Emilio Aguinaldo,14.18,120.79,7,17.16,3.47,0.88,10.87,86.86,29.78,25.5,27.78,2.76
1997,General Emilio Aguinaldo,14.18,120.79,8,15.27,4.05,0.96,10.97,88.65,28.92,25.08,27.27,4.36
1997,General Emilio Aguinaldo,14.18,120.79,9,17.7,3.64,0.93,3.99,85.18,30.49,25.21,27.64,2.61
1997,General Emilio Aguinaldo,14.18,120.79,10,18.96,4.86,0.83,1.59,82.17,30.76,24.8,28.09,3.22
1997,General Emilio Aguinaldo,14.18,120.79,11,17.98,4.56,0.64,1.34,80.41,30.66,23.59,27.71,3.98
1997,General Emilio Aguinaldo,14.18,120.79,12,16.66,2.34,0.52,0.84,77.46,30.47,22.72,27.19,4.54
1997,General Mariano Alvarez,14.3,121.0,1,14.75,4.17,0.82,2.37,84.77,29.31,18.24,22.92,1.66
1997,General Mariano Alvarez,14.3,121.0,2,15.37,4.1,0.76,4.67,83.46,30.58,18.3,24.37,1.93
1997,General Mariano Alvarez,14.3,121.0,3,20.59,3.27,0.7,1.67,76.59,34.69,18.74,25.44,1.56
1997,General Mariano Alvarez,14.3,121.0,4,21.72,2.19,0.63,1.5,71.86,34.69,21.24,28.18,1.34
1997,General Mariano Alvarez,14.3,121.0,5,20.49,2.78,0.67,7.0,77.48,36.51,21.61,27.82,1.49
1997,General Mariano Alvarez,14.3,121.0,6,20.91,3.51,0.75,3.7,81.77,33.37,23.64,27.43,1.09
1997,General Mariano Alvarez,14.3,121.0,7,16.91,3.33,0.88,10.26,89.44,32.25,23.0,26.29,1.08
1997,General Mariano Alvarez,14.3,121.0,8,16.88,3.84,0.94,6.22,89.75,30.1,23.38,25.86,1.68
1997,General Mariano Alvarez,14.3,121.0,9,17.69,3.8,0.93,6.34,87.98,31.0,23.15,26.13,1.04
1997,General Mariano Alvarez,14.3,121.0,10,17.07,4.51,0.87,2.27,84.9,31.89,21.46,26.5,1.28
1997,General Mariano Alvarez,14.3,121.0,11,16.58,4.06,0.76,3.35,82.92,31.58,20.41,25.96,1.51
1997,General Mariano Alvarez,14.3,121.0,12,14.4,3.65,0.73,3.88,82.47,30.83,19.29,24.81,1.73
1997,General Trias,14.38,120.88,1,16.76,2.65,0.7,0.32,77.94,29.48,20.79,26.09,4.4
1997,General Trias,14.38,120.88,2,18.1,1.68,0.62,1.04,76.15,31.07,21.23,27.5,5.26
1997,General Trias,14.38,120.88,3,21.75,0.56,0.6,0.27,68.61,32.98,21.29,29.56,4.03
1997,General Trias,14.38,120.88,4,22.86,0.71,0.59,0.75,65.12,34.56,24.27,32.1,3.17
1997,General Trias,14.38,120.88,5,20.25,1.7,0.66,11.66,72.8,35.04,25.08,30.83,4.22
1997,General Trias,14.38,120.88,6,20.3,3.85,0.91,8.27,83.22,31.12,25.83,28.61,3.15
1997,General Trias,14.38,120.88,7,17.16,3.13,0.98,12.5,86.98,29.55,24.98,27.81,2.97
1997,General Trias,14.38,120.88,8,15.27,3.63,1.0,21.06,88.39,28.69,25.22,27.21,5.13
1997,General Trias,14.38,120.88,9,17.7,3.2,0.97,4.3,85.14,30.66,24.98,27.69,2.64
1997,General Trias,14.38,120.88,10,18.96,4.01,0.88,1.49,80.81,31.15,24.08,28.53,3.3
1997,General Trias,14.38,120.88,11,17.98,3.16,0.72,0.88,76.99,31.79,23.03,28.67,4.04
1997,General Trias,14.38,120.88,12,16.66,1.65,0.62,0.56,74.56,31.27,22.06,28.18,4.65
1997,Imus City,14.43,120.93,1,16.76,2.65,0.7,0.32,77.94,29.48,20.79,26.09,4.4
1997,Imus City,14.43,120.93,2,18.1,1.68,0.62,1.04,76.15,31.07,21.23,27.5,5.26
1997,Imus City,14.43,120.93,3,21.75,0.56,0.6,0.27,68.61,32.98,21.29,29.56,4.03
1997,Imus City,14.43,120.93,4,22.86,0.71,0.59,0.75,65.12,34.56,24.27,32.1,3.17
1997,Imus City,14.43,120.93,5,20.25,1.7,0.66,11.66,72.8,35.04,25.08,30.83,4.22
1997,Imus City,14.43,120.93,6,20.3,3.85,0.91,8.27,83.22,31.12,25.83,28.61,3.15
1997,Imus City,14.43,120.93,7,17.16,3.13,0.98,12.5,86.98,29.55,24.98,27.81,2.97
1997,Imus City,14.43,120.93,8,15.27,3.63,1.0,21.06,88.39,28.69,25.22,27.21,5.13
1997,Imus City,14.43,120.93,9,17.7,3.2,0.97,4.3,85.14,30.66,24.98,27.69,2.64
1997,Imus City,14.43,120.93,10,18.96,4.01,0.88,1.49,80.81,31.15,24.08,28.53,3.3
1997,Imus City,14.43,120.93,11,17.98,3.16,0.72,0.88,76.99,31.79,23.03,28.67,4.04
1997,Imus City,14.43,120.93,12,16.66,1.65,0.62,0.56,74.56,31.27,22.06,28.18,4.65
1997,Indang,14.19,120.87,1,16.76,3.42,0.62,0.33,80.38,28.83,21.61,25.39,4.43
1997,Indang,14.19,120.87,2,18.1,2.51,0.52,1.39,79.66,30.14,21.81,26.37,4.89
1997,Indang,14.19,120.87,3,21.75,1.19,0.47,0.31,71.96,32.39,21.95,27.43,3.61
1997,Indang,14.19,120.87,4,22.86,0.96,0.45,0.83,67.89,34.02,24.57,29.66,2.75
1997,Indang,14.19,120.87,5,20.25,2.02,0.51,8.11,75.05,34.12,25.82,29.44,3.65
1997,Indang,14.19,120.87,6,20.3,4.02,0.72,6.48,82.81,30.62,25.82,28.39,2.77
1997,Indang,14.19,120.87,7,17.16,3.47,0.88,10.87,86.86,29.78,25.5,27.78,2.76
1997,Indang,14.19,120.87,8,15.27,4.05,0.96,10.97,88.65,28.92,25.08,27.27,4.36
1997,Indang,14.19,120.87,9,17.7,3.64,0.93,3.99,85.18,30.49,25.21,27.64,2.61
1997,Indang,14.19,120.87,10,18.96,4.86,0.83,1.59,82.17,30.76,24.8,28.09,3.22
1997,Indang,14.19,120.87,11,17.98,4.56,0.64,1.34,80.41,30.66,23.59,27.71,3.98
1997,Indang,14.19,120.87,12,16.66,2.34,0.52,0.84,77.46,30.47,22.72,27.19,4.54
1997,Kawit,14.44,120.9,1,16.76,2.65,0.7,0.32,77.94,29.48,20.79,26.09,4.4
1997,Kawit,14.44,120.9,2,18.1,1.68,0.62,1.04,76.15,31.07,21.23,27.5,5.26
1997,Kawit,14.44,120.9,3,21.75,0.56,0.6,0.27,68.61,32.98,21.29,29.56,4.03
1997,Kawit,14.44,120.9,4,22.86,0.71,0.59,0.75,65.12,34.56,24.27,32.1,3.17
1997,Kawit,14.44,120.9,5,20.25,1.7,0.66,11.66,72.8,35.04,25.08,30.83,4.22
1997,Kawit,14.44,120.9,6,20.3,3.85,0.91,8.27,83.22,31.12,25.83,28.61,3.15
1997,Kawit,14.44,120.9,7,17.16,3.13,0.98,12.5,86.98,29.55,24.98,27.81,2.97
1997,Kawit,14.44,120.9,8,15.27,3.63,1.0,21.06,88.39,28.69,25.22,27.21,5.13
1997,Kawit,14.44,120.9,9,17.7,3.2,0.97,4.3,85.14,30.66,24.98,27.69,2.64
1997,Kawit,14.44,120.9,10,18.96,4.01,0.88,1.49,80.81,31.15,24.08,28.53,3.3
1997,Kawit,14.44,120.9,11,17.98,3.16,0.72,0.88,76.99,31.79,23.03,28.67,4.04
1997,Kawit,14.44,120.9,12,16.66,1.65,0.62,0.56,74.56,31.27,22.06,28.18,4.65
1997,Magallanes,14.19,120.73,1,16.76,3.42,0.62,0.33,80.38,28.83,21.61,25.39,4.43
1997,Magallanes,14.19,120.73,2,18.1,2.51,0.52,1.39,79.66,30.14,21.81,26.37,4.89
1997,Magallanes,14.19,120.73,3,21.75,1.19,0.47,0.31,71.96,32.39,21.95,27.43,3.61
1997,Magallanes,14.19,120.73,4,22.86,0.96,0.45,0.83,67.89,34.02,24.57,29.66,2.75
1997,Magallanes,14.19,120.73,5,20.25,2.02,0.51,8.11,75.05,34.12,25.82,29.44,3.65
1997,Magallanes,14.19,120.73,6,20.3,4.02,0.72,6.48,82.81,30.62,25.82,28.39,2.77
1997,Magallanes,14.19,120.73,7,17.16,3.47,0.88,10.87,86.86,29.78,25.5,27.78,2.76
1997,Magallanes,14.19,120.73,8,15.27,4.05,0.96,10.97,88.65,28.92,25.08,27.27,4.36
1997,Magallanes,14.19,120.73,9,17.7,3.64,0.93,3.99,85.18,30.49,25.21,27.64,2.61
1997,Magallanes,14.19,120.73,10,18.96,4.86,0.83,1.59,82.17,30.76,24.8,28.09,3.22
1997,Magallanes,14.19,120.73,11,17.98,4.56,0.64,1.34,80.41,30.66,23.59,27.71,3.98
1997,Magallanes,14.19,120.73,12,16.66,2.34,0.52,0.84,77.46,30.47,22.72,27.19,4.54
1997,Maragondon,14.27,120.73,1,16.76,2.65,0.7,0.32,77.94,29.48,20.79,26.09,4.4
1997,Maragondon,14.27,120.73,2,18.1,1.68,0.62,1.04,76.15,31.07,21.23,27.5,5.26
1997,Maragondon,14.27,120.73,3,21.75,0.56,0.6,0.27,68.61,32.98,21.29,29.56,4.03
1997,Maragondon,14.27,120.73,4,22.86,0.71,0.59,0.75,65.12,34.56,24.27,32.1,3.17
1997,Maragondon,14.27,120.73,5,20.25,1.7,0.66,11.66,72.8,35.04,25.08,30.83,4.22
1997,Maragondon,14.27,120.73,6,20.3,3.85,0.91,8.27,83.22,31.12,25.83,28.61,3.15
1997,Maragondon,14.27,120.73,7,17.16,3.13,0.98,12.5,86.98,29.55,24.98,27.81,2.97
1997,Maragondon,14.27,120.73,8,15.27,3.63,1.0,21.06,88.39,28.69,25.22,27.21,5.13
1997,Maragondon,14.27,120.73,9,17.7,3.2,0.97,4.3,85.14,30.66,24.98,27.69,2.64
1997,Maragondon,14.27,120.73,10,18.96,4.01,0.88,1.49,80.81,31.15,24.08,28.53,3.3
1997,Maragondon,14.27,120.73,11,17.98,3.16,0.72,0.88,76.99,31.79,23.03,28.67,4.04
1997,Maragondon,14.27,120.73,12,16.66,1.65,0.62,0.56,74.56,31.27,22.06,28.18,4.65
1997,Mendez,14.13,120.9,1,16.76,3.42,0.62,0.33,80.38,28.83,21.61,25.39,4.43
1997,Mendez,14.13,120.9,2,18.1,2.51,0.52,1.39,79.66,30.14,21.81,26.37,4.89
1997,Mendez,14.13,120.9,3,21.75,1.19,0.47,0.31,71.96,32.39,21.95,27.43,3.61
1997,Mendez,14.13,120.9,4,22.86,0.96,0.45,0.83,67.89,34.02,24.57,29.66,2.75
1997,Mendez,14.13,120.9,5,20.25,2.02,0.51,8.11,75.05,34.12,25.82,29.44,3.65
1997,Mendez,14.13,120.9,6,20.3,4.02,0.72,6.48,82.81,30.62,25.82,28.39,2.77
1997,Mendez,14.13,120.9,7,17.16,3.47,0.88,10.87,86.86,29.78,25.5,27.78,2.76
1997,Mendez,14.13,120.9,8,15.27,4.05,0.96,10.97,88.65,28.92,25.08,27.27,4.36
1997,Mendez,14.13,120.9,9,17.7,3.64,0.93,3.99,85.18,30.49,25.21,27.64,2.61
1997,Mendez,14.13,120.9,10,18.96,4.86,0.83,1.59,82.17,30.76,24.8,28.09,3.22
1997,Mendez,14.13,120.9,11,17.98,4.56,0.64,1.34,80.41,30.66,23.59,27.71,3.98
1997,Mendez,14.13,120.9,12,16.66,2.34,0.52,0.84,77.46,30.47,22.72,27.19,4.54
1997,Naic,14.32,120.77,1,16.76,2.65,0.7,0.32,77.94,29.48,20.79,26.09,4.4
1997,Naic,14.32,120.77,2,18.1,1.68,0.62,1.04,76.15,31.07,21.23,27.5,5.26
1997,Naic,14.32,120.77,3,21.75,0.56,0.6,0.27,68.61,32.98,21.29,29.56,4.03
1997,Naic,14.32,120.77,4,22.86,0.71,0.59,0.75,65.12,34.56,24.27,32.1,3.17
1997,Naic,14.32,120.77,5,20.25,1.7,0.66,11.66,72.8,35.04,25.08,30.83,4.22
1997,Naic,14.32,120.77,6,20.3,3.85,0.91,8.27,83.22,31.12,25.83,28.61,3.15
1997,Naic,14.32,120.77,7,17.16,3.13,0.98,12.5,86.98,29.55,24.98,27.81,2.97
1997,Naic,14.32,120.77,8,15.27,3.63,1.0,21.06,88.39,28.69,25.22,27.21,5.13
1997,Naic,14.32,120.77,9,17.7,3.2,0.97,4.3,85.14,30.66,24.98,27.69,2.64
1997,Naic,14.32,120.77,10,18.96,4.01,0.88,1.49,80.81,31.15,24.08,28.53,3.3
1997,Naic,14.32,120.77,11,17.98,3.16,0.72,0.88,76.99,31.79,23.03,28.67,4.04
1997,Naic,14.32,120.77,12,16.66,1.65,0.62,0.56,74.56,31.27,22.06,28.18,4.65
1997,Noveleta,14.43,120.88,1,16.76,2.65,0.7,0.32,77.94,29.48,20.79,26.09,4.4
1997,Noveleta,14.43,120.88,2,18.1,1.68,0.62,1.04,76.15,31.07,21.23,27.5,5.26
1997,Noveleta,14.43,120.88,3,21.75,0.56,0.6,0.27,68.61,32.98,21.29,29.56,4.03
1997,Noveleta,14.43,120.88,4,22.86,0.71,0.59,0.75,65.12,34.56,24.27,32.1,3.17
1997,Noveleta,14.43,120.88,5,20.25,1.7,0.66,11.66,72.8,35.04,25.08,30.83,4.22
1997,Noveleta,14.43,120.88,6,20.3,3.85,0.91,8.27,83.22,31.12,25.83,28.61,3.15
1997,Noveleta,14.43,120.88,7,17.16,3.13,0.98,12.5,86.98,29.55,24.98,27.81,2.97
1997,Noveleta,14.43,120.88,8,15.27,3.63,1.0,21.06,88.39,28.69,25.22,27.21,5.13
1997,Noveleta,14.43,120.88,9,17.7,3.2,0.97,4.3,85.14,30.66,24.98,27.69,2.64
1997,Noveleta,14.43,120.88,10,18.96,4.01,0.88,1.49,80.81,31.15,24.08,28.53,3.3
1997,Noveleta,14.43,120.88,11,17.98,3.16,0.72,0.88,76.99,31.79,23.03,28.67,4.04
1997,Noveleta,14.43,120.88,12,16.66,1.65,0.62,0.56,74.56,31.27,22.06,28.18,4.65
1997,Rosario,14.41,120.85,1,16.76,2.65,0.7,0.32,77.94,29.48,20.79,26.09,4.4
1997,Rosario,14.41,120.85,2,18.1,1.68,0.62,1.04,76.15,31.07,21.23,27.5,5.26
1997,Rosario,14.41,120.85,3,21.75,0.56,0.6,0.27,68.61,32.98,21.29,29.56,4.03
1997,Rosario,14.41,120.85,4,22.86,0.71,0.59,0.75,65.12,34.56,24.27,32.1,3.17
1997,Rosario,14.41,120.85,5,20.25,1.7,0.66,11.66,72.8,35.04,25.08,30.83,4.22
1997,Rosario,14.41,120.85,6,20.3,3.85,0.91,8.27,83.22,31.12,25.83,28.61,3.15
1997,Rosario,14.41,120.85,7,17.16,3.13,0.98,12.5,86.98,29.55,24.98,27.81,2.97
1997,Rosario,14.41,120.85,8,15.27,3.63,1.0,21.06,88.39,28.69,25.22,27.21,5.13
1997,Rosario,14.41,120.85,9,17.7,3.2,0.97,4.3,85.14,30.66,24.98,27.69,2.64
1997,Rosario,14.41,120.85,10,18.96,4.01,0.88,1.49,80.81,31.15,24.08,28.53,3.3
1997,Rosario,14.41,120.85,11,17.98,3.16,0.72,0.88,76.99,31.79,23.03,28.67,4.04
1997,Rosario,14.41,120.85,12,16.66,1.65,0.62,0.56,74.56,31.27,22.06,28.18,4.65
1997,Silang,14.23,120.97,1,16.76,4.36,0.82,1.77,86.81,29.25,17.99,23.01,1.61
1997,Silang,14.23,120.97,2,18.1,4.66,0.72,4.47,85.41,30.31,18.74,24.36,1.84
1997,Silang,14.23,120.97,3,21.75,3.5,0.66,1.51,78.02,33.85,18.65,25.37,1.52
1997,Silang,14.23,120.97,4,22.86,1.97,0.58,1.15,70.56,35.41,21.92,28.51,1.33
1997,Silang,14.23,120.97,5,20.25,2.61,0.61,5.52,77.01,36.44,22.4,28.15,1.49
1997,Silang,14.23,120.97,6,20.3,2.95,0.67,3.42,79.62,34.1,23.77,27.83,1.04
1997,Silang,14.23,120.97,7,17.16,3.1,0.8,9.2,89.24,31.4,23.11,26.5,1.07
1997,Silang,14.23,120.97,8,15.27,3.67,0.89,4.54,88.57,31.02,23.2,26.17,1.61
1997,Silang,14.23,120.97,9,17.7,3.71,0.88,6.21,87.65,33.89,23.14,26.32,1.03
1997,Silang,14.23,120.97,10,18.96,4.37,0.86,2.44,85.92,32.13,21.81,26.61,1.27
1997,Silang,14.23,120.97,11,17.98,4.54,0.77,4.08,85.7,31.4,20.13,25.75,1.46
1997,Silang,14.23,120.97,12,16.66,4.01,0.74,4.22,84.97,30.62,19.15,24.84,1.69
1997,Tagaytay City,14.11,120.96,1,16.76,4.36,0.82,1.77,86.81,29.25,17.99,23.01,1.61
1997,Tagaytay City,14.11,120.96,2,18.1,4.66,0.72,4.47,85.41,30.31,18.74,24.36,1.84
1997,Tagaytay City,14.11,120.96,3,21.75,3.5,0.66,1.51,78.02,33.85,18.65,25.37,1.52
1997,Tagaytay City,14.11,120.96,4,22.86,1.97,0.58,1.15,70.56,35.41,21.92,28.51,1.33
1997,Tagaytay City,14.11,120.96,5,20.25,2.61,0.61,5.52,77.01,36.44,22.4,28.15,1.49
1997,Tagaytay City,14.11,120.96,6,20.3,2.95,0.67,3.42,79.62,34.1,23.77,27.83,1.04
1997,Tagaytay City,14.11,120.96,7,17.16,3.1,0.8,9.2,89.24,31.4,23.11,26.5,1.07
1997,Tagaytay City,14.11,120.96,8,15.27,3.67,0.89,4.54,88.57,31.02,23.2,26.17,1.61
1997,Tagaytay City,14.11,120.96,9,17.7,3.71,0.88,6.21,87.65,33.89,23.14,26.32,1.03
1997,Tagaytay City,14.11,120.96,10,18.96,4.37,0.86,2.44,85.92,32.13,21.81,26.61,1.27
1997,Tagaytay City,14.11,120.96,11,17.98,4.54,0.77,4.08,85.7,31.4,20.13,25.75,1.46
1997,Tagaytay City,14.11,120.96,12,16.66,4.01,0.74,4.22,84.97,30.62,19.15,24.84,1.69
1997,Tanza,14.36,120.85,1,16.76,2.65,0.7,0.32,77.94,29.48,20.79,26.09,4.4
1997,Tanza,14.36,120.85,2,18.1,1.68,0.62,1.04,76.15,31.07,21.23,27.5,5.26
1997,Tanza,14.36,120.85,3,21.75,0.56,0.6,0.27,68.61,32.98,21.29,29.56,4.03
1997,Tanza,14.36,120.85,4,22.86,0.71,0.59,0.75,65.12,34.56,24.27,32.1,3.17
1997,Tanza,14.36,120.85,5,20.25,1.7,0.66,11.66,72.8,35.04,25.08,30.83,4.22
1997,Tanza,14.36,120.85,6,20.3,3.85,0.91,8.27,83.22,31.12,25.83,28.61,3.15
1997,Tanza,14.36,120.85,7,17.16,3.13,0.98,12.5,86.98,29.55,24.98,27.81,2.97
1997,Tanza,14.36,120.85,8,15.27,3.63,1.0,21.06,88.39,28.69,25.22,27.21,5.13
1997,Tanza,14.36,120.85,9,17.7,3.2,0.97,4.3,85.14,30.66,24.98,27.69,2.64
1997,Tanza,14.36,120.85,10,18.96,4.01,0.88,1.49,80.81,31.15,24.08,28.53,3.3
1997,Tanza,14.36,120.85,11,17.98,3.16,0.72,0.88,76.99,31.79,23.03,28.67,4.04
1997,Tanza,14.36,120.85,12,16.66,1.65,0.62,0.56,74.56,31.27,22.06,28.18,4.65
1997,Ternate,14.28,120.7,1,16.76,2.65,0.7,0.32,77.94,29.48,20.79,26.09,4.4
1997,Ternate,14.28,120.7,2,18.1,1.68,0.62,1.04,76.15,31.07,21.23,27.5,5.26
1997,Ternate,14.28,120.7,3,21.75,0.56,0.6,0.27,68.61,32.98,21.29,29.56,4.03
1997,Ternate,14.28,120.7,4,22.86,0.71,0.59,0.75,65.12,34.56,24.27,32.1,3.17
1997,Ternate,14.28,120.7,5,20.25,1.7,0.66,11.66,72.8,35.04,25.08,30.83,4.22
1997,Ternate,14.28,120.7,6,20.3,3.85,0.91,8.27,83.22,31.12,25.83,28.61,3.15
1997,Ternate,14.28,120.7,7,17.16,3.13,0.98,12.5,86.98,29.55,24.98,27.81,2.97
1997,Ternate,14.28,120.7,8,15.27,3.63,1.0,21.06,88.39,28.69,25.22,27.21,5.13
1997,Ternate,14.28,120.7,9,17.7,3.2,0.97,4.3,85.14,30.66,24.98,27.69,2.64
1997,Ternate,14.28,120.7,10,18.96,4.01,0.88,1.49,80.81,31.15,24.08,28.53,3.3
1997,Ternate,14.28,120.7,11,17.98,3.16,0.72,0.88,76.99,31.79,23.03,28.67,4.04
1997,Ternate,14.28,120.7,12,16.66,1.65,0.62,0.56,74.56,31.27,22.06,28.18,4.65
1997,Trece Martires City,14.28,120.86,1,16.76,2.65,0.7,0.32,77.94,29.48,20.79,26.09,4.4
1997,Trece Martires City,14.28,120.86,2,18.1,1.68,0.62,1.04,76.15,31.07,21.23,27.5,5.26
1997,Trece Martires City,14.28,120.86,3,21.75,0.56,0.6,0.27,68.61,32.98,21.29,29.56,4.03
1997,Trece Martires City,14.28,120.86,4,22.86,0.71,0.59,0.75,65.12,34.56,24.27,32.1,3.17
1997,Trece Martires City,14.28,120.86,5,20.25,1.7,0.66,11.66,72.8,35.04,25.08,30.83,4.22
1997,Trece Martires City,14.28,120.86,6,20.3,3.85,0.91,8.27,83.22,31.12,25.83,28.61,3.15
1997,Trece Martires City,14.28,120.86,7,17.16,3.13,0.98,12.5,86.98,29.55,24.98,27.81,2.97
1997,Trece Martires City,14.28,120.86,8,15.27,3.63,1.0,21.06,88.39,28.69,25.22,27.21,5.13
1997,Trece Martires City,14.28,120.86,9,17.7,3.2,0.97,4.3,85.14,30.66,24.98,27.69,2.64
1997,Trece Martires City,14.28,120.86,10,18.96,4.01,0.88,1.49,80.81,31.15,24.08,28.53,3.3
1997,Trece Martires City,14.28,120.86,11,17.98,3.16,0.72,0.88,76.99,31.79,23.03,28.67,4.04
1997,Trece Martires City,14.28,120.86,12,16.66,1.65,0.62,0.56,74.56,31.27,22.06,28.18,4.65
1998,Alfonso,14.14,120.85,1,16.77,1.09,0.47,0.63,74.82,31.45,22.25,26.91,4.37
1998,Alfonso,14.14,120.85,2,20.22,0.51,0.45,0.07,70.59,33.43,22.96,28.2,3.27
1998,Alfonso,14.14,120.85,3,22.1,0.45,0.44,0.39,67.67,33.99,23.48,28.58,4.08
1998,Alfonso,14.14,120.85,4,23.65,0.61,0.44,0.68,66.21,35.0,24.71,29.93,3.51
1998,Alfonso,14.14,120.85,5,19.57,1.87,0.49,5.6,74.77,34.48,26.49,30.22,3.59
1998,Alfonso,14.14,120.85,6,20.71,3.5,0.63,6.34,79.18,32.67,26.42,29.5,2.35
1998,Alfonso,14.14,120.85,7,19.95,3.75,0.72,3.81,80.27,31.72,25.93,29.1,1.82
1998,Alfonso,14.14,120.85,8,19.22,3.47,0.79,6.59,83.62,30.86,25.98,28.68,2.32
1998,Alfonso,14.14,120.85,9,15.18,3.86,0.87,13.31,86.06,30.3,25.96,28.38,3.47
1998,Alfonso,14.14,120.85,10,14.6,3.64,0.98,13.59,87.4,30.64,26.01,28.15,3.85
1998,Alfonso,14.14,120.85,11,16.26,3.39,0.96,4.35,87.08,30.01,25.37,27.8,3.53
1998,Alfonso,14.14,120.85,12,13.64,4.01,0.96,9.57,87.8,29.39,24.68,27.27,4.67
1998,Amadeo,14.17,120.92,1,16.77,1.09,0.47,0.63,74.82,31.45,22.25,26.91,4.37
1998,Amadeo,14.17,120.92,2,20.22,0.51,0.45,0.07,70.59,33.43,22.96,28.2,3.27
1998,Amadeo,14.17,120.92,3,22.1,0.45,0.44,0.39,67.67,33.99,23.48,28.58,4.08
1998,Amadeo,14.17,120.92,4,23.65,0.61,0.44,0.68,66.21,35.0,24.71,29.93,3.51
1998,Amadeo,14.17,120.92,5,19.57,1.87,0.49,5.6,74.77,34.48,26.49,30.22,3.59
1998,Amadeo,14.17,120.92,6,20.71,3.5,0.63,6.34,79.18,32.67,26.42,29.5,2.35
1998,Amadeo,14.17,120.92,7,19.95,3.75,0.72,3.81,80.27,31.72,25.93,29.1,1.82
1998,Amadeo,14.17,120.92,8,19.22,3.47,0.79,6.59,83.62,30.86,25.98,28.68,2.32
1998,Amadeo,14.17,120.92,9,15.18,3.86,0.87,13.31,86.06,30.3,25.96,28.38,3.47
1998,Amadeo,14.17,120.92,10,14.6,3.64,0.98,13.59,87.4,30.64,26.01,28.15,3.85
1998,Amadeo,14.17,120.92,11,16.26,3.39,0.96,4.35,87.08,30.01,25.37,27.8,3.53
1998,Amadeo,14.17,120.92,12,13.64,4.01,0.96,9.57,87.8,29.39,24.68,27.27,4.67
1998,Bacoor City,14.46,120.94,1,16.77,2.5,0.66,1.7,77.74,33.72,18.66,25.0,1.74
1998,Bacoor City,14.46,120.94,2,20.22,1.68,0.63,0.55,74.41,34.94,19.25,26.6,1.47
1998,Bacoor City,14.46,120.94,3,22.1,1.53,0.6,1.25,69.94,36.34,19.39,27.02,1.75
1998,Bacoor City,14.46,120.94,4,23.65,0.9,0.57,0.56,66.47,37.36,21.83,28.99,1.62
1998,Bacoor City,14.46,120.94,5,19.57,1.94,0.6,3.7,76.04,36.16,24.12,28.96,1.5
1998,Bacoor City,14.46,120.94,6,20.71,2.73,0.68,5.12,78.57,35.06,23.48,28.59,1.01
1998,Bacoor City,14.46,120.94,7,19.95,3.6,0.78,5.29,81.72,35.4,23.87,27.73,0.87
1998,Bacoor City,14.46,120.94,8,19.22,3.63,0.84,5.91,85.6,31.88,23.74,27.13,0.98
1998,Bacoor City,14.46,120.94,9,15.18,3.45,0.88,8.45,88.49,32.17,23.59,26.62,1.28
1998,Bacoor City,14.46,120.94,10,14.6,3.78,0.98,14.8,90.96,30.3,23.75,26.29,1.53
1998,Bacoor City,14.46,120.94,11,16.26,3.34,0.98,7.89,91.48,30.23,23.17,25.83,1.27
1998,Bacoor City,14.46,120.94,12,13.64,4.28,0.99,23.72,91.14,29.85,22.51,25.27,1.8
1998,Carmona,14.31,121.05,1,14.65,2.5,0.66,1.7,77.74,33.72,18.66,25.0,1.74
1998,Carmona,14.31,121.05,2,18.98,1.68,0.63,0.55,74.41,34.94,19.25,26.6,1.47
1998,Carmona,14.31,121.05,3,20.62,1.53,0.6,1.25,69.94,36.34,19.39,27.02,1.75
1998,Carmona,14.31,121.05,4,22.6,0.9,0.57,0.56,66.47,37.36,21.83,28.99,1.62
1998,Carmona,14.31,121.05,5,20.35,1.94,0.6,3.7,76.04,36.16,24.12,28.96,1.5
1998,Carmona,14.31,121.05,6,19.42,2.73,0.68,5.12,78.57,35.06,23.48,28.59,1.01
1998,Carmona,14.31,121.05,7,20.58,3.6,0.78,5.29,81.72,35.4,23.87,27.73,0.87
1998,Carmona,14.31,121.05,8,19.0,3.63,0.84,5.91,85.6,31.88,23.74,27.13,0.98
1998,Carmona,14.31,121.05,9,16.29,3.45,0.88,8.45,88.49,32.17,23.59,26.62,1.28
1998,Carmona,14.31,121.05,10,13.26,3.78,0.98,14.8,90.96,30.3,23.75,26.29,1.53
1998,Carmona,14.31,121.05,11,13.66,3.34,0.98,7.89,91.48,30.23,23.17,25.83,1.27
1998,Carmona,14.31,121.05,12,10.35,4.28,0.99,23.72,91.14,29.85,22.51,25.27,1.8
1998,Cavite City,14.48,120.9,1,16.77,0.42,0.59,0.42,71.75,32.04,21.69,28.32,4.69
1998,Cavite City,14.48,120.9,2,20.22,0.29,0.59,0.06,67.7,33.48,22.29,30.24,3.62
1998,Cavite City,14.48,120.9,3,22.1,0.22,0.59,0.28,64.91,34.19,23.07,30.52,4.59
1998,Cavite City,14.48,120.9,4,23.65,0.91,0.6,1.01,64.9,35.09,24.12,31.8,4.03
1998,Cavite City,14.48,120.9,5,19.57,1.57,0.64,6.4,72.92,35.0,26.29,31.63,4.06
1998,Cavite City,14.48,120.9,6,20.71,3.2,0.83,5.29,79.76,33.45,25.67,29.78,2.54
1998,Cavite City,14.48,120.9,7,19.95,3.2,0.87,4.47,80.3,31.7,25.69,29.41,2.09
1998,Cavite City,14.48,120.9,8,19.22,3.18,0.94,9.06,84.22,31.12,25.87,28.75,2.59
1998,Cavite City,14.48,120.9,9,15.18,3.34,0.97,16.14,85.98,30.29,25.73,28.35,3.87
1998,Cavite City,14.48,120.9,10,14.6,3.21,0.99,11.0,87.13,30.73,25.4,28.05,4.15
1998,Cavite City,14.48,120.9,11,16.26,2.67,0.96,2.68,87.18,30.21,24.96,27.74,3.45
1998,Cavite City,14.48,120.9,12,13.64,2.99,0.94,6.77,87.28,29.44,24.12,27.16,4.84
1998,Dasmarinas City,14.33,120.93,1,16.77,0.42,0.59,0.42,71.75,32.04,21.69,28.32,4.69
1998,Dasmarinas City,14.33,120.93,2,20.22,0.29,0.59,0.06,67.7,33.48,22.29,30.24,3.62
1998,Dasmarinas City,14.33,120.93,3,22.1,0.22,0.59,0.28,64.91,34.19,23.07,30.52,4.59
1998,Dasmarinas City,14.33,120.93,4,23.65,0.91,0.6,1.01,64.9,35.09,24.12,31.8,4.03
1998,Dasmarinas City,14.33,120.93,5,19.57,1.57,0.64,6.4,72.92,35.0,26.29,31.63,4.06
1998,Dasmarinas City,14.33,120.93,6,20.71,3.2,0.83,5.29,79.76,33.45,25.67,29.78,2.54
1998,Dasmarinas City,14.33,120.93,7,19.95,3.2,0.87,4.47,80.3,31.7,25.69,29.41,2.09
1998,Dasmarinas City,14.33,120.93,8,19.22,3.18,0.94,9.06,84.22,31.12,25.87,28.75,2.59
1998,Dasmarinas City,14.33,120.93,9,15.18,3.34,0.97,16.14,85.98,30.29,25.73,28.35,3.87
1998,Dasmarinas City,14.33,120.93,10,14.6,3.21,0.99,11.0,87.13,30.73,25.4,28.05,4.15
1998,Dasmarinas City,14.33,120.93,11,16.26,2.67,0.96,2.68,87.18,30.21,24.96,27.74,3.45
1998,Dasmarinas City,14.33,120.93,12,13.64,2.99,0.94,6.77,87.28,29.44,24.12,27.16,4.84
1998,General Emilio Aguinaldo,14.18,120.79,1,16.77,1.09,0.47,0.63,74.82,31.45,22.25,26.91,4.37
1998,General Emilio Aguinaldo,14.18,120.79,2,20.22,0.51,0.45,0.07,70.59,33.43,22.96,28.2,3.27
1998,General Emilio Aguinaldo,14.18,120.79,3,22.1,0.45,0.44,0.39,67.67,33.99,23.48,28.58,4.08
1998,General Emilio Aguinaldo,14.18,120.79,4,23.65,0.61,0.44,0.68,66.21,35.0,24.71,29.93,3.51
1998,General Emilio Aguinaldo,14.18,120.79,5,19.57,1.87,0.49,5.6,74.77,34.48,26.49,30.22,3.59
1998,General Emilio Aguinaldo,14.18,120.79,6,20.71,3.5,0.63,6.34,79.18,32.67,26.42,29.5,2.35
1998,General Emilio Aguinaldo,14.18,120.79,7,19.95,3.75,0.72,3.81,80.27,31.72,25.93,29.1,1.82
1998,General Emilio Aguinaldo,14.18,120.79,8,19.22,3.47,0.79,6.59,83.62,30.86,25.98,28.68,2.32
1998,General Emilio Aguinaldo,14.18,120.79,9,15.18,3.86,0.87,13.31,86.06,30.3,25.96,28.38,3.47
1998,General Emilio Aguinaldo,14.18,120.79,10,14.6,3.64,0.98,13.59,87.4,30.64,26.01,28.15,3.85
1998,General Emilio Aguinaldo,14.18,120.79,11,16.26,3.39,0.96,4.35,87.08,30.01,25.37,27.8,3.53
1998,General Emilio Aguinaldo,14.18,120.79,12,13.64,4.01,0.96,9.57,87.8,29.39,24.68,27.27,4.67
1998,General Mariano Alvarez,14.3,121.0,1,14.65,2.5,0.66,1.7,77.74,33.72,18.66,25.0,1.74
1998,General Mariano Alvarez,14.3,121.0,2,18.98,1.68,0.63,0.55,74.41,34.94,19.25,26.6,1.47
1998,General Mariano Alvarez,14.3,121.0,3,20.62,1.53,0.6,1.25,69.94,36.34,19.39,27.02,1.75
1998,General Mariano Alvarez,14.3,121.0,4,22.6,0.9,0.57,0.56,66.47,37.36,21.83,28.99,1.62
1998,General Mariano Alvarez,14.3,121.0,5,20.35,1.94,0.6,3.7,76.04,36.16,24.12,28.96,1.5
1998,General Mariano Alvarez,14.3,121.0,6,19.42,2.73,0.68,5.12,78.57,35.06,23.48,28.59,1.01
1998,General Mariano Alvarez,14.3,121.0,7,20.58,3.6,0.78,5.29,81.72,35.4,23.87,27.73,0.87
1998,General Mariano Alvarez,14.3,121.0,8,19.0,3.63,0.84,5.91,85.6,31.88,23.74,27.13,0.98
1998,General Mariano Alvarez,14.3,121.0,9,16.29,3.45,0.88,8.45,88.49,32.17,23.59,26.62,1.28
1998,General Mariano Alvarez,14.3,121.0,10,13.26,3.78,0.98,14.8,90.96,30.3,23.75,26.29,1.53
1998,General Mariano Alvarez,14.3,121.0,11,13.66,3.34,0.98,7.89,91.48,30.23,23.17,25.83,1.27
1998,General Mariano Alvarez,14.3,121.0,12,10.35,4.28,0.99,23.72,91.14,29.85,22.51,25.27,1.8
1998,General Trias,14.38,120.88,1,16.77,0.42,0.59,0.42,71.75,32.04,21.69,28.32,4.69
1998,General Trias,14.38,120.88,2,20.22,0.29,0.59,0.06,67.7,33.48,22.29,30.24,3.62
1998,General Trias,14.38,120.88,3,22.1,0.22,0.59,0.28,64.91,34.19,23.07,30.52,4.59
1998,General Trias,14.38,120.88,4,23.65,0.91,0.6,1.01,64.9,35.09,24.12,31.8,4.03
1998,General Trias,14.38,120.88,5,19.57,1.57,0.64,6.4,72.92,35.0,26.29,31.63,4.06
1998,General Trias,14.38,120.88,6,20.71,3.2,0.83,5.29,79.76,33.45,25.67,29.78,2.54
1998,General Trias,14.38,120.88,7,19.95,3.2,0.87,4.47,80.3,31.7,25.69,29.41,2.09
1998,General Trias,14.38,120.88,8,19.22,3.18,0.94,9.06,84.22,31.12,25.87,28.75,2.59
1998,General Trias,14.38,120.88,9,15.18,3.34,0.97,16.14,85.98,30.29,25.73,28.35,3.87
1998,General Trias,14.38,120.88,10,14.6,3.21,0.99,11.0,87.13,30.73,25.4,28.05,4.15
1998,General Trias,14.38,120.88,11,16.26,2.67,0.96,2.68,87.18,30.21,24.96,27.74,3.45
1998,General Trias,14.38,120.88,12,13.64,2.99,0.94,6.77,87.28,29.44,24.12,27.16,4.84
1998,Imus City,14.43,120.93,1,16.77,0.42,0.59,0.42,71.75,32.04,21.69,28.32,4.69
1998,Imus City,14.43,120.93,2,20.22,0.29,0.59,0.06,67.7,33.48,22.29,30.24,3.62
1998,Imus City,14.43,120.93,3,22.1,0.22,0.59,0.28,64.91,34.19,23.07,30.52,4.59
1998,Imus City,14.43,120.93,4,23.65,0.91,0.6,1.01,64.9,35.09,24.12,31.8,4.03
1998,Imus City,14.43,120.93,5,19.57,1.57,0.64,6.4,72.92,35.0,26.29,31.63,4.06
1998,Imus City,14.43,120.93,6,20.71,3.2,0.83,5.29,79.76,33.45,25.67,29.78,2.54
1998,Imus City,14.43,120.93,7,19.95,3.2,0.87,4.47,80.3,31.7,25.69,29.41,2.09
1998,Imus City,14.43,120.93,8,19.22,3.18,0.94,9.06,84.22,31.12,25.87,28.75,2.59
1998,Imus City,14.43,120.93,9,15.18,3.34,0.97,16.14,85.98,30.29,25.73,28.35,3.87
1998,Imus City,14.43,120.93,10,14.6,3.21,0.99,11.0,87.13,30.73,25.4,28.05,4.15
1998,Imus City,14.43,120.93,11,16.26,2.67,0.96,2.68,87.18,30.21,24.96,27.74,3.45
1998,Imus City,14.43,120.93,12,13.64,2.99,0.94,6.77,87.28,29.44,24.12,27.16,4.84
1998,Indang,14.19,120.87,1,16.77,1.09,0.47,0.63,74.82,31.45,22.25,26.91,4.37
1998,Indang,14.19,120.87,2,20.22,0.51,0.45,0.07,70.59,33.43,22.96,28.2,3.27
1998,Indang,14.19,120.87,3,22.1,0.45,0.44,0.39,67.67,33.99,23.48,28.58,4.08
1998,Indang,14.19,120.87,4,23.65,0.61,0.44,0.68,66.21,35.0,24.71,29.93,3.51
1998,Indang,14.19,120.87,5,19.57,1.87,0.49,5.6,74.77,34.48,26.49,30.22,3.59
1998,Indang,14.19,120.87,6,20.71,3.5,0.63,6.34,79.18,32.67,26.42,29.5,2.35
1998,Indang,14.19,120.87,7,19.95,3.75,0.72,3.81,80.27,31.72,25.93,29.1,1.82
1998,Indang,14.19,120.87,8,19.22,3.47,0.79,6.59,83.62,30.86,25.98,28.68,2.32
1998,Indang,14.19,120.87,9,15.18,3.86,0.87,13.31,86.06,30.3,25.96,28.38,3.47
1998,Indang,14.19,120.87,10,14.6,3.64,0.98,13.59,87.4,30.64,26.01,28.15,3.85
1998,Indang,14.19,120.87,11,16.26,3.39,0.96,4.35,87.08,30.01,25.37,27.8,3.53
1998,Indang,14.19,120.87,12,13.64,4.01,0.96,9.57,87.8,29.39,24.68,27.27,4.67
1998,Kawit,14.44,120.9,1,16.77,0.42,0.59,0.42,71.75,32.04,21.69,28.32,4.69
1998,Kawit,14.44,120.9,2,20.22,0.29,0.59,0.06,67.7,33.48,22.29,30.24,3.62
1998,Kawit,14.44,120.9,3,22.1,0.22,0.59,0.28,64.91,34.19,23.07,30.52,4.59
1998,Kawit,14.44,120.9,4,23.65,0.91,0.6,1.01,64.9,35.09,24.12,31.8,4.03
1998,Kawit,14.44,120.9,5,19.57,1.57,0.64,6.4,72.92,35.0,26.29,31.63,4.06
1998,Kawit,14.44,120.9,6,20.71,3.2,0.83,5.29,79.76,33.45,25.67,29.78,2.54
1998,Kawit,14.44,120.9,7,19.95,3.2,0.87,4.47,80.3,31.7,25.69,29.41,2.09
1998,Kawit,14.44,120.9,8,19.22,3.18,0.94,9.06,84.22,31.12,25.87,28.75,2.59
1998,Kawit,14.44,120.9,9,15.18,3.34,0.97,16.14,85.98,30.29,25.73,28.35,3.87
1998,Kawit,14.44,120.9,10,14.6,3.21,0.99,11.0,87.13,30.73,25.4,28.05,4.15
1998,Kawit,14.44,120.9,11,16.26,2.67,0.96,2.68,87.18,30.21,24.96,27.74,3.45
1998,Kawit,14.44,120.9,12,13.64,2.99,0.94,6.77,87.28,29.44,24.12,27.16,4.84
1998,Magallanes,14.19,120.73,1,16.77,1.09,0.47,0.63,74.82,31.45,22.25,26.91,4.37
1998,Magallanes,14.19,120.73,2,20.22,0.51,0.45,0.07,70.59,33.43,22.96,28.2,3.27
1998,Magallanes,14.19,120.73,3,22.1,0.45,0.44,0.39,67.67,33.99,23.48,28.58,4.08
1998,Magallanes,14.19,120.73,4,23.65,0.61,0.44,0.68,66.21,35.0,24.71,29.93,3.51
1998,Magallanes,14.19,120.73,5,19.57,1.87,0.49,5.6,74.77,34.48,26.49,30.22,3.59
1998,Magallanes,14.19,120.73,6,20.71,3.5,0.63,6.34,79.18,32.67,26.42,29.5,2.35
1998,Magallanes,14.19,120.73,7,19.95,3.75,0.72,3.81,80.27,31.72,25.93,29.1,1.82
1998,Magallanes,14.19,120.73,8,19.22,3.47,0.79,6.59,83.62,30.86,25.98,28.68,2.32
1998,Magallanes,14.19,120.73,9,15.18,3.86,0.87,13.31,86.06,30.3,25.96,28.38,3.47
1998,Magallanes,14.19,120.73,10,14.6,3.64,0.98,13.59,87.4,30.64,26.01,28.15,3.85
1998,Magallanes,14.19,120.73,11,16.26,3.39,0.96,4.35,87.08,30.01,25.37,27.8,3.53
1998,Magallanes,14.19,120.73,12,13.64,4.01,0.96,9.57,87.8,29.39,24.68,27.27,4.67
1998,Maragondon,14.27,120.73,1,16.77,0.42,0.59,0.42,71.75,32.04,21.69,28.32,4.69
1998,Maragondon,14.27,120.73,2,20.22,0.29,0.59,0.06,67.7,33.48,22.29,30.24,3.62
1998,Maragondon,14.27,120.73,3,22.1,0.22,0.59,0.28,64.91,34.19,23.07,30.52,4.59
1998,Maragondon,14.27,120.73,4,23.65,0.91,0.6,1.01,64.9,35.09,24.12,31.8,4.03
1998,Maragondon,14.27,120.73,5,19.57,1.57,0.64,6.4,72.92,35.0,26.29,31.63,4.06
1998,Maragondon,14.27,120.73,6,20.71,3.2,0.83,5.29,79.76,33.45,25.67,29.78,2.54
1998,Maragondon,14.27,120.73,7,19.95,3.2,0.87,4.47,80.3,31.7,25.69,29.41,2.09
1998,Maragondon,14.27,120.73,8,19.22,3.18,0.94,9.06,84.22,31.12,25.87,28.75,2.59
1998,Maragondon,14.27,120.73,9,15.18,3.34,0.97,16.14,85.98,30.29,25.73,28.35,3.87
1998,Maragondon,14.27,120.73,10,14.6,3.21,0.99,11.0,87.13,30.73,25.4,28.05,4.15
1998,Maragondon,14.27,120.73,11,16.26,2.67,0.96,2.68,87.18,30.21,24.96,27.74,3.45
1998,Maragondon,14.27,120.73,12,13.64,2.99,0.94,6.77,87.28,29.44,24.12,27.16,4.84
1998,Mendez,14.13,120.9,1,16.77,1.09,0.47,0.63,74.82,31.45,22.25,26.91,4.37
1998,Mendez,14.13,120.9,2,20.22,0.51,0.45,0.07,70.59,33.43,22.96,28.2,3.27
1998,Mendez,14.13,120.9,3,22.1,0.45,0.44,0.39,67.67,33.99,23.48,28.58,4.08
1998,Mendez,14.13,120.9,4,23.65,0.61,0.44,0.68,66.21,35.0,24.71,29.93,3.51
1998,Mendez,14.13,120.9,5,19.57,1.87,0.49,5.6,74.77,34.48,26.49,30.22,3.59
1998,Mendez,14.13,120.9,6,20.71,3.5,0.63,6.34,79.18,32.67,26.42,29.5,2.35
1998,Mendez,14.13,120.9,7,19.95,3.75,0.72,3.81,80.27,31.72,25.93,29.1,1.82
1998,Mendez,14.13,120.9,8,19.22,3.47,0.79,6.59,83.62,30.86,25.98,28.68,2.32
1998,Mendez,14.13,120.9,9,15.18,3.86,0.87,13.31,86.06,30.3,25.96,28.38,3.47
1998,Mendez,14.13,120.9,10,14.6,3.64,0.98,13.59,87.4,30.64,26.01,28.15,3.85
1998,Mendez,14.13,120.9,11,16.26,3.39,0.96,4.35,87.08,30.01,25.37,27.8,3.53
1998,Mendez,14.13,120.9,12,13.64,4.01,0.96,9.57,87.8,29.39,24.68,27.27,4.67
1998,Naic,14.32,120.77,1,16.77,0.42,0.59,0.42,71.75,32.04,21.69,28.32,4.69
1998,Naic,14.32,120.77,2,20.22,0.29,0.59,0.06,67.7,33.48,22.29,30.24,3.62
1998,Naic,14.32,120.77,3,22.1,0.22,0.59,0.28,64.91,34.19,23.07,30.52,4.59
1998,Naic,14.32,120.77,4,23.65,0.91,0.6,1.01,64.9,35.09,24.12,31.8,4.03
1998,Naic,14.32,120.77,5,19.57,1.57,0.64,6.4,72.92,35.0,26.29,31.63,4.06
1998,Naic,14.32,120.77,6,20.71,3.2,0.83,5.29,79.76,33.45,25.67,29.78,2.54
1998,Naic,14.32,120.77,7,19.95,3.2,0.87,4.47,80.3,31.7,25.69,29.41,2.09
1998,Naic,14.32,120.77,8,19.22,3.18,0.94,9.06,84.22,31.12,25.87,28.75,2.59
1998,Naic,14.32,120.77,9,15.18,3.34,0.97,16.14,85.98,30.29,25.73,28.35,3.87
1998,Naic,14.32,120.77,10,14.6,3.21,0.99,11.0,87.13,30.73,25.4,28.05,4.15
1998,Naic,14.32,120.77,11,16.26,2.67,0.96,2.68,87.18,30.21,24.96,27.74,3.45
1998,Naic,14.32,120.77,12,13.64,2.99,0.94,6.77,87.28,29.44,24.12,27.16,4.84
1998,Noveleta,14.43,120.88,1,16.77,0.42,0.59,0.42,71.75,32.04,21.69,28.32,4.69
1998,Noveleta,14.43,120.88,2,20.22,0.29,0.59,0.06,67.7,33.48,22.29,30.24,3.62
1998,Noveleta,14.43,120.88,3,22.1,0.22,0.59,0.28,64.91,34.19,23.07,30.52,4.59
1998,Noveleta,14.43,120.88,4,23.65,0.91,0.6,1.01,64.9,35.09,24.12,31.8,4.03
1998,Noveleta,14.43,120.88,5,19.57,1.57,0.64,6.4,72.92,35.0,26.29,31.63,4.06
1998,Noveleta,14.43,120.88,6,20.71,3.2,0.83,5.29,79.76,33.45,25.67,29.78,2.54
1998,Noveleta,14.43,120.88,7,19.95,3.2,0.87,4.47,80.3,31.7,25.69,29.41,2.09
1998,Noveleta,14.43,120.88,8,19.22,3.18,0.94,9.06,84.22,31.12,25.87,28.75,2.59
1998,Noveleta,14.43,120.88,9,15.18,3.34,0.97,16.14,85.98,30.29,25.73,28.35,3.87
1998,Noveleta,14.43,120.88,10,14.6,3.21,0.99,11.0,87.13,30.73,25.4,28.05,4.15
1998,Noveleta,14.43,120.88,11,16.26,2.67,0.96,2.68,87.18,30.21,24.96,27.74,3.45
1998,Noveleta,14.43,120.88,12,13.64,2.99,0.94,6.77,87.28,29.44,24.12,27.16,4.84
1998,Rosario,14.41,120.85,1,16.77,0.42,0.59,0.42,71.75,32.04,21.69,28.32,4.69
1998,Rosario,14.41,120.85,2,20.22,0.29,0.59,0.06,67.7,33.48,22.29,30.24,3.62
1998,Rosario,14.41,120.85,3,22.1,0.22,0.59,0.28,64.91,34.19,23.07,30.52,4.59
1998,Rosario,14.41,120.85,4,23.65,0.91,0.6,1.01,64.9,35.09,24.12,31.8,4.03
1998,Rosario,14.41,120.85,5,19.57,1.57,0.64,6.4,72.92,35.0,26.29,31.63,4.06
1998,Rosario,14.41,120.85,6,20.71,3.2,0.83,5.29,79.76,33.45,25.67,29.78,2.54
1998,Rosario,14.41,120.85,7,19.95,3.2,0.87,4.47,80.3,31.7,25.69,29.41,2.09
1998,Rosario,14.41,120.85,8,19.22,3.18,0.94,9.06,84.22,31.12,25.87,28.75,2.59
1998,Rosario,14.41,120.85,9,15.18,3.34,0.97,16.14,85.98,30.29,25.73,28.35,3.87
1998,Rosario,14.41,120.85,10,14.6,3.21,0.99,11.0,87.13,30.73,25.4,28.05,4.15
1998,Rosario,14.41,120.85,11,16.26,2.67,0.96,2.68,87.18,30.21,24.96,27.74,3.45
1998,Rosario,14.41,120.85,12,13.64,2.99,0.94,6.77,87.28,29.44,24.12,27.16,4.84
1998,Silang,14.23,120.97,1,16.77,3.13,0.66,1.65,79.94,33.28,18.77,25.01,1.74
1998,Silang,14.23,120.97,2,20.22,2.01,0.6,0.51,75.26,34.57,19.46,26.59,1.49
1998,Silang,14.23,120.97,3,22.1,1.54,0.56,0.89,69.51,36.05,19.71,27.31,1.78
1998,Silang,14.23,120.97,4,23.65,0.57,0.53,0.4,63.17,36.5,21.93,29.58,1.61
1998,Silang,14.23,120.97,5,19.57,1.78,0.57,3.67,74.63,36.21,24.58,29.29,1.49
1998,Silang,14.23,120.97,6,20.71,2.67,0.65,5.88,79.2,34.99,24.42,28.54,1.04
1998,Silang,14.23,120.97,7,19.95,3.56,0.78,4.96,82.6,34.45,23.99,27.76,0.82
1998,Silang,14.23,120.97,8,19.22,3.43,0.82,5.09,86.0,32.62,23.88,27.26,1.0
1998,Silang,14.23,120.97,9,15.18,3.49,0.85,8.32,87.86,32.69,23.51,26.98,1.25
1998,Silang,14.23,120.97,10,14.6,3.42,0.98,15.01,91.81,30.73,23.95,26.56,1.5
1998,Silang,14.23,120.97,11,16.26,3.15,0.99,8.75,92.0,30.39,23.62,26.16,1.29
1998,Silang,14.23,120.97,12,13.64,4.0,0.99,23.19,91.9,29.93,22.66,25.59,1.79
1998,Tagaytay City,14.11,120.96,1,16.77,3.13,0.66,1.65,79.94,33.28,18.77,25.01,1.74
1998,Tagaytay City,14.11,120.96,2,20.22,2.01,0.6,0.51,75.26,34.57,19.46,26.59,1.49
1998,Tagaytay City,14.11,120.96,3,22.1,1.54,0.56,0.89,69.51,36.05,19.71,27.31,1.78
1998,Tagaytay City,14.11,120.96,4,23.65,0.57,0.53,0.4,63.17,36.5,21.93,29.58,1.61
1998,Tagaytay City,14.11,120.96,5,19.57,1.78,0.57,3.67,74.63,36.21,24.58,29.29,1.49
1998,Tagaytay City,14.11,120.96,6,20.71,2.67,0.65,5.88,79.2,34.99,24.42,28.54,1.04
1998,Tagaytay City,14.11,120.96,7,19.95,3.56,0.78,4.96,82.6,34.45,23.99,27.76,0.82
1998,Tagaytay City,14.11,120.96,8,19.22,3.43,0.82,5.09,86.0,32.62,23.88,27.26,1.0
1998,Tagaytay City,14.11,120.96,9,15.18,3.49,0.85,8.32,87.86,32.69,23.51,26.98,1.25
1998,Tagaytay City,14.11,120.96,10,14.6,3.42,0.98,15.01,91.81,30.73,23.95,26.56,1.5
1998,Tagaytay City,14.11,120.96,11,16.26,3.15,0.99,8.75,92.0,30.39,23.62,26.16,1.29
1998,Tagaytay City,14.11,120.96,12,13.64,4.0,0.99,23.19,91.9,29.93,22.66,25.59,1.79
1998,Tanza,14.36,120.85,1,16.77,0.42,0.59,0.42,71.75,32.04,21.69,28.32,4.69
1998,Tanza,14.36,120.85,2,20.22,0.29,0.59,0.06,67.7,33.48,22.29,30.24,3.62
1998,Tanza,14.36,120.85,3,22.1,0.22,0.59,0.28,64.91,34.19,23.07,30.52,4.59
1998,Tanza,14.36,120.85,4,23.65,0.91,0.6,1.01,64.9,35.09,24.12,31.8,4.03
1998,Tanza,14.36,120.85,5,19.57,1.57,0.64,6.4,72.92,35.0,26.29,31.63,4.06
1998,Tanza,14.36,120.85,6,20.71,3.2,0.83,5.29,79.76,33.45,25.67,29.78,2.54
1998,Tanza,14.36,120.85,7,19.95,3.2,0.87,4.47,80.3,31.7,25.69,29.41,2.09
1998,Tanza,14.36,120.85,8,19.22,3.18,0.94,9.06,84.22,31.12,25.87,28.75,2.59
1998,Tanza,14.36,120.85,9,15.18,3.34,0.97,16.14,85.98,30.29,25.73,28.35,3.87
1998,Tanza,14.36,120.85,10,14.6,3.21,0.99,11.0,87.13,30.73,25.4,28.05,4.15
1998,Tanza,14.36,120.85,11,16.26,2.67,0.96,2.68,87.18,30.21,24.96,27.74,3.45
1998,Tanza,14.36,120.85,12,13.64,2.99,0.94,6.77,87.28,29.44,24.12,27.16,4.84
1998,Ternate,14.28,120.7,1,16.77,0.42,0.59,0.42,71.75,32.04,21.69,28.32,4.69
1998,Ternate,14.28,120.7,2,20.22,0.29,0.59,0.06,67.7,33.48,22.29,30.24,3.62
1998,Ternate,14.28,120.7,3,22.1,0.22,0.59,0.28,64.91,34.19,23.07,30.52,4.59
1998,Ternate,14.28,120.7,4,23.65,0.91,0.6,1.01,64.9,35.09,24.12,31.8,4.03
1998,Ternate,14.28,120.7,5,19.57,1.57,0.64,6.4,72.92,35.0,26.29,31.63,4.06
1998,Ternate,14.28,120.7,6,20.71,3.2,0.83,5.29,79.76,33.45,25.67,29.78,2.54
1998,Ternate,14.28,120.7,7,19.95,3.2,0.87,4.47,80.3,31.7,25.69,29.41,2.09
1998,Ternate,14.28,120.7,8,19.22,3.18,0.94,9.06,84.22,31.12,25.87,28.75,2.59
1998,Ternate,14.28,120.7,9,15.18,3.34,0.97,16.14,85.98,30.29,25.73,28.35,3.87
1998,Ternate,14.28,120.7,10,14.6,3.21,0.99,11.0,87.13,30.73,25.4,28.05,4.15
1998,Ternate,14.28,120.7,11,16.26,2.67,0.96,2.68,87.18,30.21,24.96,27.74,3.45
1998,Ternate,14.28,120.7,12,13.64,2.99,0.94,6.77,87.28,29.44,24.12,27.16,4.84
1998,Trece Martires City,14.28,120.86,1,16.77,0.42,0.59,0.42,71.75,32.04,21.69,28.32,4.69
1998,Trece Martires City,14.28,120.86,2,20.22,0.29,0.59,0.06,67.7,33.48,22.29,30.24,3.62
1998,Trece Martires City,14.28,120.86,3,22.1,0.22,0.59,0.28,64.91,34.19,23.07,30.52,4.59
1998,Trece Martires City,14.28,120.86,4,23.65,0.91,0.6,1.01,64.9,35.09,24.12,31.8,4.03
1998,Trece Martires City,14.28,120.86,5,19.57,1.57,0.64,6.4,72.92,35.0,26.29,31.63,4.06
1998,Trece Martires City,14.28,120.86,6,20.71,3.2,0.83,5.29,79.76,33.45,25.67,29.78,2.54
1998,Trece Martires City,14.28,120.86,7,19.95,3.2,0.87,4.47,80.3,31.7,25.69,29.41,2.09
1998,Trece Martires City,14.28,120.86,8,19.22,3.18,0.94,9.06,84.22,31.12,25.87,28.75,2.59
1998,Trece Martires City,14.28,120.86,9,15.18,3.34,0.97,16.14,85.98,30.29,25.73,28.35,3.87
1998,Trece Martires City,14.28,120.86,10,14.6,3.21,0.99,11.0,87.13,30.73,25.4,28.05,4.15
1998,Trece Martires City,14.28,120.86,11,16.26,2.67,0.96,2.68,87.18,30.21,24.96,27.74,3.45
1998,Trece Martires City,14.28,120.86,12,13.64,2.99,0.94,6.77,87.28,29.44,24.12,27.16,4.84
1999,Alfonso,14.14,120.85,1,14.94,4.92,0.89,2.12,86.35,29.15,23.51,26.64,5.08
1999,Alfonso,14.14,120.85,2,18.27,5.07,0.69,1.02,80.97,29.74,21.77,25.96,5.21
1999,Alfonso,14.14,120.85,3,19.68,3.63,0.59,4.24,82.86,30.63,23.07,27.37,3.78
1999,Alfonso,14.14,120.85,4,20.95,3.96,0.63,4.77,82.34,31.16,24.12,28.03,2.9
1999,Alfonso,14.14,120.85,5,20.95,3.04,0.63,3.17,80.14,31.7,25.6,28.85,2.17
1999,Alfonso,14.14,120.85,6,17.62,3.78,0.71,9.67,83.88,30.9,25.47,28.16,2.85
1999,Alfonso,14.14,120.85,7,15.91,3.71,0.92,13.74,87.61,29.38,25.65,27.65,3.88
1999,Alfonso,14.14,120.85,8,16.01,4.31,0.98,15.9,86.86,29.91,24.77,27.14,3.54
1999,Alfonso,14.14,120.85,9,16.34,3.72,0.97,7.93,87.07,29.26,25.28,27.39,3.26
1999,Alfonso,14.14,120.85,10,16.77,3.7,0.96,8.5,86.6,30.04,25.27,27.61,3.33
1999,Alfonso,14.14,120.85,11,15.21,4.42,0.93,5.35,85.63,29.71,23.85,27.05,4.16
1999,Alfonso,14.14,120.85,12,13.79,3.92,0.91,5.75,88.26,29.05,21.75,26.42,4.91
1999,Amadeo,14.17,120.92,1,14.94,4.92,0.89,2.12,86.35,29.15,23.51,26.64,5.08
1999,Amadeo,14.17,120.92,2,18.27,5.07,0.69,1.02,80.97,29.74,21.77,25.96,5.21
1999,Amadeo,14.17,120.92,3,19.68,3.63,0.59,4.24,82.86,30.63,23.07,27.37,3.78
1999,Amadeo,14.17,120.92,4,20.95,3.96,0.63,4.77,82.34,31.16,24.12,28.03,2.9
1999,Amadeo,14.17,120.92,5,20.95,3.04,0.63,3.17,80.14,31.7,25.6,28.85,2.17
1999,Amadeo,14.17,120.92,6,17.62,3.78,0.71,9.67,83.88,30.9,25.47,28.16,2.85
1999,Amadeo,14.17,120.92,7,15.91,3.71,0.92,13.74,87.61,29.38,25.65,27.65,3.88
1999,Amadeo,14.17,120.92,8,16.01,4.31,0.98,15.9,86.86,29.91,24.77,27.14,3.54
1999,Amadeo,14.17,120.92,9,16.34,3.72,0.97,7.93,87.07,29.26,25.28,27.39,3.26
1999,Amadeo,14.17,120.92,10,16.77,3.7,0.96,8.5,86.6,30.04,25.27,27.61,3.33
1999,Amadeo,14.17,120.92,11,15.21,4.42,0.93,5.35,85.63,29.71,23.85,27.05,4.16
1999,Amadeo,14.17,120.92,12,13.79,3.92,0.91,5.75,88.26,29.05,21.75,26.42,4.91
1999,Bacoor City,14.46,120.94,1,14.94,4.99,0.98,8.76,89.55,29.17,20.65,24.42,1.88
1999,Bacoor City,14.46,120.94,2,18.27,5.42,0.86,3.67,84.51,29.71,18.28,23.46,1.93
1999,Bacoor City,14.46,120.94,3,19.68,4.52,0.82,8.43,85.62,31.17,20.95,26.0,1.55
1999,Bacoor City,14.46,120.94,4,20.95,4.77,0.89,8.52,86.0,32.39,22.31,26.63,1.18
1999,Bacoor City,14.46,120.94,5,20.95,3.92,0.87,4.74,83.84,32.62,23.21,27.16,0.95
1999,Bacoor City,14.46,120.94,6,17.62,3.67,0.88,6.78,87.29,31.83,23.17,26.42,1.13
1999,Bacoor City,14.46,120.94,7,15.91,3.52,0.94,7.47,89.32,30.88,23.2,26.04,1.43
1999,Bacoor City,14.46,120.94,8,16.01,4.15,0.97,12.39,89.28,30.72,22.42,25.8,1.42
1999,Bacoor City,14.46,120.94,9,16.34,3.69,0.98,7.29,89.49,29.98,23.18,25.92,1.24
1999,Bacoor City,14.46,120.94,10,16.77,3.81,0.98,12.65,90.01,30.35,22.73,25.89,1.28
1999,Bacoor City,14.46,120.94,11,15.21,4.54,0.97,13.09,89.65,29.69,19.86,25.06,1.58
1999,Bacoor City,14.46,120.94,12,13.79,4.11,0.99,16.58,91.98,27.98,19.0,24.21,1.86
1999,Carmona,14.31,121.05,1,11.86,4.99,0.98,8.76,89.55,29.17,20.65,24.42,1.88
1999,Carmona,14.31,121.05,2,16.17,5.42,0.86,3.67,84.51,29.71,18.28,23.46,1.93
1999,Carmona,14.31,121.05,3,18.04,4.52,0.82,8.43,85.62,31.17,20.95,26.0,1.55
1999,Carmona,14.31,121.05,4,19.12,4.77,0.89,8.52,86.0,32.39,22.31,26.63,1.18
1999,Carmona,14.31,121.05,5,19.61,3.92,0.87,4.74,83.84,32.62,23.21,27.16,0.95
1999,Carmona,14.31,121.05,6,17.53,3.67,0.88,6.78,87.29,31.83,23.17,26.42,1.13
1999,Carmona,14.31,121.05,7,17.01,3.52,0.94,7.47,89.32,30.88,23.2,26.04,1.43
1999,Carmona,14.31,121.05,8,14.94,4.15,0.97,12.39,89.28,30.72,22.42,25.8,1.42
1999,Carmona,14.31,121.05,9,15.46,3.69,0.98,7.29,89.49,29.98,23.18,25.92,1.24
1999,Carmona,14.31,121.05,10,14.73,3.81,0.98,12.65,90.01,30.35,22.73,25.89,1.28
1999,Carmona,14.31,121.05,11,12.67,4.54,0.97,13.09,89.65,29.69,19.86,25.06,1.58
1999,Carmona,14.31,121.05,12,10.82,4.11,0.99,16.58,91.98,27.98,19.0,24.21,1.86
1999,Cavite City,14.48,120.9,1,14.94,3.59,0.89,1.29,85.1,29.88,22.79,26.78,5.13
1999,Cavite City,14.48,120.9,2,18.27,3.3,0.73,0.62,77.82,30.77,20.82,26.73,5.41
1999,Cavite City,14.48,120.9,3,19.68,2.72,0.66,2.96,78.45,32.56,22.28,28.83,4.01
1999,Cavite City,14.48,120.9,4,20.95,2.92,0.68,3.59,78.91,32.78,24.29,29.33,3.13
1999,Cavite City,14.48,120.9,5,20.95,2.29,0.7,3.09,78.93,32.14,25.47,29.62,2.39
1999,Cavite City,14.48,120.9,6,17.62,3.22,0.87,11.07,83.74,31.26,25.22,28.42,3.22
1999,Cavite City,14.48,120.9,7,15.91,3.19,0.99,17.22,87.6,29.07,25.26,27.47,4.39
1999,Cavite City,14.48,120.9,8,16.01,3.84,0.99,22.36,86.76,29.53,24.76,27.18,4.05
1999,Cavite City,14.48,120.9,9,16.34,3.44,0.99,11.48,86.59,29.49,24.94,27.49,3.56
1999,Cavite City,14.48,120.9,10,16.77,3.2,0.98,9.64,86.61,30.13,24.65,27.53,3.41
1999,Cavite City,14.48,120.9,11,15.21,3.54,0.93,3.73,84.77,30.1,23.13,27.11,4.24
1999,Cavite City,14.48,120.9,12,13.79,2.77,0.9,4.5,87.65,29.29,20.84,26.32,5.05
1999,Dasmarinas City,14.33,120.93,1,14.94,3.59,0.89,1.29,85.1,29.88,22.79,26.78,5.13
1999,Dasmarinas City,14.33,120.93,2,18.27,3.3,0.73,0.62,77.82,30.77,20.82,26.73,5.41
1999,Dasmarinas City,14.33,120.93,3,19.68,2.72,0.66,2.96,78.45,32.56,22.28,28.83,4.01
1999,Dasmarinas City,14.33,120.93,4,20.95,2.92,0.68,3.59,78.91,32.78,24.29,29.33,3.13
1999,Dasmarinas City,14.33,120.93,5,20.95,2.29,0.7,3.09,78.93,32.14,25.47,29.62,2.39
1999,Dasmarinas City,14.33,120.93,6,17.62,3.22,0.87,11.07,83.74,31.26,25.22,28.42,3.22
1999,Dasmarinas City,14.33,120.93,7,15.91,3.19,0.99,17.22,87.6,29.07,25.26,27.47,4.39
1999,Dasmarinas City,14.33,120.93,8,16.01,3.84,0.99,22.36,86.76,29.53,24.76,27.18,4.05
1999,Dasmarinas City,14.33,120.93,9,16.34,3.44,0.99,11.48,86.59,29.49,24.94,27.49,3.56
1999,Dasmarinas City,14.33,120.93,10,16.77,3.2,0.98,9.64,86.61,30.13,24.65,27.53,3.41
1999,Dasmarinas City,14.33,120.93,11,15.21,3.54,0.93,3.73,84.77,30.1,23.13,27.11,4.24
1999,Dasmarinas City,14.33,120.93,12,13.79,2.77,0.9,4.5,87.65,29.29,20.84,26.32,5.05
1999,General Emilio Aguinaldo,14.18,120.79,1,14.94,4.92,0.89,2.12,86.35,29.15,23.51,26.64,5.08
1999,General Emilio Aguinaldo,14.18,120.79,2,18.27,5.07,0.69,1.02,80.97,29.74,21.77,25.96,5.21
1999,General Emilio Aguinaldo,14.18,120.79,3,19.68,3.63,0.59,4.24,82.86,30.63,23.07,27.37,3.78
1999,General Emilio Aguinaldo,14.18,120.79,4,20.95,3.96,0.63,4.77,82.34,31.16,24.12,28.03,2.9
1999,General Emilio Aguinaldo,14.18,120.79,5,20.95,3.04,0.63,3.17,80.14,31.7,25.6,28.85,2.17
1999,General Emilio Aguinaldo,14.18,120.79,6,17.62,3.78,0.71,9.67,83.88,30.9,25.47,28.16,2.85
1999,General Emilio Aguinaldo,14.18,120.79,7,15.91,3.71,0.92,13.74,87.61,29.38,25.65,27.65,3.88
1999,General Emilio Aguinaldo,14.18,120.79,8,16.01,4.31,0.98,15.9,86.86,29.91,24.77,27.14,3.54
1999,General Emilio Aguinaldo,14.18,120.79,9,16.34,3.72,0.97,7.93,87.07,29.26,25.28,27.39,3.26
1999,General Emilio Aguinaldo,14.18,120.79,10,16.77,3.7,0.96,8.5,86.6,30.04,25.27,27.61,3.33
1999,General Emilio Aguinaldo,14.18,120.79,11,15.21,4.42,0.93,5.35,85.63,29.71,23.85,27.05,4.16
1999,General Emilio Aguinaldo,14.18,120.79,12,13.79,3.92,0.91,5.75,88.26,29.05,21.75,26.42,4.91
1999,General Mariano Alvarez,14.3,121.0,1,11.86,4.99,0.98,8.76,89.55,29.17,20.65,24.42,1.88
1999,General Mariano Alvarez,14.3,121.0,2,16.17,5.42,0.86,3.67,84.51,29.71,18.28,23.46,1.93
1999,General Mariano Alvarez,14.3,121.0,3,18.04,4.52,0.82,8.43,85.62,31.17,20.95,26.0,1.55
1999,General Mariano Alvarez,14.3,121.0,4,19.12,4.77,0.89,8.52,86.0,32.39,22.31,26.63,1.18
1999,General Mariano Alvarez,14.3,121.0,5,19.61,3.92,0.87,4.74,83.84,32.62,23.21,27.16,0.95
1999,General Mariano Alvarez,14.3,121.0,6,17.53,3.67,0.88,6.78,87.29,31.83,23.17,26.42,1.13
1999,General Mariano Alvarez,14.3,121.0,7,17.01,3.52,0.94,7.47,89.32,30.88,23.2,26.04,1.43
1999,General Mariano Alvarez,14.3,121.0,8,14.94,4.15,0.97,12.39,89.28,30.72,22.42,25.8,1.42
1999,General Mariano Alvarez,14.3,121.0,9,15.46,3.69,0.98,7.29,89.49,29.98,23.18,25.92,1.24
1999,General Mariano Alvarez,14.3,121.0,10,14.73,3.81,0.98,12.65,90.01,30.35,22.73,25.89,1.28
1999,General Mariano Alvarez,14.3,121.0,11,12.67,4.54,0.97,13.09,89.65,29.69,19.86,25.06,1.58
1999,General Mariano Alvarez,14.3,121.0,12,10.82,4.11,0.99,16.58,91.98,27.98,19.0,24.21,1.86
1999,General Trias,14.38,120.88,1,14.94,3.59,0.89,1.29,85.1,29.88,22.79,26.78,5.13
1999,General Trias,14.38,120.88,2,18.27,3.3,0.73,0.62,77.82,30.77,20.82,26.73,5.41
1999,General Trias,14.38,120.88,3,19.68,2.72,0.66,2.96,78.45,32.56,22.28,28.83,4.01
1999,General Trias,14.38,120.88,4,20.95,2.92,0.68,3.59,78.91,32.78,24.29,29.33,3.13
1999,General Trias,14.38,120.88,5,20.95,2.29,0.7,3.09,78.93,32.14,25.47,29.62,2.39
1999,General Trias,14.38,120.88,6,17.62,3.22,0.87,11.07,83.74,31.26,25.22,28.42,3.22
1999,General Trias,14.38,120.88,7,15.91,3.19,0.99,17.22,87.6,29.07,25.26,27.47,4.39
1999,General Trias,14.38,120.88,8,16.01,3.84,0.99,22.36,86.76,29.53,24.76,27.18,4.05
1999,General Trias,14.38,120.88,9,16.34,3.44,0.99,11.48,86.59,29.49,24.94,27.49,3.56
1999,General Trias,14.38,120.88,10,16.77,3.2,0.98,9.64,86.61,30.13,24.65,27.53,3.41
1999,General Trias,14.38,120.88,11,15.21,3.54,0.93,3.73,84.77,30.1,23.13,27.11,4.24
1999,General Trias,14.38,120.88,12,13.79,2.77,0.9,4.5,87.65,29.29,20.84,26.32,5.05
1999,Imus City,14.43,120.93,1,14.94,3.59,0.89,1.29,85.1,29.88,22.79,26.78,5.13
1999,Imus City,14.43,120.93,2,18.27,3.3,0.73,0.62,77.82,30.77,20.82,26.73,5.41
1999,Imus City,14.43,120.93,3,19.68,2.72,0.66,2.96,78.45,32.56,22.28,28.83,4.01
1999,Imus City,14.43,120.93,4,20.95,2.92,0.68,3.59,78.91,32.78,24.29,29.33,3.13
1999,Imus City,14.43,120.93,5,20.95,2.29,0.7,3.09,78.93,32.14,25.47,29.62,2.39
1999,Imus City,14.43,120.93,6,17.62,3.22,0.87,11.07,83.74,31.26,25.22,28.42,3.22
1999,Imus City,14.43,120.93,7,15.91,3.19,0.99,17.22,87.6,29.07,25.26,27.47,4.39
1999,Imus City,14.43,120.93,8,16.01,3.84,0.99,22.36,86.76,29.53,24.76,27.18,4.05
1999,Imus City,14.43,120.93,9,16.34,3.44,0.99,11.48,86.59,29.49,24.94,27.49,3.56
1999,Imus City,14.43,120.93,10,16.77,3.2,0.98,9.64,86.61,30.13,24.65,27.53,3.41
1999,Imus City,14.43,120.93,11,15.21,3.54,0.93,3.73,84.77,30.1,23.13,27.11,4.24
1999,Imus City,14.43,120.93,12,13.79,2.77,0.9,4.5,87.65,29.29,20.84,26.32,5.05
1999,Indang,14.19,120.87,1,14.94,4.92,0.89,2.12,86.35,29.15,23.51,26.64,5.08
1999,Indang,14.19,120.87,2,18.27,5.07,0.69,1.02,80.97,29.74,21.77,25.96,5.21
1999,Indang,14.19,120.87,3,19.68,3.63,0.59,4.24,82.86,30.63,23.07,27.37,3.78
1999,Indang,14.19,120.87,4,20.95,3.96,0.63,4.77,82.34,31.16,24.12,28.03,2.9
1999,Indang,14.19,120.87,5,20.95,3.04,0.63,3.17,80.14,31.7,25.6,28.85,2.17
1999,Indang,14.19,120.87,6,17.62,3.78,0.71,9.67,83.88,30.9,25.47,28.16,2.85
1999,Indang,14.19,120.87,7,15.91,3.71,0.92,13.74,87.61,29.38,25.65,27.65,3.88
1999,Indang,14.19,120.87,8,16.01,4.31,0.98,15.9,86.86,29.91,24.77,27.14,3.54
1999,Indang,14.19,120.87,9,16.34,3.72,0.97,7.93,87.07,29.26,25.28,27.39,3.26
1999,Indang,14.19,120.87,10,16.77,3.7,0.96,8.5,86.6,30.04,25.27,27.61,3.33
1999,Indang,14.19,120.87,11,15.21,4.42,0.93,5.35,85.63,29.71,23.85,27.05,4.16
1999,Indang,14.19,120.87,12,13.79,3.92,0.91,5.75,88.26,29.05,21.75,26.42,4.91
1999,Kawit,14.44,120.9,1,14.94,3.59,0.89,1.29,85.1,29.88,22.79,26.78,5.13
1999,Kawit,14.44,120.9,2,18.27,3.3,0.73,0.62,77.82,30.77,20.82,26.73,5.41
1999,Kawit,14.44,120.9,3,19.68,2.72,0.66,2.96,78.45,32.56,22.28,28.83,4.01
1999,Kawit,14.44,120.9,4,20.95,2.92,0.68,3.59,78.91,32.78,24.29,29.33,3.13
1999,Kawit,14.44,120.9,5,20.95,2.29,0.7,3.09,78.93,32.14,25.47,29.62,2.39
1999,Kawit,14.44,120.9,6,17.62,3.22,0.87,11.07,83.74,31.26,25.22,28.42,3.22
1999,Kawit,14.44,120.9,7,15.91,3.19,0.99,17.22,87.6,29.07,25.26,27.47,4.39
1999,Kawit,14.44,120.9,8,16.01,3.84,0.99,22.36,86.76,29.53,24.76,27.18,4.05
1999,Kawit,14.44,120.9,9,16.34,3.44,0.99,11.48,86.59,29.49,24.94,27.49,3.56
1999,Kawit,14.44,120.9,10,16.77,3.2,0.98,9.64,86.61,30.13,24.65,27.53,3.41
1999,Kawit,14.44,120.9,11,15.21,3.54,0.93,3.73,84.77,30.1,23.13,27.11,4.24
1999,Kawit,14.44,120.9,12,13.79,2.77,0.9,4.5,87.65,29.29,20.84,26.32,5.05
1999,Magallanes,14.19,120.73,1,14.94,4.92,0.89,2.12,86.35,29.15,23.51,26.64,5.08
1999,Magallanes,14.19,120.73,2,18.27,5.07,0.69,1.02,80.97,29.74,21.77,25.96,5.21
1999,Magallanes,14.19,120.73,3,19.68,3.63,0.59,4.24,82.86,30.63,23.07,27.37,3.78
1999,Magallanes,14.19,120.73,4,20.95,3.96,0.63,4.77,82.34,31.16,24.12,28.03,2.9
1999,Magallanes,14.19,120.73,5,20.95,3.04,0.63,3.17,80.14,31.7,25.6,28.85,2.17
1999,Magallanes,14.19,120.73,6,17.62,3.78,0.71,9.67,83.88,30.9,25.47,28.16,2.85
1999,Magallanes,14.19,120.73,7,15.91,3.71,0.92,13.74,87.61,29.38,25.65,27.65,3.88
1999,Magallanes,14.19,120.73,8,16.01,4.31,0.98,15.9,86.86,29.91,24.77,27.14,3.54
1999,Magallanes,14.19,120.73,9,16.34,3.72,0.97,7.93,87.07,29.26,25.28,27.39,3.26
1999,Magallanes,14.19,120.73,10,16.77,3.7,0.96,8.5,86.6,30.04,25.27,27.61,3.33
1999,Magallanes,14.19,120.73,11,15.21,4.42,0.93,5.35,85.63,29.71,23.85,27.05,4.16
1999,Magallanes,14.19,120.73,12,13.79,3.92,0.91,5.75,88.26,29.05,21.75,26.42,4.91
1999,Maragondon,14.27,120.73,1,14.94,3.59,0.89,1.29,85.1,29.88,22.79,26.78,5.13
1999,Maragondon,14.27,120.73,2,18.27,3.3,0.73,0.62,77.82,30.77,20.82,26.73,5.41
1999,Maragondon,14.27,120.73,3,19.68,2.72,0.66,2.96,78.45,32.56,22.28,28.83,4.01
1999,Maragondon,14.27,120.73,4,20.95,2.92,0.68,3.59,78.91,32.78,24.29,29.33,3.13
1999,Maragondon,14.27,120.73,5,20.95,2.29,0.7,3.09,78.93,32.14,25.47,29.62,2.39
1999,Maragondon,14.27,120.73,6,17.62,3.22,0.87,11.07,83.74,31.26,25.22,28.42,3.22
1999,Maragondon,14.27,120.73,7,15.91,3.19,0.99,17.22,87.6,29.07,25.26,27.47,4.39
1999,Maragondon,14.27,120.73,8,16.01,3.84,0.99,22.36,86.76,29.53,24.76,27.18,4.05
1999,Maragondon,14.27,120.73,9,16.34,3.44,0.99,11.48,86.59,29.49,24.94,27.49,3.56
1999,Maragondon,14.27,120.73,10,16.77,3.2,0.98,9.64,86.61,30.13,24.65,27.53,3.41
1999,Maragondon,14.27,120.73,11,15.21,3.54,0.93,3.73,84.77,30.1,23.13,27.11,4.24
1999,Maragondon,14.27,120.73,12,13.79,2.77,0.9,4.5,87.65,29.29,20.84,26.32,5.05
1999,Mendez,14.13,120.9,1,14.94,4.92,0.89,2.12,86.35,29.15,23.51,26.64,5.08
1999,Mendez,14.13,120.9,2,18.27,5.07,0.69,1.02,80.97,29.74,21.77,25.96,5.21
1999,Mendez,14.13,120.9,3,19.68,3.63,0.59,4.24,82.86,30.63,23.07,27.37,3.78
1999,Mendez,14.13,120.9,4,20.95,3.96,0.63,4.77,82.34,31.16,24.12,28.03,2.9
1999,Mendez,14.13,120.9,5,20.95,3.04,0.63,3.17,80.14,31.7,25.6,28.85,2.17
1999,Mendez,14.13,120.9,6,17.62,3.78,0.71,9.67,83.88,30.9,25.47,28.16,2.85
1999,Mendez,14.13,120.9,7,15.91,3.71,0.92,13.74,87.61,29.38,25.65,27.65,3.88
1999,Mendez,14.13,120.9,8,16.01,4.31,0.98,15.9,86.86,29.91,24.77,27.14,3.54
1999,Mendez,14.13,120.9,9,16.34,3.72,0.97,7.93,87.07,29.26,25.28,27.39,3.26
1999,Mendez,14.13,120.9,10,16.77,3.7,0.96,8.5,86.6,30.04,25.27,27.61,3.33
1999,Mendez,14.13,120.9,11,15.21,4.42,0.93,5.35,85.63,29.71,23.85,27.05,4.16
1999,Mendez,14.13,120.9,12,13.79,3.92,0.91,5.75,88.26,29.05,21.75,26.42,4.91
1999,Naic,14.32,120.77,1,14.94,3.59,0.89,1.29,85.1,29.88,22.79,26.78,5.13
1999,Naic,14.32,120.77,2,18.27,3.3,0.73,0.62,77.82,30.77,20.82,26.73,5.41
1999,Naic,14.32,120.77,3,19.68,2.72,0.66,2.96,78.45,32.56,22.28,28.83,4.01
1999,Naic,14.32,120.77,4,20.95,2.92,0.68,3.59,78.91,32.78,24.29,29.33,3.13
1999,Naic,14.32,120.77,5,20.95,2.29,0.7,3.09,78.93,32.14,25.47,29.62,2.39
1999,Naic,14.32,120.77,6,17.62,3.22,0.87,11.07,83.74,31.26,25.22,28.42,3.22
1999,Naic,14.32,120.77,7,15.91,3.19,0.99,17.22,87.6,29.07,25.26,27.47,4.39
1999,Naic,14.32,120.77,8,16.01,3.84,0.99,22.36,86.76,29.53,24.76,27.18,4.05
1999,Naic,14.32,120.77,9,16.34,3.44,0.99,11.48,86.59,29.49,24.94,27.49,3.56
1999,Naic,14.32,120.77,10,16.77,3.2,0.98,9.64,86.61,30.13,24.65,27.53,3.41
1999,Naic,14.32,120.77,11,15.21,3.54,0.93,3.73,84.77,30.1,23.13,27.11,4.24
1999,Naic,14.32,120.77,12,13.79,2.77,0.9,4.5,87.65,29.29,20.84,26.32,5.05
1999,Noveleta,14.43,120.88,1,14.94,3.59,0.89,1.29,85.1,29.88,22.79,26.78,5.13
1999,Noveleta,14.43,120.88,2,18.27,3.3,0.73,0.62,77.82,30.77,20.82,26.73,5.41
1999,Noveleta,14.43,120.88,3,19.68,2.72,0.66,2.96,78.45,32.56,22.28,28.83,4.01
1999,Noveleta,14.43,120.88,4,20.95,2.92,0.68,3.59,78.91,32.78,24.29,29.33,3.13
1999,Noveleta,14.43,120.88,5,20.95,2.29,0.7,3.09,78.93,32.14,25.47,29.62,2.39
1999,Noveleta,14.43,120.88,6,17.62,3.22,0.87,11.07,83.74,31.26,25.22,28.42,3.22
1999,Noveleta,14.43,120.88,7,15.91,3.19,0.99,17.22,87.6,29.07,25.26,27.47,4.39
1999,Noveleta,14.43,120.88,8,16.01,3.84,0.99,22.36,86.76,29.53,24.76,27.18,4.05
1999,Noveleta,14.43,120.88,9,16.34,3.44,0.99,11.48,86.59,29.49,24.94,27.49,3.56
1999,Noveleta,14.43,120.88,10,16.77,3.2,0.98,9.64,86.61,30.13,24.65,27.53,3.41
1999,Noveleta,14.43,120.88,11,15.21,3.54,0.93,3.73,84.77,30.1,23.13,27.11,4.24
1999,Noveleta,14.43,120.88,12,13.79,2.77,0.9,4.5,87.65,29.29,20.84,26.32,5.05
1999,Rosario,14.41,120.85,1,14.94,3.59,0.89,1.29,85.1,29.88,22.79,26.78,5.13
1999,Rosario,14.41,120.85,2,18.27,3.3,0.73,0.62,77.82,30.77,20.82,26.73,5.41
1999,Rosario,14.41,120.85,3,19.68,2.72,0.66,2.96,78.45,32.56,22.28,28.83,4.01
1999,Rosario,14.41,120.85,4,20.95,2.92,0.68,3.59,78.91,32.78,24.29,29.33,3.13
1999,Rosario,14.41,120.85,5,20.95,2.29,0.7,3.09,78.93,32.14,25.47,29.62,2.39
1999,Rosario,14.41,120.85,6,17.62,3.22,0.87,11.07,83.74,31.26,25.22,28.42,3.22
1999,Rosario,14.41,120.85,7,15.91,3.19,0.99,17.22,87.6,29.07,25.26,27.47,4.39
1999,Rosario,14.41,120.85,8,16.01,3.84,0.99,22.36,86.76,29.53,24.76,27.18,4.05
1999,Rosario,14.41,120.85,9,16.34,3.44,0.99,11.48,86.59,29.49,24.94,27.49,3.56
1999,Rosario,14.41,120.85,10,16.77,3.2,0.98,9.64,86.61,30.13,24.65,27.53,3.41
1999,Rosario,14.41,120.85,11,15.21,3.54,0.93,3.73,84.77,30.1,23.13,27.11,4.24
1999,Rosario,14.41,120.85,12,13.79,2.77,0.9,4.5,87.65,29.29,20.84,26.32,5.05
1999,Silang,14.23,120.97,1,14.94,4.75,0.98,9.05,90.39,29.31,20.89,24.7,1.88
1999,Silang,14.23,120.97,2,18.27,5.45,0.88,3.76,86.47,29.94,18.1,23.66,1.88
1999,Silang,14.23,120.97,3,19.68,4.84,0.83,9.11,88.02,30.94,21.5,25.85,1.51
1999,Silang,14.23,120.97,4,20.95,4.78,0.88,6.91,87.07,35.5,22.23,26.67,1.15
1999,Silang,14.23,120.97,5,20.95,3.89,0.86,4.56,84.76,34.29,23.67,27.15,0.96
1999,Silang,14.23,120.97,6,17.62,3.66,0.86,6.49,87.13,31.88,23.33,26.63,1.09
1999,Silang,14.23,120.97,7,15.91,3.47,0.93,6.59,88.24,31.66,23.47,26.4,1.39
1999,Silang,14.23,120.97,8,16.01,3.89,0.97,10.16,89.13,30.78,22.71,26.09,1.37
1999,Silang,14.23,120.97,9,16.34,3.53,0.97,6.09,89.24,30.75,23.12,26.08,1.22
1999,Silang,14.23,120.97,10,16.77,3.49,0.97,13.09,90.44,31.05,23.15,26.12,1.25
1999,Silang,14.23,120.97,11,15.21,4.11,0.98,13.35,90.83,29.98,20.33,25.28,1.53
1999,Silang,14.23,120.97,12,13.79,3.73,0.99,14.82,92.84,28.43,19.49,24.58,1.81
1999,Tagaytay City,14.11,120.96,1,14.94,4.75,0.98,9.05,90.39,29.31,20.89,24.7,1.88
1999,Tagaytay City,14.11,120.96,2,18.27,5.45,0.88,3.76,86.47,29.94,18.1,23.66,1.88
1999,Tagaytay City,14.11,120.96,3,19.68,4.84,0.83,9.11,88.02,30.94,21.5,25.85,1.51
1999,Tagaytay City,14.11,120.96,4,20.95,4.78,0.88,6.91,87.07,35.5,22.23,26.67,1.15
1999,Tagaytay City,14.11,120.96,5,20.95,3.89,0.86,4.56,84.76,34.29,23.67,27.15,0.96
1999,Tagaytay City,14.11,120.96,6,17.62,3.66,0.86,6.49,87.13,31.88,23.33,26.63,1.09
1999,Tagaytay City,14.11,120.96,7,15.91,3.47,0.93,6.59,88.24,31.66,23.47,26.4,1.39
1999,Tagaytay City,14.11,120.96,8,16.01,3.89,0.97,10.16,89.13,30.78,22.71,26.09,1.37
1999,Tagaytay City,14.11,120.96,9,16.34,3.53,0.97,6.09,89.24,30.75,23.12,26.08,1.22
1999,Tagaytay City,14.11,120.96,10,16.77,3.49,0.97,13.09,90.44,31.05,23.15,26.12,1.25
1999,Tagaytay City,14.11,120.96,11,15.21,4.11,0.98,13.35,90.83,29.98,20.33,25.28,1.53
1999,Tagaytay City,14.11,120.96,12,13.79,3.73,0.99,14.82,92.84,28.43,19.49,24.58,1.81
1999,Tanza,14.36,120.85,1,14.94,3.59,0.89,1.29,85.1,29.88,22.79,26.78,5.13
1999,Tanza,14.36,120.85,2,18.27,3.3,0.73,0.62,77.82,30.77,20.82,26.73,5.41
1999,Tanza,14.36,120.85,3,19.68,2.72,0.66,2.96,78.45,32.56,22.28,28.83,4.01
1999,Tanza,14.36,120.85,4,20.95,2.92,0.68,3.59,78.91,32.78,24.29,29.33,3.13
1999,Tanza,14.36,120.85,5,20.95,2.29,0.7,3.09,78.93,32.14,25.47,29.62,2.39
1999,Tanza,14.36,120.85,6,17.62,3.22,0.87,11.07,83.74,31.26,25.22,28.42,3.22
1999,Tanza,14.36,120.85,7,15.91,3.19,0.99,17.22,87.6,29.07,25.26,27.47,4.39
1999,Tanza,14.36,120.85,8,16.01,3.84,0.99,22.36,86.76,29.53,24.76,27.18,4.05
1999,Tanza,14.36,120.85,9,16.34,3.44,0.99,11.48,86.59,29.49,24.94,27.49,3.56
1999,Tanza,14.36,120.85,10,16.77,3.2,0.98,9.64,86.61,30.13,24.65,27.53,3.41
1999,Tanza,14.36,120.85,11,15.21,3.54,0.93,3.73,84.77,30.1,23.13,27.11,4.24
1999,Tanza,14.36,120.85,12,13.79,2.77,0.9,4.5,87.65,29.29,20.84,26.32,5.05
1999,Ternate,14.28,120.7,1,14.94,3.59,0.89,1.29,85.1,29.88,22.79,26.78,5.13
1999,Ternate,14.28,120.7,2,18.27,3.3,0.73,0.62,77.82,30.77,20.82,26.73,5.41
1999,Ternate,14.28,120.7,3,19.68,2.72,0.66,2.96,78.45,32.56,22.28,28.83,4.01
1999,Ternate,14.28,120.7,4,20.95,2.92,0.68,3.59,78.91,32.78,24.29,29.33,3.13
1999,Ternate,14.28,120.7,5,20.95,2.29,0.7,3.09,78.93,32.14,25.47,29.62,2.39
1999,Ternate,14.28,120.7,6,17.62,3.22,0.87,11.07,83.74,31.26,25.22,28.42,3.22
1999,Ternate,14.28,120.7,7,15.91,3.19,0.99,17.22,87.6,29.07,25.26,27.47,4.39
1999,Ternate,14.28,120.7,8,16.01,3.84,0.99,22.36,86.76,29.53,24.76,27.18,4.05
1999,Ternate,14.28,120.7,9,16.34,3.44,0.99,11.48,86.59,29.49,24.94,27.49,3.56
1999,Ternate,14.28,120.7,10,16.77,3.2,0.98,9.64,86.61,30.13,24.65,27.53,3.41
1999,Ternate,14.28,120.7,11,15.21,3.54,0.93,3.73,84.77,30.1,23.13,27.11,4.24
1999,Ternate,14.28,120.7,12,13.79,2.77,0.9,4.5,87.65,29.29,20.84,26.32,5.05
1999,Trece Martires City,14.28,120.86,1,14.94,3.59,0.89,1.29,85.1,29.88,22.79,26.78,5.13
1999,Trece Martires City,14.28,120.86,2,18.27,3.3,0.73,0.62,77.82,30.77,20.82,26.73,5.41
1999,Trece Martires City,14.28,120.86,3,19.68,2.72,0.66,2.96,78.45,32.56,22.28,28.83,4.01
1999,Trece Martires City,14.28,120.86,4,20.95,2.92,0.68,3.59,78.91,32.78,24.29,29.33,3.13
1999,Trece Martires City,14.28,120.86,5,20.95,2.29,0.7,3.09,78.93,32.14,25.47,29.62,2.39
1999,Trece Martires City,14.28,120.86,6,17.62,3.22,0.87,11.07,83.74,31.26,25.22,28.42,3.22
1999,Trece Martires City,14.28,120.86,7,15.91,3.19,0.99,17.22,87.6,29.07,25.26,27.47,4.39
1999,Trece Martires City,14.28,120.86,8,16.01,3.84,0.99,22.36,86.76,29.53,24.76,27.18,4.05
1999,Trece Martires City,14.28,120.86,9,16.34,3.44,0.99,11.48,86.59,29.49,24.94,27.49,3.56
1999,Trece Martires City,14.28,120.86,10,16.77,3.2,0.98,9.64,86.61,30.13,24.65,27.53,3.41
1999,Trece Martires City,14.28,120.86,11,15.21,3.54,0.93,3.73,84.77,30.1,23.13,27.11,4.24
1999,Trece Martires City,14.28,120.86,12,13.79,2.77,0.9,4.5,87.65,29.29,20.84,26.32,5.05
2000,Alfonso,14.14,120.85,1,16.35,5.12,0.78,1.82,84.2,28.88,21.37,25.84,4.75
2000,Alfonso,14.14,120.85,2,16.51,4.06,0.68,2.81,85.01,30.12,22.73,26.33,4.53
2000,Alfonso,14.14,120.85,3,19.4,3.32,0.61,2.5,83.55,30.39,23.81,27.15,3.88
2000,Alfonso,14.14,120.85,4,22.38,2.97,0.54,2.3,78.67,33.13,25.17,28.84,2.91
2000,Alfonso,14.14,120.85,5,17.88,3.08,0.59,6.43,81.13,34.4,26.05,28.88,3.02
2000,Alfonso,14.14,120.85,6,19.72,3.61,0.7,6.31,83.04,31.25,25.85,28.59,2.6
2000,Alfonso,14.14,120.85,7,13.99,4.19,0.94,14.03,87.68,28.89,24.74,27.37,4.04
2000,Alfonso,14.14,120.85,8,17.06,3.83,0.95,8.88,86.41,29.19,24.91,27.93,3.35
2000,Alfonso,14.14,120.85,9,16.84,4.32,0.98,11.65,86.7,29.86,25.02,27.49,3.83
2000,Alfonso,14.14,120.85,10,15.56,3.97,0.94,8.57,86.69,30.38,24.98,27.75,3.63
2000,Alfonso,14.14,120.85,11,14.73,3.99,0.96,4.54,88.0,29.41,24.41,27.04,4.13
2000,Alfonso,14.14,120.85,12,14.19,3.87,0.92,5.29,87.97,29.31,24.24,26.7,4.56
2000,Amadeo,14.17,120.92,1,16.35,5.12,0.78,1.82,84.2,28.88,21.37,25.84,4.75
2000,Amadeo,14.17,120.92,2,16.51,4.06,0.68,2.81,85.01,30.12,22.73,26.33,4.53
2000,Amadeo,14.17,120.92,3,19.4,3.32,0.61,2.5,83.55,30.39,23.81,27.15,3.88
2000,Amadeo,14.17,120.92,4,22.38,2.97,0.54,2.3,78.67,33.13,25.17,28.84,2.91
2000,Amadeo,14.17,120.92,5,17.88,3.08,0.59,6.43,81.13,34.4,26.05,28.88,3.02
2000,Amadeo,14.17,120.92,6,19.72,3.61,0.7,6.31,83.04,31.25,25.85,28.59,2.6
2000,Amadeo,14.17,120.92,7,13.99,4.19,0.94,14.03,87.68,28.89,24.74,27.37,4.04
2000,Amadeo,14.17,120.92,8,17.06,3.83,0.95,8.88,86.41,29.19,24.91,27.93,3.35
2000,Amadeo,14.17,120.92,9,16.84,4.32,0.98,11.65,86.7,29.86,25.02,27.49,3.83
2000,Amadeo,14.17,120.92,10,15.56,3.97,0.94,8.57,86.69,30.38,24.98,27.75,3.63
2000,Amadeo,14.17,120.92,11,14.73,3.99,0.96,4.54,88.0,29.41,24.41,27.04,4.13
2000,Amadeo,14.17,120.92,12,14.19,3.87,0.92,5.29,87.97,29.31,24.24,26.7,4.56
2000,Bacoor City,14.46,120.94,1,16.35,5.13,0.93,5.48,87.17,28.91,18.76,23.89,1.8
2000,Bacoor City,14.46,120.94,2,16.51,4.67,0.9,6.67,88.36,30.73,20.41,24.46,1.77
2000,Bacoor City,14.46,120.94,3,19.4,4.31,0.85,5.5,87.15,30.51,21.52,25.64,1.58
2000,Bacoor City,14.46,120.94,4,22.38,3.94,0.79,2.73,82.13,33.79,22.04,27.51,1.26
2000,Bacoor City,14.46,120.94,5,17.88,3.68,0.76,5.94,83.92,34.28,22.96,27.41,1.21
2000,Bacoor City,14.46,120.94,6,19.72,3.56,0.82,6.43,86.48,32.52,23.33,26.78,1.03
2000,Bacoor City,14.46,120.94,7,13.99,3.92,0.97,11.16,89.46,29.9,22.77,25.78,1.52
2000,Bacoor City,14.46,120.94,8,17.06,3.64,0.95,5.88,88.37,31.35,23.07,26.31,1.25
2000,Bacoor City,14.46,120.94,9,16.84,4.19,0.97,10.48,89.5,31.03,22.99,25.83,1.49
2000,Bacoor City,14.46,120.94,10,15.56,3.87,0.98,11.62,90.72,30.8,22.69,25.95,1.39
2000,Bacoor City,14.46,120.94,11,14.73,4.29,0.99,10.39,90.87,29.23,22.18,25.49,1.6
2000,Bacoor City,14.46,120.94,12,14.19,4.11,0.98,14.41,91.53,28.84,21.63,24.84,1.74
2000,Carmona,14.31,121.05,1,13.63,5.13,0.93,5.48,87.17,28.91,18.76,23.89,1.8
2000,Carmona,14.31,121.05,2,15.1,4.67,0.9,6.67,88.36,30.73,20.41,24.46,1.77
2000,Carmona,14.31,121.05,3,16.63,4.31,0.85,5.5,87.15,30.51,21.52,25.64,1.58
2000,Carmona,14.31,121.05,4,22.04,3.94,0.79,2.73,82.13,33.79,22.04,27.51,1.26
2000,Carmona,14.31,121.05,5,17.65,3.68,0.76,5.94,83.92,34.28,22.96,27.41,1.21
2000,Carmona,14.31,121.05,6,18.38,3.56,0.82,6.43,86.48,32.52,23.33,26.78,1.03
2000,Carmona,14.31,121.05,7,14.39,3.92,0.97,11.16,89.46,29.9,22.77,25.78,1.52
2000,Carmona,14.31,121.05,8,17.88,3.64,0.95,5.88,88.37,31.35,23.07,26.31,1.25
2000,Carmona,14.31,121.05,9,15.8,4.19,0.97,10.48,89.5,31.03,22.99,25.83,1.49
2000,Carmona,14.31,121.05,10,13.7,3.87,0.98,11.62,90.72,30.8,22.69,25.95,1.39
2000,Carmona,14.31,121.05,11,12.25,4.29,0.99,10.39,90.87,29.23,22.18,25.49,1.6
2000,Carmona,14.31,121.05,12,11.06,4.11,0.98,14.41,91.53,28.84,21.63,24.84,1.74
2000,Cavite City,14.48,120.9,1,16.35,3.41,0.8,1.07,82.19,29.46,20.6,26.41,4.86
2000,Cavite City,14.48,120.9,2,16.51,2.94,0.75,2.53,82.84,30.76,22.31,26.98,4.71
2000,Cavite City,14.48,120.9,3,19.4,2.57,0.68,1.73,80.11,31.58,23.22,28.23,4.2
2000,Cavite City,14.48,120.9,4,22.38,2.32,0.62,1.71,74.03,34.92,24.82,30.51,3.12
2000,Cavite City,14.48,120.9,5,17.88,2.26,0.74,8.62,78.76,35.13,25.71,30.01,3.5
2000,Cavite City,14.48,120.9,6,19.72,3.08,0.91,6.94,83.07,31.16,25.42,28.67,2.8
2000,Cavite City,14.48,120.9,7,13.99,3.66,0.99,20.84,87.28,28.79,24.57,27.4,4.68
2000,Cavite City,14.48,120.9,8,17.06,3.5,0.99,12.94,86.0,29.79,24.79,28.02,3.73
2000,Cavite City,14.48,120.9,9,16.84,3.85,0.99,14.73,85.9,30.27,24.86,27.57,4.29
2000,Cavite City,14.48,120.9,10,15.56,3.23,0.97,8.46,86.64,30.44,24.73,27.75,3.85
2000,Cavite City,14.48,120.9,11,14.73,3.34,0.97,3.37,87.47,29.74,23.5,27.01,4.28
2000,Cavite City,14.48,120.9,12,14.19,2.82,0.9,3.55,87.24,29.71,23.2,26.65,4.68
2000,Dasmarinas City,14.33,120.93,1,16.35,3.41,0.8,1.07,82.19,29.46,20.6,26.41,4.86
2000,Dasmarinas City,14.33,120.93,2,16.51,2.94,0.75,2.53,82.84,30.76,22.31,26.98,4.71
2000,Dasmarinas City,14.33,120.93,3,19.4,2.57,0.68,1.73,80.11,31.58,23.22,28.23,4.2
2000,Dasmarinas City,14.33,120.93,4,22.38,2.32,0.62,1.71,74.03,34.92,24.82,30.51,3.12
2000,Dasmarinas City,14.33,120.93,5,17.88,2.26,0.74,8.62,78.76,35.13,25.71,30.01,3.5
2000,Dasmarinas City,14.33,120.93,6,19.72,3.08,0.91,6.94,83.07,31.16,25.42,28.67,2.8
2000,Dasmarinas City,14.33,120.93,7,13.99,3.66,0.99,20.84,87.28,28.79,24.57,27.4,4.68
2000,Dasmarinas City,14.33,120.93,8,17.06,3.5,0.99,12.94,86.0,29.79,24.79,28.02,3.73
2000,Dasmarinas City,14.33,120.93,9,16.84,3.85,0.99,14.73,85.9,30.27,24.86,27.57,4.29
2000,Dasmarinas City,14.33,120.93,10,15.56,3.23,0.97,8.46,86.64,30.44,24.73,27.75,3.85
2000,Dasmarinas City,14.33,120.93,11,14.73,3.34,0.97,3.37,87.47,29.74,23.5,27.01,4.28
2000,Dasmarinas City,14.33,120.93,12,14.19,2.82,0.9,3.55,87.24,29.71,23.2,26.65,4.68
2000,General Emilio Aguinaldo,14.18,120.79,1,16.35,5.12,0.78,1.82,84.2,28.88,21.37,25.84,4.75
2000,General Emilio Aguinaldo,14.18,120.79,2,16.51,4.06,0.68,2.81,85.01,30.12,22.73,26.33,4.53
2000,General Emilio Aguinaldo,14.18,120.79,3,19.4,3.32,0.61,2.5,83.55,30.39,23.81,27.15,3.88
2000,General Emilio Aguinaldo,14.18,120.79,4,22.38,2.97,0.54,2.3,78.67,33.13,25.17,28.84,2.91
2000,General Emilio Aguinaldo,14.18,120.79,5,17.88,3.08,0.59,6.43,81.13,34.4,26.05,28.88,3.02
2000,General Emilio Aguinaldo,14.18,120.79,6,19.72,3.61,0.7,6.31,83.04,31.25,25.85,28.59,2.6
2000,General Emilio Aguinaldo,14.18,120.79,7,13.99,4.19,0.94,14.03,87.68,28.89,24.74,27.37,4.04
2000,General Emilio Aguinaldo,14.18,120.79,8,17.06,3.83,0.95,8.88,86.41,29.19,24.91,27.93,3.35
2000,General Emilio Aguinaldo,14.18,120.79,9,16.84,4.32,0.98,11.65,86.7,29.86,25.02,27.49,3.83
2000,General Emilio Aguinaldo,14.18,120.79,10,15.56,3.97,0.94,8.57,86.69,30.38,24.98,27.75,3.63
2000,General Emilio Aguinaldo,14.18,120.79,11,14.73,3.99,0.96,4.54,88.0,29.41,24.41,27.04,4.13
2000,General Emilio Aguinaldo,14.18,120.79,12,14.19,3.87,0.92,5.29,87.97,29.31,24.24,26.7,4.56
2000,General Mariano Alvarez,14.3,121.0,1,13.63,5.13,0.93,5.48,87.17,28.91,18.76,23.89,1.8
2000,General Mariano Alvarez,14.3,121.0,2,15.1,4.67,0.9,6.67,88.36,30.73,20.41,24.46,1.77
2000,General Mariano Alvarez,14.3,121.0,3,16.63,4.31,0.85,5.5,87.15,30.51,21.52,25.64,1.58
2000,General Mariano Alvarez,14.3,121.0,4,22.04,3.94,0.79,2.73,82.13,33.79,22.04,27.51,1.26
2000,General Mariano Alvarez,14.3,121.0,5,17.65,3.68,0.76,5.94,83.92,34.28,22.96,27.41,1.21
2000,General Mariano Alvarez,14.3,121.0,6,18.38,3.56,0.82,6.43,86.48,32.52,23.33,26.78,1.03
2000,General Mariano Alvarez,14.3,121.0,7,14.39,3.92,0.97,11.16,89.46,29.9,22.77,25.78,1.52
2000,General Mariano Alvarez,14.3,121.0,8,17.88,3.64,0.95,5.88,88.37,31.35,23.07,26.31,1.25
2000,General Mariano Alvarez,14.3,121.0,9,15.8,4.19,0.97,10.48,89.5,31.03,22.99,25.83,1.49
2000,General Mariano Alvarez,14.3,121.0,10,13.7,3.87,0.98,11.62,90.72,30.8,22.69,25.95,1.39
2000,General Mariano Alvarez,14.3,121.0,11,12.25,4.29,0.99,10.39,90.87,29.23,22.18,25.49,1.6
2000,General Mariano Alvarez,14.3,121.0,12,11.06,4.11,0.98,14.41,91.53,28.84,21.63,24.84,1.74
2000,General Trias,14.38,120.88,1,16.35,3.41,0.8,1.07,82.19,29.46,20.6,26.41,4.86
2000,General Trias,14.38,120.88,2,16.51,2.94,0.75,2.53,82.84,30.76,22.31,26.98,4.71
2000,General Trias,14.38,120.88,3,19.4,2.57,0.68,1.73,80.11,31.58,23.22,28.23,4.2
2000,General Trias,14.38,120.88,4,22.38,2.32,0.62,1.71,74.03,34.92,24.82,30.51,3.12
2000,General Trias,14.38,120.88,5,17.88,2.26,0.74,8.62,78.76,35.13,25.71,30.01,3.5
2000,General Trias,14.38,120.88,6,19.72,3.08,0.91,6.94,83.07,31.16,25.42,28.67,2.8
2000,General Trias,14.38,120.88,7,13.99,3.66,0.99,20.84,87.28,28.79,24.57,27.4,4.68
2000,General Trias,14.38,120.88,8,17.06,3.5,0.99,12.94,86.0,29.79,24.79,28.02,3.73
2000,General Trias,14.38,120.88,9,16.84,3.85,0.99,14.73,85.9,30.27,24.86,27.57,4.29
2000,General Trias,14.38,120.88,10,15.56,3.23,0.97,8.46,86.64,30.44,24.73,27.75,3.85
2000,General Trias,14.38,120.88,11,14.73,3.34,0.97,3.37,87.47,29.74,23.5,27.01,4.28
2000,General Trias,14.38,120.88,12,14.19,2.82,0.9,3.55,87.24,29.71,23.2,26.65,4.68
2000,Imus City,14.43,120.93,1,16.35,3.41,0.8,1.07,82.19,29.46,20.6,26.41,4.86
2000,Imus City,14.43,120.93,2,16.51,2.94,0.75,2.53,82.84,30.76,22.31,26.98,4.71
2000,Imus City,14.43,120.93,3,19.4,2.57,0.68,1.73,80.11,31.58,23.22,28.23,4.2
2000,Imus City,14.43,120.93,4,22.38,2.32,0.62,1.71,74.03,34.92,24.82,30.51,3.12
2000,Imus City,14.43,120.93,5,17.88,2.26,0.74,8.62,78.76,35.13,25.71,30.01,3.5
2000,Imus City,14.43,120.93,6,19.72,3.08,0.91,6.94,83.07,31.16,25.42,28.67,2.8
2000,Imus City,14.43,120.93,7,13.99,3.66,0.99,20.84,87.28,28.79,24.57,27.4,4.68
2000,Imus City,14.43,120.93,8,17.06,3.5,0.99,12.94,86.0,29.79,24.79,28.02,3.73
2000,Imus City,14.43,120.93,9,16.84,3.85,0.99,14.73,85.9,30.27,24.86,27.57,4.29
2000,Imus City,14.43,120.93,10,15.56,3.23,0.97,8.46,86.64,30.44,24.73,27.75,3.85
2000,Imus City,14.43,120.93,11,14.73,3.34,0.97,3.37,87.47,29.74,23.5,27.01,4.28
2000,Imus City,14.43,120.93,12,14.19,2.82,0.9,3.55,87.24,29.71,23.2,26.65,4.68
2000,Indang,14.19,120.87,1,16.35,5.12,0.78,1.82,84.2,28.88,21.37,25.84,4.75
2000,Indang,14.19,120.87,2,16.51,4.06,0.68,2.81,85.01,30.12,22.73,26.33,4.53
2000,Indang,14.19,120.87,3,19.4,3.32,0.61,2.5,83.55,30.39,23.81,27.15,3.88
2000,Indang,14.19,120.87,4,22.38,2.97,0.54,2.3,78.67,33.13,25.17,28.84,2.91
2000,Indang,14.19,120.87,5,17.88,3.08,0.59,6.43,81.13,34.4,26.05,28.88,3.02
2000,Indang,14.19,120.87,6,19.72,3.61,0.7,6.31,83.04,31.25,25.85,28.59,2.6
2000,Indang,14.19,120.87,7,13.99,4.19,0.94,14.03,87.68,28.89,24.74,27.37,4.04
2000,Indang,14.19,120.87,8,17.06,3.83,0.95,8.88,86.41,29.19,24.91,27.93,3.35
2000,Indang,14.19,120.87,9,16.84,4.32,0.98,11.65,86.7,29.86,25.02,27.49,3.83
2000,Indang,14.19,120.87,10,15.56,3.97,0.94,8.57,86.69,30.38,24.98,27.75,3.63
2000,Indang,14.19,120.87,11,14.73,3.99,0.96,4.54,88.0,29.41,24.41,27.04,4.13
2000,Indang,14.19,120.87,12,14.19,3.87,0.92,5.29,87.97,29.31,24.24,26.7,4.56
2000,Kawit,14.44,120.9,1,16.35,3.41,0.8,1.07,82.19,29.46,20.6,26.41,4.86
2000,Kawit,14.44,120.9,2,16.51,2.94,0.75,2.53,82.84,30.76,22.31,26.98,4.71
2000,Kawit,14.44,120.9,3,19.4,2.57,0.68,1.73,80.11,31.58,23.22,28.23,4.2
2000,Kawit,14.44,120.9,4,22.38,2.32,0.62,1.71,74.03,34.92,24.82,30.51,3.12
2000,Kawit,14.44,120.9,5,17.88,2.26,0.74,8.62,78.76,35.13,25.71,30.01,3.5
2000,Kawit,14.44,120.9,6,19.72,3.08,0.91,6.94,83.07,31.16,25.42,28.67,2.8
2000,Kawit,14.44,120.9,7,13.99,3.66,0.99,20.84,87.28,28.79,24.57,27.4,4.68
2000,Kawit,14.44,120.9,8,17.06,3.5,0.99,12.94,86.0,29.79,24.79,28.02,3.73
2000,Kawit,14.44,120.9,9,16.84,3.85,0.99,14.73,85.9,30.27,24.86,27.57,4.29
2000,Kawit,14.44,120.9,10,15.56,3.23,0.97,8.46,86.64,30.44,24.73,27.75,3.85
2000,Kawit,14.44,120.9,11,14.73,3.34,0.97,3.37,87.47,29.74,23.5,27.01,4.28
2000,Kawit,14.44,120.9,12,14.19,2.82,0.9,3.55,87.24,29.71,23.2,26.65,4.68
2000,Magallanes,14.19,120.73,1,16.35,5.12,0.78,1.82,84.2,28.88,21.37,25.84,4.75
2000,Magallanes,14.19,120.73,2,16.51,4.06,0.68,2.81,85.01,30.12,22.73,26.33,4.53
2000,Magallanes,14.19,120.73,3,19.4,3.32,0.61,2.5,83.55,30.39,23.81,27.15,3.88
2000,Magallanes,14.19,120.73,4,22.38,2.97,0.54,2.3,78.67,33.13,25.17,28.84,2.91
2000,Magallanes,14.19,120.73,5,17.88,3.08,0.59,6.43,81.13,34.4,26.05,28.88,3.02
2000,Magallanes,14.19,120.73,6,19.72,3.61,0.7,6.31,83.04,31.25,25.85,28.59,2.6
2000,Magallanes,14.19,120.73,7,13.99,4.19,0.94,14.03,87.68,28.89,24.74,27.37,4.04
2000,Magallanes,14.19,120.73,8,17.06,3.83,0.95,8.88,86.41,29.19,24.91,27.93,3.35
2000,Magallanes,14.19,120.73,9,16.84,4.32,0.98,11.65,86.7,29.86,25.02,27.49,3.83
2000,Magallanes,14.19,120.73,10,15.56,3.97,0.94,8.57,86.69,30.38,24.98,27.75,3.63
2000,Magallanes,14.19,120.73,11,14.73,3.99,0.96,4.54,88.0,29.41,24.41,27.04,4.13
2000,Magallanes,14.19,120.73,12,14.19,3.87,0.92,5.29,87.97,29.31,24.24,26.7,4.56
2000,Maragondon,14.27,120.73,1,16.35,3.41,0.8,1.07,82.19,29.46,20.6,26.41,4.86
2000,Maragondon,14.27,120.73,2,16.51,2.94,0.75,2.53,82.84,30.76,22.31,26.98,4.71
2000,Maragondon,14.27,120.73,3,19.4,2.57,0.68,1.73,80.11,31.58,23.22,28.23,4.2
2000,Maragondon,14.27,120.73,4,22.38,2.32,0.62,1.71,74.03,34.92,24.82,30.51,3.12
2000,Maragondon,14.27,120.73,5,17.88,2.26,0.74,8.62,78.76,35.13,25.71,30.01,3.5
2000,Maragondon,14.27,120.73,6,19.72,3.08,0.91,6.94,83.07,31.16,25.42,28.67,2.8
2000,Maragondon,14.27,120.73,7,13.99,3.66,0.99,20.84,87.28,28.79,24.57,27.4,4.68
2000,Maragondon,14.27,120.73,8,17.06,3.5,0.99,12.94,86.0,29.79,24.79,28.02,3.73
2000,Maragondon,14.27,120.73,9,16.84,3.85,0.99,14.73,85.9,30.27,24.86,27.57,4.29
2000,Maragondon,14.27,120.73,10,15.56,3.23,0.97,8.46,86.64,30.44,24.73,27.75,3.85
2000,Maragondon,14.27,120.73,11,14.73,3.34,0.97,3.37,87.47,29.74,23.5,27.01,4.28
2000,Maragondon,14.27,120.73,12,14.19,2.82,0.9,3.55,87.24,29.71,23.2,26.65,4.68
2000,Mendez,14.13,120.9,1,16.35,5.12,0.78,1.82,84.2,28.88,21.37,25.84,4.75
2000,Mendez,14.13,120.9,2,16.51,4.06,0.68,2.81,85.01,30.12,22.73,26.33,4.53
2000,Mendez,14.13,120.9,3,19.4,3.32,0.61,2.5,83.55,30.39,23.81,27.15,3.88
2000,Mendez,14.13,120.9,4,22.38,2.97,0.54,2.3,78.67,33.13,25.17,28.84,2.91
2000,Mendez,14.13,120.9,5,17.88,3.08,0.59,6.43,81.13,34.4,26.05,28.88,3.02
2000,Mendez,14.13,120.9,6,19.72,3.61,0.7,6.31,83.04,31.25,25.85,28.59,2.6
2000,Mendez,14.13,120.9,7,13.99,4.19,0.94,14.03,87.68,28.89,24.74,27.37,4.04
2000,Mendez,14.13,120.9,8,17.06,3.83,0.95,8.88,86.41,29.19,24.91,27.93,3.35
2000,Mendez,14.13,120.9,9,16.84,4.32,0.98,11.65,86.7,29.86,25.02,27.49,3.83
2000,Mendez,14.13,120.9,10,15.56,3.97,0.94,8.57,86.69,30.38,24.98,27.75,3.63
2000,Mendez,14.13,120.9,11,14.73,3.99,0.96,4.54,88.0,29.41,24.41,27.04,4.13
2000,Mendez,14.13,120.9,12,14.19,3.87,0.92,5.29,87.97,29.31,24.24,26.7,4.56
2000,Naic,14.32,120.77,1,16.35,3.41,0.8,1.07,82.19,29.46,20.6,26.41,4.86
2000,Naic,14.32,120.77,2,16.51,2.94,0.75,2.53,82.84,30.76,22.31,26.98,4.71
2000,Naic,14.32,120.77,3,19.4,2.57,0.68,1.73,80.11,31.58,23.22,28.23,4.2
2000,Naic,14.32,120.77,4,22.38,2.32,0.62,1.71,74.03,34.92,24.82,30.51,3.12
2000,Naic,14.32,120.77,5,17.88,2.26,0.74,8.62,78.76,35.13,25.71,30.01,3.5
2000,Naic,14.32,120.77,6,19.72,3.08,0.91,6.94,83.07,31.16,25.42,28.67,2.8
2000,Naic,14.32,120.77,7,13.99,3.66,0.99,20.84,87.28,28.79,24.57,27.4,4.68
2000,Naic,14.32,120.77,8,17.06,3.5,0.99,12.94,86.0,29.79,24.79,28.02,3.73
2000,Naic,14.32,120.77,9,16.84,3.85,0.99,14.73,85.9,30.27,24.86,27.57,4.29
2000,Naic,14.32,120.77,10,15.56,3.23,0.97,8.46,86.64,30.44,24.73,27.75,3.85
2000,Naic,14.32,120.77,11,14.73,3.34,0.97,3.37,87.47,29.74,23.5,27.01,4.28
2000,Naic,14.32,120.77,12,14.19,2.82,0.9,3.55,87.24,29.71,23.2,26.65,4.68
2000,Noveleta,14.43,120.88,1,16.35,3.41,0.8,1.07,82.19,29.46,20.6,26.41,4.86
2000,Noveleta,14.43,120.88,2,16.51,2.94,0.75,2.53,82.84,30.76,22.31,26.98,4.71
2000,Noveleta,14.43,120.88,3,19.4,2.57,0.68,1.73,80.11,31.58,23.22,28.23,4.2
2000,Noveleta,14.43,120.88,4,22.38,2.32,0.62,1.71,74.03,34.92,24.82,30.51,3.12
2000,Noveleta,14.43,120.88,5,17.88,2.26,0.74,8.62,78.76,35.13,25.71,30.01,3.5
2000,Noveleta,14.43,120.88,6,19.72,3.08,0.91,6.94,83.07,31.16,25.42,28.67,2.8
2000,Noveleta,14.43,120.88,7,13.99,3.66,0.99,20.84,87.28,28.79,24.57,27.4,4.68
2000,Noveleta,14.43,120.88,8,17.06,3.5,0.99,12.94,86.0,29.79,24.79,28.02,3.73
2000,Noveleta,14.43,120.88,9,16.84,3.85,0.99,14.73,85.9,30.27,24.86,27.57,4.29
2000,Noveleta,14.43,120.88,10,15.56,3.23,0.97,8.46,86.64,30.44,24.73,27.75,3.85
2000,Noveleta,14.43,120.88,11,14.73,3.34,0.97,3.37,87.47,29.74,23.5,27.01,4.28
2000,Noveleta,14.43,120.88,12,14.19,2.82,0.9,3.55,87.24,29.71,23.2,26.65,4.68
2000,Rosario,14.41,120.85,1,16.35,3.41,0.8,1.07,82.19,29.46,20.6,26.41,4.86
2000,Rosario,14.41,120.85,2,16.51,2.94,0.75,2.53,82.84,30.76,22.31,26.98,4.71
2000,Rosario,14.41,120.85,3,19.4,2.57,0.68,1.73,80.11,31.58,23.22,28.23,4.2
2000,Rosario,14.41,120.85,4,22.38,2.32,0.62,1.71,74.03,34.92,24.82,30.51,3.12
2000,Rosario,14.41,120.85,5,17.88,2.26,0.74,8.62,78.76,35.13,25.71,30.01,3.5
2000,Rosario,14.41,120.85,6,19.72,3.08,0.91,6.94,83.07,31.16,25.42,28.67,2.8
2000,Rosario,14.41,120.85,7,13.99,3.66,0.99,20.84,87.28,28.79,24.57,27.4,4.68
2000,Rosario,14.41,120.85,8,17.06,3.5,0.99,12.94,86.0,29.79,24.79,28.02,3.73
2000,Rosario,14.41,120.85,9,16.84,3.85,0.99,14.73,85.9,30.27,24.86,27.57,4.29
2000,Rosario,14.41,120.85,10,15.56,3.23,0.97,8.46,86.64,30.44,24.73,27.75,3.85
2000,Rosario,14.41,120.85,11,14.73,3.34,0.97,3.37,87.47,29.74,23.5,27.01,4.28
2000,Rosario,14.41,120.85,12,14.19,2.82,0.9,3.55,87.24,29.71,23.2,26.65,4.68
2000,Silang,14.23,120.97,1,16.35,4.98,0.94,6.0,88.26,29.27,19.05,24.04,1.78
2000,Silang,14.23,120.97,2,16.51,4.64,0.91,6.02,89.63,31.34,20.67,24.63,1.75
2000,Silang,14.23,120.97,3,19.4,4.4,0.88,5.87,89.24,30.43,21.56,25.53,1.51
2000,Silang,14.23,120.97,4,22.38,4.45,0.8,3.14,84.58,33.4,22.4,27.16,1.25
2000,Silang,14.23,120.97,5,17.88,3.83,0.76,5.4,84.53,34.51,23.13,27.47,1.15
2000,Silang,14.23,120.97,6,19.72,3.45,0.79,6.05,86.98,32.06,23.53,26.86,1.03
2000,Silang,14.23,120.97,7,13.99,3.9,0.94,9.41,88.53,30.53,23.15,26.14,1.47
2000,Silang,14.23,120.97,8,17.06,3.49,0.91,4.62,88.03,30.92,23.1,26.56,1.23
2000,Silang,14.23,120.97,9,16.84,3.97,0.95,9.4,89.2,32.21,23.19,26.13,1.48
2000,Silang,14.23,120.97,10,15.56,3.62,0.97,11.67,91.23,30.94,22.82,26.11,1.32
2000,Silang,14.23,120.97,11,14.73,4.0,0.99,10.42,91.33,29.57,22.43,25.75,1.58
2000,Silang,14.23,120.97,12,14.19,3.78,0.98,14.07,92.22,29.43,22.05,25.18,1.7
2000,Tagaytay City,14.11,120.96,1,16.35,4.98,0.94,6.0,88.26,29.27,19.05,24.04,1.78
2000,Tagaytay City,14.11,120.96,2,16.51,4.64,0.91,6.02,89.63,31.34,20.67,24.63,1.75
2000,Tagaytay City,14.11,120.96,3,19.4,4.4,0.88,5.87,89.24,30.43,21.56,25.53,1.51
2000,Tagaytay City,14.11,120.96,4,22.38,4.45,0.8,3.14,84.58,33.4,22.4,27.16,1.25
2000,Tagaytay City,14.11,120.96,5,17.88,3.83,0.76,5.4,84.53,34.51,23.13,27.47,1.15
2000,Tagaytay City,14.11,120.96,6,19.72,3.45,0.79,6.05,86.98,32.06,23.53,26.86,1.03
2000,Tagaytay City,14.11,120.96,7,13.99,3.9,0.94,9.41,88.53,30.53,23.15,26.14,1.47
2000,Tagaytay City,14.11,120.96,8,17.06,3.49,0.91,4.62,88.03,30.92,23.1,26.56,1.23
2000,Tagaytay City,14.11,120.96,9,16.84,3.97,0.95,9.4,89.2,32.21,23.19,26.13,1.48
2000,Tagaytay City,14.11,120.96,10,15.56,3.62,0.97,11.67,91.23,30.94,22.82,26.11,1.32
2000,Tagaytay City,14.11,120.96,11,14.73,4.0,0.99,10.42,91.33,29.57,22.43,25.75,1.58
2000,Tagaytay City,14.11,120.96,12,14.19,3.78,0.98,14.07,92.22,29.43,22.05,25.18,1.7
2000,Tanza,14.36,120.85,1,16.35,3.41,0.8,1.07,82.19,29.46,20.6,26.41,4.86
2000,Tanza,14.36,120.85,2,16.51,2.94,0.75,2.53,82.84,30.76,22.31,26.98,4.71
2000,Tanza,14.36,120.85,3,19.4,2.57,0.68,1.73,80.11,31.58,23.22,28.23,4.2
2000,Tanza,14.36,120.85,4,22.38,2.32,0.62,1.71,74.03,34.92,24.82,30.51,3.12
2000,Tanza,14.36,120.85,5,17.88,2.26,0.74,8.62,78.76,35.13,25.71,30.01,3.5
2000,Tanza,14.36,120.85,6,19.72,3.08,0.91,6.94,83.07,31.16,25.42,28.67,2.8
2000,Tanza,14.36,120.85,7,13.99,3.66,0.99,20.84,87.28,28.79,24.57,27.4,4.68
2000,Tanza,14.36,120.85,8,17.06,3.5,0.99,12.94,86.0,29.79,24.79,28.02,3.73
2000,Tanza,14.36,120.85,9,16.84,3.85,0.99,14.73,85.9,30.27,24.86,27.57,4.29
2000,Tanza,14.36,120.85,10,15.56,3.23,0.97,8.46,86.64,30.44,24.73,27.75,3.85
2000,Tanza,14.36,120.85,11,14.73,3.34,0.97,3.37,87.47,29.74,23.5,27.01,4.28
2000,Tanza,14.36,120.85,12,14.19,2.82,0.9,3.55,87.24,29.71,23.2,26.65,4.68
2000,Ternate,14.28,120.7,1,16.35,3.41,0.8,1.07,82.19,29.46,20.6,26.41,4.86
2000,Ternate,14.28,120.7,2,16.51,2.94,0.75,2.53,82.84,30.76,22.31,26.98,4.71
2000,Ternate,14.28,120.7,3,19.4,2.57,0.68,1.73,80.11,31.58,23.22,28.23,4.2
2000,Ternate,14.28,120.7,4,22.38,2.32,0.62,1.71,74.03,34.92,24.82,30.51,3.12
2000,Ternate,14.28,120.7,5,17.88,2.26,0.74,8.62,78.76,35.13,25.71,30.01,3.5
2000,Ternate,14.28,120.7,6,19.72,3.08,0.91,6.94,83.07,31.16,25.42,28.67,2.8
2000,Ternate,14.28,120.7,7,13.99,3.66,0.99,20.84,87.28,28.79,24.57,27.4,4.68
2000,Ternate,14.28,120.7,8,17.06,3.5,0.99,12.94,86.0,29.79,24.79,28.02,3.73
2000,Ternate,14.28,120.7,9,16.84,3.85,0.99,14.73,85.9,30.27,24.86,27.57,4.29
2000,Ternate,14.28,120.7,10,15.56,3.23,0.97,8.46,86.64,30.44,24.73,27.75,3.85
2000,Ternate,14.28,120.7,11,14.73,3.34,0.97,3.37,87.47,29.74,23.5,27.01,4.28
2000,Ternate,14.28,120.7,12,14.19,2.82,0.9,3.55,87.24,29.71,23.2,26.65,4.68
2000,Trece Martires City,14.28,120.86,1,16.35,3.41,0.8,1.07,82.19,29.46,20.6,26.41,4.86
2000,Trece Martires City,14.28,120.86,2,16.51,2.94,0.75,2.53,82.84,30.76,22.31,26.98,4.71
2000,Trece Martires City,14.28,120.86,3,19.4,2.57,0.68,1.73,80.11,31.58,23.22,28.23,4.2
2000,Trece Martires City,14.28,120.86,4,22.38,2.32,0.62,1.71,74.03,34.92,24.82,30.51,3.12
2000,Trece Martires City,14.28,120.86,5,17.88,2.26,0.74,8.62,78.76,35.13,25.71,30.01,3.5
2000,Trece Martires City,14.28,120.86,6,19.72,3.08,0.91,6.94,83.07,31.16,25.42,28.67,2.8
2000,Trece Martires City,14.28,120.86,7,13.99,3.66,0.99,20.84,87.28,28.79,24.57,27.4,4.68
2000,Trece Martires City,14.28,120.86,8,17.06,3.5,0.99,12.94,86.0,29.79,24.79,28.02,3.73
2000,Trece Martires City,14.28,120.86,9,16.84,3.85,0.99,14.73,85.9,30.27,24.86,27.57,4.29
2000,Trece Martires City,14.28,120.86,10,15.56,3.23,0.97,8.46,86.64,30.44,24.73,27.75,3.85
2000,Trece Martires City,14.28,120.86,11,14.73,3.34,0.97,3.37,87.47,29.74,23.5,27.01,4.28
2000,Trece Martires City,14.28,120.86,12,14.19,2.82,0.9,3.55,87.24,29.71,23.2,26.65,4.68
2001,Alfonso,14.14,120.85,1,16.61,4.86,0.78,0.98,84.36,29.58,22.13,26.52,4.28
2001,Alfonso,14.14,120.85,2,16.75,4.38,0.65,4.16,83.86,29.59,22.55,26.44,4.5
2001,Alfonso,14.14,120.85,3,20.93,3.18,0.58,1.32,81.94,30.84,23.97,27.46,4.06
2001,Alfonso,14.14,120.85,4,23.06,2.58,0.51,1.39,75.13,33.58,25.64,29.63,2.81
2001,Alfonso,14.14,120.85,5,19.93,3.32,0.57,6.01,78.7,34.15,26.11,29.41,2.67
2001,Alfonso,14.14,120.85,6,18.82,3.38,0.69,10.0,83.13,31.93,25.93,28.83,2.87
2001,Alfonso,14.14,120.85,7,17.16,4.38,0.91,7.94,87.17,28.88,25.15,27.54,3.76
2001,Alfonso,14.14,120.85,8,14.25,3.88,0.95,11.91,89.56,29.03,25.59,27.6,4.34
2001,Alfonso,14.14,120.85,9,17.83,3.58,0.94,2.7,86.78,29.65,25.11,27.58,3.21
2001,Alfonso,14.14,120.85,10,17.58,3.81,0.88,4.63,85.39,30.82,25.36,27.79,3.29
2001,Alfonso,14.14,120.85,11,17.12,5.01,0.88,6.21,84.99,30.04,22.14,26.96,4.84
2001,Alfonso,14.14,120.85,12,15.09,5.22,0.81,5.58,85.55,29.32,21.61,26.09,5.49
2001,Amadeo,14.17,120.92,1,16.61,4.86,0.78,0.98,84.36,29.58,22.13,26.52,4.28
2001,Amadeo,14.17,120.92,2,16.75,4.38,0.65,4.16,83.86,29.59,22.55,26.44,4.5
2001,Amadeo,14.17,120.92,3,20.93,3.18,0.58,1.32,81.94,30.84,23.97,27.46,4.06
2001,Amadeo,14.17,120.92,4,23.06,2.58,0.51,1.39,75.13,33.58,25.64,29.63,2.81
2001,Amadeo,14.17,120.92,5,19.93,3.32,0.57,6.01,78.7,34.15,26.11,29.41,2.67
2001,Amadeo,14.17,120.92,6,18.82,3.38,0.69,10.0,83.13,31.93,25.93,28.83,2.87
2001,Amadeo,14.17,120.92,7,17.16,4.38,0.91,7.94,87.17,28.88,25.15,27.54,3.76
2001,Amadeo,14.17,120.92,8,14.25,3.88,0.95,11.91,89.56,29.03,25.59,27.6,4.34
2001,Amadeo,14.17,120.92,9,17.83,3.58,0.94,2.7,86.78,29.65,25.11,27.58,3.21
2001,Amadeo,14.17,120.92,10,17.58,3.81,0.88,4.63,85.39,30.82,25.36,27.79,3.29
2001,Amadeo,14.17,120.92,11,17.12,5.01,0.88,6.21,84.99,30.04,22.14,26.96,4.84
2001,Amadeo,14.17,120.92,12,15.09,5.22,0.81,5.58,85.55,29.32,21.61,26.09,5.49
2001,Bacoor City,14.46,120.94,1,16.61,4.77,0.91,2.57,87.2,30.46,18.95,24.57,1.64
2001,Bacoor City,14.46,120.94,2,16.75,5.29,0.87,9.14,86.38,31.74,19.81,24.95,1.83
2001,Bacoor City,14.46,120.94,3,20.93,4.28,0.82,4.02,84.91,31.19,21.31,25.86,1.61
2001,Bacoor City,14.46,120.94,4,23.06,3.99,0.75,2.4,79.62,34.32,23.06,27.95,1.3
2001,Bacoor City,14.46,120.94,5,19.93,3.47,0.74,4.57,80.74,35.42,23.61,28.23,1.1
2001,Bacoor City,14.46,120.94,6,18.82,3.3,0.79,8.13,84.55,34.19,23.79,27.2,1.02
2001,Bacoor City,14.46,120.94,7,17.16,4.29,0.93,7.1,88.53,30.29,22.93,26.15,1.49
2001,Bacoor City,14.46,120.94,8,14.25,3.77,0.95,7.42,90.16,30.16,23.55,26.35,1.57
2001,Bacoor City,14.46,120.94,9,17.83,3.37,0.9,1.73,88.41,30.31,22.24,26.0,1.32
2001,Bacoor City,14.46,120.94,10,17.58,3.88,0.9,9.62,89.04,31.13,22.74,26.06,1.27
2001,Bacoor City,14.46,120.94,11,17.12,4.94,0.93,9.62,87.77,30.02,18.14,24.86,1.84
2001,Bacoor City,14.46,120.94,12,15.09,5.35,0.92,12.65,88.41,28.78,18.37,23.93,2.12
2001,Carmona,14.31,121.05,1,13.95,4.77,0.91,2.57,87.2,30.46,18.95,24.57,1.64
2001,Carmona,14.31,121.05,2,14.24,5.29,0.87,9.14,86.38,31.74,19.81,24.95,1.83
2001,Carmona,14.31,121.05,3,17.51,4.28,0.82,4.02,84.91,31.19,21.31,25.86,1.61
2001,Carmona,14.31,121.05,4,21.33,3.99,0.75,2.4,79.62,34.32,23.06,27.95,1.3
2001,Carmona,14.31,121.05,5,20.69,3.47,0.74,4.57,80.74,35.42,23.61,28.23,1.1
2001,Carmona,14.31,121.05,6,18.81,3.3,0.79,8.13,84.55,34.19,23.79,27.2,1.02
2001,Carmona,14.31,121.05,7,18.35,4.29,0.93,7.1,88.53,30.29,22.93,26.15,1.49
2001,Carmona,14.31,121.05,8,14.99,3.77,0.95,7.42,90.16,30.16,23.55,26.35,1.57
2001,Carmona,14.31,121.05,9,18.14,3.37,0.9,1.73,88.41,30.31,22.24,26.0,1.32
2001,Carmona,14.31,121.05,10,15.41,3.88,0.9,9.62,89.04,31.13,22.74,26.06,1.27
2001,Carmona,14.31,121.05,11,13.96,4.94,0.93,9.62,87.77,30.02,18.14,24.86,1.84
2001,Carmona,14.31,121.05,12,12.15,5.35,0.92,12.65,88.41,28.78,18.37,23.93,2.12
2001,Cavite City,14.48,120.9,1,16.61,3.34,0.79,0.58,81.95,30.33,21.38,27.1,4.36
2001,Cavite City,14.48,120.9,2,16.75,3.07,0.7,3.59,80.98,30.43,22.05,27.34,4.9
2001,Cavite City,14.48,120.9,3,20.93,2.58,0.66,1.1,78.27,32.7,23.38,28.62,4.32
2001,Cavite City,14.48,120.9,4,23.06,2.22,0.62,1.52,72.1,34.64,25.28,31.31,3.14
2001,Cavite City,14.48,120.9,5,19.93,2.52,0.69,5.53,77.02,34.75,26.12,30.63,3.06
2001,Cavite City,14.48,120.9,6,18.82,2.93,0.85,11.88,82.44,31.67,25.65,29.1,2.99
2001,Cavite City,14.48,120.9,7,17.16,4.1,0.98,11.31,87.06,28.81,25.13,27.66,4.24
2001,Cavite City,14.48,120.9,8,14.25,3.49,0.99,13.48,88.74,29.51,25.47,27.8,4.81
2001,Cavite City,14.48,120.9,9,17.83,3.17,0.96,2.72,86.72,29.74,24.47,27.65,3.7
2001,Cavite City,14.48,120.9,10,17.58,3.19,0.9,3.45,84.15,30.89,24.56,28.19,3.29
2001,Cavite City,14.48,120.9,11,17.12,3.67,0.85,3.28,82.82,30.64,21.06,27.28,5.05
2001,Cavite City,14.48,120.9,12,15.09,3.23,0.78,3.05,82.58,30.02,20.7,26.56,5.8
2001,Dasmarinas City,14.33,120.93,1,16.61,3.34,0.79,0.58,81.95,30.33,21.38,27.1,4.36
2001,Dasmarinas City,14.33,120.93,2,16.75,3.07,0.7,3.59,80.98,30.43,22.05,27.34,4.9
2001,Dasmarinas City,14.33,120.93,3,20.93,2.58,0.66,1.1,78.27,32.7,23.38,28.62,4.32
2001,Dasmarinas City,14.33,120.93,4,23.06,2.22,0.62,1.52,72.1,34.64,25.28,31.31,3.14
2001,Dasmarinas City,14.33,120.93,5,19.93,2.52,0.69,5.53,77.02,34.75,26.12,30.63,3.06
2001,Dasmarinas City,14.33,120.93,6,18.82,2.93,0.85,11.88,82.44,31.67,25.65,29.1,2.99
2001,Dasmarinas City,14.33,120.93,7,17.16,4.1,0.98,11.31,87.06,28.81,25.13,27.66,4.24
2001,Dasmarinas City,14.33,120.93,8,14.25,3.49,0.99,13.48,88.74,29.51,25.47,27.8,4.81
2001,Dasmarinas City,14.33,120.93,9,17.83,3.17,0.96,2.72,86.72,29.74,24.47,27.65,3.7
2001,Dasmarinas City,14.33,120.93,10,17.58,3.19,0.9,3.45,84.15,30.89,24.56,28.19,3.29
2001,Dasmarinas City,14.33,120.93,11,17.12,3.67,0.85,3.28,82.82,30.64,21.06,27.28,5.05
2001,Dasmarinas City,14.33,120.93,12,15.09,3.23,0.78,3.05,82.58,30.02,20.7,26.56,5.8
2001,General Emilio Aguinaldo,14.18,120.79,1,16.61,4.86,0.78,0.98,84.36,29.58,22.13,26.52,4.28
2001,General Emilio Aguinaldo,14.18,120.79,2,16.75,4.38,0.65,4.16,83.86,29.59,22.55,26.44,4.5
2001,General Emilio Aguinaldo,14.18,120.79,3,20.93,3.18,0.58,1.32,81.94,30.84,23.97,27.46,4.06
2001,General Emilio Aguinaldo,14.18,120.79,4,23.06,2.58,0.51,1.39,75.13,33.58,25.64,29.63,2.81
2001,General Emilio Aguinaldo,14.18,120.79,5,19.93,3.32,0.57,6.01,78.7,34.15,26.11,29.41,2.67
2001,General Emilio Aguinaldo,14.18,120.79,6,18.82,3.38,0.69,10.0,83.13,31.93,25.93,28.83,2.87
2001,General Emilio Aguinaldo,14.18,120.79,7,17.16,4.38,0.91,7.94,87.17,28.88,25.15,27.54,3.76
2001,General Emilio Aguinaldo,14.18,120.79,8,14.25,3.88,0.95,11.91,89.56,29.03,25.59,27.6,4.34
2001,General Emilio Aguinaldo,14.18,120.79,9,17.83,3.58,0.94,2.7,86.78,29.65,25.11,27.58,3.21
2001,General Emilio Aguinaldo,14.18,120.79,10,17.58,3.81,0.88,4.63,85.39,30.82,25.36,27.79,3.29
2001,General Emilio Aguinaldo,14.18,120.79,11,17.12,5.01,0.88,6.21,84.99,30.04,22.14,26.96,4.84
2001,General Emilio Aguinaldo,14.18,120.79,12,15.09,5.22,0.81,5.58,85.55,29.32,21.61,26.09,5.49
2001,General Mariano Alvarez,14.3,121.0,1,13.95,4.77,0.91,2.57,87.2,30.46,18.95,24.57,1.64
2001,General Mariano Alvarez,14.3,121.0,2,14.24,5.29,0.87,9.14,86.38,31.74,19.81,24.95,1.83
2001,General Mariano Alvarez,14.3,121.0,3,17.51,4.28,0.82,4.02,84.91,31.19,21.31,25.86,1.61
2001,General Mariano Alvarez,14.3,121.0,4,21.33,3.99,0.75,2.4,79.62,34.32,23.06,27.95,1.3
2001,General Mariano Alvarez,14.3,121.0,5,20.69,3.47,0.74,4.57,80.74,35.42,23.61,28.23,1.1
2001,General Mariano Alvarez,14.3,121.0,6,18.81,3.3,0.79,8.13,84.55,34.19,23.79,27.2,1.02
2001,General Mariano Alvarez,14.3,121.0,7,18.35,4.29,0.93,7.1,88.53,30.29,22.93,26.15,1.49
2001,General Mariano Alvarez,14.3,121.0,8,14.99,3.77,0.95,7.42,90.16,30.16,23.55,26.35,1.57
2001,General Mariano Alvarez,14.3,121.0,9,18.14,3.37,0.9,1.73,88.41,30.31,22.24,26.0,1.32
2001,General Mariano Alvarez,14.3,121.0,10,15.41,3.88,0.9,9.62,89.04,31.13,22.74,26.06,1.27
2001,General Mariano Alvarez,14.3,121.0,11,13.96,4.94,0.93,9.62,87.77,30.02,18.14,24.86,1.84
2001,General Mariano Alvarez,14.3,121.0,12,12.15,5.35,0.92,12.65,88.41,28.78,18.37,23.93,2.12
2001,General Trias,14.38,120.88,1,16.61,3.34,0.79,0.58,81.95,30.33,21.38,27.1,4.36
2001,General Trias,14.38,120.88,2,16.75,3.07,0.7,3.59,80.98,30.43,22.05,27.34,4.9
2001,General Trias,14.38,120.88,3,20.93,2.58,0.66,1.1,78.27,32.7,23.38,28.62,4.32
2001,General Trias,14.38,120.88,4,23.06,2.22,0.62,1.52,72.1,34.64,25.28,31.31,3.14
2001,General Trias,14.38,120.88,5,19.93,2.52,0.69,5.53,77.02,34.75,26.12,30.63,3.06
2001,General Trias,14.38,120.88,6,18.82,2.93,0.85,11.88,82.44,31.67,25.65,29.1,2.99
2001,General Trias,14.38,120.88,7,17.16,4.1,0.98,11.31,87.06,28.81,25.13,27.66,4.24
2001,General Trias,14.38,120.88,8,14.25,3.49,0.99,13.48,88.74,29.51,25.47,27.8,4.81
2001,General Trias,14.38,120.88,9,17.83,3.17,0.96,2.72,86.72,29.74,24.47,27.65,3.7
2001,General Trias,14.38,120.88,10,17.58,3.19,0.9,3.45,84.15,30.89,24.56,28.19,3.29
2001,General Trias,14.38,120.88,11,17.12,3.67,0.85,3.28,82.82,30.64,21.06,27.28,5.05
2001,General Trias,14.38,120.88,12,15.09,3.23,0.78,3.05,82.58,30.02,20.7,26.56,5.8
2001,Imus City,14.43,120.93,1,16.61,3.34,0.79,0.58,81.95,30.33,21.38,27.1,4.36
2001,Imus City,14.43,120.93,2,16.75,3.07,0.7,3.59,80.98,30.43,22.05,27.34,4.9
2001,Imus City,14.43,120.93,3,20.93,2.58,0.66,1.1,78.27,32.7,23.38,28.62,4.32
2001,Imus City,14.43,120.93,4,23.06,2.22,0.62,1.52,72.1,34.64,25.28,31.31,3.14
2001,Imus City,14.43,120.93,5,19.93,2.52,0.69,5.53,77.02,34.75,26.12,30.63,3.06
2001,Imus City,14.43,120.93,6,18.82,2.93,0.85,11.88,82.44,31.67,25.65,29.1,2.99
2001,Imus City,14.43,120.93,7,17.16,4.1,0.98,11.31,87.06,28.81,25.13,27.66,4.24
2001,Imus City,14.43,120.93,8,14.25,3.49,0.99,13.48,88.74,29.51,25.47,27.8,4.81
2001,Imus City,14.43,120.93,9,17.83,3.17,0.96,2.72,86.72,29.74,24.47,27.65,3.7
2001,Imus City,14.43,120.93,10,17.58,3.19,0.9,3.45,84.15,30.89,24.56,28.19,3.29
2001,Imus City,14.43,120.93,11,17.12,3.67,0.85,3.28,82.82,30.64,21.06,27.28,5.05
2001,Imus City,14.43,120.93,12,15.09,3.23,0.78,3.05,82.58,30.02,20.7,26.56,5.8
2001,Indang,14.19,120.87,1,16.61,4.86,0.78,0.98,84.36,29.58,22.13,26.52,4.28
2001,Indang,14.19,120.87,2,16.75,4.38,0.65,4.16,83.86,29.59,22.55,26.44,4.5
2001,Indang,14.19,120.87,3,20.93,3.18,0.58,1.32,81.94,30.84,23.97,27.46,4.06
2001,Indang,14.19,120.87,4,23.06,2.58,0.51,1.39,75.13,33.58,25.64,29.63,2.81
2001,Indang,14.19,120.87,5,19.93,3.32,0.57,6.01,78.7,34.15,26.11,29.41,2.67
2001,Indang,14.19,120.87,6,18.82,3.38,0.69,10.0,83.13,31.93,25.93,28.83,2.87
2001,Indang,14.19,120.87,7,17.16,4.38,0.91,7.94,87.17,28.88,25.15,27.54,3.76
2001,Indang,14.19,120.87,8,14.25,3.88,0.95,11.91,89.56,29.03,25.59,27.6,4.34
2001,Indang,14.19,120.87,9,17.83,3.58,0.94,2.7,86.78,29.65,25.11,27.58,3.21
2001,Indang,14.19,120.87,10,17.58,3.81,0.88,4.63,85.39,30.82,25.36,27.79,3.29
2001,Indang,14.19,120.87,11,17.12,5.01,0.88,6.21,84.99,30.04,22.14,26.96,4.84
2001,Indang,14.19,120.87,12,15.09,5.22,0.81,5.58,85.55,29.32,21.61,26.09,5.49
2001,Kawit,14.44,120.9,1,16.61,3.34,0.79,0.58,81.95,30.33,21.38,27.1,4.36
2001,Kawit,14.44,120.9,2,16.75,3.07,0.7,3.59,80.98,30.43,22.05,27.34,4.9
2001,Kawit,14.44,120.9,3,20.93,2.58,0.66,1.1,78.27,32.7,23.38,28.62,4.32
2001,Kawit,14.44,120.9,4,23.06,2.22,0.62,1.52,72.1,34.64,25.28,31.31,3.14
2001,Kawit,14.44,120.9,5,19.93,2.52,0.69,5.53,77.02,34.75,26.12,30.63,3.06
2001,Kawit,14.44,120.9,6,18.82,2.93,0.85,11.88,82.44,31.67,25.65,29.1,2.99
2001,Kawit,14.44,120.9,7,17.16,4.1,0.98,11.31,87.06,28.81,25.13,27.66,4.24
2001,Kawit,14.44,120.9,8,14.25,3.49,0.99,13.48,88.74,29.51,25.47,27.8,4.81
2001,Kawit,14.44,120.9,9,17.83,3.17,0.96,2.72,86.72,29.74,24.47,27.65,3.7
2001,Kawit,14.44,120.9,10,17.58,3.19,0.9,3.45,84.15,30.89,24.56,28.19,3.29
2001,Kawit,14.44,120.9,11,17.12,3.67,0.85,3.28,82.82,30.64,21.06,27.28,5.05
2001,Kawit,14.44,120.9,12,15.09,3.23,0.78,3.05,82.58,30.02,20.7,26.56,5.8
2001,Magallanes,14.19,120.73,1,16.61,4.86,0.78,0.98,84.36,29.58,22.13,26.52,4.28
2001,Magallanes,14.19,120.73,2,16.75,4.38,0.65,4.16,83.86,29.59,22.55,26.44,4.5
2001,Magallanes,14.19,120.73,3,20.93,3.18,0.58,1.32,81.94,30.84,23.97,27.46,4.06
2001,Magallanes,14.19,120.73,4,23.06,2.58,0.51,1.39,75.13,33.58,25.64,29.63,2.81
2001,Magallanes,14.19,120.73,5,19.93,3.32,0.57,6.01,78.7,34.15,26.11,29.41,2.67
2001,Magallanes,14.19,120.73,6,18.82,3.38,0.69,10.0,83.13,31.93,25.93,28.83,2.87
2001,Magallanes,14.19,120.73,7,17.16,4.38,0.91,7.94,87.17,28.88,25.15,27.54,3.76
2001,Magallanes,14.19,120.73,8,14.25,3.88,0.95,11.91,89.56,29.03,25.59,27.6,4.34
2001,Magallanes,14.19,120.73,9,17.83,3.58,0.94,2.7,86.78,29.65,25.11,27.58,3.21
2001,Magallanes,14.19,120.73,10,17.58,3.81,0.88,4.63,85.39,30.82,25.36,27.79,3.29
2001,Magallanes,14.19,120.73,11,17.12,5.01,0.88,6.21,84.99,30.04,22.14,26.96,4.84
2001,Magallanes,14.19,120.73,12,15.09,5.22,0.81,5.58,85.55,29.32,21.61,26.09,5.49
2001,Maragondon,14.27,120.73,1,16.61,3.34,0.79,0.58,81.95,30.33,21.38,27.1,4.36
2001,Maragondon,14.27,120.73,2,16.75,3.07,0.7,3.59,80.98,30.43,22.05,27.34,4.9
2001,Maragondon,14.27,120.73,3,20.93,2.58,0.66,1.1,78.27,32.7,23.38,28.62,4.32
2001,Maragondon,14.27,120.73,4,23.06,2.22,0.62,1.52,72.1,34.64,25.28,31.31,3.14
2001,Maragondon,14.27,120.73,5,19.93,2.52,0.69,5.53,77.02,34.75,26.12,30.63,3.06
2001,Maragondon,14.27,120.73,6,18.82,2.93,0.85,11.88,82.44,31.67,25.65,29.1,2.99
2001,Maragondon,14.27,120.73,7,17.16,4.1,0.98,11.31,87.06,28.81,25.13,27.66,4.24
2001,Maragondon,14.27,120.73,8,14.25,3.49,0.99,13.48,88.74,29.51,25.47,27.8,4.81
2001,Maragondon,14.27,120.73,9,17.83,3.17,0.96,2.72,86.72,29.74,24.47,27.65,3.7
2001,Maragondon,14.27,120.73,10,17.58,3.19,0.9,3.45,84.15,30.89,24.56,28.19,3.29
2001,Maragondon,14.27,120.73,11,17.12,3.67,0.85,3.28,82.82,30.64,21.06,27.28,5.05
2001,Maragondon,14.27,120.73,12,15.09,3.23,0.78,3.05,82.58,30.02,20.7,26.56,5.8
2001,Mendez,14.13,120.9,1,16.61,4.86,0.78,0.98,84.36,29.58,22.13,26.52,4.28
2001,Mendez,14.13,120.9,2,16.75,4.38,0.65,4.16,83.86,29.59,22.55,26.44,4.5
2001,Mendez,14.13,120.9,3,20.93,3.18,0.58,1.32,81.94,30.84,23.97,27.46,4.06
2001,Mendez,14.13,120.9,4,23.06,2.58,0.51,1.39,75.13,33.58,25.64,29.63,2.81
2001,Mendez,14.13,120.9,5,19.93,3.32,0.57,6.01,78.7,34.15,26.11,29.41,2.67
2001,Mendez,14.13,120.9,6,18.82,3.38,0.69,10.0,83.13,31.93,25.93,28.83,2.87
2001,Mendez,14.13,120.9,7,17.16,4.38,0.91,7.94,87.17,28.88,25.15,27.54,3.76
2001,Mendez,14.13,120.9,8,14.25,3.88,0.95,11.91,89.56,29.03,25.59,27.6,4.34
2001,Mendez,14.13,120.9,9,17.83,3.58,0.94,2.7,86.78,29.65,25.11,27.58,3.21
2001,Mendez,14.13,120.9,10,17.58,3.81,0.88,4.63,85.39,30.82,25.36,27.79,3.29
2001,Mendez,14.13,120.9,11,17.12,5.01,0.88,6.21,84.99,30.04,22.14,26.96,4.84
2001,Mendez,14.13,120.9,12,15.09,5.22,0.81,5.58,85.55,29.32,21.61,26.09,5.49
2001,Naic,14.32,120.77,1,16.61,3.34,0.79,0.58,81.95,30.33,21.38,27.1,4.36
2001,Naic,14.32,120.77,2,16.75,3.07,0.7,3.59,80.98,30.43,22.05,27.34,4.9
2001,Naic,14.32,120.77,3,20.93,2.58,0.66,1.1,78.27,32.7,23.38,28.62,4.32
2001,Naic,14.32,120.77,4,23.06,2.22,0.62,1.52,72.1,34.64,25.28,31.31,3.14
2001,Naic,14.32,120.77,5,19.93,2.52,0.69,5.53,77.02,34.75,26.12,30.63,3.06
2001,Naic,14.32,120.77,6,18.82,2.93,0.85,11.88,82.44,31.67,25.65,29.1,2.99
2001,Naic,14.32,120.77,7,17.16,4.1,0.98,11.31,87.06,28.81,25.13,27.66,4.24
2001,Naic,14.32,120.77,8,14.25,3.49,0.99,13.48,88.74,29.51,25.47,27.8,4.81
2001,Naic,14.32,120.77,9,17.83,3.17,0.96,2.72,86.72,29.74,24.47,27.65,3.7
2001,Naic,14.32,120.77,10,17.58,3.19,0.9,3.45,84.15,30.89,24.56,28.19,3.29
2001,Naic,14.32,120.77,11,17.12,3.67,0.85,3.28,82.82,30.64,21.06,27.28,5.05
2001,Naic,14.32,120.77,12,15.09,3.23,0.78,3.05,82.58,30.02,20.7,26.56,5.8
2001,Noveleta,14.43,120.88,1,16.61,3.34,0.79,0.58,81.95,30.33,21.38,27.1,4.36
2001,Noveleta,14.43,120.88,2,16.75,3.07,0.7,3.59,80.98,30.43,22.05,27.34,4.9
2001,Noveleta,14.43,120.88,3,20.93,2.58,0.66,1.1,78.27,32.7,23.38,28.62,4.32
2001,Noveleta,14.43,120.88,4,23.06,2.22,0.62,1.52,72.1,34.64,25.28,31.31,3.14
2001,Noveleta,14.43,120.88,5,19.93,2.52,0.69,5.53,77.02,34.75,26.12,30.63,3.06
2001,Noveleta,14.43,120.88,6,18.82,2.93,0.85,11.88,82.44,31.67,25.65,29.1,2.99
2001,Noveleta,14.43,120.88,7,17.16,4.1,0.98,11.31,87.06,28.81,25.13,27.66,4.24
2001,Noveleta,14.43,120.88,8,14.25,3.49,0.99,13.48,88.74,29.51,25.47,27.8,4.81
2001,Noveleta,14.43,120.88,9,17.83,3.17,0.96,2.72,86.72,29.74,24.47,27.65,3.7
2001,Noveleta,14.43,120.88,10,17.58,3.19,0.9,3.45,84.15,30.89,24.56,28.19,3.29
2001,Noveleta,14.43,120.88,11,17.12,3.67,0.85,3.28,82.82,30.64,21.06,27.28,5.05
2001,Noveleta,14.43,120.88,12,15.09,3.23,0.78,3.05,82.58,30.02,20.7,26.56,5.8
2001,Rosario,14.41,120.85,1,16.61,3.34,0.79,0.58,81.95,30.33,21.38,27.1,4.36
2001,Rosario,14.41,120.85,2,16.75,3.07,0.7,3.59,80.98,30.43,22.05,27.34,4.9
2001,Rosario,14.41,120.85,3,20.93,2.58,0.66,1.1,78.27,32.7,23.38,28.62,4.32
2001,Rosario,14.41,120.85,4,23.06,2.22,0.62,1.52,72.1,34.64,25.28,31.31,3.14
2001,Rosario,14.41,120.85,5,19.93,2.52,0.69,5.53,77.02,34.75,26.12,30.63,3.06
2001,Rosario,14.41,120.85,6,18.82,2.93,0.85,11.88,82.44,31.67,25.65,29.1,2.99
2001,Rosario,14.41,120.85,7,17.16,4.1,0.98,11.31,87.06,28.81,25.13,27.66,4.24
2001,Rosario,14.41,120.85,8,14.25,3.49,0.99,13.48,88.74,29.51,25.47,27.8,4.81
2001,Rosario,14.41,120.85,9,17.83,3.17,0.96,2.72,86.72,29.74,24.47,27.65,3.7
2001,Rosario,14.41,120.85,10,17.58,3.19,0.9,3.45,84.15,30.89,24.56,28.19,3.29
2001,Rosario,14.41,120.85,11,17.12,3.67,0.85,3.28,82.82,30.64,21.06,27.28,5.05
2001,Rosario,14.41,120.85,12,15.09,3.23,0.78,3.05,82.58,30.02,20.7,26.56,5.8
2001,Silang,14.23,120.97,1,16.61,4.54,0.92,2.69,88.54,30.45,18.95,24.81,1.61
2001,Silang,14.23,120.97,2,16.75,5.33,0.89,9.09,87.82,31.38,20.04,24.98,1.76
2001,Silang,14.23,120.97,3,20.93,4.62,0.83,4.15,87.31,30.98,21.44,25.74,1.56
2001,Silang,14.23,120.97,4,23.06,4.34,0.74,2.08,81.21,34.62,22.95,27.77,1.29
2001,Silang,14.23,120.97,5,19.93,3.86,0.71,4.98,81.16,35.4,23.76,28.23,1.07
2001,Silang,14.23,120.97,6,18.82,3.28,0.78,8.93,85.62,34.19,23.94,27.24,0.99
2001,Silang,14.23,120.97,7,17.16,4.15,0.91,6.16,88.42,30.52,22.93,26.35,1.48
2001,Silang,14.23,120.97,8,14.25,3.62,0.95,8.33,90.32,31.24,23.71,26.5,1.56
2001,Silang,14.23,120.97,9,17.83,3.28,0.92,1.93,88.47,30.97,22.63,26.25,1.31
2001,Silang,14.23,120.97,10,17.58,3.54,0.92,11.16,90.44,31.34,23.07,26.1,1.26
2001,Silang,14.23,120.97,11,17.12,4.71,0.96,12.39,89.6,31.05,18.53,25.09,1.77
2001,Silang,14.23,120.97,12,15.09,5.15,0.96,14.22,90.08,28.87,18.39,24.16,2.04
2001,Tagaytay City,14.11,120.96,1,16.61,4.54,0.92,2.69,88.54,30.45,18.95,24.81,1.61
2001,Tagaytay City,14.11,120.96,2,16.75,5.33,0.89,9.09,87.82,31.38,20.04,24.98,1.76
2001,Tagaytay City,14.11,120.96,3,20.93,4.62,0.83,4.15,87.31,30.98,21.44,25.74,1.56
2001,Tagaytay City,14.11,120.96,4,23.06,4.34,0.74,2.08,81.21,34.62,22.95,27.77,1.29
2001,Tagaytay City,14.11,120.96,5,19.93,3.86,0.71,4.98,81.16,35.4,23.76,28.23,1.07
2001,Tagaytay City,14.11,120.96,6,18.82,3.28,0.78,8.93,85.62,34.19,23.94,27.24,0.99
2001,Tagaytay City,14.11,120.96,7,17.16,4.15,0.91,6.16,88.42,30.52,22.93,26.35,1.48
2001,Tagaytay City,14.11,120.96,8,14.25,3.62,0.95,8.33,90.32,31.24,23.71,26.5,1.56
2001,Tagaytay City,14.11,120.96,9,17.83,3.28,0.92,1.93,88.47,30.97,22.63,26.25,1.31
2001,Tagaytay City,14.11,120.96,10,17.58,3.54,0.92,11.16,90.44,31.34,23.07,26.1,1.26
2001,Tagaytay City,14.11,120.96,11,17.12,4.71,0.96,12.39,89.6,31.05,18.53,25.09,1.77
2001,Tagaytay City,14.11,120.96,12,15.09,5.15,0.96,14.22,90.08,28.87,18.39,24.16,2.04
2001,Tanza,14.36,120.85,1,16.61,3.34,0.79,0.58,81.95,30.33,21.38,27.1,4.36
2001,Tanza,14.36,120.85,2,16.75,3.07,0.7,3.59,80.98,30.43,22.05,27.34,4.9
2001,Tanza,14.36,120.85,3,20.93,2.58,0.66,1.1,78.27,32.7,23.38,28.62,4.32
2001,Tanza,14.36,120.85,4,23.06,2.22,0.62,1.52,72.1,34.64,25.28,31.31,3.14
2001,Tanza,14.36,120.85,5,19.93,2.52,0.69,5.53,77.02,34.75,26.12,30.63,3.06
2001,Tanza,14.36,120.85,6,18.82,2.93,0.85,11.88,82.44,31.67,25.65,29.1,2.99
2001,Tanza,14.36,120.85,7,17.16,4.1,0.98,11.31,87.06,28.81,25.13,27.66,4.24
2001,Tanza,14.36,120.85,8,14.25,3.49,0.99,13.48,88.74,29.51,25.47,27.8,4.81
2001,Tanza,14.36,120.85,9,17.83,3.17,0.96,2.72,86.72,29.74,24.47,27.65,3.7
2001,Tanza,14.36,120.85,10,17.58,3.19,0.9,3.45,84.15,30.89,24.56,28.19,3.29
2001,Tanza,14.36,120.85,11,17.12,3.67,0.85,3.28,82.82,30.64,21.06,27.28,5.05
2001,Tanza,14.36,120.85,12,15.09,3.23,0.78,3.05,82.58,30.02,20.7,26.56,5.8
2001,Ternate,14.28,120.7,1,16.61,3.34,0.79,0.58,81.95,30.33,21.38,27.1,4.36
2001,Ternate,14.28,120.7,2,16.75,3.07,0.7,3.59,80.98,30.43,22.05,27.34,4.9
2001,Ternate,14.28,120.7,3,20.93,2.58,0.66,1.1,78.27,32.7,23.38,28.62,4.32
2001,Ternate,14.28,120.7,4,23.06,2.22,0.62,1.52,72.1,34.64,25.28,31.31,3.14
2001,Ternate,14.28,120.7,5,19.93,2.52,0.69,5.53,77.02,34.75,26.12,30.63,3.06
2001,Ternate,14.28,120.7,6,18.82,2.93,0.85,11.88,82.44,31.67,25.65,29.1,2.99
2001,Ternate,14.28,120.7,7,17.16,4.1,0.98,11.31,87.06,28.81,25.13,27.66,4.24
2001,Ternate,14.28,120.7,8,14.25,3.49,0.99,13.48,88.74,29.51,25.47,27.8,4.81
2001,Ternate,14.28,120.7,9,17.83,3.17,0.96,2.72,86.72,29.74,24.47,27.65,3.7
2001,Ternate,14.28,120.7,10,17.58,3.19,0.9,3.45,84.15,30.89,24.56,28.19,3.29
2001,Ternate,14.28,120.7,11,17.12,3.67,0.85,3.28,82.82,30.64,21.06,27.28,5.05
2001,Ternate,14.28,120.7,12,15.09,3.23,0.78,3.05,82.58,30.02,20.7,26.56,5.8
2001,Trece Martires City,14.28,120.86,1,16.61,3.34,0.79,0.58,81.95,30.33,21.38,27.1,4.36
2001,Trece Martires City,14.28,120.86,2,16.75,3.07,0.7,3.59,80.98,30.43,22.05,27.34,4.9
2001,Trece Martires City,14.28,120.86,3,20.93,2.58,0.66,1.1,78.27,32.7,23.38,28.62,4.32
2001,Trece Martires City,14.28,120.86,4,23.06,2.22,0.62,1.52,72.1,34.64,25.28,31.31,3.14
2001,Trece Martires City,14.28,120.86,5,19.93,2.52,0.69,5.53,77.02,34.75,26.12,30.63,3.06
2001,Trece Martires City,14.28,120.86,6,18.82,2.93,0.85,11.88,82.44,31.67,25.65,29.1,2.99
2001,Trece Martires City,14.28,120.86,7,17.16,4.1,0.98,11.31,87.06,28.81,25.13,27.66,4.24
2001,Trece Martires City,14.28,120.86,8,14.25,3.49,0.99,13.48,88.74,29.51,25.47,27.8,4.81
2001,Trece Martires City,14.28,120.86,9,17.83,3.17,0.96,2.72,86.72,29.74,24.47,27.65,3.7
2001,Trece Martires City,14.28,120.86,10,17.58,3.19,0.9,3.45,84.15,30.89,24.56,28.19,3.29
2001,Trece Martires City,14.28,120.86,11,17.12,3.67,0.85,3.28,82.82,30.64,21.06,27.28,5.05
2001,Trece Martires City,14.28,120.86,12,15.09,3.23,0.78,3.05,82.58,30.02,20.7,26.56,5.8
2002,Alfonso,14.14,120.85,1,17.65,3.76,0.65,0.45,82.09,29.4,21.23,25.67,4.58
2002,Alfonso,14.14,120.85,2,19.49,2.64,0.54,0.8,78.9,29.99,21.57,25.69,4.44
2002,Alfonso,14.14,120.85,3,22.84,1.28,0.47,0.72,74.42,32.78,21.71,27.34,4.08
2002,Alfonso,14.14,120.85,4,24.71,0.89,0.45,0.61,69.55,34.08,23.98,29.39,3.61
2002,Alfonso,14.14,120.85,5,21.94,1.26,0.46,2.45,75.01,35.37,25.16,29.71,2.95
2002,Alfonso,14.14,120.85,6,20.53,3.47,0.58,6.92,79.18,32.69,26.56,29.43,2.46
2002,Alfonso,14.14,120.85,7,12.71,4.45,0.92,22.35,88.17,29.95,25.65,27.73,4.79
2002,Alfonso,14.14,120.85,8,17.32,4.02,0.97,6.97,87.67,29.86,25.45,27.34,3.37
2002,Alfonso,14.14,120.85,9,16.54,3.54,0.97,8.13,86.96,29.79,25.22,27.69,2.98
2002,Alfonso,14.14,120.85,10,18.36,3.92,0.96,6.48,84.35,30.41,25.61,28.06,2.77
2002,Alfonso,14.14,120.85,11,15.72,4.17,0.92,4.03,86.02,29.93,24.03,27.29,4.13
2002,Alfonso,14.14,120.85,12,16.38,4.52,0.78,1.51,85.11,29.63,23.93,26.77,4.01
2002,Amadeo,14.17,120.92,1,17.65,3.76,0.65,0.45,82.09,29.4,21.23,25.67,4.58
2002,Amadeo,14.17,120.92,2,19.49,2.64,0.54,0.8,78.9,29.99,21.57,25.69,4.44
2002,Amadeo,14.17,120.92,3,22.84,1.28,0.47,0.72,74.42,32.78,21.71,27.34,4.08
2002,Amadeo,14.17,120.92,4,24.71,0.89,0.45,0.61,69.55,34.08,23.98,29.39,3.61
2002,Amadeo,14.17,120.92,5,21.94,1.26,0.46,2.45,75.01,35.37,25.16,29.71,2.95
2002,Amadeo,14.17,120.92,6,20.53,3.47,0.58,6.92,79.18,32.69,26.56,29.43,2.46
2002,Amadeo,14.17,120.92,7,12.71,4.45,0.92,22.35,88.17,29.95,25.65,27.73,4.79
2002,Amadeo,14.17,120.92,8,17.32,4.02,0.97,6.97,87.67,29.86,25.45,27.34,3.37
2002,Amadeo,14.17,120.92,9,16.54,3.54,0.97,8.13,86.96,29.79,25.22,27.69,2.98
2002,Amadeo,14.17,120.92,10,18.36,3.92,0.96,6.48,84.35,30.41,25.61,28.06,2.77
2002,Amadeo,14.17,120.92,11,15.72,4.17,0.92,4.03,86.02,29.93,24.03,27.29,4.13
2002,Amadeo,14.17,120.92,12,16.38,4.52,0.78,1.51,85.11,29.63,23.93,26.77,4.01
2002,Bacoor City,14.46,120.94,1,17.65,4.28,0.83,2.27,84.86,30.11,17.99,23.68,1.77
2002,Bacoor City,14.46,120.94,2,19.49,4.03,0.75,3.31,81.99,30.98,17.91,23.98,1.82
2002,Bacoor City,14.46,120.94,3,22.84,3.11,0.68,2.36,78.28,32.84,18.55,25.87,1.76
2002,Bacoor City,14.46,120.94,4,24.71,2.42,0.64,1.95,73.42,35.12,20.49,27.87,1.62
2002,Bacoor City,14.46,120.94,5,21.94,2.59,0.65,3.61,77.19,35.46,22.59,28.27,1.33
2002,Bacoor City,14.46,120.94,6,20.53,3.55,0.71,5.78,78.84,34.3,24.32,28.36,1.01
2002,Bacoor City,14.46,120.94,7,12.71,4.14,0.92,16.11,89.86,33.95,23.11,26.39,1.8
2002,Bacoor City,14.46,120.94,8,17.32,3.91,0.96,8.54,87.8,32.57,23.28,26.42,1.18
2002,Bacoor City,14.46,120.94,9,16.54,3.73,0.96,8.75,88.54,31.54,22.77,26.13,1.09
2002,Bacoor City,14.46,120.94,10,18.36,3.85,0.98,9.67,88.74,31.28,23.09,26.33,1.08
2002,Bacoor City,14.46,120.94,11,15.72,4.1,0.98,13.83,90.52,30.56,21.1,25.16,1.51
2002,Bacoor City,14.46,120.94,12,16.38,4.6,0.94,7.08,88.97,29.86,21.0,25.02,1.52
2002,Carmona,14.31,121.05,1,14.76,4.28,0.83,2.27,84.86,30.11,17.99,23.68,1.77
2002,Carmona,14.31,121.05,2,15.83,4.03,0.75,3.31,81.99,30.98,17.91,23.98,1.82
2002,Carmona,14.31,121.05,3,20.28,3.11,0.68,2.36,78.28,32.84,18.55,25.87,1.76
2002,Carmona,14.31,121.05,4,22.52,2.42,0.64,1.95,73.42,35.12,20.49,27.87,1.62
2002,Carmona,14.31,121.05,5,21.39,2.59,0.65,3.61,77.19,35.46,22.59,28.27,1.33
2002,Carmona,14.31,121.05,6,20.8,3.55,0.71,5.78,78.84,34.3,24.32,28.36,1.01
2002,Carmona,14.31,121.05,7,15.15,4.14,0.92,16.11,89.86,33.95,23.11,26.39,1.8
2002,Carmona,14.31,121.05,8,17.3,3.91,0.96,8.54,87.8,32.57,23.28,26.42,1.18
2002,Carmona,14.31,121.05,9,16.86,3.73,0.96,8.75,88.54,31.54,22.77,26.13,1.09
2002,Carmona,14.31,121.05,10,15.77,3.85,0.98,9.67,88.74,31.28,23.09,26.33,1.08
2002,Carmona,14.31,121.05,11,12.86,4.1,0.98,13.83,90.52,30.56,21.1,25.16,1.51
2002,Carmona,14.31,121.05,12,13.38,4.6,0.94,7.08,88.97,29.86,21.0,25.02,1.52
2002,Cavite City,14.48,120.9,1,17.65,2.43,0.67,0.3,78.35,30.59,20.28,26.61,4.71
2002,Cavite City,14.48,120.9,2,19.49,1.12,0.61,0.66,73.66,31.22,21.31,27.63,4.79
2002,Cavite City,14.48,120.9,3,22.84,0.47,0.59,0.39,69.98,33.67,21.29,29.7,4.57
2002,Cavite City,14.48,120.9,4,24.71,0.59,0.59,0.62,66.24,34.49,24.1,31.62,4.09
2002,Cavite City,14.48,120.9,5,21.94,1.31,0.63,3.7,73.38,35.1,25.5,31.17,3.38
2002,Cavite City,14.48,120.9,6,20.53,3.55,0.81,7.49,79.8,32.62,26.21,29.78,2.68
2002,Cavite City,14.48,120.9,7,12.71,3.94,0.98,29.46,87.44,30.61,25.52,27.74,5.49
2002,Cavite City,14.48,120.9,8,17.32,3.63,0.99,9.42,87.05,30.14,24.93,27.56,3.66
2002,Cavite City,14.48,120.9,9,16.54,3.26,0.98,9.58,86.41,29.5,25.04,27.82,3.15
2002,Cavite City,14.48,120.9,10,18.36,3.29,0.96,4.37,84.12,30.5,24.96,28.19,2.76
2002,Cavite City,14.48,120.9,11,15.72,3.16,0.92,3.13,85.35,30.51,23.32,27.41,4.14
2002,Cavite City,14.48,120.9,12,16.38,3.11,0.79,1.04,82.97,30.21,23.32,27.48,4.1
2002,Dasmarinas City,14.33,120.93,1,17.65,2.43,0.67,0.3,78.35,30.59,20.28,26.61,4.71
2002,Dasmarinas City,14.33,120.93,2,19.49,1.12,0.61,0.66,73.66,31.22,21.31,27.63,4.79
2002,Dasmarinas City,14.33,120.93,3,22.84,0.47,0.59,0.39,69.98,33.67,21.29,29.7,4.57
2002,Dasmarinas City,14.33,120.93,4,24.71,0.59,0.59,0.62,66.24,34.49,24.1,31.62,4.09
2002,Dasmarinas City,14.33,120.93,5,21.94,1.31,0.63,3.7,73.38,35.1,25.5,31.17,3.38
2002,Dasmarinas City,14.33,120.93,6,20.53,3.55,0.81,7.49,79.8,32.62,26.21,29.78,2.68
2002,Dasmarinas City,14.33,120.93,7,12.71,3.94,0.98,29.46,87.44,30.61,25.52,27.74,5.49
2002,Dasmarinas City,14.33,120.93,8,17.32,3.63,0.99,9.42,87.05,30.14,24.93,27.56,3.66
2002,Dasmarinas City,14.33,120.93,9,16.54,3.26,0.98,9.58,86.41,29.5,25.04,27.82,3.15
2002,Dasmarinas City,14.33,120.93,10,18.36,3.29,0.96,4.37,84.12,30.5,24.96,28.19,2.76
2002,Dasmarinas City,14.33,120.93,11,15.72,3.16,0.92,3.13,85.35,30.51,23.32,27.41,4.14
2002,Dasmarinas City,14.33,120.93,12,16.38,3.11,0.79,1.04,82.97,30.21,23.32,27.48,4.1
2002,General Emilio Aguinaldo,14.18,120.79,1,17.65,3.76,0.65,0.45,82.09,29.4,21.23,25.67,4.58
2002,General Emilio Aguinaldo,14.18,120.79,2,19.49,2.64,0.54,0.8,78.9,29.99,21.57,25.69,4.44
2002,General Emilio Aguinaldo,14.18,120.79,3,22.84,1.28,0.47,0.72,74.42,32.78,21.71,27.34,4.08
2002,General Emilio Aguinaldo,14.18,120.79,4,24.71,0.89,0.45,0.61,69.55,34.08,23.98,29.39,3.61
2002,General Emilio Aguinaldo,14.18,120.79,5,21.94,1.26,0.46,2.45,75.01,35.37,25.16,29.71,2.95
2002,General Emilio Aguinaldo,14.18,120.79,6,20.53,3.47,0.58,6.92,79.18,32.69,26.56,29.43,2.46
2002,General Emilio Aguinaldo,14.18,120.79,7,12.71,4.45,0.92,22.35,88.17,29.95,25.65,27.73,4.79
2002,General Emilio Aguinaldo,14.18,120.79,8,17.32,4.02,0.97,6.97,87.67,29.86,25.45,27.34,3.37
2002,General Emilio Aguinaldo,14.18,120.79,9,16.54,3.54,0.97,8.13,86.96,29.79,25.22,27.69,2.98
2002,General Emilio Aguinaldo,14.18,120.79,10,18.36,3.92,0.96,6.48,84.35,30.41,25.61,28.06,2.77
2002,General Emilio Aguinaldo,14.18,120.79,11,15.72,4.17,0.92,4.03,86.02,29.93,24.03,27.29,4.13
2002,General Emilio Aguinaldo,14.18,120.79,12,16.38,4.52,0.78,1.51,85.11,29.63,23.93,26.77,4.01
2002,General Mariano Alvarez,14.3,121.0,1,14.76,4.28,0.83,2.27,84.86,30.11,17.99,23.68,1.77
2002,General Mariano Alvarez,14.3,121.0,2,15.83,4.03,0.75,3.31,81.99,30.98,17.91,23.98,1.82
2002,General Mariano Alvarez,14.3,121.0,3,20.28,3.11,0.68,2.36,78.28,32.84,18.55,25.87,1.76
2002,General Mariano Alvarez,14.3,121.0,4,22.52,2.42,0.64,1.95,73.42,35.12,20.49,27.87,1.62
2002,General Mariano Alvarez,14.3,121.0,5,21.39,2.59,0.65,3.61,77.19,35.46,22.59,28.27,1.33
2002,General Mariano Alvarez,14.3,121.0,6,20.8,3.55,0.71,5.78,78.84,34.3,24.32,28.36,1.01
2002,General Mariano Alvarez,14.3,121.0,7,15.15,4.14,0.92,16.11,89.86,33.95,23.11,26.39,1.8
2002,General Mariano Alvarez,14.3,121.0,8,17.3,3.91,0.96,8.54,87.8,32.57,23.28,26.42,1.18
2002,General Mariano Alvarez,14.3,121.0,9,16.86,3.73,0.96,8.75,88.54,31.54,22.77,26.13,1.09
2002,General Mariano Alvarez,14.3,121.0,10,15.77,3.85,0.98,9.67,88.74,31.28,23.09,26.33,1.08
2002,General Mariano Alvarez,14.3,121.0,11,12.86,4.1,0.98,13.83,90.52,30.56,21.1,25.16,1.51
2002,General Mariano Alvarez,14.3,121.0,12,13.38,4.6,0.94,7.08,88.97,29.86,21.0,25.02,1.52
2002,General Trias,14.38,120.88,1,17.65,2.43,0.67,0.3,78.35,30.59,20.28,26.61,4.71
2002,General Trias,14.38,120.88,2,19.49,1.12,0.61,0.66,73.66,31.22,21.31,27.63,4.79
2002,General Trias,14.38,120.88,3,22.84,0.47,0.59,0.39,69.98,33.67,21.29,29.7,4.57
2002,General Trias,14.38,120.88,4,24.71,0.59,0.59,0.62,66.24,34.49,24.1,31.62,4.09
2002,General Trias,14.38,120.88,5,21.94,1.31,0.63,3.7,73.38,35.1,25.5,31.17,3.38
2002,General Trias,14.38,120.88,6,20.53,3.55,0.81,7.49,79.8,32.62,26.21,29.78,2.68
2002,General Trias,14.38,120.88,7,12.71,3.94,0.98,29.46,87.44,30.61,25.52,27.74,5.49
2002,General Trias,14.38,120.88,8,17.32,3.63,0.99,9.42,87.05,30.14,24.93,27.56,3.66
2002,General Trias,14.38,120.88,9,16.54,3.26,0.98,9.58,86.41,29.5,25.04,27.82,3.15
2002,General Trias,14.38,120.88,10,18.36,3.29,0.96,4.37,84.12,30.5,24.96,28.19,2.76
2002,General Trias,14.38,120.88,11,15.72,3.16,0.92,3.13,85.35,30.51,23.32,27.41,4.14
2002,General Trias,14.38,120.88,12,16.38,3.11,0.79,1.04,82.97,30.21,23.32,27.48,4.1
2002,Imus City,14.43,120.93,1,17.65,2.43,0.67,0.3,78.35,30.59,20.28,26.61,4.71
2002,Imus City,14.43,120.93,2,19.49,1.12,0.61,0.66,73.66,31.22,21.31,27.63,4.79
2002,Imus City,14.43,120.93,3,22.84,0.47,0.59,0.39,69.98,33.67,21.29,29.7,4.57
2002,Imus City,14.43,120.93,4,24.71,0.59,0.59,0.62,66.24,34.49,24.1,31.62,4.09
2002,Imus City,14.43,120.93,5,21.94,1.31,0.63,3.7,73.38,35.1,25.5,31.17,3.38
2002,Imus City,14.43,120.93,6,20.53,3.55,0.81,7.49,79.8,32.62,26.21,29.78,2.68
2002,Imus City,14.43,120.93,7,12.71,3.94,0.98,29.46,87.44,30.61,25.52,27.74,5.49
2002,Imus City,14.43,120.93,8,17.32,3.63,0.99,9.42,87.05,30.14,24.93,27.56,3.66
2002,Imus City,14.43,120.93,9,16.54,3.26,0.98,9.58,86.41,29.5,25.04,27.82,3.15
2002,Imus City,14.43,120.93,10,18.36,3.29,0.96,4.37,84.12,30.5,24.96,28.19,2.76
2002,Imus City,14.43,120.93,11,15.72,3.16,0.92,3.13,85.35,30.51,23.32,27.41,4.14
2002,Imus City,14.43,120.93,12,16.38,3.11,0.79,1.04,82.97,30.21,23.32,27.48,4.1
2002,Indang,14.19,120.87,1,17.65,3.76,0.65,0.45,82.09,29.4,21.23,25.67,4.58
2002,Indang,14.19,120.87,2,19.49,2.64,0.54,0.8,78.9,29.99,21.57,25.69,4.44
2002,Indang,14.19,120.87,3,22.84,1.28,0.47,0.72,74.42,32.78,21.71,27.34,4.08
2002,Indang,14.19,120.87,4,24.71,0.89,0.45,0.61,69.55,34.08,23.98,29.39,3.61
2002,Indang,14.19,120.87,5,21.94,1.26,0.46,2.45,75.01,35.37,25.16,29.71,2.95
2002,Indang,14.19,120.87,6,20.53,3.47,0.58,6.92,79.18,32.69,26.56,29.43,2.46
2002,Indang,14.19,120.87,7,12.71,4.45,0.92,22.35,88.17,29.95,25.65,27.73,4.79
2002,Indang,14.19,120.87,8,17.32,4.02,0.97,6.97,87.67,29.86,25.45,27.34,3.37
2002,Indang,14.19,120.87,9,16.54,3.54,0.97,8.13,86.96,29.79,25.22,27.69,2.98
2002,Indang,14.19,120.87,10,18.36,3.92,0.96,6.48,84.35,30.41,25.61,28.06,2.77
2002,Indang,14.19,120.87,11,15.72,4.17,0.92,4.03,86.02,29.93,24.03,27.29,4.13
2002,Indang,14.19,120.87,12,16.38,4.52,0.78,1.51,85.11,29.63,23.93,26.77,4.01
2002,Kawit,14.44,120.9,1,17.65,2.43,0.67,0.3,78.35,30.59,20.28,26.61,4.71
2002,Kawit,14.44,120.9,2,19.49,1.12,0.61,0.66,73.66,31.22,21.31,27.63,4.79
2002,Kawit,14.44,120.9,3,22.84,0.47,0.59,0.39,69.98,33.67,21.29,29.7,4.57
2002,Kawit,14.44,120.9,4,24.71,0.59,0.59,0.62,66.24,34.49,24.1,31.62,4.09
2002,Kawit,14.44,120.9,5,21.94,1.31,0.63,3.7,73.38,35.1,25.5,31.17,3.38
2002,Kawit,14.44,120.9,6,20.53,3.55,0.81,7.49,79.8,32.62,26.21,29.78,2.68
2002,Kawit,14.44,120.9,7,12.71,3.94,0.98,29.46,87.44,30.61,25.52,27.74,5.49
2002,Kawit,14.44,120.9,8,17.32,3.63,0.99,9.42,87.05,30.14,24.93,27.56,3.66
2002,Kawit,14.44,120.9,9,16.54,3.26,0.98,9.58,86.41,29.5,25.04,27.82,3.15
2002,Kawit,14.44,120.9,10,18.36,3.29,0.96,4.37,84.12,30.5,24.96,28.19,2.76
2002,Kawit,14.44,120.9,11,15.72,3.16,0.92,3.13,85.35,30.51,23.32,27.41,4.14
2002,Kawit,14.44,120.9,12,16.38,3.11,0.79,1.04,82.97,30.21,23.32,27.48,4.1
2002,Magallanes,14.19,120.73,1,17.65,3.76,0.65,0.45,82.09,29.4,21.23,25.67,4.58
2002,Magallanes,14.19,120.73,2,19.49,2.64,0.54,0.8,78.9,29.99,21.57,25.69,4.44
2002,Magallanes,14.19,120.73,3,22.84,1.28,0.47,0.72,74.42,32.78,21.71,27.34,4.08
2002,Magallanes,14.19,120.73,4,24.71,0.89,0.45,0.61,69.55,34.08,23.98,29.39,3.61
2002,Magallanes,14.19,120.73,5,21.94,1.26,0.46,2.45,75.01,35.37,25.16,29.71,2.95
2002,Magallanes,14.19,120.73,6,20.53,3.47,0.58,6.92,79.18,32.69,26.56,29.43,2.46
2002,Magallanes,14.19,120.73,7,12.71,4.45,0.92,22.35,88.17,29.95,25.65,27.73,4.79
2002,Magallanes,14.19,120.73,8,17.32,4.02,0.97,6.97,87.67,29.86,25.45,27.34,3.37
2002,Magallanes,14.19,120.73,9,16.54,3.54,0.97,8.13,86.96,29.79,25.22,27.69,2.98
2002,Magallanes,14.19,120.73,10,18.36,3.92,0.96,6.48,84.35,30.41,25.61,28.06,2.77
2002,Magallanes,14.19,120.73,11,15.72,4.17,0.92,4.03,86.02,29.93,24.03,27.29,4.13
2002,Magallanes,14.19,120.73,12,16.38,4.52,0.78,1.51,85.11,29.63,23.93,26.77,4.01
2002,Maragondon,14.27,120.73,1,17.65,2.43,0.67,0.3,78.35,30.59,20.28,26.61,4.71
2002,Maragondon,14.27,120.73,2,19.49,1.12,0.61,0.66,73.66,31.22,21.31,27.63,4.79
2002,Maragondon,14.27,120.73,3,22.84,0.47,0.59,0.39,69.98,33.67,21.29,29.7,4.57
2002,Maragondon,14.27,120.73,4,24.71,0.59,0.59,0.62,66.24,34.49,24.1,31.62,4.09
2002,Maragondon,14.27,120.73,5,21.94,1.31,0.63,3.7,73.38,35.1,25.5,31.17,3.38
2002,Maragondon,14.27,120.73,6,20.53,3.55,0.81,7.49,79.8,32.62,26.21,29.78,2.68
2002,Maragondon,14.27,120.73,7,12.71,3.94,0.98,29.46,87.44,30.61,25.52,27.74,5.49
2002,Maragondon,14.27,120.73,8,17.32,3.63,0.99,9.42,87.05,30.14,24.93,27.56,3.66
2002,Maragondon,14.27,120.73,9,16.54,3.26,0.98,9.58,86.41,29.5,25.04,27.82,3.15
2002,Maragondon,14.27,120.73,10,18.36,3.29,0.96,4.37,84.12,30.5,24.96,28.19,2.76
2002,Maragondon,14.27,120.73,11,15.72,3.16,0.92,3.13,85.35,30.51,23.32,27.41,4.14
2002,Maragondon,14.27,120.73,12,16.38,3.11,0.79,1.04,82.97,30.21,23.32,27.48,4.1
2002,Mendez,14.13,120.9,1,17.65,3.76,0.65,0.45,82.09,29.4,21.23,25.67,4.58
2002,Mendez,14.13,120.9,2,19.49,2.64,0.54,0.8,78.9,29.99,21.57,25.69,4.44
2002,Mendez,14.13,120.9,3,22.84,1.28,0.47,0.72,74.42,32.78,21.71,27.34,4.08
2002,Mendez,14.13,120.9,4,24.71,0.89,0.45,0.61,69.55,34.08,23.98,29.39,3.61
2002,Mendez,14.13,120.9,5,21.94,1.26,0.46,2.45,75.01,35.37,25.16,29.71,2.95
2002,Mendez,14.13,120.9,6,20.53,3.47,0.58,6.92,79.18,32.69,26.56,29.43,2.46
2002,Mendez,14.13,120.9,7,12.71,4.45,0.92,22.35,88.17,29.95,25.65,27.73,4.79
2002,Mendez,14.13,120.9,8,17.32,4.02,0.97,6.97,87.67,29.86,25.45,27.34,3.37
2002,Mendez,14.13,120.9,9,16.54,3.54,0.97,8.13,86.96,29.79,25.22,27.69,2.98
2002,Mendez,14.13,120.9,10,18.36,3.92,0.96,6.48,84.35,30.41,25.61,28.06,2.77
2002,Mendez,14.13,120.9,11,15.72,4.17,0.92,4.03,86.02,29.93,24.03,27.29,4.13
2002,Mendez,14.13,120.9,12,16.38,4.52,0.78,1.51,85.11,29.63,23.93,26.77,4.01
2002,Naic,14.32,120.77,1,17.65,2.43,0.67,0.3,78.35,30.59,20.28,26.61,4.71
2002,Naic,14.32,120.77,2,19.49,1.12,0.61,0.66,73.66,31.22,21.31,27.63,4.79
2002,Naic,14.32,120.77,3,22.84,0.47,0.59,0.39,69.98,33.67,21.29,29.7,4.57
2002,Naic,14.32,120.77,4,24.71,0.59,0.59,0.62,66.24,34.49,24.1,31.62,4.09
2002,Naic,14.32,120.77,5,21.94,1.31,0.63,3.7,73.38,35.1,25.5,31.17,3.38
2002,Naic,14.32,120.77,6,20.53,3.55,0.81,7.49,79.8,32.62,26.21,29.78,2.68
2002,Naic,14.32,120.77,7,12.71,3.94,0.98,29.46,87.44,30.61,25.52,27.74,5.49
2002,Naic,14.32,120.77,8,17.32,3.63,0.99,9.42,87.05,30.14,24.93,27.56,3.66
2002,Naic,14.32,120.77,9,16.54,3.26,0.98,9.58,86.41,29.5,25.04,27.82,3.15
2002,Naic,14.32,120.77,10,18.36,3.29,0.96,4.37,84.12,30.5,24.96,28.19,2.76
2002,Naic,14.32,120.77,11,15.72,3.16,0.92,3.13,85.35,30.51,23.32,27.41,4.14
2002,Naic,14.32,120.77,12,16.38,3.11,0.79,1.04,82.97,30.21,23.32,27.48,4.1
2002,Noveleta,14.43,120.88,1,17.65,2.43,0.67,0.3,78.35,30.59,20.28,26.61,4.71
2002,Noveleta,14.43,120.88,2,19.49,1.12,0.61,0.66,73.66,31.22,21.31,27.63,4.79
2002,Noveleta,14.43,120.88,3,22.84,0.47,0.59,0.39,69.98,33.67,21.29,29.7,4.57
2002,Noveleta,14.43,120.88,4,24.71,0.59,0.59,0.62,66.24,34.49,24.1,31.62,4.09
2002,Noveleta,14.43,120.88,5,21.94,1.31,0.63,3.7,73.38,35.1,25.5,31.17,3.38
2002,Noveleta,14.43,120.88,6,20.53,3.55,0.81,7.49,79.8,32.62,26.21,29.78,2.68
2002,Noveleta,14.43,120.88,7,12.71,3.94,0.98,29.46,87.44,30.61,25.52,27.74,5.49
2002,Noveleta,14.43,120.88,8,17.32,3.63,0.99,9.42,87.05,30.14,24.93,27.56,3.66
2002,Noveleta,14.43,120.88,9,16.54,3.26,0.98,9.58,86.41,29.5,25.04,27.82,3.15
2002,Noveleta,14.43,120.88,10,18.36,3.29,0.96,4.37,84.12,30.5,24.96,28.19,2.76
2002,Noveleta,14.43,120.88,11,15.72,3.16,0.92,3.13,85.35,30.51,23.32,27.41,4.14
2002,Noveleta,14.43,120.88,12,16.38,3.11,0.79,1.04,82.97,30.21,23.32,27.48,4.1
2002,Rosario,14.41,120.85,1,17.65,2.43,0.67,0.3,78.35,30.59,20.28,26.61,4.71
2002,Rosario,14.41,120.85,2,19.49,1.12,0.61,0.66,73.66,31.22,21.31,27.63,4.79
2002,Rosario,14.41,120.85,3,22.84,0.47,0.59,0.39,69.98,33.67,21.29,29.7,4.57
2002,Rosario,14.41,120.85,4,24.71,0.59,0.59,0.62,66.24,34.49,24.1,31.62,4.09
2002,Rosario,14.41,120.85,5,21.94,1.31,0.63,3.7,73.38,35.1,25.5,31.17,3.38
2002,Rosario,14.41,120.85,6,20.53,3.55,0.81,7.49,79.8,32.62,26.21,29.78,2.68
2002,Rosario,14.41,120.85,7,12.71,3.94,0.98,29.46,87.44,30.61,25.52,27.74,5.49
2002,Rosario,14.41,120.85,8,17.32,3.63,0.99,9.42,87.05,30.14,24.93,27.56,3.66
2002,Rosario,14.41,120.85,9,16.54,3.26,0.98,9.58,86.41,29.5,25.04,27.82,3.15
2002,Rosario,14.41,120.85,10,18.36,3.29,0.96,4.37,84.12,30.5,24.96,28.19,2.76
2002,Rosario,14.41,120.85,11,15.72,3.16,0.92,3.13,85.35,30.51,23.32,27.41,4.14
2002,Rosario,14.41,120.85,12,16.38,3.11,0.79,1.04,82.97,30.21,23.32,27.48,4.1
2002,Silang,14.23,120.97,1,17.65,4.6,0.87,1.96,87.32,29.8,18.12,23.65,1.69
2002,Silang,14.23,120.97,2,19.49,4.74,0.75,2.92,84.69,30.87,18.03,23.83,1.73
2002,Silang,14.23,120.97,3,22.84,3.56,0.65,2.53,79.53,32.68,18.27,25.79,1.71
2002,Silang,14.23,120.97,4,24.71,2.49,0.6,1.83,73.34,35.73,21.06,28.14,1.59
2002,Silang,14.23,120.97,5,21.94,2.43,0.61,3.46,76.68,35.82,22.5,28.56,1.32
2002,Silang,14.23,120.97,6,20.53,3.47,0.68,6.34,78.96,34.19,24.43,28.45,0.99
2002,Silang,14.23,120.97,7,12.71,3.92,0.87,12.32,89.03,33.2,23.26,26.6,1.79
2002,Silang,14.23,120.97,8,17.32,3.68,0.94,8.2,87.67,32.34,23.39,26.48,1.16
2002,Silang,14.23,120.97,9,16.54,3.68,0.96,8.29,88.16,31.14,23.17,26.38,1.09
2002,Silang,14.23,120.97,10,18.36,3.69,0.98,10.11,89.11,31.67,23.22,26.54,1.07
2002,Silang,14.23,120.97,11,15.72,3.84,0.98,12.49,91.29,30.58,21.17,25.45,1.5
2002,Silang,14.23,120.97,12,16.38,4.36,0.95,7.1,89.94,30.13,21.05,25.13,1.51
2002,Tagaytay City,14.11,120.96,1,17.65,4.6,0.87,1.96,87.32,29.8,18.12,23.65,1.69
2002,Tagaytay City,14.11,120.96,2,19.49,4.74,0.75,2.92,84.69,30.87,18.03,23.83,1.73
2002,Tagaytay City,14.11,120.96,3,22.84,3.56,0.65,2.53,79.53,32.68,18.27,25.79,1.71
2002,Tagaytay City,14.11,120.96,4,24.71,2.49,0.6,1.83,73.34,35.73,21.06,28.14,1.59
2002,Tagaytay City,14.11,120.96,5,21.94,2.43,0.61,3.46,76.68,35.82,22.5,28.56,1.32
2002,Tagaytay City,14.11,120.96,6,20.53,3.47,0.68,6.34,78.96,34.19,24.43,28.45,0.99
2002,Tagaytay City,14.11,120.96,7,12.71,3.92,0.87,12.32,89.03,33.2,23.26,26.6,1.79
2002,Tagaytay City,14.11,120.96,8,17.32,3.68,0.94,8.2,87.67,32.34,23.39,26.48,1.16
2002,Tagaytay City,14.11,120.96,9,16.54,3.68,0.96,8.29,88.16,31.14,23.17,26.38,1.09
2002,Tagaytay City,14.11,120.96,10,18.36,3.69,0.98,10.11,89.11,31.67,23.22,26.54,1.07
2002,Tagaytay City,14.11,120.96,11,15.72,3.84,0.98,12.49,91.29,30.58,21.17,25.45,1.5
2002,Tagaytay City,14.11,120.96,12,16.38,4.36,0.95,7.1,89.94,30.13,21.05,25.13,1.51
2002,Tanza,14.36,120.85,1,17.65,2.43,0.67,0.3,78.35,30.59,20.28,26.61,4.71
2002,Tanza,14.36,120.85,2,19.49,1.12,0.61,0.66,73.66,31.22,21.31,27.63,4.79
2002,Tanza,14.36,120.85,3,22.84,0.47,0.59,0.39,69.98,33.67,21.29,29.7,4.57
2002,Tanza,14.36,120.85,4,24.71,0.59,0.59,0.62,66.24,34.49,24.1,31.62,4.09
2002,Tanza,14.36,120.85,5,21.94,1.31,0.63,3.7,73.38,35.1,25.5,31.17,3.38
2002,Tanza,14.36,120.85,6,20.53,3.55,0.81,7.49,79.8,32.62,26.21,29.78,2.68
2002,Tanza,14.36,120.85,7,12.71,3.94,0.98,29.46,87.44,30.61,25.52,27.74,5.49
2002,Tanza,14.36,120.85,8,17.32,3.63,0.99,9.42,87.05,30.14,24.93,27.56,3.66
2002,Tanza,14.36,120.85,9,16.54,3.26,0.98,9.58,86.41,29.5,25.04,27.82,3.15
2002,Tanza,14.36,120.85,10,18.36,3.29,0.96,4.37,84.12,30.5,24.96,28.19,2.76
2002,Tanza,14.36,120.85,11,15.72,3.16,0.92,3.13,85.35,30.51,23.32,27.41,4.14
2002,Tanza,14.36,120.85,12,16.38,3.11,0.79,1.04,82.97,30.21,23.32,27.48,4.1
2002,Ternate,14.28,120.7,1,17.65,2.43,0.67,0.3,78.35,30.59,20.28,26.61,4.71
2002,Ternate,14.28,120.7,2,19.49,1.12,0.61,0.66,73.66,31.22,21.31,27.63,4.79
2002,Ternate,14.28,120.7,3,22.84,0.47,0.59,0.39,69.98,33.67,21.29,29.7,4.57
2002,Ternate,14.28,120.7,4,24.71,0.59,0.59,0.62,66.24,34.49,24.1,31.62,4.09
2002,Ternate,14.28,120.7,5,21.94,1.31,0.63,3.7,73.38,35.1,25.5,31.17,3.38
2002,Ternate,14.28,120.7,6,20.53,3.55,0.81,7.49,79.8,32.62,26.21,29.78,2.68
2002,Ternate,14.28,120.7,7,12.71,3.94,0.98,29.46,87.44,30.61,25.52,27.74,5.49
2002,Ternate,14.28,120.7,8,17.32,3.63,0.99,9.42,87.05,30.14,24.93,27.56,3.66
2002,Ternate,14.28,120.7,9,16.54,3.26,0.98,9.58,86.41,29.5,25.04,27.82,3.15
2002,Ternate,14.28,120.7,10,18.36,3.29,0.96,4.37,84.12,30.5,24.96,28.19,2.76
2002,Ternate,14.28,120.7,11,15.72,3.16,0.92,3.13,85.35,30.51,23.32,27.41,4.14
2002,Ternate,14.28,120.7,12,16.38,3.11,0.79,1.04,82.97,30.21,23.32,27.48,4.1
2002,Trece Martires City,14.28,120.86,1,17.65,2.43,0.67,0.3,78.35,30.59,20.28,26.61,4.71
2002,Trece Martires City,14.28,120.86,2,19.49,1.12,0.61,0.66,73.66,31.22,21.31,27.63,4.79
2002,Trece Martires City,14.28,120.86,3,22.84,0.47,0.59,0.39,69.98,33.67,21.29,29.7,4.57
2002,Trece Martires City,14.28,120.86,4,24.71,0.59,0.59,0.62,66.24,34.49,24.1,31.62,4.09
2002,Trece Martires City,14.28,120.86,5,21.94,1.31,0.63,3.7,73.38,35.1,25.5,31.17,3.38
2002,Trece Martires City,14.28,120.86,6,20.53,3.55,0.81,7.49,79.8,32.62,26.21,29.78,2.68
2002,Trece Martires City,14.28,120.86,7,12.71,3.94,0.98,29.46,87.44,30.61,25.52,27.74,5.49
2002,Trece Martires City,14.28,120.86,8,17.32,3.63,0.99,9.42,87.05,30.14,24.93,27.56,3.66
2002,Trece Martires City,14.28,120.86,9,16.54,3.26,0.98,9.58,86.41,29.5,25.04,27.82,3.15
2002,Trece Martires City,14.28,120.86,10,18.36,3.29,0.96,4.37,84.12,30.5,24.96,28.19,2.76
2002,Trece Martires City,14.28,120.86,11,15.72,3.16,0.92,3.13,85.35,30.51,23.32,27.41,4.14
2002,Trece Martires City,14.28,120.86,12,16.38,3.11,0.79,1.04,82.97,30.21,23.32,27.48,4.1
2003,Alfonso,14.14,120.85,1,17.38,3.43,0.61,0.68,80.14,28.98,22.08,25.92,4.78
2003,Alfonso,14.14,120.85,2,20.41,1.9,0.5,0.26,76.67,30.03,22.14,26.37,4.7
2003,Alfonso,14.14,120.85,3,22.8,0.79,0.46,0.35,71.21,33.55,22.74,27.99,3.75
2003,Alfonso,14.14,120.85,4,24.58,0.47,0.44,0.37,67.83,34.97,25.28,30.18,2.87
2003,Alfonso,14.14,120.85,5,19.22,1.89,0.51,10.66,75.42,35.89,26.13,30.17,3.68
2003,Alfonso,14.14,120.85,6,18.83,4.73,0.82,6.04,83.24,30.37,25.15,27.94,2.99
2003,Alfonso,14.14,120.85,7,19.37,4.27,0.84,7.82,82.58,31.62,25.98,28.5,2.81
2003,Alfonso,14.14,120.85,8,16.39,3.81,0.94,11.06,88.21,30.42,25.32,27.45,3.39
2003,Alfonso,14.14,120.85,9,16.2,3.62,0.97,10.65,87.65,29.64,25.11,27.37,3.17
2003,Alfonso,14.14,120.85,10,18.82,4.98,0.91,3.48,81.98,30.4,24.32,27.62,2.81
2003,Alfonso,14.14,120.85,11,16.83,4.69,0.82,4.36,84.32,29.99,24.01,27.5,3.86
2003,Alfonso,14.14,120.85,12,15.54,4.25,0.68,1.06,81.83,29.12,22.53,25.93,5.44
2003,Amadeo,14.17,120.92,1,17.38,3.43,0.61,0.68,80.14,28.98,22.08,25.92,4.78
2003,Amadeo,14.17,120.92,2,20.41,1.9,0.5,0.26,76.67,30.03,22.14,26.37,4.7
2003,Amadeo,14.17,120.92,3,22.8,0.79,0.46,0.35,71.21,33.55,22.74,27.99,3.75
2003,Amadeo,14.17,120.92,4,24.58,0.47,0.44,0.37,67.83,34.97,25.28,30.18,2.87
2003,Amadeo,14.17,120.92,5,19.22,1.89,0.51,10.66,75.42,35.89,26.13,30.17,3.68
2003,Amadeo,14.17,120.92,6,18.83,4.73,0.82,6.04,83.24,30.37,25.15,27.94,2.99
2003,Amadeo,14.17,120.92,7,19.37,4.27,0.84,7.82,82.58,31.62,25.98,28.5,2.81
2003,Amadeo,14.17,120.92,8,16.39,3.81,0.94,11.06,88.21,30.42,25.32,27.45,3.39
2003,Amadeo,14.17,120.92,9,16.2,3.62,0.97,10.65,87.65,29.64,25.11,27.37,3.17
2003,Amadeo,14.17,120.92,10,18.82,4.98,0.91,3.48,81.98,30.4,24.32,27.62,2.81
2003,Amadeo,14.17,120.92,11,16.83,4.69,0.82,4.36,84.32,29.99,24.01,27.5,3.86
2003,Amadeo,14.17,120.92,12,15.54,4.25,0.68,1.06,81.83,29.12,22.53,25.93,5.44
2003,Bacoor City,14.46,120.94,1,17.38,4.57,0.85,2.81,84.8,29.27,18.33,23.5,1.79
2003,Bacoor City,14.46,120.94,2,20.41,3.61,0.73,1.7,80.87,29.69,19.03,24.32,1.84
2003,Bacoor City,14.46,120.94,3,22.8,2.15,0.64,0.96,75.19,34.34,19.46,26.49,1.71
2003,Bacoor City,14.46,120.94,4,24.58,1.64,0.6,1.69,69.16,37.99,21.44,29.38,1.37
2003,Bacoor City,14.46,120.94,5,19.22,2.98,0.67,8.47,78.5,36.48,23.23,28.62,1.52
2003,Bacoor City,14.46,120.94,6,18.83,4.22,0.82,5.5,84.44,32.89,23.18,26.75,1.23
2003,Bacoor City,14.46,120.94,7,19.37,4.09,0.88,7.84,85.74,32.95,23.26,26.87,1.14
2003,Bacoor City,14.46,120.94,8,16.39,3.82,0.94,7.87,89.17,32.29,23.36,26.3,1.32
2003,Bacoor City,14.46,120.94,9,16.2,3.88,0.96,8.73,89.3,34.26,22.94,26.13,1.2
2003,Bacoor City,14.46,120.94,10,18.82,4.84,0.94,5.6,85.46,31.18,21.04,26.11,1.18
2003,Bacoor City,14.46,120.94,11,16.83,4.59,0.91,7.31,87.92,30.46,20.03,25.77,1.51
2003,Bacoor City,14.46,120.94,12,15.54,4.76,0.86,5.46,85.6,28.52,18.96,23.41,2.05
2003,Carmona,14.31,121.05,1,14.46,4.57,0.85,2.81,84.8,29.27,18.33,23.5,1.79
2003,Carmona,14.31,121.05,2,17.81,3.61,0.73,1.7,80.87,29.69,19.03,24.32,1.84
2003,Carmona,14.31,121.05,3,19.48,2.15,0.64,0.96,75.19,34.34,19.46,26.49,1.71
2003,Carmona,14.31,121.05,4,23.0,1.64,0.6,1.69,69.16,37.99,21.44,29.38,1.37
2003,Carmona,14.31,121.05,5,18.2,2.98,0.67,8.47,78.5,36.48,23.23,28.62,1.52
2003,Carmona,14.31,121.05,6,18.2,4.22,0.82,5.5,84.44,32.89,23.18,26.75,1.23
2003,Carmona,14.31,121.05,7,18.55,4.09,0.88,7.84,85.74,32.95,23.26,26.87,1.14
2003,Carmona,14.31,121.05,8,16.54,3.82,0.94,7.87,89.17,32.29,23.36,26.3,1.32
2003,Carmona,14.31,121.05,9,16.3,3.88,0.96,8.73,89.3,34.26,22.94,26.13,1.2
2003,Carmona,14.31,121.05,10,16.32,4.84,0.94,5.6,85.46,31.18,21.04,26.11,1.18
2003,Carmona,14.31,121.05,11,14.5,4.59,0.91,7.31,87.92,30.46,20.03,25.77,1.51
2003,Carmona,14.31,121.05,12,12.17,4.76,0.86,5.46,85.6,28.52,18.96,23.41,2.05
2003,Cavite City,14.48,120.9,1,17.38,2.46,0.67,0.5,77.03,30.39,21.12,26.74,4.96
2003,Cavite City,14.48,120.9,2,20.41,0.72,0.6,0.25,72.15,31.34,21.66,28.09,5.02
2003,Cavite City,14.48,120.9,3,22.8,0.51,0.59,0.47,67.65,34.15,22.24,30.04,4.11
2003,Cavite City,14.48,120.9,4,24.58,0.25,0.59,0.29,64.47,35.56,25.41,32.77,3.38
2003,Cavite City,14.48,120.9,5,19.22,1.93,0.66,13.6,74.05,36.45,26.05,31.59,4.24
2003,Cavite City,14.48,120.9,6,18.83,4.35,0.94,8.28,83.34,30.64,25.17,28.26,3.35
2003,Cavite City,14.48,120.9,7,19.37,3.77,0.94,8.09,82.41,32.14,25.73,28.77,2.99
2003,Cavite City,14.48,120.9,8,16.39,3.61,0.99,19.14,87.88,30.11,25.14,27.55,3.89
2003,Cavite City,14.48,120.9,9,16.2,3.29,0.99,14.0,87.31,29.51,24.81,27.58,3.43
2003,Cavite City,14.48,120.9,10,18.82,4.27,0.93,2.39,80.34,30.73,23.68,28.22,2.95
2003,Cavite City,14.48,120.9,11,16.83,3.52,0.83,3.03,82.27,30.66,23.4,28.02,4.0
2003,Cavite City,14.48,120.9,12,15.54,2.68,0.72,0.7,78.8,30.16,21.49,26.34,5.71
2003,Dasmarinas City,14.33,120.93,1,17.38,2.46,0.67,0.5,77.03,30.39,21.12,26.74,4.96
2003,Dasmarinas City,14.33,120.93,2,20.41,0.72,0.6,0.25,72.15,31.34,21.66,28.09,5.02
2003,Dasmarinas City,14.33,120.93,3,22.8,0.51,0.59,0.47,67.65,34.15,22.24,30.04,4.11
2003,Dasmarinas City,14.33,120.93,4,24.58,0.25,0.59,0.29,64.47,35.56,25.41,32.77,3.38
2003,Dasmarinas City,14.33,120.93,5,19.22,1.93,0.66,13.6,74.05,36.45,26.05,31.59,4.24
2003,Dasmarinas City,14.33,120.93,6,18.83,4.35,0.94,8.28,83.34,30.64,25.17,28.26,3.35
2003,Dasmarinas City,14.33,120.93,7,19.37,3.77,0.94,8.09,82.41,32.14,25.73,28.77,2.99
2003,Dasmarinas City,14.33,120.93,8,16.39,3.61,0.99,19.14,87.88,30.11,25.14,27.55,3.89
2003,Dasmarinas City,14.33,120.93,9,16.2,3.29,0.99,14.0,87.31,29.51,24.81,27.58,3.43
2003,Dasmarinas City,14.33,120.93,10,18.82,4.27,0.93,2.39,80.34,30.73,23.68,28.22,2.95
2003,Dasmarinas City,14.33,120.93,11,16.83,3.52,0.83,3.03,82.27,30.66,23.4,28.02,4.0
2003,Dasmarinas City,14.33,120.93,12,15.54,2.68,0.72,0.7,78.8,30.16,21.49,26.34,5.71
2003,General Emilio Aguinaldo,14.18,120.79,1,17.38,3.43,0.61,0.68,80.14,28.98,22.08,25.92,4.78
2003,General Emilio Aguinaldo,14.18,120.79,2,20.41,1.9,0.5,0.26,76.67,30.03,22.14,26.37,4.7
2003,General Emilio Aguinaldo,14.18,120.79,3,22.8,0.79,0.46,0.35,71.21,33.55,22.74,27.99,3.75
2003,General Emilio Aguinaldo,14.18,120.79,4,24.58,0.47,0.44,0.37,67.83,34.97,25.28,30.18,2.87
2003,General Emilio Aguinaldo,14.18,120.79,5,19.22,1.89,0.51,10.66,75.42,35.89,26.13,30.17,3.68
2003,General Emilio Aguinaldo,14.18,120.79,6,18.83,4.73,0.82,6.04,83.24,30.37,25.15,27.94,2.99
2003,General Emilio Aguinaldo,14.18,120.79,7,19.37,4.27,0.84,7.82,82.58,31.62,25.98,28.5,2.81
2003,General Emilio Aguinaldo,14.18,120.79,8,16.39,3.81,0.94,11.06,88.21,30.42,25.32,27.45,3.39
2003,General Emilio Aguinaldo,14.18,120.79,9,16.2,3.62,0.97,10.65,87.65,29.64,25.11,27.37,3.17
2003,General Emilio Aguinaldo,14.18,120.79,10,18.82,4.98,0.91,3.48,81.98,30.4,24.32,27.62,2.81
2003,General Emilio Aguinaldo,14.18,120.79,11,16.83,4.69,0.82,4.36,84.32,29.99,24.01,27.5,3.86
2003,General Emilio Aguinaldo,14.18,120.79,12,15.54,4.25,0.68,1.06,81.83,29.12,22.53,25.93,5.44
2003,General Mariano Alvarez,14.3,121.0,1,14.46,4.57,0.85,2.81,84.8,29.27,18.33,23.5,1.79
2003,General Mariano Alvarez,14.3,121.0,2,17.81,3.61,0.73,1.7,80.87,29.69,19.03,24.32,1.84
2003,General Mariano Alvarez,14.3,121.0,3,19.48,2.15,0.64,0.96,75.19,34.34,19.46,26.49,1.71
2003,General Mariano Alvarez,14.3,121.0,4,23.0,1.64,0.6,1.69,69.16,37.99,21.44,29.38,1.37
2003,General Mariano Alvarez,14.3,121.0,5,18.2,2.98,0.67,8.47,78.5,36.48,23.23,28.62,1.52
2003,General Mariano Alvarez,14.3,121.0,6,18.2,4.22,0.82,5.5,84.44,32.89,23.18,26.75,1.23
2003,General Mariano Alvarez,14.3,121.0,7,18.55,4.09,0.88,7.84,85.74,32.95,23.26,26.87,1.14
2003,General Mariano Alvarez,14.3,121.0,8,16.54,3.82,0.94,7.87,89.17,32.29,23.36,26.3,1.32
2003,General Mariano Alvarez,14.3,121.0,9,16.3,3.88,0.96,8.73,89.3,34.26,22.94,26.13,1.2
2003,General Mariano Alvarez,14.3,121.0,10,16.32,4.84,0.94,5.6,85.46,31.18,21.04,26.11,1.18
2003,General Mariano Alvarez,14.3,121.0,11,14.5,4.59,0.91,7.31,87.92,30.46,20.03,25.77,1.51
2003,General Mariano Alvarez,14.3,121.0,12,12.17,4.76,0.86,5.46,85.6,28.52,18.96,23.41,2.05
2003,General Trias,14.38,120.88,1,17.38,2.46,0.67,0.5,77.03,30.39,21.12,26.74,4.96
2003,General Trias,14.38,120.88,2,20.41,0.72,0.6,0.25,72.15,31.34,21.66,28.09,5.02
2003,General Trias,14.38,120.88,3,22.8,0.51,0.59,0.47,67.65,34.15,22.24,30.04,4.11
2003,General Trias,14.38,120.88,4,24.58,0.25,0.59,0.29,64.47,35.56,25.41,32.77,3.38
2003,General Trias,14.38,120.88,5,19.22,1.93,0.66,13.6,74.05,36.45,26.05,31.59,4.24
2003,General Trias,14.38,120.88,6,18.83,4.35,0.94,8.28,83.34,30.64,25.17,28.26,3.35
2003,General Trias,14.38,120.88,7,19.37,3.77,0.94,8.09,82.41,32.14,25.73,28.77,2.99
2003,General Trias,14.38,120.88,8,16.39,3.61,0.99,19.14,87.88,30.11,25.14,27.55,3.89
2003,General Trias,14.38,120.88,9,16.2,3.29,0.99,14.0,87.31,29.51,24.81,27.58,3.43
2003,General Trias,14.38,120.88,10,18.82,4.27,0.93,2.39,80.34,30.73,23.68,28.22,2.95
2003,General Trias,14.38,120.88,11,16.83,3.52,0.83,3.03,82.27,30.66,23.4,28.02,4.0
2003,General Trias,14.38,120.88,12,15.54,2.68,0.72,0.7,78.8,30.16,21.49,26.34,5.71
2003,Imus City,14.43,120.93,1,17.38,2.46,0.67,0.5,77.03,30.39,21.12,26.74,4.96
2003,Imus City,14.43,120.93,2,20.41,0.72,0.6,0.25,72.15,31.34,21.66,28.09,5.02
2003,Imus City,14.43,120.93,3,22.8,0.51,0.59,0.47,67.65,34.15,22.24,30.04,4.11
2003,Imus City,14.43,120.93,4,24.58,0.25,0.59,0.29,64.47,35.56,25.41,32.77,3.38
2003,Imus City,14.43,120.93,5,19.22,1.93,0.66,13.6,74.05,36.45,26.05,31.59,4.24
2003,Imus City,14.43,120.93,6,18.83,4.35,0.94,8.28,83.34,30.64,25.17,28.26,3.35
2003,Imus City,14.43,120.93,7,19.37,3.77,0.94,8.09,82.41,32.14,25.73,28.77,2.99
2003,Imus City,14.43,120.93,8,16.39,3.61,0.99,19.14,87.88,30.11,25.14,27.55,3.89
2003,Imus City,14.43,120.93,9,16.2,3.29,0.99,14.0,87.31,29.51,24.81,27.58,3.43
2003,Imus City,14.43,120.93,10,18.82,4.27,0.93,2.39,80.34,30.73,23.68,28.22,2.95
2003,Imus City,14.43,120.93,11,16.83,3.52,0.83,3.03,82.27,30.66,23.4,28.02,4.0
2003,Imus City,14.43,120.93,12,15.54,2.68,0.72,0.7,78.8,30.16,21.49,26.34,5.71
2003,Indang,14.19,120.87,1,17.38,3.43,0.61,0.68,80.14,28.98,22.08,25.92,4.78
2003,Indang,14.19,120.87,2,20.41,1.9,0.5,0.26,76.67,30.03,22.14,26.37,4.7
2003,Indang,14.19,120.87,3,22.8,0.79,0.46,0.35,71.21,33.55,22.74,27.99,3.75
2003,Indang,14.19,120.87,4,24.58,0.47,0.44,0.37,67.83,34.97,25.28,30.18,2.87
2003,Indang,14.19,120.87,5,19.22,1.89,0.51,10.66,75.42,35.89,26.13,30.17,3.68
2003,Indang,14.19,120.87,6,18.83,4.73,0.82,6.04,83.24,30.37,25.15,27.94,2.99
2003,Indang,14.19,120.87,7,19.37,4.27,0.84,7.82,82.58,31.62,25.98,28.5,2.81
2003,Indang,14.19,120.87,8,16.39,3.81,0.94,11.06,88.21,30.42,25.32,27.45,3.39
2003,Indang,14.19,120.87,9,16.2,3.62,0.97,10.65,87.65,29.64,25.11,27.37,3.17
2003,Indang,14.19,120.87,10,18.82,4.98,0.91,3.48,81.98,30.4,24.32,27.62,2.81
2003,Indang,14.19,120.87,11,16.83,4.69,0.82,4.36,84.32,29.99,24.01,27.5,3.86
2003,Indang,14.19,120.87,12,15.54,4.25,0.68,1.06,81.83,29.12,22.53,25.93,5.44
2003,Kawit,14.44,120.9,1,17.38,2.46,0.67,0.5,77.03,30.39,21.12,26.74,4.96
2003,Kawit,14.44,120.9,2,20.41,0.72,0.6,0.25,72.15,31.34,21.66,28.09,5.02
2003,Kawit,14.44,120.9,3,22.8,0.51,0.59,0.47,67.65,34.15,22.24,30.04,4.11
2003,Kawit,14.44,120.9,4,24.58,0.25,0.59,0.29,64.47,35.56,25.41,32.77,3.38
2003,Kawit,14.44,120.9,5,19.22,1.93,0.66,13.6,74.05,36.45,26.05,31.59,4.24
2003,Kawit,14.44,120.9,6,18.83,4.35,0.94,8.28,83.34,30.64,25.17,28.26,3.35
2003,Kawit,14.44,120.9,7,19.37,3.77,0.94,8.09,82.41,32.14,25.73,28.77,2.99
2003,Kawit,14.44,120.9,8,16.39,3.61,0.99,19.14,87.88,30.11,25.14,27.55,3.89
2003,Kawit,14.44,120.9,9,16.2,3.29,0.99,14.0,87.31,29.51,24.81,27.58,3.43
2003,Kawit,14.44,120.9,10,18.82,4.27,0.93,2.39,80.34,30.73,23.68,28.22,2.95
2003,Kawit,14.44,120.9,11,16.83,3.52,0.83,3.03,82.27,30.66,23.4,28.02,4.0
2003,Kawit,14.44,120.9,12,15.54,2.68,0.72,0.7,78.8,30.16,21.49,26.34,5.71
2003,Magallanes,14.19,120.73,1,17.38,3.43,0.61,0.68,80.14,28.98,22.08,25.92,4.78
2003,Magallanes,14.19,120.73,2,20.41,1.9,0.5,0.26,76.67,30.03,22.14,26.37,4.7
2003,Magallanes,14.19,120.73,3,22.8,0.79,0.46,0.35,71.21,33.55,22.74,27.99,3.75
2003,Magallanes,14.19,120.73,4,24.58,0.47,0.44,0.37,67.83,34.97,25.28,30.18,2.87
2003,Magallanes,14.19,120.73,5,19.22,1.89,0.51,10.66,75.42,35.89,26.13,30.17,3.68
2003,Magallanes,14.19,120.73,6,18.83,4.73,0.82,6.04,83.24,30.37,25.15,27.94,2.99
2003,Magallanes,14.19,120.73,7,19.37,4.27,0.84,7.82,82.58,31.62,25.98,28.5,2.81
2003,Magallanes,14.19,120.73,8,16.39,3.81,0.94,11.06,88.21,30.42,25.32,27.45,3.39
2003,Magallanes,14.19,120.73,9,16.2,3.62,0.97,10.65,87.65,29.64,25.11,27.37,3.17
2003,Magallanes,14.19,120.73,10,18.82,4.98,0.91,3.48,81.98,30.4,24.32,27.62,2.81
2003,Magallanes,14.19,120.73,11,16.83,4.69,0.82,4.36,84.32,29.99,24.01,27.5,3.86
2003,Magallanes,14.19,120.73,12,15.54,4.25,0.68,1.06,81.83,29.12,22.53,25.93,5.44
2003,Maragondon,14.27,120.73,1,17.38,2.46,0.67,0.5,77.03,30.39,21.12,26.74,4.96
2003,Maragondon,14.27,120.73,2,20.41,0.72,0.6,0.25,72.15,31.34,21.66,28.09,5.02
2003,Maragondon,14.27,120.73,3,22.8,0.51,0.59,0.47,67.65,34.15,22.24,30.04,4.11
2003,Maragondon,14.27,120.73,4,24.58,0.25,0.59,0.29,64.47,35.56,25.41,32.77,3.38
2003,Maragondon,14.27,120.73,5,19.22,1.93,0.66,13.6,74.05,36.45,26.05,31.59,4.24
2003,Maragondon,14.27,120.73,6,18.83,4.35,0.94,8.28,83.34,30.64,25.17,28.26,3.35
2003,Maragondon,14.27,120.73,7,19.37,3.77,0.94,8.09,82.41,32.14,25.73,28.77,2.99
2003,Maragondon,14.27,120.73,8,16.39,3.61,0.99,19.14,87.88,30.11,25.14,27.55,3.89
2003,Maragondon,14.27,120.73,9,16.2,3.29,0.99,14.0,87.31,29.51,24.81,27.58,3.43
2003,Maragondon,14.27,120.73,10,18.82,4.27,0.93,2.39,80.34,30.73,23.68,28.22,2.95
2003,Maragondon,14.27,120.73,11,16.83,3.52,0.83,3.03,82.27,30.66,23.4,28.02,4.0
2003,Maragondon,14.27,120.73,12,15.54,2.68,0.72,0.7,78.8,30.16,21.49,26.34,5.71
2003,Mendez,14.13,120.9,1,17.38,3.43,0.61,0.68,80.14,28.98,22.08,25.92,4.78
2003,Mendez,14.13,120.9,2,20.41,1.9,0.5,0.26,76.67,30.03,22.14,26.37,4.7
2003,Mendez,14.13,120.9,3,22.8,0.79,0.46,0.35,71.21,33.55,22.74,27.99,3.75
2003,Mendez,14.13,120.9,4,24.58,0.47,0.44,0.37,67.83,34.97,25.28,30.18,2.87
2003,Mendez,14.13,120.9,5,19.22,1.89,0.51,10.66,75.42,35.89,26.13,30.17,3.68
2003,Mendez,14.13,120.9,6,18.83,4.73,0.82,6.04,83.24,30.37,25.15,27.94,2.99
2003,Mendez,14.13,120.9,7,19.37,4.27,0.84,7.82,82.58,31.62,25.98,28.5,2.81
2003,Mendez,14.13,120.9,8,16.39,3.81,0.94,11.06,88.21,30.42,25.32,27.45,3.39
2003,Mendez,14.13,120.9,9,16.2,3.62,0.97,10.65,87.65,29.64,25.11,27.37,3.17
2003,Mendez,14.13,120.9,10,18.82,4.98,0.91,3.48,81.98,30.4,24.32,27.62,2.81
2003,Mendez,14.13,120.9,11,16.83,4.69,0.82,4.36,84.32,29.99,24.01,27.5,3.86
2003,Mendez,14.13,120.9,12,15.54,4.25,0.68,1.06,81.83,29.12,22.53,25.93,5.44
2003,Naic,14.32,120.77,1,17.38,2.46,0.67,0.5,77.03,30.39,21.12,26.74,4.96
2003,Naic,14.32,120.77,2,20.41,0.72,0.6,0.25,72.15,31.34,21.66,28.09,5.02
2003,Naic,14.32,120.77,3,22.8,0.51,0.59,0.47,67.65,34.15,22.24,30.04,4.11
2003,Naic,14.32,120.77,4,24.58,0.25,0.59,0.29,64.47,35.56,25.41,32.77,3.38
2003,Naic,14.32,120.77,5,19.22,1.93,0.66,13.6,74.05,36.45,26.05,31.59,4.24
2003,Naic,14.32,120.77,6,18.83,4.35,0.94,8.28,83.34,30.64,25.17,28.26,3.35
2003,Naic,14.32,120.77,7,19.37,3.77,0.94,8.09,82.41,32.14,25.73,28.77,2.99
2003,Naic,14.32,120.77,8,16.39,3.61,0.99,19.14,87.88,30.11,25.14,27.55,3.89
2003,Naic,14.32,120.77,9,16.2,3.29,0.99,14.0,87.31,29.51,24.81,27.58,3.43
2003,Naic,14.32,120.77,10,18.82,4.27,0.93,2.39,80.34,30.73,23.68,28.22,2.95
2003,Naic,14.32,120.77,11,16.83,3.52,0.83,3.03,82.27,30.66,23.4,28.02,4.0
2003,Naic,14.32,120.77,12,15.54,2.68,0.72,0.7,78.8,30.16,21.49,26.34,5.71
2003,Noveleta,14.43,120.88,1,17.38,2.46,0.67,0.5,77.03,30.39,21.12,26.74,4.96
2003,Noveleta,14.43,120.88,2,20.41,0.72,0.6,0.25,72.15,31.34,21.66,28.09,5.02
2003,Noveleta,14.43,120.88,3,22.8,0.51,0.59,0.47,67.65,34.15,22.24,30.04,4.11
2003,Noveleta,14.43,120.88,4,24.58,0.25,0.59,0.29,64.47,35.56,25.41,32.77,3.38
2003,Noveleta,14.43,120.88,5,19.22,1.93,0.66,13.6,74.05,36.45,26.05,31.59,4.24
2003,Noveleta,14.43,120.88,6,18.83,4.35,0.94,8.28,83.34,30.64,25.17,28.26,3.35
2003,Noveleta,14.43,120.88,7,19.37,3.77,0.94,8.09,82.41,32.14,25.73,28.77,2.99
2003,Noveleta,14.43,120.88,8,16.39,3.61,0.99,19.14,87.88,30.11,25.14,27.55,3.89
2003,Noveleta,14.43,120.88,9,16.2,3.29,0.99,14.0,87.31,29.51,24.81,27.58,3.43
2003,Noveleta,14.43,120.88,10,18.82,4.27,0.93,2.39,80.34,30.73,23.68,28.22,2.95
2003,Noveleta,14.43,120.88,11,16.83,3.52,0.83,3.03,82.27,30.66,23.4,28.02,4.0
2003,Noveleta,14.43,120.88,12,15.54,2.68,0.72,0.7,78.8,30.16,21.49,26.34,5.71
2003,Rosario,14.41,120.85,1,17.38,2.46,0.67,0.5,77.03,30.39,21.12,26.74,4.96
2003,Rosario,14.41,120.85,2,20.41,0.72,0.6,0.25,72.15,31.34,21.66,28.09,5.02
2003,Rosario,14.41,120.85,3,22.8,0.51,0.59,0.47,67.65,34.15,22.24,30.04,4.11
2003,Rosario,14.41,120.85,4,24.58,0.25,0.59,0.29,64.47,35.56,25.41,32.77,3.38
2003,Rosario,14.41,120.85,5,19.22,1.93,0.66,13.6,74.05,36.45,26.05,31.59,4.24
2003,Rosario,14.41,120.85,6,18.83,4.35,0.94,8.28,83.34,30.64,25.17,28.26,3.35
2003,Rosario,14.41,120.85,7,19.37,3.77,0.94,8.09,82.41,32.14,25.73,28.77,2.99
2003,Rosario,14.41,120.85,8,16.39,3.61,0.99,19.14,87.88,30.11,25.14,27.55,3.89
2003,Rosario,14.41,120.85,9,16.2,3.29,0.99,14.0,87.31,29.51,24.81,27.58,3.43
2003,Rosario,14.41,120.85,10,18.82,4.27,0.93,2.39,80.34,30.73,23.68,28.22,2.95
2003,Rosario,14.41,120.85,11,16.83,3.52,0.83,3.03,82.27,30.66,23.4,28.02,4.0
2003,Rosario,14.41,120.85,12,15.54,2.68,0.72,0.7,78.8,30.16,21.49,26.34,5.71
2003,Silang,14.23,120.97,1,17.38,4.73,0.85,2.6,86.86,28.85,18.2,23.62,1.72
2003,Silang,14.23,120.97,2,20.41,4.27,0.72,1.59,83.16,29.67,18.86,24.22,1.76
2003,Silang,14.23,120.97,3,22.8,2.27,0.6,0.72,75.45,34.22,19.26,26.67,1.65
2003,Silang,14.23,120.97,4,24.58,1.61,0.56,1.49,68.88,37.53,21.8,29.48,1.32
2003,Silang,14.23,120.97,5,19.22,2.58,0.61,7.66,77.2,36.8,23.97,29.0,1.48
2003,Silang,14.23,120.97,6,18.83,3.98,0.76,5.34,84.28,33.5,23.01,27.01,1.2
2003,Silang,14.23,120.97,7,19.37,3.88,0.85,7.72,86.19,32.97,23.65,27.02,1.14
2003,Silang,14.23,120.97,8,16.39,3.55,0.92,6.79,88.68,32.24,23.65,26.53,1.24
2003,Silang,14.23,120.97,9,16.2,3.74,0.96,8.18,89.37,33.89,23.41,26.24,1.2
2003,Silang,14.23,120.97,10,18.82,4.57,0.95,6.92,86.74,32.19,21.29,26.24,1.12
2003,Silang,14.23,120.97,11,16.83,4.34,0.93,7.44,89.01,30.39,20.66,25.9,1.49
2003,Silang,14.23,120.97,12,15.54,4.86,0.89,5.46,88.06,28.7,19.13,23.61,1.97
2003,Tagaytay City,14.11,120.96,1,17.38,4.73,0.85,2.6,86.86,28.85,18.2,23.62,1.72
2003,Tagaytay City,14.11,120.96,2,20.41,4.27,0.72,1.59,83.16,29.67,18.86,24.22,1.76
2003,Tagaytay City,14.11,120.96,3,22.8,2.27,0.6,0.72,75.45,34.22,19.26,26.67,1.65
2003,Tagaytay City,14.11,120.96,4,24.58,1.61,0.56,1.49,68.88,37.53,21.8,29.48,1.32
2003,Tagaytay City,14.11,120.96,5,19.22,2.58,0.61,7.66,77.2,36.8,23.97,29.0,1.48
2003,Tagaytay City,14.11,120.96,6,18.83,3.98,0.76,5.34,84.28,33.5,23.01,27.01,1.2
2003,Tagaytay City,14.11,120.96,7,19.37,3.88,0.85,7.72,86.19,32.97,23.65,27.02,1.14
2003,Tagaytay City,14.11,120.96,8,16.39,3.55,0.92,6.79,88.68,32.24,23.65,26.53,1.24
2003,Tagaytay City,14.11,120.96,9,16.2,3.74,0.96,8.18,89.37,33.89,23.41,26.24,1.2
2003,Tagaytay City,14.11,120.96,10,18.82,4.57,0.95,6.92,86.74,32.19,21.29,26.24,1.12
2003,Tagaytay City,14.11,120.96,11,16.83,4.34,0.93,7.44,89.01,30.39,20.66,25.9,1.49
2003,Tagaytay City,14.11,120.96,12,15.54,4.86,0.89,5.46,88.06,28.7,19.13,23.61,1.97
2003,Tanza,14.36,120.85,1,17.38,2.46,0.67,0.5,77.03,30.39,21.12,26.74,4.96
2003,Tanza,14.36,120.85,2,20.41,0.72,0.6,0.25,72.15,31.34,21.66,28.09,5.02
2003,Tanza,14.36,120.85,3,22.8,0.51,0.59,0.47,67.65,34.15,22.24,30.04,4.11
2003,Tanza,14.36,120.85,4,24.58,0.25,0.59,0.29,64.47,35.56,25.41,32.77,3.38
2003,Tanza,14.36,120.85,5,19.22,1.93,0.66,13.6,74.05,36.45,26.05,31.59,4.24
2003,Tanza,14.36,120.85,6,18.83,4.35,0.94,8.28,83.34,30.64,25.17,28.26,3.35
2003,Tanza,14.36,120.85,7,19.37,3.77,0.94,8.09,82.41,32.14,25.73,28.77,2.99
2003,Tanza,14.36,120.85,8,16.39,3.61,0.99,19.14,87.88,30.11,25.14,27.55,3.89
2003,Tanza,14.36,120.85,9,16.2,3.29,0.99,14.0,87.31,29.51,24.81,27.58,3.43
2003,Tanza,14.36,120.85,10,18.82,4.27,0.93,2.39,80.34,30.73,23.68,28.22,2.95
2003,Tanza,14.36,120.85,11,16.83,3.52,0.83,3.03,82.27,30.66,23.4,28.02,4.0
2003,Tanza,14.36,120.85,12,15.54,2.68,0.72,0.7,78.8,30.16,21.49,26.34,5.71
2003,Ternate,14.28,120.7,1,17.38,2.46,0.67,0.5,77.03,30.39,21.12,26.74,4.96
2003,Ternate,14.28,120.7,2,20.41,0.72,0.6,0.25,72.15,31.34,21.66,28.09,5.02
2003,Ternate,14.28,120.7,3,22.8,0.51,0.59,0.47,67.65,34.15,22.24,30.04,4.11
2003,Ternate,14.28,120.7,4,24.58,0.25,0.59,0.29,64.47,35.56,25.41,32.77,3.38
2003,Ternate,14.28,120.7,5,19.22,1.93,0.66,13.6,74.05,36.45,26.05,31.59,4.24
2003,Ternate,14.28,120.7,6,18.83,4.35,0.94,8.28,83.34,30.64,25.17,28.26,3.35
2003,Ternate,14.28,120.7,7,19.37,3.77,0.94,8.09,82.41,32.14,25.73,28.77,2.99
2003,Ternate,14.28,120.7,8,16.39,3.61,0.99,19.14,87.88,30.11,25.14,27.55,3.89
2003,Ternate,14.28,120.7,9,16.2,3.29,0.99,14.0,87.31,29.51,24.81,27.58,3.43
2003,Ternate,14.28,120.7,10,18.82,4.27,0.93,2.39,80.34,30.73,23.68,28.22,2.95
2003,Ternate,14.28,120.7,11,16.83,3.52,0.83,3.03,82.27,30.66,23.4,28.02,4.0
2003,Ternate,14.28,120.7,12,15.54,2.68,0.72,0.7,78.8,30.16,21.49,26.34,5.71
2003,Trece Martires City,14.28,120.86,1,17.38,2.46,0.67,0.5,77.03,30.39,21.12,26.74,4.96
2003,Trece Martires City,14.28,120.86,2,20.41,0.72,0.6,0.25,72.15,31.34,21.66,28.09,5.02
2003,Trece Martires City,14.28,120.86,3,22.8,0.51,0.59,0.47,67.65,34.15,22.24,30.04,4.11
2003,Trece Martires City,14.28,120.86,4,24.58,0.25,0.59,0.29,64.47,35.56,25.41,32.77,3.38
2003,Trece Martires City,14.28,120.86,5,19.22,1.93,0.66,13.6,74.05,36.45,26.05,31.59,4.24
2003,Trece Martires City,14.28,120.86,6,18.83,4.35,0.94,8.28,83.34,30.64,25.17,28.26,3.35
2003,Trece Martires City,14.28,120.86,7,19.37,3.77,0.94,8.09,82.41,32.14,25.73,28.77,2.99
2003,Trece Martires City,14.28,120.86,8,16.39,3.61,0.99,19.14,87.88,30.11,25.14,27.55,3.89
2003,Trece Martires City,14.28,120.86,9,16.2,3.29,0.99,14.0,87.31,29.51,24.81,27.58,3.43
2003,Trece Martires City,14.28,120.86,10,18.82,4.27,0.93,2.39,80.34,30.73,23.68,28.22,2.95
2003,Trece Martires City,14.28,120.86,11,16.83,3.52,0.83,3.03,82.27,30.66,23.4,28.02,4.0
2003,Trece Martires City,14.28,120.86,12,15.54,2.68,0.72,0.7,78.8,30.16,21.49,26.34,5.71
2004,Alfonso,14.14,120.85,1,17.49,2.6,0.55,0.72,81.16,30.5,22.65,26.25,4.14
2004,Alfonso,14.14,120.85,2,18.76,1.61,0.48,1.06,76.9,31.77,22.03,26.66,3.9
2004,Alfonso,14.14,120.85,3,22.85,0.79,0.46,0.26,72.04,34.45,23.68,28.54,3.35
2004,Alfonso,14.14,120.85,4,24.28,0.74,0.44,0.61,68.36,35.34,25.45,30.21,2.73
2004,Alfonso,14.14,120.85,5,20.54,3.38,0.6,9.63,81.32,34.07,25.85,28.69,3.48
2004,Alfonso,14.14,120.85,6,14.73,3.78,0.88,11.71,89.12,29.85,25.76,27.48,4.2
2004,Alfonso,14.14,120.85,7,20.08,3.84,0.93,8.79,84.44,30.51,25.33,27.8,2.5
2004,Alfonso,14.14,120.85,8,15.69,4.02,0.97,11.2,89.71,28.71,25.23,27.25,4.61
2004,Alfonso,14.14,120.85,9,20.23,4.56,0.92,3.02,81.69,31.01,24.98,28.03,2.51
2004,Alfonso,14.14,120.85,10,18.54,5.04,0.84,4.01,80.19,30.22,24.05,27.53,3.01
2004,Alfonso,14.14,120.85,11,15.33,4.45,0.72,6.63,85.11,29.82,24.3,27.06,4.44
2004,Alfonso,14.14,120.85,12,16.05,4.56,0.75,2.28,83.86,29.02,23.13,26.32,4.48
2004,Amadeo,14.17,120.92,1,17.49,2.6,0.55,0.72,81.16,30.5,22.65,26.25,4.14
2004,Amadeo,14.17,120.92,2,18.76,1.61,0.48,1.06,76.9,31.77,22.03,26.66,3.9
2004,Amadeo,14.17,120.92,3,22.85,0.79,0.46,0.26,72.04,34.45,23.68,28.54,3.35
2004,Amadeo,14.17,120.92,4,24.28,0.74,0.44,0.61,68.36,35.34,25.45,30.21,2.73
2004,Amadeo,14.17,120.92,5,20.54,3.38,0.6,9.63,81.32,34.07,25.85,28.69,3.48
2004,Amadeo,14.17,120.92,6,14.73,3.78,0.88,11.71,89.12,29.85,25.76,27.48,4.2
2004,Amadeo,14.17,120.92,7,20.08,3.84,0.93,8.79,84.44,30.51,25.33,27.8,2.5
2004,Amadeo,14.17,120.92,8,15.69,4.02,0.97,11.2,89.71,28.71,25.23,27.25,4.61
2004,Amadeo,14.17,120.92,9,20.23,4.56,0.92,3.02,81.69,31.01,24.98,28.03,2.51
2004,Amadeo,14.17,120.92,10,18.54,5.04,0.84,4.01,80.19,30.22,24.05,27.53,3.01
2004,Amadeo,14.17,120.92,11,15.33,4.45,0.72,6.63,85.11,29.82,24.3,27.06,4.44
2004,Amadeo,14.17,120.92,12,16.05,4.56,0.75,2.28,83.86,29.02,23.13,26.32,4.48
2004,Bacoor City,14.46,120.94,1,17.49,3.83,0.79,2.81,84.97,30.3,19.55,24.5,1.66
2004,Bacoor City,14.46,120.94,2,18.76,3.51,0.73,3.59,82.18,31.04,18.2,24.75,1.66
2004,Bacoor City,14.46,120.94,3,22.85,2.97,0.68,1.52,75.83,35.57,21.03,27.22,1.47
2004,Bacoor City,14.46,120.94,4,24.28,2.2,0.63,1.74,72.31,36.88,22.09,29.0,1.28
2004,Bacoor City,14.46,120.94,5,20.54,3.4,0.7,6.85,82.95,34.37,23.28,27.68,1.51
2004,Bacoor City,14.46,120.94,6,14.73,3.5,0.85,6.77,89.66,30.64,22.94,26.24,1.55
2004,Bacoor City,14.46,120.94,7,20.08,3.62,0.87,8.46,85.9,32.29,23.17,26.46,1.0
2004,Bacoor City,14.46,120.94,8,15.69,3.8,0.96,8.33,91.35,29.51,23.37,25.79,1.73
2004,Bacoor City,14.46,120.94,9,20.23,4.25,0.93,3.85,84.54,32.78,22.96,26.57,1.04
2004,Bacoor City,14.46,120.94,10,18.54,4.91,0.93,9.08,84.17,33.88,20.69,25.77,1.21
2004,Bacoor City,14.46,120.94,11,15.33,4.84,0.92,14.48,89.1,30.62,21.44,25.38,1.8
2004,Bacoor City,14.46,120.94,12,16.05,4.63,0.91,6.33,87.6,28.84,19.91,24.25,1.75
2004,Carmona,14.31,121.05,1,13.88,3.83,0.79,2.81,84.97,30.3,19.55,24.5,1.66
2004,Carmona,14.31,121.05,2,15.7,3.51,0.73,3.59,82.18,31.04,18.2,24.75,1.66
2004,Carmona,14.31,121.05,3,19.12,2.97,0.68,1.52,75.83,35.57,21.03,27.22,1.47
2004,Carmona,14.31,121.05,4,22.13,2.2,0.63,1.74,72.31,36.88,22.09,29.0,1.28
2004,Carmona,14.31,121.05,5,19.24,3.4,0.7,6.85,82.95,34.37,23.28,27.68,1.51
2004,Carmona,14.31,121.05,6,15.86,3.5,0.85,6.77,89.66,30.64,22.94,26.24,1.55
2004,Carmona,14.31,121.05,7,18.68,3.62,0.87,8.46,85.9,32.29,23.17,26.46,1.0
2004,Carmona,14.31,121.05,8,16.11,3.8,0.96,8.33,91.35,29.51,23.37,25.79,1.73
2004,Carmona,14.31,121.05,9,19.2,4.25,0.93,3.85,84.54,32.78,22.96,26.57,1.04
2004,Carmona,14.31,121.05,10,15.97,4.91,0.93,9.08,84.17,33.88,20.69,25.77,1.21
2004,Carmona,14.31,121.05,11,11.77,4.84,0.92,14.48,89.1,30.62,21.44,25.38,1.8
2004,Carmona,14.31,121.05,12,12.62,4.63,0.91,6.33,87.6,28.84,19.91,24.25,1.75
2004,Cavite City,14.48,120.9,1,17.49,1.55,0.62,0.4,76.53,31.6,21.93,27.64,4.28
2004,Cavite City,14.48,120.9,2,18.76,0.86,0.6,0.91,73.12,32.14,21.08,28.38,4.25
2004,Cavite City,14.48,120.9,3,22.85,0.43,0.59,0.21,67.87,34.68,23.4,30.82,3.73
2004,Cavite City,14.48,120.9,4,24.28,0.77,0.59,0.79,65.55,35.59,25.81,32.59,3.11
2004,Cavite City,14.48,120.9,5,20.54,2.87,0.76,12.33,78.55,34.98,25.75,29.86,3.97
2004,Cavite City,14.48,120.9,6,14.73,3.48,0.97,16.51,88.0,29.13,24.8,27.64,4.61
2004,Cavite City,14.48,120.9,7,20.08,3.44,0.98,11.69,84.18,30.56,25.23,28.03,2.72
2004,Cavite City,14.48,120.9,8,15.69,3.6,1.0,16.16,89.15,28.62,25.14,27.32,5.09
2004,Cavite City,14.48,120.9,9,20.23,3.97,0.96,3.47,81.98,31.29,24.96,28.36,2.69
2004,Cavite City,14.48,120.9,10,18.54,3.99,0.86,2.59,78.38,30.8,23.48,28.17,3.06
2004,Cavite City,14.48,120.9,11,15.33,2.98,0.75,5.21,81.93,31.54,23.47,27.8,4.82
2004,Cavite City,14.48,120.9,12,16.05,3.29,0.8,2.2,81.83,29.55,22.07,26.66,4.65
2004,Dasmarinas City,14.33,120.93,1,17.49,1.55,0.62,0.4,76.53,31.6,21.93,27.64,4.28
2004,Dasmarinas City,14.33,120.93,2,18.76,0.86,0.6,0.91,73.12,32.14,21.08,28.38,4.25
2004,Dasmarinas City,14.33,120.93,3,22.85,0.43,0.59,0.21,67.87,34.68,23.4,30.82,3.73
2004,Dasmarinas City,14.33,120.93,4,24.28,0.77,0.59,0.79,65.55,35.59,25.81,32.59,3.11
2004,Dasmarinas City,14.33,120.93,5,20.54,2.87,0.76,12.33,78.55,34.98,25.75,29.86,3.97
2004,Dasmarinas City,14.33,120.93,6,14.73,3.48,0.97,16.51,88.0,29.13,24.8,27.64,4.61
2004,Dasmarinas City,14.33,120.93,7,20.08,3.44,0.98,11.69,84.18,30.56,25.23,28.03,2.72
2004,Dasmarinas City,14.33,120.93,8,15.69,3.6,1.0,16.16,89.15,28.62,25.14,27.32,5.09
2004,Dasmarinas City,14.33,120.93,9,20.23,3.97,0.96,3.47,81.98,31.29,24.96,28.36,2.69
2004,Dasmarinas City,14.33,120.93,10,18.54,3.99,0.86,2.59,78.38,30.8,23.48,28.17,3.06
2004,Dasmarinas City,14.33,120.93,11,15.33,2.98,0.75,5.21,81.93,31.54,23.47,27.8,4.82
2004,Dasmarinas City,14.33,120.93,12,16.05,3.29,0.8,2.2,81.83,29.55,22.07,26.66,4.65
2004,General Emilio Aguinaldo,14.18,120.79,1,17.49,2.6,0.55,0.72,81.16,30.5,22.65,26.25,4.14
2004,General Emilio Aguinaldo,14.18,120.79,2,18.76,1.61,0.48,1.06,76.9,31.77,22.03,26.66,3.9
2004,General Emilio Aguinaldo,14.18,120.79,3,22.85,0.79,0.46,0.26,72.04,34.45,23.68,28.54,3.35
2004,General Emilio Aguinaldo,14.18,120.79,4,24.28,0.74,0.44,0.61,68.36,35.34,25.45,30.21,2.73
2004,General Emilio Aguinaldo,14.18,120.79,5,20.54,3.38,0.6,9.63,81.32,34.07,25.85,28.69,3.48
2004,General Emilio Aguinaldo,14.18,120.79,6,14.73,3.78,0.88,11.71,89.12,29.85,25.76,27.48,4.2
2004,General Emilio Aguinaldo,14.18,120.79,7,20.08,3.84,0.93,8.79,84.44,30.51,25.33,27.8,2.5
2004,General Emilio Aguinaldo,14.18,120.79,8,15.69,4.02,0.97,11.2,89.71,28.71,25.23,27.25,4.61
2004,General Emilio Aguinaldo,14.18,120.79,9,20.23,4.56,0.92,3.02,81.69,31.01,24.98,28.03,2.51
2004,General Emilio Aguinaldo,14.18,120.79,10,18.54,5.04,0.84,4.01,80.19,30.22,24.05,27.53,3.01
2004,General Emilio Aguinaldo,14.18,120.79,11,15.33,4.45,0.72,6.63,85.11,29.82,24.3,27.06,4.44
2004,General Emilio Aguinaldo,14.18,120.79,12,16.05,4.56,0.75,2.28,83.86,29.02,23.13,26.32,4.48
2004,General Mariano Alvarez,14.3,121.0,1,13.88,3.83,0.79,2.81,84.97,30.3,19.55,24.5,1.66
2004,General Mariano Alvarez,14.3,121.0,2,15.7,3.51,0.73,3.59,82.18,31.04,18.2,24.75,1.66
2004,General Mariano Alvarez,14.3,121.0,3,19.12,2.97,0.68,1.52,75.83,35.57,21.03,27.22,1.47
2004,General Mariano Alvarez,14.3,121.0,4,22.13,2.2,0.63,1.74,72.31,36.88,22.09,29.0,1.28
2004,General Mariano Alvarez,14.3,121.0,5,19.24,3.4,0.7,6.85,82.95,34.37,23.28,27.68,1.51
2004,General Mariano Alvarez,14.3,121.0,6,15.86,3.5,0.85,6.77,89.66,30.64,22.94,26.24,1.55
2004,General Mariano Alvarez,14.3,121.0,7,18.68,3.62,0.87,8.46,85.9,32.29,23.17,26.46,1.0
2004,General Mariano Alvarez,14.3,121.0,8,16.11,3.8,0.96,8.33,91.35,29.51,23.37,25.79,1.73
2004,General Mariano Alvarez,14.3,121.0,9,19.2,4.25,0.93,3.85,84.54,32.78,22.96,26.57,1.04
2004,General Mariano Alvarez,14.3,121.0,10,15.97,4.91,0.93,9.08,84.17,33.88,20.69,25.77,1.21
2004,General Mariano Alvarez,14.3,121.0,11,11.77,4.84,0.92,14.48,89.1,30.62,21.44,25.38,1.8
2004,General Mariano Alvarez,14.3,121.0,12,12.62,4.63,0.91,6.33,87.6,28.84,19.91,24.25,1.75
2004,General Trias,14.38,120.88,1,17.49,1.55,0.62,0.4,76.53,31.6,21.93,27.64,4.28
2004,General Trias,14.38,120.88,2,18.76,0.86,0.6,0.91,73.12,32.14,21.08,28.38,4.25
2004,General Trias,14.38,120.88,3,22.85,0.43,0.59,0.21,67.87,34.68,23.4,30.82,3.73
2004,General Trias,14.38,120.88,4,24.28,0.77,0.59,0.79,65.55,35.59,25.81,32.59,3.11
2004,General Trias,14.38,120.88,5,20.54,2.87,0.76,12.33,78.55,34.98,25.75,29.86,3.97
2004,General Trias,14.38,120.88,6,14.73,3.48,0.97,16.51,88.0,29.13,24.8,27.64,4.61
2004,General Trias,14.38,120.88,7,20.08,3.44,0.98,11.69,84.18,30.56,25.23,28.03,2.72
2004,General Trias,14.38,120.88,8,15.69,3.6,1.0,16.16,89.15,28.62,25.14,27.32,5.09
2004,General Trias,14.38,120.88,9,20.23,3.97,0.96,3.47,81.98,31.29,24.96,28.36,2.69
2004,General Trias,14.38,120.88,10,18.54,3.99,0.86,2.59,78.38,30.8,23.48,28.17,3.06
2004,General Trias,14.38,120.88,11,15.33,2.98,0.75,5.21,81.93,31.54,23.47,27.8,4.82
2004,General Trias,14.38,120.88,12,16.05,3.29,0.8,2.2,81.83,29.55,22.07,26.66,4.65
2004,Imus City,14.43,120.93,1,17.49,1.55,0.62,0.4,76.53,31.6,21.93,27.64,4.28
2004,Imus City,14.43,120.93,2,18.76,0.86,0.6,0.91,73.12,32.14,21.08,28.38,4.25
2004,Imus City,14.43,120.93,3,22.85,0.43,0.59,0.21,67.87,34.68,23.4,30.82,3.73
2004,Imus City,14.43,120.93,4,24.28,0.77,0.59,0.79,65.55,35.59,25.81,32.59,3.11
2004,Imus City,14.43,120.93,5,20.54,2.87,0.76,12.33,78.55,34.98,25.75,29.86,3.97
2004,Imus City,14.43,120.93,6,14.73,3.48,0.97,16.51,88.0,29.13,24.8,27.64,4.61
2004,Imus City,14.43,120.93,7,20.08,3.44,0.98,11.69,84.18,30.56,25.23,28.03,2.72
2004,Imus City,14.43,120.93,8,15.69,3.6,1.0,16.16,89.15,28.62,25.14,27.32,5.09
2004,Imus City,14.43,120.93,9,20.23,3.97,0.96,3.47,81.98,31.29,24.96,28.36,2.69
2004,Imus City,14.43,120.93,10,18.54,3.99,0.86,2.59,78.38,30.8,23.48,28.17,3.06
2004,Imus City,14.43,120.93,11,15.33,2.98,0.75,5.21,81.93,31.54,23.47,27.8,4.82
2004,Imus City,14.43,120.93,12,16.05,3.29,0.8,2.2,81.83,29.55,22.07,26.66,4.65
2004,Indang,14.19,120.87,1,17.49,2.6,0.55,0.72,81.16,30.5,22.65,26.25,4.14
2004,Indang,14.19,120.87,2,18.76,1.61,0.48,1.06,76.9,31.77,22.03,26.66,3.9
2004,Indang,14.19,120.87,3,22.85,0.79,0.46,0.26,72.04,34.45,23.68,28.54,3.35
2004,Indang,14.19,120.87,4,24.28,0.74,0.44,0.61,68.36,35.34,25.45,30.21,2.73
2004,Indang,14.19,120.87,5,20.54,3.38,0.6,9.63,81.32,34.07,25.85,28.69,3.48
2004,Indang,14.19,120.87,6,14.73,3.78,0.88,11.71,89.12,29.85,25.76,27.48,4.2
2004,Indang,14.19,120.87,7,20.08,3.84,0.93,8.79,84.44,30.51,25.33,27.8,2.5
2004,Indang,14.19,120.87,8,15.69,4.02,0.97,11.2,89.71,28.71,25.23,27.25,4.61
2004,Indang,14.19,120.87,9,20.23,4.56,0.92,3.02,81.69,31.01,24.98,28.03,2.51
2004,Indang,14.19,120.87,10,18.54,5.04,0.84,4.01,80.19,30.22,24.05,27.53,3.01
2004,Indang,14.19,120.87,11,15.33,4.45,0.72,6.63,85.11,29.82,24.3,27.06,4.44
2004,Indang,14.19,120.87,12,16.05,4.56,0.75,2.28,83.86,29.02,23.13,26.32,4.48
2004,Kawit,14.44,120.9,1,17.49,1.55,0.62,0.4,76.53,31.6,21.93,27.64,4.28
2004,Kawit,14.44,120.9,2,18.76,0.86,0.6,0.91,73.12,32.14,21.08,28.38,4.25
2004,Kawit,14.44,120.9,3,22.85,0.43,0.59,0.21,67.87,34.68,23.4,30.82,3.73
2004,Kawit,14.44,120.9,4,24.28,0.77,0.59,0.79,65.55,35.59,25.81,32.59,3.11
2004,Kawit,14.44,120.9,5,20.54,2.87,0.76,12.33,78.55,34.98,25.75,29.86,3.97
2004,Kawit,14.44,120.9,6,14.73,3.48,0.97,16.51,88.0,29.13,24.8,27.64,4.61
2004,Kawit,14.44,120.9,7,20.08,3.44,0.98,11.69,84.18,30.56,25.23,28.03,2.72
2004,Kawit,14.44,120.9,8,15.69,3.6,1.0,16.16,89.15,28.62,25.14,27.32,5.09
2004,Kawit,14.44,120.9,9,20.23,3.97,0.96,3.47,81.98,31.29,24.96,28.36,2.69
2004,Kawit,14.44,120.9,10,18.54,3.99,0.86,2.59,78.38,30.8,23.48,28.17,3.06
2004,Kawit,14.44,120.9,11,15.33,2.98,0.75,5.21,81.93,31.54,23.47,27.8,4.82
2004,Kawit,14.44,120.9,12,16.05,3.29,0.8,2.2,81.83,29.55,22.07,26.66,4.65
2004,Magallanes,14.19,120.73,1,17.49,2.6,0.55,0.72,81.16,30.5,22.65,26.25,4.14
2004,Magallanes,14.19,120.73,2,18.76,1.61,0.48,1.06,76.9,31.77,22.03,26.66,3.9
2004,Magallanes,14.19,120.73,3,22.85,0.79,0.46,0.26,72.04,34.45,23.68,28.54,3.35
2004,Magallanes,14.19,120.73,4,24.28,0.74,0.44,0.61,68.36,35.34,25.45,30.21,2.73
2004,Magallanes,14.19,120.73,5,20.54,3.38,0.6,9.63,81.32,34.07,25.85,28.69,3.48
2004,Magallanes,14.19,120.73,6,14.73,3.78,0.88,11.71,89.12,29.85,25.76,27.48,4.2
2004,Magallanes,14.19,120.73,7,20.08,3.84,0.93,8.79,84.44,30.51,25.33,27.8,2.5
2004,Magallanes,14.19,120.73,8,15.69,4.02,0.97,11.2,89.71,28.71,25.23,27.25,4.61
2004,Magallanes,14.19,120.73,9,20.23,4.56,0.92,3.02,81.69,31.01,24.98,28.03,2.51
2004,Magallanes,14.19,120.73,10,18.54,5.04,0.84,4.01,80.19,30.22,24.05,27.53,3.01
2004,Magallanes,14.19,120.73,11,15.33,4.45,0.72,6.63,85.11,29.82,24.3,27.06,4.44
2004,Magallanes,14.19,120.73,12,16.05,4.56,0.75,2.28,83.86,29.02,23.13,26.32,4.48
2004,Maragondon,14.27,120.73,1,17.49,1.55,0.62,0.4,76.53,31.6,21.93,27.64,4.28
2004,Maragondon,14.27,120.73,2,18.76,0.86,0.6,0.91,73.12,32.14,21.08,28.38,4.25
2004,Maragondon,14.27,120.73,3,22.85,0.43,0.59,0.21,67.87,34.68,23.4,30.82,3.73
2004,Maragondon,14.27,120.73,4,24.28,0.77,0.59,0.79,65.55,35.59,25.81,32.59,3.11
2004,Maragondon,14.27,120.73,5,20.54,2.87,0.76,12.33,78.55,34.98,25.75,29.86,3.97
2004,Maragondon,14.27,120.73,6,14.73,3.48,0.97,16.51,88.0,29.13,24.8,27.64,4.61
2004,Maragondon,14.27,120.73,7,20.08,3.44,0.98,11.69,84.18,30.56,25.23,28.03,2.72
2004,Maragondon,14.27,120.73,8,15.69,3.6,1.0,16.16,89.15,28.62,25.14,27.32,5.09
2004,Maragondon,14.27,120.73,9,20.23,3.97,0.96,3.47,81.98,31.29,24.96,28.36,2.69
2004,Maragondon,14.27,120.73,10,18.54,3.99,0.86,2.59,78.38,30.8,23.48,28.17,3.06
2004,Maragondon,14.27,120.73,11,15.33,2.98,0.75,5.21,81.93,31.54,23.47,27.8,4.82
2004,Maragondon,14.27,120.73,12,16.05,3.29,0.8,2.2,81.83,29.55,22.07,26.66,4.65
2004,Mendez,14.13,120.9,1,17.49,2.6,0.55,0.72,81.16,30.5,22.65,26.25,4.14
2004,Mendez,14.13,120.9,2,18.76,1.61,0.48,1.06,76.9,31.77,22.03,26.66,3.9
2004,Mendez,14.13,120.9,3,22.85,0.79,0.46,0.26,72.04,34.45,23.68,28.54,3.35
2004,Mendez,14.13,120.9,4,24.28,0.74,0.44,0.61,68.36,35.34,25.45,30.21,2.73
2004,Mendez,14.13,120.9,5,20.54,3.38,0.6,9.63,81.32,34.07,25.85,28.69,3.48
2004,Mendez,14.13,120.9,6,14.73,3.78,0.88,11.71,89.12,29.85,25.76,27.48,4.2
2004,Mendez,14.13,120.9,7,20.08,3.84,0.93,8.79,84.44,30.51,25.33,27.8,2.5
2004,Mendez,14.13,120.9,8,15.69,4.02,0.97,11.2,89.71,28.71,25.23,27.25,4.61
2004,Mendez,14.13,120.9,9,20.23,4.56,0.92,3.02,81.69,31.01,24.98,28.03,2.51
2004,Mendez,14.13,120.9,10,18.54,5.04,0.84,4.01,80.19,30.22,24.05,27.53,3.01
2004,Mendez,14.13,120.9,11,15.33,4.45,0.72,6.63,85.11,29.82,24.3,27.06,4.44
2004,Mendez,14.13,120.9,12,16.05,4.56,0.75,2.28,83.86,29.02,23.13,26.32,4.48
2004,Naic,14.32,120.77,1,17.49,1.55,0.62,0.4,76.53,31.6,21.93,27.64,4.28
2004,Naic,14.32,120.77,2,18.76,0.86,0.6,0.91,73.12,32.14,21.08,28.38,4.25
2004,Naic,14.32,120.77,3,22.85,0.43,0.59,0.21,67.87,34.68,23.4,30.82,3.73
2004,Naic,14.32,120.77,4,24.28,0.77,0.59,0.79,65.55,35.59,25.81,32.59,3.11
2004,Naic,14.32,120.77,5,20.54,2.87,0.76,12.33,78.55,34.98,25.75,29.86,3.97
2004,Naic,14.32,120.77,6,14.73,3.48,0.97,16.51,88.0,29.13,24.8,27.64,4.61
2004,Naic,14.32,120.77,7,20.08,3.44,0.98,11.69,84.18,30.56,25.23,28.03,2.72
2004,Naic,14.32,120.77,8,15.69,3.6,1.0,16.16,89.15,28.62,25.14,27.32,5.09
2004,Naic,14.32,120.77,9,20.23,3.97,0.96,3.47,81.98,31.29,24.96,28.36,2.69
2004,Naic,14.32,120.77,10,18.54,3.99,0.86,2.59,78.38,30.8,23.48,28.17,3.06
2004,Naic,14.32,120.77,11,15.33,2.98,0.75,5.21,81.93,31.54,23.47,27.8,4.82
2004,Naic,14.32,120.77,12,16.05,3.29,0.8,2.2,81.83,29.55,22.07,26.66,4.65
2004,Noveleta,14.43,120.88,1,17.49,1.55,0.62,0.4,76.53,31.6,21.93,27.64,4.28
2004,Noveleta,14.43,120.88,2,18.76,0.86,0.6,0.91,73.12,32.14,21.08,28.38,4.25
2004,Noveleta,14.43,120.88,3,22.85,0.43,0.59,0.21,67.87,34.68,23.4,30.82,3.73
2004,Noveleta,14.43,120.88,4,24.28,0.77,0.59,0.79,65.55,35.59,25.81,32.59,3.11
2004,Noveleta,14.43,120.88,5,20.54,2.87,0.76,12.33,78.55,34.98,25.75,29.86,3.97
2004,Noveleta,14.43,120.88,6,14.73,3.48,0.97,16.51,88.0,29.13,24.8,27.64,4.61
2004,Noveleta,14.43,120.88,7,20.08,3.44,0.98,11.69,84.18,30.56,25.23,28.03,2.72
2004,Noveleta,14.43,120.88,8,15.69,3.6,1.0,16.16,89.15,28.62,25.14,27.32,5.09
2004,Noveleta,14.43,120.88,9,20.23,3.97,0.96,3.47,81.98,31.29,24.96,28.36,2.69
2004,Noveleta,14.43,120.88,10,18.54,3.99,0.86,2.59,78.38,30.8,23.48,28.17,3.06
2004,Noveleta,14.43,120.88,11,15.33,2.98,0.75,5.21,81.93,31.54,23.47,27.8,4.82
2004,Noveleta,14.43,120.88,12,16.05,3.29,0.8,2.2,81.83,29.55,22.07,26.66,4.65
2004,Rosario,14.41,120.85,1,17.49,1.55,0.62,0.4,76.53,31.6,21.93,27.64,4.28
2004,Rosario,14.41,120.85,2,18.76,0.86,0.6,0.91,73.12,32.14,21.08,28.38,4.25
2004,Rosario,14.41,120.85,3,22.85,0.43,0.59,0.21,67.87,34.68,23.4,30.82,3.73
2004,Rosario,14.41,120.85,4,24.28,0.77,0.59,0.79,65.55,35.59,25.81,32.59,3.11
2004,Rosario,14.41,120.85,5,20.54,2.87,0.76,12.33,78.55,34.98,25.75,29.86,3.97
2004,Rosario,14.41,120.85,6,14.73,3.48,0.97,16.51,88.0,29.13,24.8,27.64,4.61
2004,Rosario,14.41,120.85,7,20.08,3.44,0.98,11.69,84.18,30.56,25.23,28.03,2.72
2004,Rosario,14.41,120.85,8,15.69,3.6,1.0,16.16,89.15,28.62,25.14,27.32,5.09
2004,Rosario,14.41,120.85,9,20.23,3.97,0.96,3.47,81.98,31.29,24.96,28.36,2.69
2004,Rosario,14.41,120.85,10,18.54,3.99,0.86,2.59,78.38,30.8,23.48,28.17,3.06
2004,Rosario,14.41,120.85,11,15.33,2.98,0.75,5.21,81.93,31.54,23.47,27.8,4.82
2004,Rosario,14.41,120.85,12,16.05,3.29,0.8,2.2,81.83,29.55,22.07,26.66,4.65
2004,Silang,14.23,120.97,1,17.49,4.32,0.8,2.64,87.69,30.2,19.45,24.29,1.59
2004,Silang,14.23,120.97,2,18.76,3.8,0.71,2.89,83.88,31.18,18.66,24.72,1.61
2004,Silang,14.23,120.97,3,22.85,3.4,0.65,1.93,78.04,35.63,20.62,26.9,1.45
2004,Silang,14.23,120.97,4,24.28,2.12,0.59,1.4,71.75,36.81,22.08,29.15,1.31
2004,Silang,14.23,120.97,5,20.54,3.43,0.68,7.61,84.16,34.83,23.59,27.65,1.48
2004,Silang,14.23,120.97,6,14.73,3.48,0.84,6.78,89.83,30.66,23.5,26.4,1.56
2004,Silang,14.23,120.97,7,20.08,3.52,0.85,7.33,86.08,32.04,23.42,26.65,0.96
2004,Silang,14.23,120.97,8,15.69,3.66,0.94,6.34,91.04,29.94,23.25,25.92,1.75
2004,Silang,14.23,120.97,9,20.23,4.08,0.9,3.57,84.43,32.9,22.88,26.75,1.03
2004,Silang,14.23,120.97,10,18.54,4.78,0.92,9.8,84.87,31.38,21.14,25.86,1.18
2004,Silang,14.23,120.97,11,15.33,4.57,0.93,14.69,90.6,29.88,21.58,25.47,1.69
2004,Silang,14.23,120.97,12,16.05,4.51,0.92,5.44,89.11,29.08,20.13,24.42,1.67
2004,Tagaytay City,14.11,120.96,1,17.49,4.32,0.8,2.64,87.69,30.2,19.45,24.29,1.59
2004,Tagaytay City,14.11,120.96,2,18.76,3.8,0.71,2.89,83.88,31.18,18.66,24.72,1.61
2004,Tagaytay City,14.11,120.96,3,22.85,3.4,0.65,1.93,78.04,35.63,20.62,26.9,1.45
2004,Tagaytay City,14.11,120.96,4,24.28,2.12,0.59,1.4,71.75,36.81,22.08,29.15,1.31
2004,Tagaytay City,14.11,120.96,5,20.54,3.43,0.68,7.61,84.16,34.83,23.59,27.65,1.48
2004,Tagaytay City,14.11,120.96,6,14.73,3.48,0.84,6.78,89.83,30.66,23.5,26.4,1.56
2004,Tagaytay City,14.11,120.96,7,20.08,3.52,0.85,7.33,86.08,32.04,23.42,26.65,0.96
2004,Tagaytay City,14.11,120.96,8,15.69,3.66,0.94,6.34,91.04,29.94,23.25,25.92,1.75
2004,Tagaytay City,14.11,120.96,9,20.23,4.08,0.9,3.57,84.43,32.9,22.88,26.75,1.03
2004,Tagaytay City,14.11,120.96,10,18.54,4.78,0.92,9.8,84.87,31.38,21.14,25.86,1.18
2004,Tagaytay City,14.11,120.96,11,15.33,4.57,0.93,14.69,90.6,29.88,21.58,25.47,1.69
2004,Tagaytay City,14.11,120.96,12,16.05,4.51,0.92,5.44,89.11,29.08,20.13,24.42,1.67
2004,Tanza,14.36,120.85,1,17.49,1.55,0.62,0.4,76.53,31.6,21.93,27.64,4.28
2004,Tanza,14.36,120.85,2,18.76,0.86,0.6,0.91,73.12,32.14,21.08,28.38,4.25
2004,Tanza,14.36,120.85,3,22.85,0.43,0.59,0.21,67.87,34.68,23.4,30.82,3.73
2004,Tanza,14.36,120.85,4,24.28,0.77,0.59,0.79,65.55,35.59,25.81,32.59,3.11
2004,Tanza,14.36,120.85,5,20.54,2.87,0.76,12.33,78.55,34.98,25.75,29.86,3.97
2004,Tanza,14.36,120.85,6,14.73,3.48,0.97,16.51,88.0,29.13,24.8,27.64,4.61
2004,Tanza,14.36,120.85,7,20.08,3.44,0.98,11.69,84.18,30.56,25.23,28.03,2.72
2004,Tanza,14.36,120.85,8,15.69,3.6,1.0,16.16,89.15,28.62,25.14,27.32,5.09
2004,Tanza,14.36,120.85,9,20.23,3.97,0.96,3.47,81.98,31.29,24.96,28.36,2.69
2004,Tanza,14.36,120.85,10,18.54,3.99,0.86,2.59,78.38,30.8,23.48,28.17,3.06
2004,Tanza,14.36,120.85,11,15.33,2.98,0.75,5.21,81.93,31.54,23.47,27.8,4.82
2004,Tanza,14.36,120.85,12,16.05,3.29,0.8,2.2,81.83,29.55,22.07,26.66,4.65
2004,Ternate,14.28,120.7,1,17.49,1.55,0.62,0.4,76.53,31.6,21.93,27.64,4.28
2004,Ternate,14.28,120.7,2,18.76,0.86,0.6,0.91,73.12,32.14,21.08,28.38,4.25
2004,Ternate,14.28,120.7,3,22.85,0.43,0.59,0.21,67.87,34.68,23.4,30.82,3.73
2004,Ternate,14.28,120.7,4,24.28,0.77,0.59,0.79,65.55,35.59,25.81,32.59,3.11
2004,Ternate,14.28,120.7,5,20.54,2.87,0.76,12.33,78.55,34.98,25.75,29.86,3.97
2004,Ternate,14.28,120.7,6,14.73,3.48,0.97,16.51,88.0,29.13,24.8,27.64,4.61
2004,Ternate,14.28,120.7,7,20.08,3.44,0.98,11.69,84.18,30.56,25.23,28.03,2.72
2004,Ternate,14.28,120.7,8,15.69,3.6,1.0,16.16,89.15,28.62,25.14,27.32,5.09
2004,Ternate,14.28,120.7,9,20.23,3.97,0.96,3.47,81.98,31.29,24.96,28.36,2.69
2004,Ternate,14.28,120.7,10,18.54,3.99,0.86,2.59,78.38,30.8,23.48,28.17,3.06
2004,Ternate,14.28,120.7,11,15.33,2.98,0.75,5.21,81.93,31.54,23.47,27.8,4.82
2004,Ternate,14.28,120.7,12,16.05,3.29,0.8,2.2,81.83,29.55,22.07,26.66,4.65
2004,Trece Martires City,14.28,120.86,1,17.49,1.55,0.62,0.4,76.53,31.6,21.93,27.64,4.28
2004,Trece Martires City,14.28,120.86,2,18.76,0.86,0.6,0.91,73.12,32.14,21.08,28.38,4.25
2004,Trece Martires City,14.28,120.86,3,22.85,0.43,0.59,0.21,67.87,34.68,23.4,30.82,3.73
2004,Trece Martires City,14.28,120.86,4,24.28,0.77,0.59,0.79,65.55,35.59,25.81,32.59,3.11
2004,Trece Martires City,14.28,120.86,5,20.54,2.87,0.76,12.33,78.55,34.98,25.75,29.86,3.97
2004,Trece Martires City,14.28,120.86,6,14.73,3.48,0.97,16.51,88.0,29.13,24.8,27.64,4.61
2004,Trece Martires City,14.28,120.86,7,20.08,3.44,0.98,11.69,84.18,30.56,25.23,28.03,2.72
2004,Trece Martires City,14.28,120.86,8,15.69,3.6,1.0,16.16,89.15,28.62,25.14,27.32,5.09
2004,Trece Martires City,14.28,120.86,9,20.23,3.97,0.96,3.47,81.98,31.29,24.96,28.36,2.69
2004,Trece Martires City,14.28,120.86,10,18.54,3.99,0.86,2.59,78.38,30.8,23.48,28.17,3.06
2004,Trece Martires City,14.28,120.86,11,15.33,2.98,0.75,5.21,81.93,31.54,23.47,27.8,4.82
2004,Trece Martires City,14.28,120.86,12,16.05,3.29,0.8,2.2,81.83,29.55,22.07,26.66,4.65
2005,Alfonso,14.14,120.85,1,17.14,3.06,0.6,0.97,80.4,29.13,21.75,25.55,3.84
2005,Alfonso,14.14,120.85,2,20.31,1.91,0.5,0.47,76.7,31.92,22.49,26.57,3.45
2005,Alfonso,14.14,120.85,3,21.61,1.02,0.46,0.72,72.76,34.75,22.43,27.75,3.83
2005,Alfonso,14.14,120.85,4,24.0,0.96,0.45,0.75,68.79,34.72,23.68,29.15,2.8
2005,Alfonso,14.14,120.85,5,23.43,1.09,0.45,1.86,71.27,35.23,26.62,30.82,1.9
2005,Alfonso,14.14,120.85,6,18.56,3.08,0.63,8.74,83.6,32.17,26.02,28.8,2.54
2005,Alfonso,14.14,120.85,7,17.22,3.46,0.83,8.74,85.25,30.99,25.64,28.52,3.07
2005,Alfonso,14.14,120.85,8,14.85,3.99,0.95,12.06,86.03,30.49,25.32,28.01,3.51
2005,Alfonso,14.14,120.85,9,15.88,3.77,0.97,9.72,86.79,30.43,25.27,27.94,3.07
2005,Alfonso,14.14,120.85,10,16.95,4.06,0.95,7.89,85.19,30.57,25.94,28.09,2.97
2005,Alfonso,14.14,120.85,11,15.62,4.32,0.91,2.97,84.67,30.37,24.44,27.52,3.37
2005,Alfonso,14.14,120.85,12,12.81,4.13,0.9,7.28,88.08,29.28,22.69,26.46,5.09
2005,Amadeo,14.17,120.92,1,17.14,3.06,0.6,0.97,80.4,29.13,21.75,25.55,3.84
2005,Amadeo,14.17,120.92,2,20.31,1.91,0.5,0.47,76.7,31.92,22.49,26.57,3.45
2005,Amadeo,14.17,120.92,3,21.61,1.02,0.46,0.72,72.76,34.75,22.43,27.75,3.83
2005,Amadeo,14.17,120.92,4,24.0,0.96,0.45,0.75,68.79,34.72,23.68,29.15,2.8
2005,Amadeo,14.17,120.92,5,23.43,1.09,0.45,1.86,71.27,35.23,26.62,30.82,1.9
2005,Amadeo,14.17,120.92,6,18.56,3.08,0.63,8.74,83.6,32.17,26.02,28.8,2.54
2005,Amadeo,14.17,120.92,7,17.22,3.46,0.83,8.74,85.25,30.99,25.64,28.52,3.07
2005,Amadeo,14.17,120.92,8,14.85,3.99,0.95,12.06,86.03,30.49,25.32,28.01,3.51
2005,Amadeo,14.17,120.92,9,15.88,3.77,0.97,9.72,86.79,30.43,25.27,27.94,3.07
2005,Amadeo,14.17,120.92,10,16.95,4.06,0.95,7.89,85.19,30.57,25.94,28.09,2.97
2005,Amadeo,14.17,120.92,11,15.62,4.32,0.91,2.97,84.67,30.37,24.44,27.52,3.37
2005,Amadeo,14.17,120.92,12,12.81,4.13,0.9,7.28,88.08,29.28,22.69,26.46,5.09
2005,Bacoor City,14.46,120.94,1,17.14,3.97,0.82,3.28,84.66,29.72,18.76,23.58,1.51
2005,Bacoor City,14.46,120.94,2,20.31,3.15,0.7,1.31,79.28,33.31,19.64,25.38,1.53
2005,Bacoor City,14.46,120.94,3,21.61,2.34,0.64,2.09,76.01,34.83,19.79,26.39,1.75
2005,Bacoor City,14.46,120.94,4,24.0,2.31,0.64,2.07,72.26,36.01,20.88,27.99,1.44
2005,Bacoor City,14.46,120.94,5,23.43,1.84,0.61,2.6,71.76,37.38,23.24,29.65,0.89
2005,Bacoor City,14.46,120.94,6,18.56,3.32,0.76,7.35,85.54,33.05,23.59,27.15,1.05
2005,Bacoor City,14.46,120.94,7,17.22,3.48,0.88,7.72,88.14,31.68,23.44,26.63,1.16
2005,Bacoor City,14.46,120.94,8,14.85,3.77,0.93,7.0,87.31,31.93,23.31,26.55,1.32
2005,Bacoor City,14.46,120.94,9,15.88,3.93,0.97,12.77,89.26,31.62,23.11,26.32,1.18
2005,Bacoor City,14.46,120.94,10,16.95,4.2,0.98,12.52,88.83,31.52,23.36,26.35,1.14
2005,Bacoor City,14.46,120.94,11,15.62,4.34,0.97,8.34,89.27,30.28,21.24,25.8,1.32
2005,Bacoor City,14.46,120.94,12,12.81,4.31,0.98,20.22,91.74,29.28,19.75,24.25,1.91
2005,Carmona,14.31,121.05,1,14.06,3.97,0.82,3.28,84.66,29.72,18.76,23.58,1.51
2005,Carmona,14.31,121.05,2,17.54,3.15,0.7,1.31,79.28,33.31,19.64,25.38,1.53
2005,Carmona,14.31,121.05,3,18.15,2.34,0.64,2.09,76.01,34.83,19.79,26.39,1.75
2005,Carmona,14.31,121.05,4,22.28,2.31,0.64,2.07,72.26,36.01,20.88,27.99,1.44
2005,Carmona,14.31,121.05,5,21.84,1.84,0.61,2.6,71.76,37.38,23.24,29.65,0.89
2005,Carmona,14.31,121.05,6,18.5,3.32,0.76,7.35,85.54,33.05,23.59,27.15,1.05
2005,Carmona,14.31,121.05,7,17.11,3.48,0.88,7.72,88.14,31.68,23.44,26.63,1.16
2005,Carmona,14.31,121.05,8,15.35,3.77,0.93,7.0,87.31,31.93,23.31,26.55,1.32
2005,Carmona,14.31,121.05,9,15.41,3.93,0.97,12.77,89.26,31.62,23.11,26.32,1.18
2005,Carmona,14.31,121.05,10,14.09,4.2,0.98,12.52,88.83,31.52,23.36,26.35,1.14
2005,Carmona,14.31,121.05,11,13.9,4.34,0.97,8.34,89.27,30.28,21.24,25.8,1.32
2005,Carmona,14.31,121.05,12,10.39,4.31,0.98,20.22,91.74,29.28,19.75,24.25,1.91
2005,Cavite City,14.48,120.9,1,17.14,2.33,0.66,0.5,76.83,30.99,21.02,26.65,3.88
2005,Cavite City,14.48,120.9,2,20.31,0.77,0.6,0.38,71.03,32.55,22.43,28.84,3.76
2005,Cavite City,14.48,120.9,3,21.61,0.54,0.59,0.58,68.25,35.39,21.86,29.93,4.22
2005,Cavite City,14.48,120.9,4,24.0,0.57,0.59,0.51,64.14,35.53,23.33,31.9,3.16
2005,Cavite City,14.48,120.9,5,23.43,1.27,0.61,2.6,70.41,35.51,26.35,32.16,2.22
2005,Cavite City,14.48,120.9,6,18.56,3.05,0.88,11.65,84.25,31.65,25.99,28.94,2.91
2005,Cavite City,14.48,120.9,7,17.22,3.26,0.97,12.92,85.29,30.65,25.55,28.54,3.37
2005,Cavite City,14.48,120.9,8,14.85,3.47,0.99,15.89,85.7,30.67,25.4,28.05,3.89
2005,Cavite City,14.48,120.9,9,15.88,3.46,0.99,11.53,86.05,30.76,25.32,28.04,3.28
2005,Cavite City,14.48,120.9,10,16.95,3.49,0.96,6.71,84.15,30.79,25.21,28.25,2.96
2005,Cavite City,14.48,120.9,11,15.62,3.49,0.92,2.5,83.82,30.71,23.55,27.74,3.39
2005,Cavite City,14.48,120.9,12,12.81,2.85,0.87,3.91,86.75,29.46,21.84,26.5,5.22
2005,Dasmarinas City,14.33,120.93,1,17.14,2.33,0.66,0.5,76.83,30.99,21.02,26.65,3.88
2005,Dasmarinas City,14.33,120.93,2,20.31,0.77,0.6,0.38,71.03,32.55,22.43,28.84,3.76
2005,Dasmarinas City,14.33,120.93,3,21.61,0.54,0.59,0.58,68.25,35.39,21.86,29.93,4.22
2005,Dasmarinas City,14.33,120.93,4,24.0,0.57,0.59,0.51,64.14,35.53,23.33,31.9,3.16
2005,Dasmarinas City,14.33,120.93,5,23.43,1.27,0.61,2.6,70.41,35.51,26.35,32.16,2.22
2005,Dasmarinas City,14.33,120.93,6,18.56,3.05,0.88,11.65,84.25,31.65,25.99,28.94,2.91
2005,Dasmarinas City,14.33,120.93,7,17.22,3.26,0.97,12.92,85.29,30.65,25.55,28.54,3.37
2005,Dasmarinas City,14.33,120.93,8,14.85,3.47,0.99,15.89,85.7,30.67,25.4,28.05,3.89
2005,Dasmarinas City,14.33,120.93,9,15.88,3.46,0.99,11.53,86.05,30.76,25.32,28.04,3.28
2005,Dasmarinas City,14.33,120.93,10,16.95,3.49,0.96,6.71,84.15,30.79,25.21,28.25,2.96
2005,Dasmarinas City,14.33,120.93,11,15.62,3.49,0.92,2.5,83.82,30.71,23.55,27.74,3.39
2005,Dasmarinas City,14.33,120.93,12,12.81,2.85,0.87,3.91,86.75,29.46,21.84,26.5,5.22
2005,General Emilio Aguinaldo,14.18,120.79,1,17.14,3.06,0.6,0.97,80.4,29.13,21.75,25.55,3.84
2005,General Emilio Aguinaldo,14.18,120.79,2,20.31,1.91,0.5,0.47,76.7,31.92,22.49,26.57,3.45
2005,General Emilio Aguinaldo,14.18,120.79,3,21.61,1.02,0.46,0.72,72.76,34.75,22.43,27.75,3.83
2005,General Emilio Aguinaldo,14.18,120.79,4,24.0,0.96,0.45,0.75,68.79,34.72,23.68,29.15,2.8
2005,General Emilio Aguinaldo,14.18,120.79,5,23.43,1.09,0.45,1.86,71.27,35.23,26.62,30.82,1.9
2005,General Emilio Aguinaldo,14.18,120.79,6,18.56,3.08,0.63,8.74,83.6,32.17,26.02,28.8,2.54
2005,General Emilio Aguinaldo,14.18,120.79,7,17.22,3.46,0.83,8.74,85.25,30.99,25.64,28.52,3.07
2005,General Emilio Aguinaldo,14.18,120.79,8,14.85,3.99,0.95,12.06,86.03,30.49,25.32,28.01,3.51
2005,General Emilio Aguinaldo,14.18,120.79,9,15.88,3.77,0.97,9.72,86.79,30.43,25.27,27.94,3.07
2005,General Emilio Aguinaldo,14.18,120.79,10,16.95,4.06,0.95,7.89,85.19,30.57,25.94,28.09,2.97
2005,General Emilio Aguinaldo,14.18,120.79,11,15.62,4.32,0.91,2.97,84.67,30.37,24.44,27.52,3.37
2005,General Emilio Aguinaldo,14.18,120.79,12,12.81,4.13,0.9,7.28,88.08,29.28,22.69,26.46,5.09
2005,General Mariano Alvarez,14.3,121.0,1,14.06,3.97,0.82,3.28,84.66,29.72,18.76,23.58,1.51
2005,General Mariano Alvarez,14.3,121.0,2,17.54,3.15,0.7,1.31,79.28,33.31,19.64,25.38,1.53
2005,General Mariano Alvarez,14.3,121.0,3,18.15,2.34,0.64,2.09,76.01,34.83,19.79,26.39,1.75
2005,General Mariano Alvarez,14.3,121.0,4,22.28,2.31,0.64,2.07,72.26,36.01,20.88,27.99,1.44
2005,General Mariano Alvarez,14.3,121.0,5,21.84,1.84,0.61,2.6,71.76,37.38,23.24,29.65,0.89
2005,General Mariano Alvarez,14.3,121.0,6,18.5,3.32,0.76,7.35,85.54,33.05,23.59,27.15,1.05
2005,General Mariano Alvarez,14.3,121.0,7,17.11,3.48,0.88,7.72,88.14,31.68,23.44,26.63,1.16
2005,General Mariano Alvarez,14.3,121.0,8,15.35,3.77,0.93,7.0,87.31,31.93,23.31,26.55,1.32
2005,General Mariano Alvarez,14.3,121.0,9,15.41,3.93,0.97,12.77,89.26,31.62,23.11,26.32,1.18
2005,General Mariano Alvarez,14.3,121.0,10,14.09,4.2,0.98,12.52,88.83,31.52,23.36,26.35,1.14
2005,General Mariano Alvarez,14.3,121.0,11,13.9,4.34,0.97,8.34,89.27,30.28,21.24,25.8,1.32
2005,General Mariano Alvarez,14.3,121.0,12,10.39,4.31,0.98,20.22,91.74,29.28,19.75,24.25,1.91
2005,General Trias,14.38,120.88,1,17.14,2.33,0.66,0.5,76.83,30.99,21.02,26.65,3.88
2005,General Trias,14.38,120.88,2,20.31,0.77,0.6,0.38,71.03,32.55,22.43,28.84,3.76
2005,General Trias,14.38,120.88,3,21.61,0.54,0.59,0.58,68.25,35.39,21.86,29.93,4.22
2005,General Trias,14.38,120.88,4,24.0,0.57,0.59,0.51,64.14,35.53,23.33,31.9,3.16
2005,General Trias,14.38,120.88,5,23.43,1.27,0.61,2.6,70.41,35.51,26.35,32.16,2.22
2005,General Trias,14.38,120.88,6,18.56,3.05,0.88,11.65,84.25,31.65,25.99,28.94,2.91
2005,General Trias,14.38,120.88,7,17.22,3.26,0.97,12.92,85.29,30.65,25.55,28.54,3.37
2005,General Trias,14.38,120.88,8,14.85,3.47,0.99,15.89,85.7,30.67,25.4,28.05,3.89
2005,General Trias,14.38,120.88,9,15.88,3.46,0.99,11.53,86.05,30.76,25.32,28.04,3.28
2005,General Trias,14.38,120.88,10,16.95,3.49,0.96,6.71,84.15,30.79,25.21,28.25,2.96
2005,General Trias,14.38,120.88,11,15.62,3.49,0.92,2.5,83.82,30.71,23.55,27.74,3.39
2005,General Trias,14.38,120.88,12,12.81,2.85,0.87,3.91,86.75,29.46,21.84,26.5,5.22
2005,Imus City,14.43,120.93,1,17.14,2.33,0.66,0.5,76.83,30.99,21.02,26.65,3.88
2005,Imus City,14.43,120.93,2,20.31,0.77,0.6,0.38,71.03,32.55,22.43,28.84,3.76
2005,Imus City,14.43,120.93,3,21.61,0.54,0.59,0.58,68.25,35.39,21.86,29.93,4.22
2005,Imus City,14.43,120.93,4,24.0,0.57,0.59,0.51,64.14,35.53,23.33,31.9,3.16
2005,Imus City,14.43,120.93,5,23.43,1.27,0.61,2.6,70.41,35.51,26.35,32.16,2.22
2005,Imus City,14.43,120.93,6,18.56,3.05,0.88,11.65,84.25,31.65,25.99,28.94,2.91
2005,Imus City,14.43,120.93,7,17.22,3.26,0.97,12.92,85.29,30.65,25.55,28.54,3.37
2005,Imus City,14.43,120.93,8,14.85,3.47,0.99,15.89,85.7,30.67,25.4,28.05,3.89
2005,Imus City,14.43,120.93,9,15.88,3.46,0.99,11.53,86.05,30.76,25.32,28.04,3.28
2005,Imus City,14.43,120.93,10,16.95,3.49,0.96,6.71,84.15,30.79,25.21,28.25,2.96
2005,Imus City,14.43,120.93,11,15.62,3.49,0.92,2.5,83.82,30.71,23.55,27.74,3.39
2005,Imus City,14.43,120.93,12,12.81,2.85,0.87,3.91,86.75,29.46,21.84,26.5,5.22
2005,Indang,14.19,120.87,1,17.14,3.06,0.6,0.97,80.4,29.13,21.75,25.55,3.84
2005,Indang,14.19,120.87,2,20.31,1.91,0.5,0.47,76.7,31.92,22.49,26.57,3.45
2005,Indang,14.19,120.87,3,21.61,1.02,0.46,0.72,72.76,34.75,22.43,27.75,3.83
2005,Indang,14.19,120.87,4,24.0,0.96,0.45,0.75,68.79,34.72,23.68,29.15,2.8
2005,Indang,14.19,120.87,5,23.43,1.09,0.45,1.86,71.27,35.23,26.62,30.82,1.9
2005,Indang,14.19,120.87,6,18.56,3.08,0.63,8.74,83.6,32.17,26.02,28.8,2.54
2005,Indang,14.19,120.87,7,17.22,3.46,0.83,8.74,85.25,30.99,25.64,28.52,3.07
2005,Indang,14.19,120.87,8,14.85,3.99,0.95,12.06,86.03,30.49,25.32,28.01,3.51
2005,Indang,14.19,120.87,9,15.88,3.77,0.97,9.72,86.79,30.43,25.27,27.94,3.07
2005,Indang,14.19,120.87,10,16.95,4.06,0.95,7.89,85.19,30.57,25.94,28.09,2.97
2005,Indang,14.19,120.87,11,15.62,4.32,0.91,2.97,84.67,30.37,24.44,27.52,3.37
2005,Indang,14.19,120.87,12,12.81,4.13,0.9,7.28,88.08,29.28,22.69,26.46,5.09
2005,Kawit,14.44,120.9,1,17.14,2.33,0.66,0.5,76.83,30.99,21.02,26.65,3.88
2005,Kawit,14.44,120.9,2,20.31,0.77,0.6,0.38,71.03,32.55,22.43,28.84,3.76
2005,Kawit,14.44,120.9,3,21.61,0.54,0.59,0.58,68.25,35.39,21.86,29.93,4.22
2005,Kawit,14.44,120.9,4,24.0,0.57,0.59,0.51,64.14,35.53,23.33,31.9,3.16
2005,Kawit,14.44,120.9,5,23.43,1.27,0.61,2.6,70.41,35.51,26.35,32.16,2.22
2005,Kawit,14.44,120.9,6,18.56,3.05,0.88,11.65,84.25,31.65,25.99,28.94,2.91
2005,Kawit,14.44,120.9,7,17.22,3.26,0.97,12.92,85.29,30.65,25.55,28.54,3.37
2005,Kawit,14.44,120.9,8,14.85,3.47,0.99,15.89,85.7,30.67,25.4,28.05,3.89
2005,Kawit,14.44,120.9,9,15.88,3.46,0.99,11.53,86.05,30.76,25.32,28.04,3.28
2005,Kawit,14.44,120.9,10,16.95,3.49,0.96,6.71,84.15,30.79,25.21,28.25,2.96
2005,Kawit,14.44,120.9,11,15.62,3.49,0.92,2.5,83.82,30.71,23.55,27.74,3.39
2005,Kawit,14.44,120.9,12,12.81,2.85,0.87,3.91,86.75,29.46,21.84,26.5,5.22
2005,Magallanes,14.19,120.73,1,17.14,3.06,0.6,0.97,80.4,29.13,21.75,25.55,3.84
2005,Magallanes,14.19,120.73,2,20.31,1.91,0.5,0.47,76.7,31.92,22.49,26.57,3.45
2005,Magallanes,14.19,120.73,3,21.61,1.02,0.46,0.72,72.76,34.75,22.43,27.75,3.83
2005,Magallanes,14.19,120.73,4,24.0,0.96,0.45,0.75,68.79,34.72,23.68,29.15,2.8
2005,Magallanes,14.19,120.73,5,23.43,1.09,0.45,1.86,71.27,35.23,26.62,30.82,1.9
2005,Magallanes,14.19,120.73,6,18.56,3.08,0.63,8.74,83.6,32.17,26.02,28.8,2.54
2005,Magallanes,14.19,120.73,7,17.22,3.46,0.83,8.74,85.25,30.99,25.64,28.52,3.07
2005,Magallanes,14.19,120.73,8,14.85,3.99,0.95,12.06,86.03,30.49,25.32,28.01,3.51
2005,Magallanes,14.19,120.73,9,15.88,3.77,0.97,9.72,86.79,30.43,25.27,27.94,3.07
2005,Magallanes,14.19,120.73,10,16.95,4.06,0.95,7.89,85.19,30.57,25.94,28.09,2.97
2005,Magallanes,14.19,120.73,11,15.62,4.32,0.91,2.97,84.67,30.37,24.44,27.52,3.37
2005,Magallanes,14.19,120.73,12,12.81,4.13,0.9,7.28,88.08,29.28,22.69,26.46,5.09
2005,Maragondon,14.27,120.73,1,17.14,2.33,0.66,0.5,76.83,30.99,21.02,26.65,3.88
2005,Maragondon,14.27,120.73,2,20.31,0.77,0.6,0.38,71.03,32.55,22.43,28.84,3.76
2005,Maragondon,14.27,120.73,3,21.61,0.54,0.59,0.58,68.25,35.39,21.86,29.93,4.22
2005,Maragondon,14.27,120.73,4,24.0,0.57,0.59,0.51,64.14,35.53,23.33,31.9,3.16
2005,Maragondon,14.27,120.73,5,23.43,1.27,0.61,2.6,70.41,35.51,26.35,32.16,2.22
2005,Maragondon,14.27,120.73,6,18.56,3.05,0.88,11.65,84.25,31.65,25.99,28.94,2.91
2005,Maragondon,14.27,120.73,7,17.22,3.26,0.97,12.92,85.29,30.65,25.55,28.54,3.37
2005,Maragondon,14.27,120.73,8,14.85,3.47,0.99,15.89,85.7,30.67,25.4,28.05,3.89
2005,Maragondon,14.27,120.73,9,15.88,3.46,0.99,11.53,86.05,30.76,25.32,28.04,3.28
2005,Maragondon,14.27,120.73,10,16.95,3.49,0.96,6.71,84.15,30.79,25.21,28.25,2.96
2005,Maragondon,14.27,120.73,11,15.62,3.49,0.92,2.5,83.82,30.71,23.55,27.74,3.39
2005,Maragondon,14.27,120.73,12,12.81,2.85,0.87,3.91,86.75,29.46,21.84,26.5,5.22
2005,Mendez,14.13,120.9,1,17.14,3.06,0.6,0.97,80.4,29.13,21.75,25.55,3.84
2005,Mendez,14.13,120.9,2,20.31,1.91,0.5,0.47,76.7,31.92,22.49,26.57,3.45
2005,Mendez,14.13,120.9,3,21.61,1.02,0.46,0.72,72.76,34.75,22.43,27.75,3.83
2005,Mendez,14.13,120.9,4,24.0,0.96,0.45,0.75,68.79,34.72,23.68,29.15,2.8
2005,Mendez,14.13,120.9,5,23.43,1.09,0.45,1.86,71.27,35.23,26.62,30.82,1.9
2005,Mendez,14.13,120.9,6,18.56,3.08,0.63,8.74,83.6,32.17,26.02,28.8,2.54
2005,Mendez,14.13,120.9,7,17.22,3.46,0.83,8.74,85.25,30.99,25.64,28.52,3.07
2005,Mendez,14.13,120.9,8,14.85,3.99,0.95,12.06,86.03,30.49,25.32,28.01,3.51
2005,Mendez,14.13,120.9,9,15.88,3.77,0.97,9.72,86.79,30.43,25.27,27.94,3.07
2005,Mendez,14.13,120.9,10,16.95,4.06,0.95,7.89,85.19,30.57,25.94,28.09,2.97
2005,Mendez,14.13,120.9,11,15.62,4.32,0.91,2.97,84.67,30.37,24.44,27.52,3.37
2005,Mendez,14.13,120.9,12,12.81,4.13,0.9,7.28,88.08,29.28,22.69,26.46,5.09
2005,Naic,14.32,120.77,1,17.14,2.33,0.66,0.5,76.83,30.99,21.02,26.65,3.88
2005,Naic,14.32,120.77,2,20.31,0.77,0.6,0.38,71.03,32.55,22.43,28.84,3.76
2005,Naic,14.32,120.77,3,21.61,0.54,0.59,0.58,68.25,35.39,21.86,29.93,4.22
2005,Naic,14.32,120.77,4,24.0,0.57,0.59,0.51,64.14,35.53,23.33,31.9,3.16
2005,Naic,14.32,120.77,5,23.43,1.27,0.61,2.6,70.41,35.51,26.35,32.16,2.22
2005,Naic,14.32,120.77,6,18.56,3.05,0.88,11.65,84.25,31.65,25.99,28.94,2.91
2005,Naic,14.32,120.77,7,17.22,3.26,0.97,12.92,85.29,30.65,25.55,28.54,3.37
2005,Naic,14.32,120.77,8,14.85,3.47,0.99,15.89,85.7,30.67,25.4,28.05,3.89
2005,Naic,14.32,120.77,9,15.88,3.46,0.99,11.53,86.05,30.76,25.32,28.04,3.28
2005,Naic,14.32,120.77,10,16.95,3.49,0.96,6.71,84.15,30.79,25.21,28.25,2.96
2005,Naic,14.32,120.77,11,15.62,3.49,0.92,2.5,83.82,30.71,23.55,27.74,3.39
2005,Naic,14.32,120.77,12,12.81,2.85,0.87,3.91,86.75,29.46,21.84,26.5,5.22
2005,Noveleta,14.43,120.88,1,17.14,2.33,0.66,0.5,76.83,30.99,21.02,26.65,3.88
2005,Noveleta,14.43,120.88,2,20.31,0.77,0.6,0.38,71.03,32.55,22.43,28.84,3.76
2005,Noveleta,14.43,120.88,3,21.61,0.54,0.59,0.58,68.25,35.39,21.86,29.93,4.22
2005,Noveleta,14.43,120.88,4,24.0,0.57,0.59,0.51,64.14,35.53,23.33,31.9,3.16
2005,Noveleta,14.43,120.88,5,23.43,1.27,0.61,2.6,70.41,35.51,26.35,32.16,2.22
2005,Noveleta,14.43,120.88,6,18.56,3.05,0.88,11.65,84.25,31.65,25.99,28.94,2.91
2005,Noveleta,14.43,120.88,7,17.22,3.26,0.97,12.92,85.29,30.65,25.55,28.54,3.37
2005,Noveleta,14.43,120.88,8,14.85,3.47,0.99,15.89,85.7,30.67,25.4,28.05,3.89
2005,Noveleta,14.43,120.88,9,15.88,3.46,0.99,11.53,86.05,30.76,25.32,28.04,3.28
2005,Noveleta,14.43,120.88,10,16.95,3.49,0.96,6.71,84.15,30.79,25.21,28.25,2.96
2005,Noveleta,14.43,120.88,11,15.62,3.49,0.92,2.5,83.82,30.71,23.55,27.74,3.39
2005,Noveleta,14.43,120.88,12,12.81,2.85,0.87,3.91,86.75,29.46,21.84,26.5,5.22
2005,Rosario,14.41,120.85,1,17.14,2.33,0.66,0.5,76.83,30.99,21.02,26.65,3.88
2005,Rosario,14.41,120.85,2,20.31,0.77,0.6,0.38,71.03,32.55,22.43,28.84,3.76
2005,Rosario,14.41,120.85,3,21.61,0.54,0.59,0.58,68.25,35.39,21.86,29.93,4.22
2005,Rosario,14.41,120.85,4,24.0,0.57,0.59,0.51,64.14,35.53,23.33,31.9,3.16
2005,Rosario,14.41,120.85,5,23.43,1.27,0.61,2.6,70.41,35.51,26.35,32.16,2.22
2005,Rosario,14.41,120.85,6,18.56,3.05,0.88,11.65,84.25,31.65,25.99,28.94,2.91
2005,Rosario,14.41,120.85,7,17.22,3.26,0.97,12.92,85.29,30.65,25.55,28.54,3.37
2005,Rosario,14.41,120.85,8,14.85,3.47,0.99,15.89,85.7,30.67,25.4,28.05,3.89
2005,Rosario,14.41,120.85,9,15.88,3.46,0.99,11.53,86.05,30.76,25.32,28.04,3.28
2005,Rosario,14.41,120.85,10,16.95,3.49,0.96,6.71,84.15,30.79,25.21,28.25,2.96
2005,Rosario,14.41,120.85,11,15.62,3.49,0.92,2.5,83.82,30.71,23.55,27.74,3.39
2005,Rosario,14.41,120.85,12,12.81,2.85,0.87,3.91,86.75,29.46,21.84,26.5,5.22
2005,Silang,14.23,120.97,1,17.14,4.38,0.85,3.86,87.44,29.14,18.75,23.43,1.47
2005,Silang,14.23,120.97,2,20.31,4.05,0.71,1.49,83.12,31.85,19.3,24.85,1.5
2005,Silang,14.23,120.97,3,21.61,2.94,0.63,2.24,78.34,34.41,20.09,26.25,1.68
2005,Silang,14.23,120.97,4,24.0,2.76,0.61,2.16,74.14,35.76,20.89,27.76,1.39
2005,Silang,14.23,120.97,5,23.43,1.59,0.57,1.74,72.2,37.43,23.84,29.63,0.95
2005,Silang,14.23,120.97,6,18.56,2.87,0.68,6.83,84.9,33.19,23.88,27.41,1.01
2005,Silang,14.23,120.97,7,17.22,3.16,0.84,7.34,88.6,31.95,23.61,26.75,1.14
2005,Silang,14.23,120.97,8,14.85,3.66,0.92,7.01,87.38,31.84,23.38,26.7,1.3
2005,Silang,14.23,120.97,9,15.88,3.71,0.97,10.93,89.77,32.15,23.52,26.51,1.18
2005,Silang,14.23,120.97,10,16.95,3.92,0.98,12.07,89.75,31.74,23.58,26.53,1.13
2005,Silang,14.23,120.97,11,15.62,4.03,0.97,7.61,89.94,31.1,21.51,25.98,1.31
2005,Silang,14.23,120.97,12,12.81,3.9,0.99,23.08,92.83,29.42,20.18,24.55,1.87
2005,Tagaytay City,14.11,120.96,1,17.14,4.38,0.85,3.86,87.44,29.14,18.75,23.43,1.47
2005,Tagaytay City,14.11,120.96,2,20.31,4.05,0.71,1.49,83.12,31.85,19.3,24.85,1.5
2005,Tagaytay City,14.11,120.96,3,21.61,2.94,0.63,2.24,78.34,34.41,20.09,26.25,1.68
2005,Tagaytay City,14.11,120.96,4,24.0,2.76,0.61,2.16,74.14,35.76,20.89,27.76,1.39
2005,Tagaytay City,14.11,120.96,5,23.43,1.59,0.57,1.74,72.2,37.43,23.84,29.63,0.95
2005,Tagaytay City,14.11,120.96,6,18.56,2.87,0.68,6.83,84.9,33.19,23.88,27.41,1.01
2005,Tagaytay City,14.11,120.96,7,17.22,3.16,0.84,7.34,88.6,31.95,23.61,26.75,1.14
2005,Tagaytay City,14.11,120.96,8,14.85,3.66,0.92,7.01,87.38,31.84,23.38,26.7,1.3
2005,Tagaytay City,14.11,120.96,9,15.88,3.71,0.97,10.93,89.77,32.15,23.52,26.51,1.18
2005,Tagaytay City,14.11,120.96,10,16.95,3.92,0.98,12.07,89.75,31.74,23.58,26.53,1.13
2005,Tagaytay City,14.11,120.96,11,15.62,4.03,0.97,7.61,89.94,31.1,21.51,25.98,1.31
2005,Tagaytay City,14.11,120.96,12,12.81,3.9,0.99,23.08,92.83,29.42,20.18,24.55,1.87
2005,Tanza,14.36,120.85,1,17.14,2.33,0.66,0.5,76.83,30.99,21.02,26.65,3.88
2005,Tanza,14.36,120.85,2,20.31,0.77,0.6,0.38,71.03,32.55,22.43,28.84,3.76
2005,Tanza,14.36,120.85,3,21.61,0.54,0.59,0.58,68.25,35.39,21.86,29.93,4.22
2005,Tanza,14.36,120.85,4,24.0,0.57,0.59,0.51,64.14,35.53,23.33,31.9,3.16
2005,Tanza,14.36,120.85,5,23.43,1.27,0.61,2.6,70.41,35.51,26.35,32.16,2.22
2005,Tanza,14.36,120.85,6,18.56,3.05,0.88,11.65,84.25,31.65,25.99,28.94,2.91
2005,Tanza,14.36,120.85,7,17.22,3.26,0.97,12.92,85.29,30.65,25.55,28.54,3.37
2005,Tanza,14.36,120.85,8,14.85,3.47,0.99,15.89,85.7,30.67,25.4,28.05,3.89
2005,Tanza,14.36,120.85,9,15.88,3.46,0.99,11.53,86.05,30.76,25.32,28.04,3.28
2005,Tanza,14.36,120.85,10,16.95,3.49,0.96,6.71,84.15,30.79,25.21,28.25,2.96
2005,Tanza,14.36,120.85,11,15.62,3.49,0.92,2.5,83.82,30.71,23.55,27.74,3.39
2005,Tanza,14.36,120.85,12,12.81,2.85,0.87,3.91,86.75,29.46,21.84,26.5,5.22
2005,Ternate,14.28,120.7,1,17.14,2.33,0.66,0.5,76.83,30.99,21.02,26.65,3.88
2005,Ternate,14.28,120.7,2,20.31,0.77,0.6,0.38,71.03,32.55,22.43,28.84,3.76
2005,Ternate,14.28,120.7,3,21.61,0.54,0.59,0.58,68.25,35.39,21.86,29.93,4.22
2005,Ternate,14.28,120.7,4,24.0,0.57,0.59,0.51,64.14,35.53,23.33,31.9,3.16
2005,Ternate,14.28,120.7,5,23.43,1.27,0.61,2.6,70.41,35.51,26.35,32.16,2.22
2005,Ternate,14.28,120.7,6,18.56,3.05,0.88,11.65,84.25,31.65,25.99,28.94,2.91
2005,Ternate,14.28,120.7,7,17.22,3.26,0.97,12.92,85.29,30.65,25.55,28.54,3.37
2005,Ternate,14.28,120.7,8,14.85,3.47,0.99,15.89,85.7,30.67,25.4,28.05,3.89
2005,Ternate,14.28,120.7,9,15.88,3.46,0.99,11.53,86.05,30.76,25.32,28.04,3.28
2005,Ternate,14.28,120.7,10,16.95,3.49,0.96,6.71,84.15,30.79,25.21,28.25,2.96
2005,Ternate,14.28,120.7,11,15.62,3.49,0.92,2.5,83.82,30.71,23.55,27.74,3.39
2005,Ternate,14.28,120.7,12,12.81,2.85,0.87,3.91,86.75,29.46,21.84,26.5,5.22
2005,Trece Martires City,14.28,120.86,1,17.14,2.33,0.66,0.5,76.83,30.99,21.02,26.65,3.88
2005,Trece Martires City,14.28,120.86,2,20.31,0.77,0.6,0.38,71.03,32.55,22.43,28.84,3.76
2005,Trece Martires City,14.28,120.86,3,21.61,0.54,0.59,0.58,68.25,35.39,21.86,29.93,4.22
2005,Trece Martires City,14.28,120.86,4,24.0,0.57,0.59,0.51,64.14,35.53,23.33,31.9,3.16
2005,Trece Martires City,14.28,120.86,5,23.43,1.27,0.61,2.6,70.41,35.51,26.35,32.16,2.22
2005,Trece Martires City,14.28,120.86,6,18.56,3.05,0.88,11.65,84.25,31.65,25.99,28.94,2.91
2005,Trece Martires City,14.28,120.86,7,17.22,3.26,0.97,12.92,85.29,30.65,25.55,28.54,3.37
2005,Trece Martires City,14.28,120.86,8,14.85,3.47,0.99,15.89,85.7,30.67,25.4,28.05,3.89
2005,Trece Martires City,14.28,120.86,9,15.88,3.46,0.99,11.53,86.05,30.76,25.32,28.04,3.28
2005,Trece Martires City,14.28,120.86,10,16.95,3.49,0.96,6.71,84.15,30.79,25.21,28.25,2.96
2005,Trece Martires City,14.28,120.86,11,15.62,3.49,0.92,2.5,83.82,30.71,23.55,27.74,3.39
2005,Trece Martires City,14.28,120.86,12,12.81,2.85,0.87,3.91,86.75,29.46,21.84,26.5,5.22
2006,Alfonso,14.14,120.85,1,15.53,4.64,0.78,2.67,85.98,28.92,22.55,26.03,3.84
2006,Alfonso,14.14,120.85,2,18.66,4.36,0.66,0.98,82.63,29.57,22.76,26.36,4.6
2006,Alfonso,14.14,120.85,3,21.98,3.05,0.55,2.25,80.07,31.91,23.84,27.19,3.29
2006,Alfonso,14.14,120.85,4,24.6,1.71,0.48,0.31,71.52,34.49,24.99,29.24,3.05
2006,Alfonso,14.14,120.85,5,20.56,2.32,0.54,5.14,76.82,35.32,26.12,29.31,3.01
2006,Alfonso,14.14,120.85,6,20.85,3.57,0.64,9.41,80.63,32.14,26.02,29.09,2.61
2006,Alfonso,14.14,120.85,7,12.31,3.29,0.88,11.96,88.55,29.15,25.26,27.81,4.03
2006,Alfonso,14.14,120.85,8,14.35,4.07,0.98,11.19,87.86,30.15,25.4,27.54,3.71
2006,Alfonso,14.14,120.85,9,18.09,3.73,0.95,11.74,85.22,30.38,25.48,27.97,2.59
2006,Alfonso,14.14,120.85,10,17.1,4.72,0.93,3.98,82.88,30.13,24.7,27.81,3.01
2006,Alfonso,14.14,120.85,11,17.24,3.89,0.87,2.51,84.3,30.1,24.81,27.63,3.32
2006,Alfonso,14.14,120.85,12,14.39,4.55,0.85,6.87,86.98,29.61,23.86,26.62,4.92
2006,Amadeo,14.17,120.92,1,15.53,4.64,0.78,2.67,85.98,28.92,22.55,26.03,3.84
2006,Amadeo,14.17,120.92,2,18.66,4.36,0.66,0.98,82.63,29.57,22.76,26.36,4.6
2006,Amadeo,14.17,120.92,3,21.98,3.05,0.55,2.25,80.07,31.91,23.84,27.19,3.29
2006,Amadeo,14.17,120.92,4,24.6,1.71,0.48,0.31,71.52,34.49,24.99,29.24,3.05
2006,Amadeo,14.17,120.92,5,20.56,2.32,0.54,5.14,76.82,35.32,26.12,29.31,3.01
2006,Amadeo,14.17,120.92,6,20.85,3.57,0.64,9.41,80.63,32.14,26.02,29.09,2.61
2006,Amadeo,14.17,120.92,7,12.31,3.29,0.88,11.96,88.55,29.15,25.26,27.81,4.03
2006,Amadeo,14.17,120.92,8,14.35,4.07,0.98,11.19,87.86,30.15,25.4,27.54,3.71
2006,Amadeo,14.17,120.92,9,18.09,3.73,0.95,11.74,85.22,30.38,25.48,27.97,2.59
2006,Amadeo,14.17,120.92,10,17.1,4.72,0.93,3.98,82.88,30.13,24.7,27.81,3.01
2006,Amadeo,14.17,120.92,11,17.24,3.89,0.87,2.51,84.3,30.1,24.81,27.63,3.32
2006,Amadeo,14.17,120.92,12,14.39,4.55,0.85,6.87,86.98,29.61,23.86,26.62,4.92
2006,Bacoor City,14.46,120.94,1,15.53,4.55,0.94,7.14,88.94,29.72,19.72,24.53,1.51
2006,Bacoor City,14.46,120.94,2,18.66,5.36,0.89,3.72,86.2,29.9,20.08,24.67,1.82
2006,Bacoor City,14.46,120.94,3,21.98,4.38,0.79,4.91,83.04,33.41,21.15,26.07,1.45
2006,Bacoor City,14.46,120.94,4,24.6,3.21,0.7,0.58,75.27,35.18,21.25,27.87,1.47
2006,Bacoor City,14.46,120.94,5,20.56,2.84,0.7,5.06,80.22,35.53,22.59,27.81,1.36
2006,Bacoor City,14.46,120.94,6,20.85,3.68,0.77,7.55,83.07,33.61,23.82,27.62,1.09
2006,Bacoor City,14.46,120.94,7,12.31,3.39,0.89,9.99,89.43,31.05,22.92,26.3,1.5
2006,Bacoor City,14.46,120.94,8,14.35,3.98,0.97,6.63,89.54,33.65,23.08,26.09,1.4
2006,Bacoor City,14.46,120.94,9,18.09,3.91,0.94,11.98,86.64,31.9,23.22,26.62,1.03
2006,Bacoor City,14.46,120.94,10,17.1,4.57,0.96,8.32,86.31,31.13,21.31,26.2,1.14
2006,Bacoor City,14.46,120.94,11,17.24,3.79,0.96,5.17,89.13,30.88,21.84,25.74,1.23
2006,Bacoor City,14.46,120.94,12,14.39,4.56,0.94,12.67,89.95,29.92,21.71,24.95,1.9
2006,Carmona,14.31,121.05,1,13.75,4.55,0.94,7.14,88.94,29.72,19.72,24.53,1.51
2006,Carmona,14.31,121.05,2,15.92,5.36,0.89,3.72,86.2,29.9,20.08,24.67,1.82
2006,Carmona,14.31,121.05,3,19.45,4.38,0.79,4.91,83.04,33.41,21.15,26.07,1.45
2006,Carmona,14.31,121.05,4,23.01,3.21,0.7,0.58,75.27,35.18,21.25,27.87,1.47
2006,Carmona,14.31,121.05,5,19.64,2.84,0.7,5.06,80.22,35.53,22.59,27.81,1.36
2006,Carmona,14.31,121.05,6,20.0,3.68,0.77,7.55,83.07,33.61,23.82,27.62,1.09
2006,Carmona,14.31,121.05,7,13.26,3.39,0.89,9.99,89.43,31.05,22.92,26.3,1.5
2006,Carmona,14.31,121.05,8,15.29,3.98,0.97,6.63,89.54,33.65,23.08,26.09,1.4
2006,Carmona,14.31,121.05,9,17.78,3.91,0.94,11.98,86.64,31.9,23.22,26.62,1.03
2006,Carmona,14.31,121.05,10,14.24,4.57,0.96,8.32,86.31,31.13,21.31,26.2,1.14
2006,Carmona,14.31,121.05,11,15.49,3.79,0.96,5.17,89.13,30.88,21.84,25.74,1.23
2006,Carmona,14.31,121.05,12,11.43,4.56,0.94,12.67,89.95,29.92,21.71,24.95,1.9
2006,Cavite City,14.48,120.9,1,15.53,3.01,0.78,2.15,83.37,29.46,21.73,26.77,3.94
2006,Cavite City,14.48,120.9,2,18.66,3.07,0.7,0.55,79.55,30.69,22.0,27.32,4.91
2006,Cavite City,14.48,120.9,3,21.98,1.81,0.62,1.46,73.84,34.0,23.59,29.4,3.67
2006,Cavite City,14.48,120.9,4,24.6,0.63,0.59,0.21,65.68,35.43,25.12,32.09,3.42
2006,Cavite City,14.48,120.9,5,20.56,1.58,0.66,3.74,74.04,35.82,25.89,30.76,3.41
2006,Cavite City,14.48,120.9,6,20.85,3.0,0.76,8.06,79.6,32.87,25.9,29.66,2.84
2006,Cavite City,14.48,120.9,7,12.31,2.99,0.95,18.88,87.63,28.92,25.22,27.82,4.51
2006,Cavite City,14.48,120.9,8,14.35,3.72,1.0,17.03,87.54,30.46,25.06,27.55,4.1
2006,Cavite City,14.48,120.9,9,18.09,3.39,0.98,11.99,85.37,30.29,25.2,28.11,2.74
2006,Cavite City,14.48,120.9,10,17.1,4.13,0.94,5.27,81.91,30.3,23.9,28.13,3.05
2006,Cavite City,14.48,120.9,11,17.24,3.05,0.92,1.75,84.6,30.3,24.12,27.64,3.28
2006,Cavite City,14.48,120.9,12,14.39,3.25,0.85,4.23,85.47,29.91,23.3,26.89,5.13
2006,Dasmarinas City,14.33,120.93,1,15.53,3.01,0.78,2.15,83.37,29.46,21.73,26.77,3.94
2006,Dasmarinas City,14.33,120.93,2,18.66,3.07,0.7,0.55,79.55,30.69,22.0,27.32,4.91
2006,Dasmarinas City,14.33,120.93,3,21.98,1.81,0.62,1.46,73.84,34.0,23.59,29.4,3.67
2006,Dasmarinas City,14.33,120.93,4,24.6,0.63,0.59,0.21,65.68,35.43,25.12,32.09,3.42
2006,Dasmarinas City,14.33,120.93,5,20.56,1.58,0.66,3.74,74.04,35.82,25.89,30.76,3.41
2006,Dasmarinas City,14.33,120.93,6,20.85,3.0,0.76,8.06,79.6,32.87,25.9,29.66,2.84
2006,Dasmarinas City,14.33,120.93,7,12.31,2.99,0.95,18.88,87.63,28.92,25.22,27.82,4.51
2006,Dasmarinas City,14.33,120.93,8,14.35,3.72,1.0,17.03,87.54,30.46,25.06,27.55,4.1
2006,Dasmarinas City,14.33,120.93,9,18.09,3.39,0.98,11.99,85.37,30.29,25.2,28.11,2.74
2006,Dasmarinas City,14.33,120.93,10,17.1,4.13,0.94,5.27,81.91,30.3,23.9,28.13,3.05
2006,Dasmarinas City,14.33,120.93,11,17.24,3.05,0.92,1.75,84.6,30.3,24.12,27.64,3.28
2006,Dasmarinas City,14.33,120.93,12,14.39,3.25,0.85,4.23,85.47,29.91,23.3,26.89,5.13
2006,General Emilio Aguinaldo,14.18,120.79,1,15.53,4.64,0.78,2.67,85.98,28.92,22.55,26.03,3.84
2006,General Emilio Aguinaldo,14.18,120.79,2,18.66,4.36,0.66,0.98,82.63,29.57,22.76,26.36,4.6
2006,General Emilio Aguinaldo,14.18,120.79,3,21.98,3.05,0.55,2.25,80.07,31.91,23.84,27.19,3.29
2006,General Emilio Aguinaldo,14.18,120.79,4,24.6,1.71,0.48,0.31,71.52,34.49,24.99,29.24,3.05
2006,General Emilio Aguinaldo,14.18,120.79,5,20.56,2.32,0.54,5.14,76.82,35.32,26.12,29.31,3.01
2006,General Emilio Aguinaldo,14.18,120.79,6,20.85,3.57,0.64,9.41,80.63,32.14,26.02,29.09,2.61
2006,General Emilio Aguinaldo,14.18,120.79,7,12.31,3.29,0.88,11.96,88.55,29.15,25.26,27.81,4.03
2006,General Emilio Aguinaldo,14.18,120.79,8,14.35,4.07,0.98,11.19,87.86,30.15,25.4,27.54,3.71
2006,General Emilio Aguinaldo,14.18,120.79,9,18.09,3.73,0.95,11.74,85.22,30.38,25.48,27.97,2.59
2006,General Emilio Aguinaldo,14.18,120.79,10,17.1,4.72,0.93,3.98,82.88,30.13,24.7,27.81,3.01
2006,General Emilio Aguinaldo,14.18,120.79,11,17.24,3.89,0.87,2.51,84.3,30.1,24.81,27.63,3.32
2006,General Emilio Aguinaldo,14.18,120.79,12,14.39,4.55,0.85,6.87,86.98,29.61,23.86,26.62,4.92
2006,General Mariano Alvarez,14.3,121.0,1,13.75,4.55,0.94,7.14,88.94,29.72,19.72,24.53,1.51
2006,General Mariano Alvarez,14.3,121.0,2,15.92,5.36,0.89,3.72,86.2,29.9,20.08,24.67,1.82
2006,General Mariano Alvarez,14.3,121.0,3,19.45,4.38,0.79,4.91,83.04,33.41,21.15,26.07,1.45
2006,General Mariano Alvarez,14.3,121.0,4,23.01,3.21,0.7,0.58,75.27,35.18,21.25,27.87,1.47
2006,General Mariano Alvarez,14.3,121.0,5,19.64,2.84,0.7,5.06,80.22,35.53,22.59,27.81,1.36
2006,General Mariano Alvarez,14.3,121.0,6,20.0,3.68,0.77,7.55,83.07,33.61,23.82,27.62,1.09
2006,General Mariano Alvarez,14.3,121.0,7,13.26,3.39,0.89,9.99,89.43,31.05,22.92,26.3,1.5
2006,General Mariano Alvarez,14.3,121.0,8,15.29,3.98,0.97,6.63,89.54,33.65,23.08,26.09,1.4
2006,General Mariano Alvarez,14.3,121.0,9,17.78,3.91,0.94,11.98,86.64,31.9,23.22,26.62,1.03
2006,General Mariano Alvarez,14.3,121.0,10,14.24,4.57,0.96,8.32,86.31,31.13,21.31,26.2,1.14
2006,General Mariano Alvarez,14.3,121.0,11,15.49,3.79,0.96,5.17,89.13,30.88,21.84,25.74,1.23
2006,General Mariano Alvarez,14.3,121.0,12,11.43,4.56,0.94,12.67,89.95,29.92,21.71,24.95,1.9
2006,General Trias,14.38,120.88,1,15.53,3.01,0.78,2.15,83.37,29.46,21.73,26.77,3.94
2006,General Trias,14.38,120.88,2,18.66,3.07,0.7,0.55,79.55,30.69,22.0,27.32,4.91
2006,General Trias,14.38,120.88,3,21.98,1.81,0.62,1.46,73.84,34.0,23.59,29.4,3.67
2006,General Trias,14.38,120.88,4,24.6,0.63,0.59,0.21,65.68,35.43,25.12,32.09,3.42
2006,General Trias,14.38,120.88,5,20.56,1.58,0.66,3.74,74.04,35.82,25.89,30.76,3.41
2006,General Trias,14.38,120.88,6,20.85,3.0,0.76,8.06,79.6,32.87,25.9,29.66,2.84
2006,General Trias,14.38,120.88,7,12.31,2.99,0.95,18.88,87.63,28.92,25.22,27.82,4.51
2006,General Trias,14.38,120.88,8,14.35,3.72,1.0,17.03,87.54,30.46,25.06,27.55,4.1
2006,General Trias,14.38,120.88,9,18.09,3.39,0.98,11.99,85.37,30.29,25.2,28.11,2.74
2006,General Trias,14.38,120.88,10,17.1,4.13,0.94,5.27,81.91,30.3,23.9,28.13,3.05
2006,General Trias,14.38,120.88,11,17.24,3.05,0.92,1.75,84.6,30.3,24.12,27.64,3.28
2006,General Trias,14.38,120.88,12,14.39,3.25,0.85,4.23,85.47,29.91,23.3,26.89,5.13
2006,Imus City,14.43,120.93,1,15.53,3.01,0.78,2.15,83.37,29.46,21.73,26.77,3.94
2006,Imus City,14.43,120.93,2,18.66,3.07,0.7,0.55,79.55,30.69,22.0,27.32,4.91
2006,Imus City,14.43,120.93,3,21.98,1.81,0.62,1.46,73.84,34.0,23.59,29.4,3.67
2006,Imus City,14.43,120.93,4,24.6,0.63,0.59,0.21,65.68,35.43,25.12,32.09,3.42
2006,Imus City,14.43,120.93,5,20.56,1.58,0.66,3.74,74.04,35.82,25.89,30.76,3.41
2006,Imus City,14.43,120.93,6,20.85,3.0,0.76,8.06,79.6,32.87,25.9,29.66,2.84
2006,Imus City,14.43,120.93,7,12.31,2.99,0.95,18.88,87.63,28.92,25.22,27.82,4.51
2006,Imus City,14.43,120.93,8,14.35,3.72,1.0,17.03,87.54,30.46,25.06,27.55,4.1
2006,Imus City,14.43,120.93,9,18.09,3.39,0.98,11.99,85.37,30.29,25.2,28.11,2.74
2006,Imus City,14.43,120.93,10,17.1,4.13,0.94,5.27,81.91,30.3,23.9,28.13,3.05
2006,Imus City,14.43,120.93,11,17.24,3.05,0.92,1.75,84.6,30.3,24.12,27.64,3.28
2006,Imus City,14.43,120.93,12,14.39,3.25,0.85,4.23,85.47,29.91,23.3,26.89,5.13
2006,Indang,14.19,120.87,1,15.53,4.64,0.78,2.67,85.98,28.92,22.55,26.03,3.84
2006,Indang,14.19,120.87,2,18.66,4.36,0.66,0.98,82.63,29.57,22.76,26.36,4.6
2006,Indang,14.19,120.87,3,21.98,3.05,0.55,2.25,80.07,31.91,23.84,27.19,3.29
2006,Indang,14.19,120.87,4,24.6,1.71,0.48,0.31,71.52,34.49,24.99,29.24,3.05
2006,Indang,14.19,120.87,5,20.56,2.32,0.54,5.14,76.82,35.32,26.12,29.31,3.01
2006,Indang,14.19,120.87,6,20.85,3.57,0.64,9.41,80.63,32.14,26.02,29.09,2.61
2006,Indang,14.19,120.87,7,12.31,3.29,0.88,11.96,88.55,29.15,25.26,27.81,4.03
2006,Indang,14.19,120.87,8,14.35,4.07,0.98,11.19,87.86,30.15,25.4,27.54,3.71
2006,Indang,14.19,120.87,9,18.09,3.73,0.95,11.74,85.22,30.38,25.48,27.97,2.59
2006,Indang,14.19,120.87,10,17.1,4.72,0.93,3.98,82.88,30.13,24.7,27.81,3.01
2006,Indang,14.19,120.87,11,17.24,3.89,0.87,2.51,84.3,30.1,24.81,27.63,3.32
2006,Indang,14.19,120.87,12,14.39,4.55,0.85,6.87,86.98,29.61,23.86,26.62,4.92
2006,Kawit,14.44,120.9,1,15.53,3.01,0.78,2.15,83.37,29.46,21.73,26.77,3.94
2006,Kawit,14.44,120.9,2,18.66,3.07,0.7,0.55,79.55,30.69,22.0,27.32,4.91
2006,Kawit,14.44,120.9,3,21.98,1.81,0.62,1.46,73.84,34.0,23.59,29.4,3.67
2006,Kawit,14.44,120.9,4,24.6,0.63,0.59,0.21,65.68,35.43,25.12,32.09,3.42
2006,Kawit,14.44,120.9,5,20.56,1.58,0.66,3.74,74.04,35.82,25.89,30.76,3.41
2006,Kawit,14.44,120.9,6,20.85,3.0,0.76,8.06,79.6,32.87,25.9,29.66,2.84
2006,Kawit,14.44,120.9,7,12.31,2.99,0.95,18.88,87.63,28.92,25.22,27.82,4.51
2006,Kawit,14.44,120.9,8,14.35,3.72,1.0,17.03,87.54,30.46,25.06,27.55,4.1
2006,Kawit,14.44,120.9,9,18.09,3.39,0.98,11.99,85.37,30.29,25.2,28.11,2.74
2006,Kawit,14.44,120.9,10,17.1,4.13,0.94,5.27,81.91,30.3,23.9,28.13,3.05
2006,Kawit,14.44,120.9,11,17.24,3.05,0.92,1.75,84.6,30.3,24.12,27.64,3.28
2006,Kawit,14.44,120.9,12,14.39,3.25,0.85,4.23,85.47,29.91,23.3,26.89,5.13
2006,Magallanes,14.19,120.73,1,15.53,4.64,0.78,2.67,85.98,28.92,22.55,26.03,3.84
2006,Magallanes,14.19,120.73,2,18.66,4.36,0.66,0.98,82.63,29.57,22.76,26.36,4.6
2006,Magallanes,14.19,120.73,3,21.98,3.05,0.55,2.25,80.07,31.91,23.84,27.19,3.29
2006,Magallanes,14.19,120.73,4,24.6,1.71,0.48,0.31,71.52,34.49,24.99,29.24,3.05
2006,Magallanes,14.19,120.73,5,20.56,2.32,0.54,5.14,76.82,35.32,26.12,29.31,3.01
2006,Magallanes,14.19,120.73,6,20.85,3.57,0.64,9.41,80.63,32.14,26.02,29.09,2.61
2006,Magallanes,14.19,120.73,7,12.31,3.29,0.88,11.96,88.55,29.15,25.26,27.81,4.03
2006,Magallanes,14.19,120.73,8,14.35,4.07,0.98,11.19,87.86,30.15,25.4,27.54,3.71
2006,Magallanes,14.19,120.73,9,18.09,3.73,0.95,11.74,85.22,30.38,25.48,27.97,2.59
2006,Magallanes,14.19,120.73,10,17.1,4.72,0.93,3.98,82.88,30.13,24.7,27.81,3.01
2006,Magallanes,14.19,120.73,11,17.24,3.89,0.87,2.51,84.3,30.1,24.81,27.63,3.32
2006,Magallanes,14.19,120.73,12,14.39,4.55,0.85,6.87,86.98,29.61,23.86,26.62,4.92
2006,Maragondon,14.27,120.73,1,15.53,3.01,0.78,2.15,83.37,29.46,21.73,26.77,3.94
2006,Maragondon,14.27,120.73,2,18.66,3.07,0.7,0.55,79.55,30.69,22.0,27.32,4.91
2006,Maragondon,14.27,120.73,3,21.98,1.81,0.62,1.46,73.84,34.0,23.59,29.4,3.67
2006,Maragondon,14.27,120.73,4,24.6,0.63,0.59,0.21,65.68,35.43,25.12,32.09,3.42
2006,Maragondon,14.27,120.73,5,20.56,1.58,0.66,3.74,74.04,35.82,25.89,30.76,3.41
2006,Maragondon,14.27,120.73,6,20.85,3.0,0.76,8.06,79.6,32.87,25.9,29.66,2.84
2006,Maragondon,14.27,120.73,7,12.31,2.99,0.95,18.88,87.63,28.92,25.22,27.82,4.51
2006,Maragondon,14.27,120.73,8,14.35,3.72,1.0,17.03,87.54,30.46,25.06,27.55,4.1
2006,Maragondon,14.27,120.73,9,18.09,3.39,0.98,11.99,85.37,30.29,25.2,28.11,2.74
2006,Maragondon,14.27,120.73,10,17.1,4.13,0.94,5.27,81.91,30.3,23.9,28.13,3.05
2006,Maragondon,14.27,120.73,11,17.24,3.05,0.92,1.75,84.6,30.3,24.12,27.64,3.28
2006,Maragondon,14.27,120.73,12,14.39,3.25,0.85,4.23,85.47,29.91,23.3,26.89,5.13
2006,Mendez,14.13,120.9,1,15.53,4.64,0.78,2.67,85.98,28.92,22.55,26.03,3.84
2006,Mendez,14.13,120.9,2,18.66,4.36,0.66,0.98,82.63,29.57,22.76,26.36,4.6
2006,Mendez,14.13,120.9,3,21.98,3.05,0.55,2.25,80.07,31.91,23.84,27.19,3.29
2006,Mendez,14.13,120.9,4,24.6,1.71,0.48,0.31,71.52,34.49,24.99,29.24,3.05
2006,Mendez,14.13,120.9,5,20.56,2.32,0.54,5.14,76.82,35.32,26.12,29.31,3.01
2006,Mendez,14.13,120.9,6,20.85,3.57,0.64,9.41,80.63,32.14,26.02,29.09,2.61
2006,Mendez,14.13,120.9,7,12.31,3.29,0.88,11.96,88.55,29.15,25.26,27.81,4.03
2006,Mendez,14.13,120.9,8,14.35,4.07,0.98,11.19,87.86,30.15,25.4,27.54,3.71
2006,Mendez,14.13,120.9,9,18.09,3.73,0.95,11.74,85.22,30.38,25.48,27.97,2.59
2006,Mendez,14.13,120.9,10,17.1,4.72,0.93,3.98,82.88,30.13,24.7,27.81,3.01
2006,Mendez,14.13,120.9,11,17.24,3.89,0.87,2.51,84.3,30.1,24.81,27.63,3.32
2006,Mendez,14.13,120.9,12,14.39,4.55,0.85,6.87,86.98,29.61,23.86,26.62,4.92
2006,Naic,14.32,120.77,1,15.53,3.01,0.78,2.15,83.37,29.46,21.73,26.77,3.94
2006,Naic,14.32,120.77,2,18.66,3.07,0.7,0.55,79.55,30.69,22.0,27.32,4.91
2006,Naic,14.32,120.77,3,21.98,1.81,0.62,1.46,73.84,34.0,23.59,29.4,3.67
2006,Naic,14.32,120.77,4,24.6,0.63,0.59,0.21,65.68,35.43,25.12,32.09,3.42
2006,Naic,14.32,120.77,5,20.56,1.58,0.66,3.74,74.04,35.82,25.89,30.76,3.41
2006,Naic,14.32,120.77,6,20.85,3.0,0.76,8.06,79.6,32.87,25.9,29.66,2.84
2006,Naic,14.32,120.77,7,12.31,2.99,0.95,18.88,87.63,28.92,25.22,27.82,4.51
2006,Naic,14.32,120.77,8,14.35,3.72,1.0,17.03,87.54,30.46,25.06,27.55,4.1
2006,Naic,14.32,120.77,9,18.09,3.39,0.98,11.99,85.37,30.29,25.2,28.11,2.74
2006,Naic,14.32,120.77,10,17.1,4.13,0.94,5.27,81.91,30.3,23.9,28.13,3.05
2006,Naic,14.32,120.77,11,17.24,3.05,0.92,1.75,84.6,30.3,24.12,27.64,3.28
2006,Naic,14.32,120.77,12,14.39,3.25,0.85,4.23,85.47,29.91,23.3,26.89,5.13
2006,Noveleta,14.43,120.88,1,15.53,3.01,0.78,2.15,83.37,29.46,21.73,26.77,3.94
2006,Noveleta,14.43,120.88,2,18.66,3.07,0.7,0.55,79.55,30.69,22.0,27.32,4.91
2006,Noveleta,14.43,120.88,3,21.98,1.81,0.62,1.46,73.84,34.0,23.59,29.4,3.67
2006,Noveleta,14.43,120.88,4,24.6,0.63,0.59,0.21,65.68,35.43,25.12,32.09,3.42
2006,Noveleta,14.43,120.88,5,20.56,1.58,0.66,3.74,74.04,35.82,25.89,30.76,3.41
2006,Noveleta,14.43,120.88,6,20.85,3.0,0.76,8.06,79.6,32.87,25.9,29.66,2.84
2006,Noveleta,14.43,120.88,7,12.31,2.99,0.95,18.88,87.63,28.92,25.22,27.82,4.51
2006,Noveleta,14.43,120.88,8,14.35,3.72,1.0,17.03,87.54,30.46,25.06,27.55,4.1
2006,Noveleta,14.43,120.88,9,18.09,3.39,0.98,11.99,85.37,30.29,25.2,28.11,2.74
2006,Noveleta,14.43,120.88,10,17.1,4.13,0.94,5.27,81.91,30.3,23.9,28.13,3.05
2006,Noveleta,14.43,120.88,11,17.24,3.05,0.92,1.75,84.6,30.3,24.12,27.64,3.28
2006,Noveleta,14.43,120.88,12,14.39,3.25,0.85,4.23,85.47,29.91,23.3,26.89,5.13
2006,Rosario,14.41,120.85,1,15.53,3.01,0.78,2.15,83.37,29.46,21.73,26.77,3.94
2006,Rosario,14.41,120.85,2,18.66,3.07,0.7,0.55,79.55,30.69,22.0,27.32,4.91
2006,Rosario,14.41,120.85,3,21.98,1.81,0.62,1.46,73.84,34.0,23.59,29.4,3.67
2006,Rosario,14.41,120.85,4,24.6,0.63,0.59,0.21,65.68,35.43,25.12,32.09,3.42
2006,Rosario,14.41,120.85,5,20.56,1.58,0.66,3.74,74.04,35.82,25.89,30.76,3.41
2006,Rosario,14.41,120.85,6,20.85,3.0,0.76,8.06,79.6,32.87,25.9,29.66,2.84
2006,Rosario,14.41,120.85,7,12.31,2.99,0.95,18.88,87.63,28.92,25.22,27.82,4.51
2006,Rosario,14.41,120.85,8,14.35,3.72,1.0,17.03,87.54,30.46,25.06,27.55,4.1
2006,Rosario,14.41,120.85,9,18.09,3.39,0.98,11.99,85.37,30.29,25.2,28.11,2.74
2006,Rosario,14.41,120.85,10,17.1,4.13,0.94,5.27,81.91,30.3,23.9,28.13,3.05
2006,Rosario,14.41,120.85,11,17.24,3.05,0.92,1.75,84.6,30.3,24.12,27.64,3.28
2006,Rosario,14.41,120.85,12,14.39,3.25,0.85,4.23,85.47,29.91,23.3,26.89,5.13
2006,Silang,14.23,120.97,1,15.53,4.42,0.95,6.2,89.7,29.36,19.56,24.68,1.5
2006,Silang,14.23,120.97,2,18.66,5.47,0.9,4.0,87.39,29.82,20.27,24.77,1.78
2006,Silang,14.23,120.97,3,21.98,4.85,0.79,4.56,85.49,32.65,20.92,25.79,1.39
2006,Silang,14.23,120.97,4,24.6,3.65,0.66,0.4,76.64,34.98,21.69,27.8,1.45
2006,Silang,14.23,120.97,5,20.56,2.89,0.67,5.52,81.11,35.76,22.88,27.87,1.34
2006,Silang,14.23,120.97,6,20.85,3.55,0.74,8.54,84.21,34.13,24.09,27.63,1.06
2006,Silang,14.23,120.97,7,12.31,3.3,0.89,8.49,89.17,31.95,23.15,26.51,1.45
2006,Silang,14.23,120.97,8,14.35,3.87,0.96,5.86,89.21,33.43,23.14,26.27,1.39
2006,Silang,14.23,120.97,9,18.09,3.74,0.94,11.91,86.51,31.83,23.25,26.69,1.03
2006,Silang,14.23,120.97,10,17.1,4.37,0.96,6.82,87.0,31.76,21.27,26.31,1.17
2006,Silang,14.23,120.97,11,17.24,3.73,0.95,5.73,89.47,30.91,21.7,26.01,1.25
2006,Silang,14.23,120.97,12,14.39,4.34,0.96,13.97,90.95,30.06,21.9,25.18,1.87
2006,Tagaytay City,14.11,120.96,1,15.53,4.42,0.95,6.2,89.7,29.36,19.56,24.68,1.5
2006,Tagaytay City,14.11,120.96,2,18.66,5.47,0.9,4.0,87.39,29.82,20.27,24.77,1.78
2006,Tagaytay City,14.11,120.96,3,21.98,4.85,0.79,4.56,85.49,32.65,20.92,25.79,1.39
2006,Tagaytay City,14.11,120.96,4,24.6,3.65,0.66,0.4,76.64,34.98,21.69,27.8,1.45
2006,Tagaytay City,14.11,120.96,5,20.56,2.89,0.67,5.52,81.11,35.76,22.88,27.87,1.34
2006,Tagaytay City,14.11,120.96,6,20.85,3.55,0.74,8.54,84.21,34.13,24.09,27.63,1.06
2006,Tagaytay City,14.11,120.96,7,12.31,3.3,0.89,8.49,89.17,31.95,23.15,26.51,1.45
2006,Tagaytay City,14.11,120.96,8,14.35,3.87,0.96,5.86,89.21,33.43,23.14,26.27,1.39
2006,Tagaytay City,14.11,120.96,9,18.09,3.74,0.94,11.91,86.51,31.83,23.25,26.69,1.03
2006,Tagaytay City,14.11,120.96,10,17.1,4.37,0.96,6.82,87.0,31.76,21.27,26.31,1.17
2006,Tagaytay City,14.11,120.96,11,17.24,3.73,0.95,5.73,89.47,30.91,21.7,26.01,1.25
2006,Tagaytay City,14.11,120.96,12,14.39,4.34,0.96,13.97,90.95,30.06,21.9,25.18,1.87
2006,Tanza,14.36,120.85,1,15.53,3.01,0.78,2.15,83.37,29.46,21.73,26.77,3.94
2006,Tanza,14.36,120.85,2,18.66,3.07,0.7,0.55,79.55,30.69,22.0,27.32,4.91
2006,Tanza,14.36,120.85,3,21.98,1.81,0.62,1.46,73.84,34.0,23.59,29.4,3.67
2006,Tanza,14.36,120.85,4,24.6,0.63,0.59,0.21,65.68,35.43,25.12,32.09,3.42
2006,Tanza,14.36,120.85,5,20.56,1.58,0.66,3.74,74.04,35.82,25.89,30.76,3.41
2006,Tanza,14.36,120.85,6,20.85,3.0,0.76,8.06,79.6,32.87,25.9,29.66,2.84
2006,Tanza,14.36,120.85,7,12.31,2.99,0.95,18.88,87.63,28.92,25.22,27.82,4.51
2006,Tanza,14.36,120.85,8,14.35,3.72,1.0,17.03,87.54,30.46,25.06,27.55,4.1
2006,Tanza,14.36,120.85,9,18.09,3.39,0.98,11.99,85.37,30.29,25.2,28.11,2.74
2006,Tanza,14.36,120.85,10,17.1,4.13,0.94,5.27,81.91,30.3,23.9,28.13,3.05
2006,Tanza,14.36,120.85,11,17.24,3.05,0.92,1.75,84.6,30.3,24.12,27.64,3.28
2006,Tanza,14.36,120.85,12,14.39,3.25,0.85,4.23,85.47,29.91,23.3,26.89,5.13
2006,Ternate,14.28,120.7,1,15.53,3.01,0.78,2.15,83.37,29.46,21.73,26.77,3.94
2006,Ternate,14.28,120.7,2,18.66,3.07,0.7,0.55,79.55,30.69,22.0,27.32,4.91
2006,Ternate,14.28,120.7,3,21.98,1.81,0.62,1.46,73.84,34.0,23.59,29.4,3.67
2006,Ternate,14.28,120.7,4,24.6,0.63,0.59,0.21,65.68,35.43,25.12,32.09,3.42
2006,Ternate,14.28,120.7,5,20.56,1.58,0.66,3.74,74.04,35.82,25.89,30.76,3.41
2006,Ternate,14.28,120.7,6,20.85,3.0,0.76,8.06,79.6,32.87,25.9,29.66,2.84
2006,Ternate,14.28,120.7,7,12.31,2.99,0.95,18.88,87.63,28.92,25.22,27.82,4.51
2006,Ternate,14.28,120.7,8,14.35,3.72,1.0,17.03,87.54,30.46,25.06,27.55,4.1
2006,Ternate,14.28,120.7,9,18.09,3.39,0.98,11.99,85.37,30.29,25.2,28.11,2.74
2006,Ternate,14.28,120.7,10,17.1,4.13,0.94,5.27,81.91,30.3,23.9,28.13,3.05
2006,Ternate,14.28,120.7,11,17.24,3.05,0.92,1.75,84.6,30.3,24.12,27.64,3.28
2006,Ternate,14.28,120.7,12,14.39,3.25,0.85,4.23,85.47,29.91,23.3,26.89,5.13
2006,Trece Martires City,14.28,120.86,1,15.53,3.01,0.78,2.15,83.37,29.46,21.73,26.77,3.94
2006,Trece Martires City,14.28,120.86,2,18.66,3.07,0.7,0.55,79.55,30.69,22.0,27.32,4.91
2006,Trece Martires City,14.28,120.86,3,21.98,1.81,0.62,1.46,73.84,34.0,23.59,29.4,3.67
2006,Trece Martires City,14.28,120.86,4,24.6,0.63,0.59,0.21,65.68,35.43,25.12,32.09,3.42
2006,Trece Martires City,14.28,120.86,5,20.56,1.58,0.66,3.74,74.04,35.82,25.89,30.76,3.41
2006,Trece Martires City,14.28,120.86,6,20.85,3.0,0.76,8.06,79.6,32.87,25.9,29.66,2.84
2006,Trece Martires City,14.28,120.86,7,12.31,2.99,0.95,18.88,87.63,28.92,25.22,27.82,4.51
2006,Trece Martires City,14.28,120.86,8,14.35,3.72,1.0,17.03,87.54,30.46,25.06,27.55,4.1
2006,Trece Martires City,14.28,120.86,9,18.09,3.39,0.98,11.99,85.37,30.29,25.2,28.11,2.74
2006,Trece Martires City,14.28,120.86,10,17.1,4.13,0.94,5.27,81.91,30.3,23.9,28.13,3.05
2006,Trece Martires City,14.28,120.86,11,17.24,3.05,0.92,1.75,84.6,30.3,24.12,27.64,3.28
2006,Trece Martires City,14.28,120.86,12,14.39,3.25,0.85,4.23,85.47,29.91,23.3,26.89,5.13
2007,Alfonso,14.14,120.85,1,16.2,4.53,0.7,1.05,83.8,29.19,21.49,26.07,4.65
2007,Alfonso,14.14,120.85,2,20.45,2.74,0.55,0.33,79.67,30.54,21.46,26.25,3.95
2007,Alfonso,14.14,120.85,3,22.37,1.32,0.47,0.51,73.72,32.61,23.1,27.86,3.66
2007,Alfonso,14.14,120.85,4,23.91,0.56,0.45,0.37,69.88,34.91,24.85,29.74,3.12
2007,Alfonso,14.14,120.85,5,21.06,2.04,0.49,4.75,76.02,34.57,25.97,29.71,2.53
2007,Alfonso,14.14,120.85,6,19.64,2.92,0.61,5.71,79.86,32.9,26.51,29.54,2.2
2007,Alfonso,14.14,120.85,7,19.22,3.69,0.75,6.26,83.07,31.21,26.2,28.86,2.62
2007,Alfonso,14.14,120.85,8,13.51,3.97,0.91,16.58,85.94,29.82,25.12,28.14,3.61
2007,Alfonso,14.14,120.85,9,15.98,3.47,0.97,13.84,87.52,29.93,25.43,27.84,3.24
2007,Alfonso,14.14,120.85,10,15.57,4.29,0.97,7.19,86.18,29.88,25.05,27.62,3.66
2007,Alfonso,14.14,120.85,11,13.82,4.37,0.94,9.1,85.87,30.08,22.95,27.11,4.2
2007,Alfonso,14.14,120.85,12,15.5,4.72,0.89,2.61,87.44,29.13,22.61,26.3,4.49
2007,Amadeo,14.17,120.92,1,16.2,4.53,0.7,1.05,83.8,29.19,21.49,26.07,4.65
2007,Amadeo,14.17,120.92,2,20.45,2.74,0.55,0.33,79.67,30.54,21.46,26.25,3.95
2007,Amadeo,14.17,120.92,3,22.37,1.32,0.47,0.51,73.72,32.61,23.1,27.86,3.66
2007,Amadeo,14.17,120.92,4,23.91,0.56,0.45,0.37,69.88,34.91,24.85,29.74,3.12
2007,Amadeo,14.17,120.92,5,21.06,2.04,0.49,4.75,76.02,34.57,25.97,29.71,2.53
2007,Amadeo,14.17,120.92,6,19.64,2.92,0.61,5.71,79.86,32.9,26.51,29.54,2.2
2007,Amadeo,14.17,120.92,7,19.22,3.69,0.75,6.26,83.07,31.21,26.2,28.86,2.62
2007,Amadeo,14.17,120.92,8,13.51,3.97,0.91,16.58,85.94,29.82,25.12,28.14,3.61
2007,Amadeo,14.17,120.92,9,15.98,3.47,0.97,13.84,87.52,29.93,25.43,27.84,3.24
2007,Amadeo,14.17,120.92,10,15.57,4.29,0.97,7.19,86.18,29.88,25.05,27.62,3.66
2007,Amadeo,14.17,120.92,11,13.82,4.37,0.94,9.1,85.87,30.08,22.95,27.11,4.2
2007,Amadeo,14.17,120.92,12,15.5,4.72,0.89,2.61,87.44,29.13,22.61,26.3,4.49
2007,Bacoor City,14.46,120.94,1,16.2,4.85,0.88,4.21,86.52,30.07,18.5,24.37,1.82
2007,Bacoor City,14.46,120.94,2,20.45,3.76,0.76,1.61,82.15,31.42,18.35,24.74,1.63
2007,Bacoor City,14.46,120.94,3,22.37,2.96,0.68,1.9,77.75,33.73,20.48,26.36,1.64
2007,Bacoor City,14.46,120.94,4,23.91,2.3,0.64,2.36,72.91,37.68,22.13,28.61,1.47
2007,Bacoor City,14.46,120.94,5,21.06,2.84,0.68,4.91,78.09,36.24,22.63,28.44,1.08
2007,Bacoor City,14.46,120.94,6,19.64,3.06,0.73,5.84,82.8,35.17,24.08,27.87,0.96
2007,Bacoor City,14.46,120.94,7,19.22,3.64,0.86,5.58,84.67,32.79,23.66,27.28,1.01
2007,Bacoor City,14.46,120.94,8,13.51,3.8,0.91,10.26,87.33,32.98,22.84,26.59,1.31
2007,Bacoor City,14.46,120.94,9,15.98,3.39,0.94,9.23,89.4,31.83,23.09,26.35,1.18
2007,Bacoor City,14.46,120.94,10,15.57,4.38,0.97,9.16,89.46,29.9,22.56,25.92,1.42
2007,Bacoor City,14.46,120.94,11,13.82,4.56,0.98,16.12,89.62,30.02,19.86,25.15,1.63
2007,Bacoor City,14.46,120.94,12,15.5,4.76,0.96,10.08,89.94,29.76,19.83,24.74,1.76
2007,Carmona,14.31,121.05,1,13.42,4.85,0.88,4.21,86.52,30.07,18.5,24.37,1.82
2007,Carmona,14.31,121.05,2,17.63,3.76,0.76,1.61,82.15,31.42,18.35,24.74,1.63
2007,Carmona,14.31,121.05,3,20.35,2.96,0.68,1.9,77.75,33.73,20.48,26.36,1.64
2007,Carmona,14.31,121.05,4,21.7,2.3,0.64,2.36,72.91,37.68,22.13,28.61,1.47
2007,Carmona,14.31,121.05,5,20.65,2.84,0.68,4.91,78.09,36.24,22.63,28.44,1.08
2007,Carmona,14.31,121.05,6,18.79,3.06,0.73,5.84,82.8,35.17,24.08,27.87,0.96
2007,Carmona,14.31,121.05,7,18.94,3.64,0.86,5.58,84.67,32.79,23.66,27.28,1.01
2007,Carmona,14.31,121.05,8,15.22,3.8,0.91,10.26,87.33,32.98,22.84,26.59,1.31
2007,Carmona,14.31,121.05,9,16.46,3.39,0.94,9.23,89.4,31.83,23.09,26.35,1.18
2007,Carmona,14.31,121.05,10,13.8,4.38,0.97,9.16,89.46,29.9,22.56,25.92,1.42
2007,Carmona,14.31,121.05,11,12.18,4.56,0.98,16.12,89.62,30.02,19.86,25.15,1.63
2007,Carmona,14.31,121.05,12,11.64,4.76,0.96,10.08,89.94,29.76,19.83,24.74,1.76
2007,Cavite City,14.48,120.9,1,16.2,2.97,0.73,0.62,80.61,30.32,20.64,26.88,4.87
2007,Cavite City,14.48,120.9,2,20.45,1.47,0.62,0.23,74.27,32.85,20.68,28.04,4.16
2007,Cavite City,14.48,120.9,3,22.37,0.51,0.59,0.42,69.19,34.05,22.98,30.17,4.1
2007,Cavite City,14.48,120.9,4,23.91,0.38,0.59,0.38,67.01,34.93,24.52,32.09,3.68
2007,Cavite City,14.48,120.9,5,21.06,1.58,0.64,5.19,74.96,34.77,25.7,30.9,2.88
2007,Cavite City,14.48,120.9,6,19.64,2.57,0.77,3.2,79.83,32.64,26.42,29.96,2.34
2007,Cavite City,14.48,120.9,7,19.22,3.23,0.89,8.6,82.47,31.5,25.97,29.11,2.86
2007,Cavite City,14.48,120.9,8,13.51,3.65,0.97,25.52,85.46,30.26,24.87,28.13,4.13
2007,Cavite City,14.48,120.9,9,15.98,3.25,0.99,19.93,86.89,30.32,25.01,27.96,3.53
2007,Cavite City,14.48,120.9,10,15.57,3.84,0.97,7.67,85.31,30.19,24.3,27.75,3.83
2007,Cavite City,14.48,120.9,11,13.82,3.62,0.94,7.71,85.02,30.4,21.51,27.12,4.4
2007,Cavite City,14.48,120.9,12,15.5,3.66,0.89,1.74,86.16,29.38,21.45,26.47,4.59
2007,Dasmarinas City,14.33,120.93,1,16.2,2.97,0.73,0.62,80.61,30.32,20.64,26.88,4.87
2007,Dasmarinas City,14.33,120.93,2,20.45,1.47,0.62,0.23,74.27,32.85,20.68,28.04,4.16
2007,Dasmarinas City,14.33,120.93,3,22.37,0.51,0.59,0.42,69.19,34.05,22.98,30.17,4.1
2007,Dasmarinas City,14.33,120.93,4,23.91,0.38,0.59,0.38,67.01,34.93,24.52,32.09,3.68
2007,Dasmarinas City,14.33,120.93,5,21.06,1.58,0.64,5.19,74.96,34.77,25.7,30.9,2.88
2007,Dasmarinas City,14.33,120.93,6,19.64,2.57,0.77,3.2,79.83,32.64,26.42,29.96,2.34
2007,Dasmarinas City,14.33,120.93,7,19.22,3.23,0.89,8.6,82.47,31.5,25.97,29.11,2.86
2007,Dasmarinas City,14.33,120.93,8,13.51,3.65,0.97,25.52,85.46,30.26,24.87,28.13,4.13
2007,Dasmarinas City,14.33,120.93,9,15.98,3.25,0.99,19.93,86.89,30.32,25.01,27.96,3.53
2007,Dasmarinas City,14.33,120.93,10,15.57,3.84,0.97,7.67,85.31,30.19,24.3,27.75,3.83
2007,Dasmarinas City,14.33,120.93,11,13.82,3.62,0.94,7.71,85.02,30.4,21.51,27.12,4.4
2007,Dasmarinas City,14.33,120.93,12,15.5,3.66,0.89,1.74,86.16,29.38,21.45,26.47,4.59
2007,General Emilio Aguinaldo,14.18,120.79,1,16.2,4.53,0.7,1.05,83.8,29.19,21.49,26.07,4.65
2007,General Emilio Aguinaldo,14.18,120.79,2,20.45,2.74,0.55,0.33,79.67,30.54,21.46,26.25,3.95
2007,General Emilio Aguinaldo,14.18,120.79,3,22.37,1.32,0.47,0.51,73.72,32.61,23.1,27.86,3.66
2007,General Emilio Aguinaldo,14.18,120.79,4,23.91,0.56,0.45,0.37,69.88,34.91,24.85,29.74,3.12
2007,General Emilio Aguinaldo,14.18,120.79,5,21.06,2.04,0.49,4.75,76.02,34.57,25.97,29.71,2.53
2007,General Emilio Aguinaldo,14.18,120.79,6,19.64,2.92,0.61,5.71,79.86,32.9,26.51,29.54,2.2
2007,General Emilio Aguinaldo,14.18,120.79,7,19.22,3.69,0.75,6.26,83.07,31.21,26.2,28.86,2.62
2007,General Emilio Aguinaldo,14.18,120.79,8,13.51,3.97,0.91,16.58,85.94,29.82,25.12,28.14,3.61
2007,General Emilio Aguinaldo,14.18,120.79,9,15.98,3.47,0.97,13.84,87.52,29.93,25.43,27.84,3.24
2007,General Emilio Aguinaldo,14.18,120.79,10,15.57,4.29,0.97,7.19,86.18,29.88,25.05,27.62,3.66
2007,General Emilio Aguinaldo,14.18,120.79,11,13.82,4.37,0.94,9.1,85.87,30.08,22.95,27.11,4.2
2007,General Emilio Aguinaldo,14.18,120.79,12,15.5,4.72,0.89,2.61,87.44,29.13,22.61,26.3,4.49
2007,General Mariano Alvarez,14.3,121.0,1,13.42,4.85,0.88,4.21,86.52,30.07,18.5,24.37,1.82
2007,General Mariano Alvarez,14.3,121.0,2,17.63,3.76,0.76,1.61,82.15,31.42,18.35,24.74,1.63
2007,General Mariano Alvarez,14.3,121.0,3,20.35,2.96,0.68,1.9,77.75,33.73,20.48,26.36,1.64
2007,General Mariano Alvarez,14.3,121.0,4,21.7,2.3,0.64,2.36,72.91,37.68,22.13,28.61,1.47
2007,General Mariano Alvarez,14.3,121.0,5,20.65,2.84,0.68,4.91,78.09,36.24,22.63,28.44,1.08
2007,General Mariano Alvarez,14.3,121.0,6,18.79,3.06,0.73,5.84,82.8,35.17,24.08,27.87,0.96
2007,General Mariano Alvarez,14.3,121.0,7,18.94,3.64,0.86,5.58,84.67,32.79,23.66,27.28,1.01
2007,General Mariano Alvarez,14.3,121.0,8,15.22,3.8,0.91,10.26,87.33,32.98,22.84,26.59,1.31
2007,General Mariano Alvarez,14.3,121.0,9,16.46,3.39,0.94,9.23,89.4,31.83,23.09,26.35,1.18
2007,General Mariano Alvarez,14.3,121.0,10,13.8,4.38,0.97,9.16,89.46,29.9,22.56,25.92,1.42
2007,General Mariano Alvarez,14.3,121.0,11,12.18,4.56,0.98,16.12,89.62,30.02,19.86,25.15,1.63
2007,General Mariano Alvarez,14.3,121.0,12,11.64,4.76,0.96,10.08,89.94,29.76,19.83,24.74,1.76
2007,General Trias,14.38,120.88,1,16.2,2.97,0.73,0.62,80.61,30.32,20.64,26.88,4.87
2007,General Trias,14.38,120.88,2,20.45,1.47,0.62,0.23,74.27,32.85,20.68,28.04,4.16
2007,General Trias,14.38,120.88,3,22.37,0.51,0.59,0.42,69.19,34.05,22.98,30.17,4.1
2007,General Trias,14.38,120.88,4,23.91,0.38,0.59,0.38,67.01,34.93,24.52,32.09,3.68
2007,General Trias,14.38,120.88,5,21.06,1.58,0.64,5.19,74.96,34.77,25.7,30.9,2.88
2007,General Trias,14.38,120.88,6,19.64,2.57,0.77,3.2,79.83,32.64,26.42,29.96,2.34
2007,General Trias,14.38,120.88,7,19.22,3.23,0.89,8.6,82.47,31.5,25.97,29.11,2.86
2007,General Trias,14.38,120.88,8,13.51,3.65,0.97,25.52,85.46,30.26,24.87,28.13,4.13
2007,General Trias,14.38,120.88,9,15.98,3.25,0.99,19.93,86.89,30.32,25.01,27.96,3.53
2007,General Trias,14.38,120.88,10,15.57,3.84,0.97,7.67,85.31,30.19,24.3,27.75,3.83
2007,General Trias,14.38,120.88,11,13.82,3.62,0.94,7.71,85.02,30.4,21.51,27.12,4.4
2007,General Trias,14.38,120.88,12,15.5,3.66,0.89,1.74,86.16,29.38,21.45,26.47,4.59
2007,Imus City,14.43,120.93,1,16.2,2.97,0.73,0.62,80.61,30.32,20.64,26.88,4.87
2007,Imus City,14.43,120.93,2,20.45,1.47,0.62,0.23,74.27,32.85,20.68,28.04,4.16
2007,Imus City,14.43,120.93,3,22.37,0.51,0.59,0.42,69.19,34.05,22.98,30.17,4.1
2007,Imus City,14.43,120.93,4,23.91,0.38,0.59,0.38,67.01,34.93,24.52,32.09,3.68
2007,Imus City,14.43,120.93,5,21.06,1.58,0.64,5.19,74.96,34.77,25.7,30.9,2.88
2007,Imus City,14.43,120.93,6,19.64,2.57,0.77,3.2,79.83,32.64,26.42,29.96,2.34
2007,Imus City,14.43,120.93,7,19.22,3.23,0.89,8.6,82.47,31.5,25.97,29.11,2.86
2007,Imus City,14.43,120.93,8,13.51,3.65,0.97,25.52,85.46,30.26,24.87,28.13,4.13
2007,Imus City,14.43,120.93,9,15.98,3.25,0.99,19.93,86.89,30.32,25.01,27.96,3.53
2007,Imus City,14.43,120.93,10,15.57,3.84,0.97,7.67,85.31,30.19,24.3,27.75,3.83
2007,Imus City,14.43,120.93,11,13.82,3.62,0.94,7.71,85.02,30.4,21.51,27.12,4.4
2007,Imus City,14.43,120.93,12,15.5,3.66,0.89,1.74,86.16,29.38,21.45,26.47,4.59
2007,Indang,14.19,120.87,1,16.2,4.53,0.7,1.05,83.8,29.19,21.49,26.07,4.65
2007,Indang,14.19,120.87,2,20.45,2.74,0.55,0.33,79.67,30.54,21.46,26.25,3.95
2007,Indang,14.19,120.87,3,22.37,1.32,0.47,0.51,73.72,32.61,23.1,27.86,3.66
2007,Indang,14.19,120.87,4,23.91,0.56,0.45,0.37,69.88,34.91,24.85,29.74,3.12
2007,Indang,14.19,120.87,5,21.06,2.04,0.49,4.75,76.02,34.57,25.97,29.71,2.53
2007,Indang,14.19,120.87,6,19.64,2.92,0.61,5.71,79.86,32.9,26.51,29.54,2.2
2007,Indang,14.19,120.87,7,19.22,3.69,0.75,6.26,83.07,31.21,26.2,28.86,2.62
2007,Indang,14.19,120.87,8,13.51,3.97,0.91,16.58,85.94,29.82,25.12,28.14,3.61
2007,Indang,14.19,120.87,9,15.98,3.47,0.97,13.84,87.52,29.93,25.43,27.84,3.24
2007,Indang,14.19,120.87,10,15.57,4.29,0.97,7.19,86.18,29.88,25.05,27.62,3.66
2007,Indang,14.19,120.87,11,13.82,4.37,0.94,9.1,85.87,30.08,22.95,27.11,4.2
2007,Indang,14.19,120.87,12,15.5,4.72,0.89,2.61,87.44,29.13,22.61,26.3,4.49
2007,Kawit,14.44,120.9,1,16.2,2.97,0.73,0.62,80.61,30.32,20.64,26.88,4.87
2007,Kawit,14.44,120.9,2,20.45,1.47,0.62,0.23,74.27,32.85,20.68,28.04,4.16
2007,Kawit,14.44,120.9,3,22.37,0.51,0.59,0.42,69.19,34.05,22.98,30.17,4.1
2007,Kawit,14.44,120.9,4,23.91,0.38,0.59,0.38,67.01,34.93,24.52,32.09,3.68
2007,Kawit,14.44,120.9,5,21.06,1.58,0.64,5.19,74.96,34.77,25.7,30.9,2.88
2007,Kawit,14.44,120.9,6,19.64,2.57,0.77,3.2,79.83,32.64,26.42,29.96,2.34
2007,Kawit,14.44,120.9,7,19.22,3.23,0.89,8.6,82.47,31.5,25.97,29.11,2.86
2007,Kawit,14.44,120.9,8,13.51,3.65,0.97,25.52,85.46,30.26,24.87,28.13,4.13
2007,Kawit,14.44,120.9,9,15.98,3.25,0.99,19.93,86.89,30.32,25.01,27.96,3.53
2007,Kawit,14.44,120.9,10,15.57,3.84,0.97,7.67,85.31,30.19,24.3,27.75,3.83
2007,Kawit,14.44,120.9,11,13.82,3.62,0.94,7.71,85.02,30.4,21.51,27.12,4.4
2007,Kawit,14.44,120.9,12,15.5,3.66,0.89,1.74,86.16,29.38,21.45,26.47,4.59
2007,Magallanes,14.19,120.73,1,16.2,4.53,0.7,1.05,83.8,29.19,21.49,26.07,4.65
2007,Magallanes,14.19,120.73,2,20.45,2.74,0.55,0.33,79.67,30.54,21.46,26.25,3.95
2007,Magallanes,14.19,120.73,3,22.37,1.32,0.47,0.51,73.72,32.61,23.1,27.86,3.66
2007,Magallanes,14.19,120.73,4,23.91,0.56,0.45,0.37,69.88,34.91,24.85,29.74,3.12
2007,Magallanes,14.19,120.73,5,21.06,2.04,0.49,4.75,76.02,34.57,25.97,29.71,2.53
2007,Magallanes,14.19,120.73,6,19.64,2.92,0.61,5.71,79.86,32.9,26.51,29.54,2.2
2007,Magallanes,14.19,120.73,7,19.22,3.69,0.75,6.26,83.07,31.21,26.2,28.86,2.62
2007,Magallanes,14.19,120.73,8,13.51,3.97,0.91,16.58,85.94,29.82,25.12,28.14,3.61
2007,Magallanes,14.19,120.73,9,15.98,3.47,0.97,13.84,87.52,29.93,25.43,27.84,3.24
2007,Magallanes,14.19,120.73,10,15.57,4.29,0.97,7.19,86.18,29.88,25.05,27.62,3.66
2007,Magallanes,14.19,120.73,11,13.82,4.37,0.94,9.1,85.87,30.08,22.95,27.11,4.2
2007,Magallanes,14.19,120.73,12,15.5,4.72,0.89,2.61,87.44,29.13,22.61,26.3,4.49
2007,Maragondon,14.27,120.73,1,16.2,2.97,0.73,0.62,80.61,30.32,20.64,26.88,4.87
2007,Maragondon,14.27,120.73,2,20.45,1.47,0.62,0.23,74.27,32.85,20.68,28.04,4.16
2007,Maragondon,14.27,120.73,3,22.37,0.51,0.59,0.42,69.19,34.05,22.98,30.17,4.1
2007,Maragondon,14.27,120.73,4,23.91,0.38,0.59,0.38,67.01,34.93,24.52,32.09,3.68
2007,Maragondon,14.27,120.73,5,21.06,1.58,0.64,5.19,74.96,34.77,25.7,30.9,2.88
2007,Maragondon,14.27,120.73,6,19.64,2.57,0.77,3.2,79.83,32.64,26.42,29.96,2.34
2007,Maragondon,14.27,120.73,7,19.22,3.23,0.89,8.6,82.47,31.5,25.97,29.11,2.86
2007,Maragondon,14.27,120.73,8,13.51,3.65,0.97,25.52,85.46,30.26,24.87,28.13,4.13
2007,Maragondon,14.27,120.73,9,15.98,3.25,0.99,19.93,86.89,30.32,25.01,27.96,3.53
2007,Maragondon,14.27,120.73,10,15.57,3.84,0.97,7.67,85.31,30.19,24.3,27.75,3.83
2007,Maragondon,14.27,120.73,11,13.82,3.62,0.94,7.71,85.02,30.4,21.51,27.12,4.4
2007,Maragondon,14.27,120.73,12,15.5,3.66,0.89,1.74,86.16,29.38,21.45,26.47,4.59
2007,Mendez,14.13,120.9,1,16.2,4.53,0.7,1.05,83.8,29.19,21.49,26.07,4.65
2007,Mendez,14.13,120.9,2,20.45,2.74,0.55,0.33,79.67,30.54,21.46,26.25,3.95
2007,Mendez,14.13,120.9,3,22.37,1.32,0.47,0.51,73.72,32.61,23.1,27.86,3.66
2007,Mendez,14.13,120.9,4,23.91,0.56,0.45,0.37,69.88,34.91,24.85,29.74,3.12
2007,Mendez,14.13,120.9,5,21.06,2.04,0.49,4.75,76.02,34.57,25.97,29.71,2.53
2007,Mendez,14.13,120.9,6,19.64,2.92,0.61,5.71,79.86,32.9,26.51,29.54,2.2
2007,Mendez,14.13,120.9,7,19.22,3.69,0.75,6.26,83.07,31.21,26.2,28.86,2.62
2007,Mendez,14.13,120.9,8,13.51,3.97,0.91,16.58,85.94,29.82,25.12,28.14,3.61
2007,Mendez,14.13,120.9,9,15.98,3.47,0.97,13.84,87.52,29.93,25.43,27.84,3.24
2007,Mendez,14.13,120.9,10,15.57,4.29,0.97,7.19,86.18,29.88,25.05,27.62,3.66
2007,Mendez,14.13,120.9,11,13.82,4.37,0.94,9.1,85.87,30.08,22.95,27.11,4.2
2007,Mendez,14.13,120.9,12,15.5,4.72,0.89,2.61,87.44,29.13,22.61,26.3,4.49
2007,Naic,14.32,120.77,1,16.2,2.97,0.73,0.62,80.61,30.32,20.64,26.88,4.87
2007,Naic,14.32,120.77,2,20.45,1.47,0.62,0.23,74.27,32.85,20.68,28.04,4.16
2007,Naic,14.32,120.77,3,22.37,0.51,0.59,0.42,69.19,34.05,22.98,30.17,4.1
2007,Naic,14.32,120.77,4,23.91,0.38,0.59,0.38,67.01,34.93,24.52,32.09,3.68
2007,Naic,14.32,120.77,5,21.06,1.58,0.64,5.19,74.96,34.77,25.7,30.9,2.88
2007,Naic,14.32,120.77,6,19.64,2.57,0.77,3.2,79.83,32.64,26.42,29.96,2.34
2007,Naic,14.32,120.77,7,19.22,3.23,0.89,8.6,82.47,31.5,25.97,29.11,2.86
2007,Naic,14.32,120.77,8,13.51,3.65,0.97,25.52,85.46,30.26,24.87,28.13,4.13
2007,Naic,14.32,120.77,9,15.98,3.25,0.99,19.93,86.89,30.32,25.01,27.96,3.53
2007,Naic,14.32,120.77,10,15.57,3.84,0.97,7.67,85.31,30.19,24.3,27.75,3.83
2007,Naic,14.32,120.77,11,13.82,3.62,0.94,7.71,85.02,30.4,21.51,27.12,4.4
2007,Naic,14.32,120.77,12,15.5,3.66,0.89,1.74,86.16,29.38,21.45,26.47,4.59
2007,Noveleta,14.43,120.88,1,16.2,2.97,0.73,0.62,80.61,30.32,20.64,26.88,4.87
2007,Noveleta,14.43,120.88,2,20.45,1.47,0.62,0.23,74.27,32.85,20.68,28.04,4.16
2007,Noveleta,14.43,120.88,3,22.37,0.51,0.59,0.42,69.19,34.05,22.98,30.17,4.1
2007,Noveleta,14.43,120.88,4,23.91,0.38,0.59,0.38,67.01,34.93,24.52,32.09,3.68
2007,Noveleta,14.43,120.88,5,21.06,1.58,0.64,5.19,74.96,34.77,25.7,30.9,2.88
2007,Noveleta,14.43,120.88,6,19.64,2.57,0.77,3.2,79.83,32.64,26.42,29.96,2.34
2007,Noveleta,14.43,120.88,7,19.22,3.23,0.89,8.6,82.47,31.5,25.97,29.11,2.86
2007,Noveleta,14.43,120.88,8,13.51,3.65,0.97,25.52,85.46,30.26,24.87,28.13,4.13
2007,Noveleta,14.43,120.88,9,15.98,3.25,0.99,19.93,86.89,30.32,25.01,27.96,3.53
2007,Noveleta,14.43,120.88,10,15.57,3.84,0.97,7.67,85.31,30.19,24.3,27.75,3.83
2007,Noveleta,14.43,120.88,11,13.82,3.62,0.94,7.71,85.02,30.4,21.51,27.12,4.4
2007,Noveleta,14.43,120.88,12,15.5,3.66,0.89,1.74,86.16,29.38,21.45,26.47,4.59
2007,Rosario,14.41,120.85,1,16.2,2.97,0.73,0.62,80.61,30.32,20.64,26.88,4.87
2007,Rosario,14.41,120.85,2,20.45,1.47,0.62,0.23,74.27,32.85,20.68,28.04,4.16
2007,Rosario,14.41,120.85,3,22.37,0.51,0.59,0.42,69.19,34.05,22.98,30.17,4.1
2007,Rosario,14.41,120.85,4,23.91,0.38,0.59,0.38,67.01,34.93,24.52,32.09,3.68
2007,Rosario,14.41,120.85,5,21.06,1.58,0.64,5.19,74.96,34.77,25.7,30.9,2.88
2007,Rosario,14.41,120.85,6,19.64,2.57,0.77,3.2,79.83,32.64,26.42,29.96,2.34
2007,Rosario,14.41,120.85,7,19.22,3.23,0.89,8.6,82.47,31.5,25.97,29.11,2.86
2007,Rosario,14.41,120.85,8,13.51,3.65,0.97,25.52,85.46,30.26,24.87,28.13,4.13
2007,Rosario,14.41,120.85,9,15.98,3.25,0.99,19.93,86.89,30.32,25.01,27.96,3.53
2007,Rosario,14.41,120.85,10,15.57,3.84,0.97,7.67,85.31,30.19,24.3,27.75,3.83
2007,Rosario,14.41,120.85,11,13.82,3.62,0.94,7.71,85.02,30.4,21.51,27.12,4.4
2007,Rosario,14.41,120.85,12,15.5,3.66,0.89,1.74,86.16,29.38,21.45,26.47,4.59
2007,Silang,14.23,120.97,1,16.2,4.94,0.91,4.67,88.29,29.81,18.42,24.37,1.76
2007,Silang,14.23,120.97,2,20.45,4.58,0.79,1.69,85.25,30.8,18.29,24.39,1.54
2007,Silang,14.23,120.97,3,22.37,3.45,0.66,1.34,79.11,33.66,19.85,26.25,1.59
2007,Silang,14.23,120.97,4,23.91,2.01,0.59,1.92,72.39,37.44,22.14,28.74,1.46
2007,Silang,14.23,120.97,5,21.06,3.02,0.64,5.25,77.54,36.68,22.75,28.7,1.08
2007,Silang,14.23,120.97,6,19.64,3.02,0.71,6.79,83.59,36.08,23.99,27.92,1.0
2007,Silang,14.23,120.97,7,19.22,3.59,0.85,5.49,85.25,32.19,23.99,27.41,0.99
2007,Silang,14.23,120.97,8,13.51,3.63,0.89,7.79,86.62,32.42,23.13,26.8,1.24
2007,Silang,14.23,120.97,9,15.98,3.27,0.93,8.61,89.48,32.36,23.17,26.54,1.18
2007,Silang,14.23,120.97,10,15.57,3.94,0.98,9.51,90.33,30.08,22.85,26.07,1.4
2007,Silang,14.23,120.97,11,13.82,4.11,0.98,16.01,90.56,30.25,20.59,25.39,1.58
2007,Silang,14.23,120.97,12,15.5,4.45,0.97,10.65,91.07,29.89,20.41,24.91,1.74
2007,Tagaytay City,14.11,120.96,1,16.2,4.94,0.91,4.67,88.29,29.81,18.42,24.37,1.76
2007,Tagaytay City,14.11,120.96,2,20.45,4.58,0.79,1.69,85.25,30.8,18.29,24.39,1.54
2007,Tagaytay City,14.11,120.96,3,22.37,3.45,0.66,1.34,79.11,33.66,19.85,26.25,1.59
2007,Tagaytay City,14.11,120.96,4,23.91,2.01,0.59,1.92,72.39,37.44,22.14,28.74,1.46
2007,Tagaytay City,14.11,120.96,5,21.06,3.02,0.64,5.25,77.54,36.68,22.75,28.7,1.08
2007,Tagaytay City,14.11,120.96,6,19.64,3.02,0.71,6.79,83.59,36.08,23.99,27.92,1.0
2007,Tagaytay City,14.11,120.96,7,19.22,3.59,0.85,5.49,85.25,32.19,23.99,27.41,0.99
2007,Tagaytay City,14.11,120.96,8,13.51,3.63,0.89,7.79,86.62,32.42,23.13,26.8,1.24
2007,Tagaytay City,14.11,120.96,9,15.98,3.27,0.93,8.61,89.48,32.36,23.17,26.54,1.18
2007,Tagaytay City,14.11,120.96,10,15.57,3.94,0.98,9.51,90.33,30.08,22.85,26.07,1.4
2007,Tagaytay City,14.11,120.96,11,13.82,4.11,0.98,16.01,90.56,30.25,20.59,25.39,1.58
2007,Tagaytay City,14.11,120.96,12,15.5,4.45,0.97,10.65,91.07,29.89,20.41,24.91,1.74
2007,Tanza,14.36,120.85,1,16.2,2.97,0.73,0.62,80.61,30.32,20.64,26.88,4.87
2007,Tanza,14.36,120.85,2,20.45,1.47,0.62,0.23,74.27,32.85,20.68,28.04,4.16
2007,Tanza,14.36,120.85,3,22.37,0.51,0.59,0.42,69.19,34.05,22.98,30.17,4.1
2007,Tanza,14.36,120.85,4,23.91,0.38,0.59,0.38,67.01,34.93,24.52,32.09,3.68
2007,Tanza,14.36,120.85,5,21.06,1.58,0.64,5.19,74.96,34.77,25.7,30.9,2.88
2007,Tanza,14.36,120.85,6,19.64,2.57,0.77,3.2,79.83,32.64,26.42,29.96,2.34
2007,Tanza,14.36,120.85,7,19.22,3.23,0.89,8.6,82.47,31.5,25.97,29.11,2.86
2007,Tanza,14.36,120.85,8,13.51,3.65,0.97,25.52,85.46,30.26,24.87,28.13,4.13
2007,Tanza,14.36,120.85,9,15.98,3.25,0.99,19.93,86.89,30.32,25.01,27.96,3.53
2007,Tanza,14.36,120.85,10,15.57,3.84,0.97,7.67,85.31,30.19,24.3,27.75,3.83
2007,Tanza,14.36,120.85,11,13.82,3.62,0.94,7.71,85.02,30.4,21.51,27.12,4.4
2007,Tanza,14.36,120.85,12,15.5,3.66,0.89,1.74,86.16,29.38,21.45,26.47,4.59
2007,Ternate,14.28,120.7,1,16.2,2.97,0.73,0.62,80.61,30.32,20.64,26.88,4.87
2007,Ternate,14.28,120.7,2,20.45,1.47,0.62,0.23,74.27,32.85,20.68,28.04,4.16
2007,Ternate,14.28,120.7,3,22.37,0.51,0.59,0.42,69.19,34.05,22.98,30.17,4.1
2007,Ternate,14.28,120.7,4,23.91,0.38,0.59,0.38,67.01,34.93,24.52,32.09,3.68
2007,Ternate,14.28,120.7,5,21.06,1.58,0.64,5.19,74.96,34.77,25.7,30.9,2.88
2007,Ternate,14.28,120.7,6,19.64,2.57,0.77,3.2,79.83,32.64,26.42,29.96,2.34
2007,Ternate,14.28,120.7,7,19.22,3.23,0.89,8.6,82.47,31.5,25.97,29.11,2.86
2007,Ternate,14.28,120.7,8,13.51,3.65,0.97,25.52,85.46,30.26,24.87,28.13,4.13
2007,Ternate,14.28,120.7,9,15.98,3.25,0.99,19.93,86.89,30.32,25.01,27.96,3.53
2007,Ternate,14.28,120.7,10,15.57,3.84,0.97,7.67,85.31,30.19,24.3,27.75,3.83
2007,Ternate,14.28,120.7,11,13.82,3.62,0.94,7.71,85.02,30.4,21.51,27.12,4.4
2007,Ternate,14.28,120.7,12,15.5,3.66,0.89,1.74,86.16,29.38,21.45,26.47,4.59
2007,Trece Martires City,14.28,120.86,1,16.2,2.97,0.73,0.62,80.61,30.32,20.64,26.88,4.87
2007,Trece Martires City,14.28,120.86,2,20.45,1.47,0.62,0.23,74.27,32.85,20.68,28.04,4.16
2007,Trece Martires City,14.28,120.86,3,22.37,0.51,0.59,0.42,69.19,34.05,22.98,30.17,4.1
2007,Trece Martires City,14.28,120.86,4,23.91,0.38,0.59,0.38,67.01,34.93,24.52,32.09,3.68
2007,Trece Martires City,14.28,120.86,5,21.06,1.58,0.64,5.19,74.96,34.77,25.7,30.9,2.88
2007,Trece Martires City,14.28,120.86,6,19.64,2.57,0.77,3.2,79.83,32.64,26.42,29.96,2.34
2007,Trece Martires City,14.28,120.86,7,19.22,3.23,0.89,8.6,82.47,31.5,25.97,29.11,2.86
2007,Trece Martires City,14.28,120.86,8,13.51,3.65,0.97,25.52,85.46,30.26,24.87,28.13,4.13
2007,Trece Martires City,14.28,120.86,9,15.98,3.25,0.99,19.93,86.89,30.32,25.01,27.96,3.53
2007,Trece Martires City,14.28,120.86,10,15.57,3.84,0.97,7.67,85.31,30.19,24.3,27.75,3.83
2007,Trece Martires City,14.28,120.86,11,13.82,3.62,0.94,7.71,85.02,30.4,21.51,27.12,4.4
2007,Trece Martires City,14.28,120.86,12,15.5,3.66,0.89,1.74,86.16,29.38,21.45,26.47,4.59
2008,Alfonso,14.14,120.85,1,15.49,4.77,0.79,3.86,85.9,28.9,22.57,25.89,4.68
2008,Alfonso,14.14,120.85,2,16.25,3.91,0.66,1.93,83.69,29.24,22.61,26.03,4.82
2008,Alfonso,14.14,120.85,3,21.94,2.95,0.57,0.75,80.81,31.46,22.4,27.0,3.49
2008,Alfonso,14.14,120.85,4,22.61,2.09,0.5,2.1,78.24,33.62,25.04,28.64,3.65
2008,Alfonso,14.14,120.85,5,18.64,3.64,0.64,8.36,83.87,30.74,25.47,28.15,2.8
2008,Alfonso,14.14,120.85,6,20.51,4.13,0.76,10.4,81.84,31.08,24.89,28.45,2.68
2008,Alfonso,14.14,120.85,7,17.34,3.84,0.91,6.54,85.86,30.12,25.17,27.6,2.92
2008,Alfonso,14.14,120.85,8,16.01,4.18,0.95,8.79,85.08,30.57,24.53,27.5,2.9
2008,Alfonso,14.14,120.85,9,16.85,3.96,0.97,14.11,86.84,30.58,25.41,27.64,3.41
2008,Alfonso,14.14,120.85,10,17.15,3.78,0.97,6.36,85.61,30.21,25.4,27.89,2.83
2008,Alfonso,14.14,120.85,11,14.87,3.67,0.95,7.09,87.46,30.09,24.74,27.35,3.75
2008,Alfonso,14.14,120.85,12,14.47,4.54,0.86,2.34,85.34,28.83,22.67,26.37,4.78
2008,Amadeo,14.17,120.92,1,15.49,4.77,0.79,3.86,85.9,28.9,22.57,25.89,4.68
2008,Amadeo,14.17,120.92,2,16.25,3.91,0.66,1.93,83.69,29.24,22.61,26.03,4.82
2008,Amadeo,14.17,120.92,3,21.94,2.95,0.57,0.75,80.81,31.46,22.4,27.0,3.49
2008,Amadeo,14.17,120.92,4,22.61,2.09,0.5,2.1,78.24,33.62,25.04,28.64,3.65
2008,Amadeo,14.17,120.92,5,18.64,3.64,0.64,8.36,83.87,30.74,25.47,28.15,2.8
2008,Amadeo,14.17,120.92,6,20.51,4.13,0.76,10.4,81.84,31.08,24.89,28.45,2.68
2008,Amadeo,14.17,120.92,7,17.34,3.84,0.91,6.54,85.86,30.12,25.17,27.6,2.92
2008,Amadeo,14.17,120.92,8,16.01,4.18,0.95,8.79,85.08,30.57,24.53,27.5,2.9
2008,Amadeo,14.17,120.92,9,16.85,3.96,0.97,14.11,86.84,30.58,25.41,27.64,3.41
2008,Amadeo,14.17,120.92,10,17.15,3.78,0.97,6.36,85.61,30.21,25.4,27.89,2.83
2008,Amadeo,14.17,120.92,11,14.87,3.67,0.95,7.09,87.46,30.09,24.74,27.35,3.75
2008,Amadeo,14.17,120.92,12,14.47,4.54,0.86,2.34,85.34,28.83,22.67,26.37,4.78
2008,Bacoor City,14.46,120.94,1,15.49,4.79,0.94,9.09,89.33,28.86,19.44,24.06,1.76
2008,Bacoor City,14.46,120.94,2,16.25,4.89,0.89,9.93,87.65,30.11,19.46,24.14,1.92
2008,Bacoor City,14.46,120.94,3,21.94,4.74,0.86,3.31,83.55,34.22,19.73,25.74,1.48
2008,Bacoor City,14.46,120.94,4,22.61,3.9,0.76,4.4,83.03,33.26,22.29,27.15,1.53
2008,Bacoor City,14.46,120.94,5,18.64,4.31,0.86,9.75,85.05,32.59,23.03,26.91,1.14
2008,Bacoor City,14.46,120.94,6,20.51,4.04,0.88,8.87,84.61,32.09,22.56,26.96,1.08
2008,Bacoor City,14.46,120.94,7,17.34,3.87,0.94,6.55,87.55,31.51,23.25,26.28,1.16
2008,Bacoor City,14.46,120.94,8,16.01,4.03,0.96,8.17,86.04,32.95,22.59,26.31,1.09
2008,Bacoor City,14.46,120.94,9,16.85,3.77,0.95,8.79,88.71,32.21,22.98,26.32,1.28
2008,Bacoor City,14.46,120.94,10,17.15,3.93,0.98,12.91,89.37,30.59,23.39,26.49,1.14
2008,Bacoor City,14.46,120.94,11,14.87,3.85,0.99,13.48,91.53,30.06,22.07,25.53,1.38
2008,Bacoor City,14.46,120.94,12,14.47,4.81,0.97,12.08,89.31,29.05,19.41,24.05,1.8
2008,Carmona,14.31,121.05,1,12.71,4.79,0.94,9.09,89.33,28.86,19.44,24.06,1.76
2008,Carmona,14.31,121.05,2,12.34,4.89,0.89,9.93,87.65,30.11,19.46,24.14,1.92
2008,Carmona,14.31,121.05,3,18.28,4.74,0.86,3.31,83.55,34.22,19.73,25.74,1.48
2008,Carmona,14.31,121.05,4,20.31,3.9,0.76,4.4,83.03,33.26,22.29,27.15,1.53
2008,Carmona,14.31,121.05,5,17.7,4.31,0.86,9.75,85.05,32.59,23.03,26.91,1.14
2008,Carmona,14.31,121.05,6,19.51,4.04,0.88,8.87,84.61,32.09,22.56,26.96,1.08
2008,Carmona,14.31,121.05,7,16.92,3.87,0.94,6.55,87.55,31.51,23.25,26.28,1.16
2008,Carmona,14.31,121.05,8,16.56,4.03,0.96,8.17,86.04,32.95,22.59,26.31,1.09
2008,Carmona,14.31,121.05,9,16.39,3.77,0.95,8.79,88.71,32.21,22.98,26.32,1.28
2008,Carmona,14.31,121.05,10,15.28,3.93,0.98,12.91,89.37,30.59,23.39,26.49,1.14
2008,Carmona,14.31,121.05,11,12.43,3.85,0.99,13.48,91.53,30.06,22.07,25.53,1.38
2008,Carmona,14.31,121.05,12,10.32,4.81,0.97,12.08,89.31,29.05,19.41,24.05,1.8
2008,Cavite City,14.48,120.9,1,15.49,3.12,0.79,2.03,83.65,29.72,21.72,26.44,4.83
2008,Cavite City,14.48,120.9,2,16.25,2.68,0.69,1.43,80.39,30.1,22.01,26.95,5.15
2008,Cavite City,14.48,120.9,3,21.94,2.06,0.64,0.88,75.96,32.62,21.85,28.85,3.86
2008,Cavite City,14.48,120.9,4,22.61,0.89,0.6,1.05,72.89,34.87,25.01,30.86,4.11
2008,Cavite City,14.48,120.9,5,18.64,3.02,0.77,9.37,82.68,31.52,25.42,28.83,3.22
2008,Cavite City,14.48,120.9,6,20.51,3.64,0.88,10.86,81.1,31.55,24.63,28.92,2.93
2008,Cavite City,14.48,120.9,7,17.34,3.49,0.97,10.42,85.67,30.3,25.0,27.74,3.27
2008,Cavite City,14.48,120.9,8,16.01,3.76,0.99,14.67,85.3,30.8,24.47,27.61,3.36
2008,Cavite City,14.48,120.9,9,16.85,3.5,0.99,22.03,86.42,30.68,25.18,27.76,3.67
2008,Cavite City,14.48,120.9,10,17.15,3.32,0.98,5.66,84.94,30.43,25.23,28.08,2.88
2008,Cavite City,14.48,120.9,11,14.87,3.08,0.96,6.53,87.08,30.27,23.73,27.28,3.8
2008,Cavite City,14.48,120.9,12,14.47,3.39,0.86,1.7,83.64,29.28,21.51,26.42,4.92
2008,Dasmarinas City,14.33,120.93,1,15.49,3.12,0.79,2.03,83.65,29.72,21.72,26.44,4.83
2008,Dasmarinas City,14.33,120.93,2,16.25,2.68,0.69,1.43,80.39,30.1,22.01,26.95,5.15
2008,Dasmarinas City,14.33,120.93,3,21.94,2.06,0.64,0.88,75.96,32.62,21.85,28.85,3.86
2008,Dasmarinas City,14.33,120.93,4,22.61,0.89,0.6,1.05,72.89,34.87,25.01,30.86,4.11
2008,Dasmarinas City,14.33,120.93,5,18.64,3.02,0.77,9.37,82.68,31.52,25.42,28.83,3.22
2008,Dasmarinas City,14.33,120.93,6,20.51,3.64,0.88,10.86,81.1,31.55,24.63,28.92,2.93
2008,Dasmarinas City,14.33,120.93,7,17.34,3.49,0.97,10.42,85.67,30.3,25.0,27.74,3.27
2008,Dasmarinas City,14.33,120.93,8,16.01,3.76,0.99,14.67,85.3,30.8,24.47,27.61,3.36
2008,Dasmarinas City,14.33,120.93,9,16.85,3.5,0.99,22.03,86.42,30.68,25.18,27.76,3.67
2008,Dasmarinas City,14.33,120.93,10,17.15,3.32,0.98,5.66,84.94,30.43,25.23,28.08,2.88
2008,Dasmarinas City,14.33,120.93,11,14.87,3.08,0.96,6.53,87.08,30.27,23.73,27.28,3.8
2008,Dasmarinas City,14.33,120.93,12,14.47,3.39,0.86,1.7,83.64,29.28,21.51,26.42,4.92
2008,General Emilio Aguinaldo,14.18,120.79,1,15.49,4.77,0.79,3.86,85.9,28.9,22.57,25.89,4.68
2008,General Emilio Aguinaldo,14.18,120.79,2,16.25,3.91,0.66,1.93,83.69,29.24,22.61,26.03,4.82
2008,General Emilio Aguinaldo,14.18,120.79,3,21.94,2.95,0.57,0.75,80.81,31.46,22.4,27.0,3.49
2008,General Emilio Aguinaldo,14.18,120.79,4,22.61,2.09,0.5,2.1,78.24,33.62,25.04,28.64,3.65
2008,General Emilio Aguinaldo,14.18,120.79,5,18.64,3.64,0.64,8.36,83.87,30.74,25.47,28.15,2.8
2008,General Emilio Aguinaldo,14.18,120.79,6,20.51,4.13,0.76,10.4,81.84,31.08,24.89,28.45,2.68
2008,General Emilio Aguinaldo,14.18,120.79,7,17.34,3.84,0.91,6.54,85.86,30.12,25.17,27.6,2.92
2008,General Emilio Aguinaldo,14.18,120.79,8,16.01,4.18,0.95,8.79,85.08,30.57,24.53,27.5,2.9
2008,General Emilio Aguinaldo,14.18,120.79,9,16.85,3.96,0.97,14.11,86.84,30.58,25.41,27.64,3.41
2008,General Emilio Aguinaldo,14.18,120.79,10,17.15,3.78,0.97,6.36,85.61,30.21,25.4,27.89,2.83
2008,General Emilio Aguinaldo,14.18,120.79,11,14.87,3.67,0.95,7.09,87.46,30.09,24.74,27.35,3.75
2008,General Emilio Aguinaldo,14.18,120.79,12,14.47,4.54,0.86,2.34,85.34,28.83,22.67,26.37,4.78
2008,General Mariano Alvarez,14.3,121.0,1,12.71,4.79,0.94,9.09,89.33,28.86,19.44,24.06,1.76
2008,General Mariano Alvarez,14.3,121.0,2,12.34,4.89,0.89,9.93,87.65,30.11,19.46,24.14,1.92
2008,General Mariano Alvarez,14.3,121.0,3,18.28,4.74,0.86,3.31,83.55,34.22,19.73,25.74,1.48
2008,General Mariano Alvarez,14.3,121.0,4,20.31,3.9,0.76,4.4,83.03,33.26,22.29,27.15,1.53
2008,General Mariano Alvarez,14.3,121.0,5,17.7,4.31,0.86,9.75,85.05,32.59,23.03,26.91,1.14
2008,General Mariano Alvarez,14.3,121.0,6,19.51,4.04,0.88,8.87,84.61,32.09,22.56,26.96,1.08
2008,General Mariano Alvarez,14.3,121.0,7,16.92,3.87,0.94,6.55,87.55,31.51,23.25,26.28,1.16
2008,General Mariano Alvarez,14.3,121.0,8,16.56,4.03,0.96,8.17,86.04,32.95,22.59,26.31,1.09
2008,General Mariano Alvarez,14.3,121.0,9,16.39,3.77,0.95,8.79,88.71,32.21,22.98,26.32,1.28
2008,General Mariano Alvarez,14.3,121.0,10,15.28,3.93,0.98,12.91,89.37,30.59,23.39,26.49,1.14
2008,General Mariano Alvarez,14.3,121.0,11,12.43,3.85,0.99,13.48,91.53,30.06,22.07,25.53,1.38
2008,General Mariano Alvarez,14.3,121.0,12,10.32,4.81,0.97,12.08,89.31,29.05,19.41,24.05,1.8
2008,General Trias,14.38,120.88,1,15.49,3.12,0.79,2.03,83.65,29.72,21.72,26.44,4.83
2008,General Trias,14.38,120.88,2,16.25,2.68,0.69,1.43,80.39,30.1,22.01,26.95,5.15
2008,General Trias,14.38,120.88,3,21.94,2.06,0.64,0.88,75.96,32.62,21.85,28.85,3.86
2008,General Trias,14.38,120.88,4,22.61,0.89,0.6,1.05,72.89,34.87,25.01,30.86,4.11
2008,General Trias,14.38,120.88,5,18.64,3.02,0.77,9.37,82.68,31.52,25.42,28.83,3.22
2008,General Trias,14.38,120.88,6,20.51,3.64,0.88,10.86,81.1,31.55,24.63,28.92,2.93
2008,General Trias,14.38,120.88,7,17.34,3.49,0.97,10.42,85.67,30.3,25.0,27.74,3.27
2008,General Trias,14.38,120.88,8,16.01,3.76,0.99,14.67,85.3,30.8,24.47,27.61,3.36
2008,General Trias,14.38,120.88,9,16.85,3.5,0.99,22.03,86.42,30.68,25.18,27.76,3.67
2008,General Trias,14.38,120.88,10,17.15,3.32,0.98,5.66,84.94,30.43,25.23,28.08,2.88
2008,General Trias,14.38,120.88,11,14.87,3.08,0.96,6.53,87.08,30.27,23.73,27.28,3.8
2008,General Trias,14.38,120.88,12,14.47,3.39,0.86,1.7,83.64,29.28,21.51,26.42,4.92
2008,Imus City,14.43,120.93,1,15.49,3.12,0.79,2.03,83.65,29.72,21.72,26.44,4.83
2008,Imus City,14.43,120.93,2,16.25,2.68,0.69,1.43,80.39,30.1,22.01,26.95,5.15
2008,Imus City,14.43,120.93,3,21.94,2.06,0.64,0.88,75.96,32.62,21.85,28.85,3.86
2008,Imus City,14.43,120.93,4,22.61,0.89,0.6,1.05,72.89,34.87,25.01,30.86,4.11
2008,Imus City,14.43,120.93,5,18.64,3.02,0.77,9.37,82.68,31.52,25.42,28.83,3.22
2008,Imus City,14.43,120.93,6,20.51,3.64,0.88,10.86,81.1,31.55,24.63,28.92,2.93
2008,Imus City,14.43,120.93,7,17.34,3.49,0.97,10.42,85.67,30.3,25.0,27.74,3.27
2008,Imus City,14.43,120.93,8,16.01,3.76,0.99,14.67,85.3,30.8,24.47,27.61,3.36
2008,Imus City,14.43,120.93,9,16.85,3.5,0.99,22.03,86.42,30.68,25.18,27.76,3.67
2008,Imus City,14.43,120.93,10,17.15,3.32,0.98,5.66,84.94,30.43,25.23,28.08,2.88
2008,Imus City,14.43,120.93,11,14.87,3.08,0.96,6.53,87.08,30.27,23.73,27.28,3.8
2008,Imus City,14.43,120.93,12,14.47,3.39,0.86,1.7,83.64,29.28,21.51,26.42,4.92
2008,Indang,14.19,120.87,1,15.49,4.77,0.79,3.86,85.9,28.9,22.57,25.89,4.68
2008,Indang,14.19,120.87,2,16.25,3.91,0.66,1.93,83.69,29.24,22.61,26.03,4.82
2008,Indang,14.19,120.87,3,21.94,2.95,0.57,0.75,80.81,31.46,22.4,27.0,3.49
2008,Indang,14.19,120.87,4,22.61,2.09,0.5,2.1,78.24,33.62,25.04,28.64,3.65
2008,Indang,14.19,120.87,5,18.64,3.64,0.64,8.36,83.87,30.74,25.47,28.15,2.8
2008,Indang,14.19,120.87,6,20.51,4.13,0.76,10.4,81.84,31.08,24.89,28.45,2.68
2008,Indang,14.19,120.87,7,17.34,3.84,0.91,6.54,85.86,30.12,25.17,27.6,2.92
2008,Indang,14.19,120.87,8,16.01,4.18,0.95,8.79,85.08,30.57,24.53,27.5,2.9
2008,Indang,14.19,120.87,9,16.85,3.96,0.97,14.11,86.84,30.58,25.41,27.64,3.41
2008,Indang,14.19,120.87,10,17.15,3.78,0.97,6.36,85.61,30.21,25.4,27.89,2.83
2008,Indang,14.19,120.87,11,14.87,3.67,0.95,7.09,87.46,30.09,24.74,27.35,3.75
2008,Indang,14.19,120.87,12,14.47,4.54,0.86,2.34,85.34,28.83,22.67,26.37,4.78
2008,Kawit,14.44,120.9,1,15.49,3.12,0.79,2.03,83.65,29.72,21.72,26.44,4.83
2008,Kawit,14.44,120.9,2,16.25,2.68,0.69,1.43,80.39,30.1,22.01,26.95,5.15
2008,Kawit,14.44,120.9,3,21.94,2.06,0.64,0.88,75.96,32.62,21.85,28.85,3.86
2008,Kawit,14.44,120.9,4,22.61,0.89,0.6,1.05,72.89,34.87,25.01,30.86,4.11
2008,Kawit,14.44,120.9,5,18.64,3.02,0.77,9.37,82.68,31.52,25.42,28.83,3.22
2008,Kawit,14.44,120.9,6,20.51,3.64,0.88,10.86,81.1,31.55,24.63,28.92,2.93
2008,Kawit,14.44,120.9,7,17.34,3.49,0.97,10.42,85.67,30.3,25.0,27.74,3.27
2008,Kawit,14.44,120.9,8,16.01,3.76,0.99,14.67,85.3,30.8,24.47,27.61,3.36
2008,Kawit,14.44,120.9,9,16.85,3.5,0.99,22.03,86.42,30.68,25.18,27.76,3.67
2008,Kawit,14.44,120.9,10,17.15,3.32,0.98,5.66,84.94,30.43,25.23,28.08,2.88
2008,Kawit,14.44,120.9,11,14.87,3.08,0.96,6.53,87.08,30.27,23.73,27.28,3.8
2008,Kawit,14.44,120.9,12,14.47,3.39,0.86,1.7,83.64,29.28,21.51,26.42,4.92
2008,Magallanes,14.19,120.73,1,15.49,4.77,0.79,3.86,85.9,28.9,22.57,25.89,4.68
2008,Magallanes,14.19,120.73,2,16.25,3.91,0.66,1.93,83.69,29.24,22.61,26.03,4.82
2008,Magallanes,14.19,120.73,3,21.94,2.95,0.57,0.75,80.81,31.46,22.4,27.0,3.49
2008,Magallanes,14.19,120.73,4,22.61,2.09,0.5,2.1,78.24,33.62,25.04,28.64,3.65
2008,Magallanes,14.19,120.73,5,18.64,3.64,0.64,8.36,83.87,30.74,25.47,28.15,2.8
2008,Magallanes,14.19,120.73,6,20.51,4.13,0.76,10.4,81.84,31.08,24.89,28.45,2.68
2008,Magallanes,14.19,120.73,7,17.34,3.84,0.91,6.54,85.86,30.12,25.17,27.6,2.92
2008,Magallanes,14.19,120.73,8,16.01,4.18,0.95,8.79,85.08,30.57,24.53,27.5,2.9
2008,Magallanes,14.19,120.73,9,16.85,3.96,0.97,14.11,86.84,30.58,25.41,27.64,3.41
2008,Magallanes,14.19,120.73,10,17.15,3.78,0.97,6.36,85.61,30.21,25.4,27.89,2.83
2008,Magallanes,14.19,120.73,11,14.87,3.67,0.95,7.09,87.46,30.09,24.74,27.35,3.75
2008,Magallanes,14.19,120.73,12,14.47,4.54,0.86,2.34,85.34,28.83,22.67,26.37,4.78
2008,Maragondon,14.27,120.73,1,15.49,3.12,0.79,2.03,83.65,29.72,21.72,26.44,4.83
2008,Maragondon,14.27,120.73,2,16.25,2.68,0.69,1.43,80.39,30.1,22.01,26.95,5.15
2008,Maragondon,14.27,120.73,3,21.94,2.06,0.64,0.88,75.96,32.62,21.85,28.85,3.86
2008,Maragondon,14.27,120.73,4,22.61,0.89,0.6,1.05,72.89,34.87,25.01,30.86,4.11
2008,Maragondon,14.27,120.73,5,18.64,3.02,0.77,9.37,82.68,31.52,25.42,28.83,3.22
2008,Maragondon,14.27,120.73,6,20.51,3.64,0.88,10.86,81.1,31.55,24.63,28.92,2.93
2008,Maragondon,14.27,120.73,7,17.34,3.49,0.97,10.42,85.67,30.3,25.0,27.74,3.27
2008,Maragondon,14.27,120.73,8,16.01,3.76,0.99,14.67,85.3,30.8,24.47,27.61,3.36
2008,Maragondon,14.27,120.73,9,16.85,3.5,0.99,22.03,86.42,30.68,25.18,27.76,3.67
2008,Maragondon,14.27,120.73,10,17.15,3.32,0.98,5.66,84.94,30.43,25.23,28.08,2.88
2008,Maragondon,14.27,120.73,11,14.87,3.08,0.96,6.53,87.08,30.27,23.73,27.28,3.8
2008,Maragondon,14.27,120.73,12,14.47,3.39,0.86,1.7,83.64,29.28,21.51,26.42,4.92
2008,Mendez,14.13,120.9,1,15.49,4.77,0.79,3.86,85.9,28.9,22.57,25.89,4.68
2008,Mendez,14.13,120.9,2,16.25,3.91,0.66,1.93,83.69,29.24,22.61,26.03,4.82
2008,Mendez,14.13,120.9,3,21.94,2.95,0.57,0.75,80.81,31.46,22.4,27.0,3.49
2008,Mendez,14.13,120.9,4,22.61,2.09,0.5,2.1,78.24,33.62,25.04,28.64,3.65
2008,Mendez,14.13,120.9,5,18.64,3.64,0.64,8.36,83.87,30.74,25.47,28.15,2.8
2008,Mendez,14.13,120.9,6,20.51,4.13,0.76,10.4,81.84,31.08,24.89,28.45,2.68
2008,Mendez,14.13,120.9,7,17.34,3.84,0.91,6.54,85.86,30.12,25.17,27.6,2.92
2008,Mendez,14.13,120.9,8,16.01,4.18,0.95,8.79,85.08,30.57,24.53,27.5,2.9
2008,Mendez,14.13,120.9,9,16.85,3.96,0.97,14.11,86.84,30.58,25.41,27.64,3.41
2008,Mendez,14.13,120.9,10,17.15,3.78,0.97,6.36,85.61,30.21,25.4,27.89,2.83
2008,Mendez,14.13,120.9,11,14.87,3.67,0.95,7.09,87.46,30.09,24.74,27.35,3.75
2008,Mendez,14.13,120.9,12,14.47,4.54,0.86,2.34,85.34,28.83,22.67,26.37,4.78
2008,Naic,14.32,120.77,1,15.49,3.12,0.79,2.03,83.65,29.72,21.72,26.44,4.83
2008,Naic,14.32,120.77,2,16.25,2.68,0.69,1.43,80.39,30.1,22.01,26.95,5.15
2008,Naic,14.32,120.77,3,21.94,2.06,0.64,0.88,75.96,32.62,21.85,28.85,3.86
2008,Naic,14.32,120.77,4,22.61,0.89,0.6,1.05,72.89,34.87,25.01,30.86,4.11
2008,Naic,14.32,120.77,5,18.64,3.02,0.77,9.37,82.68,31.52,25.42,28.83,3.22
2008,Naic,14.32,120.77,6,20.51,3.64,0.88,10.86,81.1,31.55,24.63,28.92,2.93
2008,Naic,14.32,120.77,7,17.34,3.49,0.97,10.42,85.67,30.3,25.0,27.74,3.27
2008,Naic,14.32,120.77,8,16.01,3.76,0.99,14.67,85.3,30.8,24.47,27.61,3.36
2008,Naic,14.32,120.77,9,16.85,3.5,0.99,22.03,86.42,30.68,25.18,27.76,3.67
2008,Naic,14.32,120.77,10,17.15,3.32,0.98,5.66,84.94,30.43,25.23,28.08,2.88
2008,Naic,14.32,120.77,11,14.87,3.08,0.96,6.53,87.08,30.27,23.73,27.28,3.8
2008,Naic,14.32,120.77,12,14.47,3.39,0.86,1.7,83.64,29.28,21.51,26.42,4.92
2008,Noveleta,14.43,120.88,1,15.49,3.12,0.79,2.03,83.65,29.72,21.72,26.44,4.83
2008,Noveleta,14.43,120.88,2,16.25,2.68,0.69,1.43,80.39,30.1,22.01,26.95,5.15
2008,Noveleta,14.43,120.88,3,21.94,2.06,0.64,0.88,75.96,32.62,21.85,28.85,3.86
2008,Noveleta,14.43,120.88,4,22.61,0.89,0.6,1.05,72.89,34.87,25.01,30.86,4.11
2008,Noveleta,14.43,120.88,5,18.64,3.02,0.77,9.37,82.68,31.52,25.42,28.83,3.22
2008,Noveleta,14.43,120.88,6,20.51,3.64,0.88,10.86,81.1,31.55,24.63,28.92,2.93
2008,Noveleta,14.43,120.88,7,17.34,3.49,0.97,10.42,85.67,30.3,25.0,27.74,3.27
2008,Noveleta,14.43,120.88,8,16.01,3.76,0.99,14.67,85.3,30.8,24.47,27.61,3.36
2008,Noveleta,14.43,120.88,9,16.85,3.5,0.99,22.03,86.42,30.68,25.18,27.76,3.67
2008,Noveleta,14.43,120.88,10,17.15,3.32,0.98,5.66,84.94,30.43,25.23,28.08,2.88
2008,Noveleta,14.43,120.88,11,14.87,3.08,0.96,6.53,87.08,30.27,23.73,27.28,3.8
2008,Noveleta,14.43,120.88,12,14.47,3.39,0.86,1.7,83.64,29.28,21.51,26.42,4.92
2008,Rosario,14.41,120.85,1,15.49,3.12,0.79,2.03,83.65,29.72,21.72,26.44,4.83
2008,Rosario,14.41,120.85,2,16.25,2.68,0.69,1.43,80.39,30.1,22.01,26.95,5.15
2008,Rosario,14.41,120.85,3,21.94,2.06,0.64,0.88,75.96,32.62,21.85,28.85,3.86
2008,Rosario,14.41,120.85,4,22.61,0.89,0.6,1.05,72.89,34.87,25.01,30.86,4.11
2008,Rosario,14.41,120.85,5,18.64,3.02,0.77,9.37,82.68,31.52,25.42,28.83,3.22
2008,Rosario,14.41,120.85,6,20.51,3.64,0.88,10.86,81.1,31.55,24.63,28.92,2.93
2008,Rosario,14.41,120.85,7,17.34,3.49,0.97,10.42,85.67,30.3,25.0,27.74,3.27
2008,Rosario,14.41,120.85,8,16.01,3.76,0.99,14.67,85.3,30.8,24.47,27.61,3.36
2008,Rosario,14.41,120.85,9,16.85,3.5,0.99,22.03,86.42,30.68,25.18,27.76,3.67
2008,Rosario,14.41,120.85,10,17.15,3.32,0.98,5.66,84.94,30.43,25.23,28.08,2.88
2008,Rosario,14.41,120.85,11,14.87,3.08,0.96,6.53,87.08,30.27,23.73,27.28,3.8
2008,Rosario,14.41,120.85,12,14.47,3.39,0.86,1.7,83.64,29.28,21.51,26.42,4.92
2008,Silang,14.23,120.97,1,15.49,4.6,0.96,10.26,90.37,29.11,19.39,24.26,1.75
2008,Silang,14.23,120.97,2,16.25,4.73,0.91,10.19,89.63,29.91,19.43,24.26,1.84
2008,Silang,14.23,120.97,3,21.94,5.32,0.86,2.73,85.81,37.02,20.19,25.52,1.41
2008,Silang,14.23,120.97,4,22.61,4.22,0.74,4.48,85.31,32.94,22.51,26.94,1.51
2008,Silang,14.23,120.97,5,18.64,4.23,0.83,10.46,85.74,31.84,22.94,26.88,1.12
2008,Silang,14.23,120.97,6,20.51,3.93,0.87,9.02,85.49,31.58,22.55,26.98,1.06
2008,Silang,14.23,120.97,7,17.34,3.69,0.93,5.24,87.32,31.26,23.2,26.49,1.09
2008,Silang,14.23,120.97,8,16.01,4.0,0.93,5.79,85.04,37.92,22.9,26.51,1.03
2008,Silang,14.23,120.97,9,16.85,3.62,0.93,8.18,88.2,32.72,23.11,26.48,1.27
2008,Silang,14.23,120.97,10,17.15,3.6,0.98,11.39,89.69,31.21,23.72,26.64,1.12
2008,Silang,14.23,120.97,11,14.87,3.47,0.99,13.6,92.09,30.26,22.59,25.82,1.36
2008,Silang,14.23,120.97,12,14.47,4.37,0.97,12.46,90.67,29.19,19.08,24.41,1.74
2008,Tagaytay City,14.11,120.96,1,15.49,4.6,0.96,10.26,90.37,29.11,19.39,24.26,1.75
2008,Tagaytay City,14.11,120.96,2,16.25,4.73,0.91,10.19,89.63,29.91,19.43,24.26,1.84
2008,Tagaytay City,14.11,120.96,3,21.94,5.32,0.86,2.73,85.81,37.02,20.19,25.52,1.41
2008,Tagaytay City,14.11,120.96,4,22.61,4.22,0.74,4.48,85.31,32.94,22.51,26.94,1.51
2008,Tagaytay City,14.11,120.96,5,18.64,4.23,0.83,10.46,85.74,31.84,22.94,26.88,1.12
2008,Tagaytay City,14.11,120.96,6,20.51,3.93,0.87,9.02,85.49,31.58,22.55,26.98,1.06
2008,Tagaytay City,14.11,120.96,7,17.34,3.69,0.93,5.24,87.32,31.26,23.2,26.49,1.09
2008,Tagaytay City,14.11,120.96,8,16.01,4.0,0.93,5.79,85.04,37.92,22.9,26.51,1.03
2008,Tagaytay City,14.11,120.96,9,16.85,3.62,0.93,8.18,88.2,32.72,23.11,26.48,1.27
2008,Tagaytay City,14.11,120.96,10,17.15,3.6,0.98,11.39,89.69,31.21,23.72,26.64,1.12
2008,Tagaytay City,14.11,120.96,11,14.87,3.47,0.99,13.6,92.09,30.26,22.59,25.82,1.36
2008,Tagaytay City,14.11,120.96,12,14.47,4.37,0.97,12.46,90.67,29.19,19.08,24.41,1.74
2008,Tanza,14.36,120.85,1,15.49,3.12,0.79,2.03,83.65,29.72,21.72,26.44,4.83
2008,Tanza,14.36,120.85,2,16.25,2.68,0.69,1.43,80.39,30.1,22.01,26.95,5.15
2008,Tanza,14.36,120.85,3,21.94,2.06,0.64,0.88,75.96,32.62,21.85,28.85,3.86
2008,Tanza,14.36,120.85,4,22.61,0.89,0.6,1.05,72.89,34.87,25.01,30.86,4.11
2008,Tanza,14.36,120.85,5,18.64,3.02,0.77,9.37,82.68,31.52,25.42,28.83,3.22
2008,Tanza,14.36,120.85,6,20.51,3.64,0.88,10.86,81.1,31.55,24.63,28.92,2.93
2008,Tanza,14.36,120.85,7,17.34,3.49,0.97,10.42,85.67,30.3,25.0,27.74,3.27
2008,Tanza,14.36,120.85,8,16.01,3.76,0.99,14.67,85.3,30.8,24.47,27.61,3.36
2008,Tanza,14.36,120.85,9,16.85,3.5,0.99,22.03,86.42,30.68,25.18,27.76,3.67
2008,Tanza,14.36,120.85,10,17.15,3.32,0.98,5.66,84.94,30.43,25.23,28.08,2.88
2008,Tanza,14.36,120.85,11,14.87,3.08,0.96,6.53,87.08,30.27,23.73,27.28,3.8
2008,Tanza,14.36,120.85,12,14.47,3.39,0.86,1.7,83.64,29.28,21.51,26.42,4.92
2008,Ternate,14.28,120.7,1,15.49,3.12,0.79,2.03,83.65,29.72,21.72,26.44,4.83
2008,Ternate,14.28,120.7,2,16.25,2.68,0.69,1.43,80.39,30.1,22.01,26.95,5.15
2008,Ternate,14.28,120.7,3,21.94,2.06,0.64,0.88,75.96,32.62,21.85,28.85,3.86
2008,Ternate,14.28,120.7,4,22.61,0.89,0.6,1.05,72.89,34.87,25.01,30.86,4.11
2008,Ternate,14.28,120.7,5,18.64,3.02,0.77,9.37,82.68,31.52,25.42,28.83,3.22
2008,Ternate,14.28,120.7,6,20.51,3.64,0.88,10.86,81.1,31.55,24.63,28.92,2.93
2008,Ternate,14.28,120.7,7,17.34,3.49,0.97,10.42,85.67,30.3,25.0,27.74,3.27
2008,Ternate,14.28,120.7,8,16.01,3.76,0.99,14.67,85.3,30.8,24.47,27.61,3.36
2008,Ternate,14.28,120.7,9,16.85,3.5,0.99,22.03,86.42,30.68,25.18,27.76,3.67
2008,Ternate,14.28,120.7,10,17.15,3.32,0.98,5.66,84.94,30.43,25.23,28.08,2.88
2008,Ternate,14.28,120.7,11,14.87,3.08,0.96,6.53,87.08,30.27,23.73,27.28,3.8
2008,Ternate,14.28,120.7,12,14.47,3.39,0.86,1.7,83.64,29.28,21.51,26.42,4.92
2008,Trece Martires City,14.28,120.86,1,15.49,3.12,0.79,2.03,83.65,29.72,21.72,26.44,4.83
2008,Trece Martires City,14.28,120.86,2,16.25,2.68,0.69,1.43,80.39,30.1,22.01,26.95,5.15
2008,Trece Martires City,14.28,120.86,3,21.94,2.06,0.64,0.88,75.96,32.62,21.85,28.85,3.86
2008,Trece Martires City,14.28,120.86,4,22.61,0.89,0.6,1.05,72.89,34.87,25.01,30.86,4.11
2008,Trece Martires City,14.28,120.86,5,18.64,3.02,0.77,9.37,82.68,31.52,25.42,28.83,3.22
2008,Trece Martires City,14.28,120.86,6,20.51,3.64,0.88,10.86,81.1,31.55,24.63,28.92,2.93
2008,Trece Martires City,14.28,120.86,7,17.34,3.49,0.97,10.42,85.67,30.3,25.0,27.74,3.27
2008,Trece Martires City,14.28,120.86,8,16.01,3.76,0.99,14.67,85.3,30.8,24.47,27.61,3.36
2008,Trece Martires City,14.28,120.86,9,16.85,3.5,0.99,22.03,86.42,30.68,25.18,27.76,3.67
2008,Trece Martires City,14.28,120.86,10,17.15,3.32,0.98,5.66,84.94,30.43,25.23,28.08,2.88
2008,Trece Martires City,14.28,120.86,11,14.87,3.08,0.96,6.53,87.08,30.27,23.73,27.28,3.8
2008,Trece Martires City,14.28,120.86,12,14.47,3.39,0.86,1.7,83.64,29.28,21.51,26.42,4.92
2009,Alfonso,14.14,120.85,1,14.97,4.03,0.7,1.15,83.81,29.08,21.08,25.62,4.98
2009,Alfonso,14.14,120.85,2,18.02,2.82,0.59,1.49,82.8,29.95,22.82,26.43,3.96
2009,Alfonso,14.14,120.85,3,21.28,2.5,0.51,1.47,78.57,31.74,23.92,27.79,3.2
2009,Alfonso,14.14,120.85,4,20.3,2.56,0.55,7.4,81.44,32.12,25.09,28.15,2.83
2009,Alfonso,14.14,120.85,5,20.24,4.74,0.84,11.37,84.54,30.64,25.32,27.99,2.77
2009,Alfonso,14.14,120.85,6,16.46,4.32,0.97,12.61,86.55,30.85,25.59,27.83,3.65
2009,Alfonso,14.14,120.85,7,16.79,3.69,0.97,11.49,87.03,30.13,25.5,27.93,3.29
2009,Alfonso,14.14,120.85,8,17.59,4.62,0.95,6.84,85.92,31.02,25.83,28.1,3.69
2009,Alfonso,14.14,120.85,9,13.23,3.95,0.98,20.6,88.5,30.06,25.33,27.57,3.91
2009,Alfonso,14.14,120.85,10,14.94,4.38,0.97,7.07,84.89,29.57,23.47,27.25,3.55
2009,Alfonso,14.14,120.85,11,17.59,5.01,0.87,2.26,85.02,29.7,24.23,27.15,3.49
2009,Alfonso,14.14,120.85,12,17.24,4.11,0.67,0.52,80.43,29.35,22.82,26.24,4.11
2009,Amadeo,14.17,120.92,1,14.97,4.03,0.7,1.15,83.81,29.08,21.08,25.62,4.98
2009,Amadeo,14.17,120.92,2,18.02,2.82,0.59,1.49,82.8,29.95,22.82,26.43,3.96
2009,Amadeo,14.17,120.92,3,21.28,2.5,0.51,1.47,78.57,31.74,23.92,27.79,3.2
2009,Amadeo,14.17,120.92,4,20.3,2.56,0.55,7.4,81.44,32.12,25.09,28.15,2.83
2009,Amadeo,14.17,120.92,5,20.24,4.74,0.84,11.37,84.54,30.64,25.32,27.99,2.77
2009,Amadeo,14.17,120.92,6,16.46,4.32,0.97,12.61,86.55,30.85,25.59,27.83,3.65
2009,Amadeo,14.17,120.92,7,16.79,3.69,0.97,11.49,87.03,30.13,25.5,27.93,3.29
2009,Amadeo,14.17,120.92,8,17.59,4.62,0.95,6.84,85.92,31.02,25.83,28.1,3.69
2009,Amadeo,14.17,120.92,9,13.23,3.95,0.98,20.6,88.5,30.06,25.33,27.57,3.91
2009,Amadeo,14.17,120.92,10,14.94,4.38,0.97,7.07,84.89,29.57,23.47,27.25,3.55
2009,Amadeo,14.17,120.92,11,17.59,5.01,0.87,2.26,85.02,29.7,24.23,27.15,3.49
2009,Amadeo,14.17,120.92,12,17.24,4.11,0.67,0.52,80.43,29.35,22.82,26.24,4.11
2009,Bacoor City,14.46,120.94,1,14.97,4.89,0.93,7.47,88.03,29.62,17.74,23.11,1.91
2009,Bacoor City,14.46,120.94,2,18.02,4.21,0.86,4.32,86.92,30.5,19.61,24.76,1.59
2009,Bacoor City,14.46,120.94,3,21.28,4.2,0.78,3.96,82.16,33.3,21.04,26.56,1.39
2009,Bacoor City,14.46,120.94,4,20.3,4.09,0.82,13.3,84.52,33.6,22.48,26.9,1.18
2009,Bacoor City,14.46,120.94,5,20.24,4.78,0.95,11.87,87.35,31.6,22.74,26.78,1.15
2009,Bacoor City,14.46,120.94,6,16.46,4.19,0.98,9.61,88.49,32.18,23.51,26.56,1.33
2009,Bacoor City,14.46,120.94,7,16.79,3.65,0.97,8.71,88.66,31.48,23.11,26.45,1.22
2009,Bacoor City,14.46,120.94,8,17.59,4.35,0.95,6.42,87.31,32.87,23.73,26.99,1.46
2009,Bacoor City,14.46,120.94,9,13.23,3.82,0.97,17.27,89.56,32.52,23.2,26.34,1.43
2009,Bacoor City,14.46,120.94,10,14.94,4.34,0.97,10.79,87.59,31.29,19.58,25.68,1.44
2009,Bacoor City,14.46,120.94,11,17.59,4.88,0.93,6.6,88.23,30.6,21.5,25.7,1.4
2009,Bacoor City,14.46,120.94,12,17.24,4.11,0.83,2.48,84.56,29.31,19.33,23.91,1.54
2009,Carmona,14.31,121.05,1,11.46,4.89,0.93,7.47,88.03,29.62,17.74,23.11,1.91
2009,Carmona,14.31,121.05,2,14.83,4.21,0.86,4.32,86.92,30.5,19.61,24.76,1.59
2009,Carmona,14.31,121.05,3,18.86,4.2,0.78,3.96,82.16,33.3,21.04,26.56,1.39
2009,Carmona,14.31,121.05,4,17.66,4.09,0.82,13.3,84.52,33.6,22.48,26.9,1.18
2009,Carmona,14.31,121.05,5,17.97,4.78,0.95,11.87,87.35,31.6,22.74,26.78,1.15
2009,Carmona,14.31,121.05,6,17.95,4.19,0.98,9.61,88.49,32.18,23.51,26.56,1.33
2009,Carmona,14.31,121.05,7,17.17,3.65,0.97,8.71,88.66,31.48,23.11,26.45,1.22
2009,Carmona,14.31,121.05,8,16.48,4.35,0.95,6.42,87.31,32.87,23.73,26.99,1.46
2009,Carmona,14.31,121.05,9,13.77,3.82,0.97,17.27,89.56,32.52,23.2,26.34,1.43
2009,Carmona,14.31,121.05,10,14.31,4.34,0.97,10.79,87.59,31.29,19.58,25.68,1.44
2009,Carmona,14.31,121.05,11,14.65,4.88,0.93,6.6,88.23,30.6,21.5,25.7,1.4
2009,Carmona,14.31,121.05,12,14.59,4.11,0.83,2.48,84.56,29.31,19.33,23.91,1.54
2009,Cavite City,14.48,120.9,1,14.97,2.74,0.75,0.95,81.72,29.87,19.75,25.97,5.22
2009,Cavite City,14.48,120.9,2,18.02,2.23,0.65,0.98,79.46,31.35,21.92,27.48,4.19
2009,Cavite City,14.48,120.9,3,21.28,1.2,0.61,1.15,72.59,32.79,23.57,30.19,3.66
2009,Cavite City,14.48,120.9,4,20.3,1.78,0.67,6.56,78.6,33.13,24.6,29.46,3.19
2009,Cavite City,14.48,120.9,5,20.24,4.12,0.91,11.37,83.54,31.32,24.54,28.52,3.06
2009,Cavite City,14.48,120.9,6,16.46,3.93,0.99,20.57,86.29,31.08,25.64,27.91,4.17
2009,Cavite City,14.48,120.9,7,16.79,3.33,0.99,17.6,86.63,30.07,25.24,27.98,3.56
2009,Cavite City,14.48,120.9,8,17.59,4.01,0.98,9.33,85.49,31.06,25.93,28.32,4.13
2009,Cavite City,14.48,120.9,9,13.23,3.51,0.99,28.22,87.75,30.85,25.39,27.77,4.36
2009,Cavite City,14.48,120.9,10,14.94,3.96,0.97,7.32,83.54,29.78,22.49,27.34,3.92
2009,Cavite City,14.48,120.9,11,17.59,3.95,0.86,1.62,83.32,30.17,23.69,27.69,3.61
2009,Cavite City,14.48,120.9,12,17.24,2.64,0.7,0.29,76.78,30.58,21.96,27.02,4.07
2009,Dasmarinas City,14.33,120.93,1,14.97,2.74,0.75,0.95,81.72,29.87,19.75,25.97,5.22
2009,Dasmarinas City,14.33,120.93,2,18.02,2.23,0.65,0.98,79.46,31.35,21.92,27.48,4.19
2009,Dasmarinas City,14.33,120.93,3,21.28,1.2,0.61,1.15,72.59,32.79,23.57,30.19,3.66
2009,Dasmarinas City,14.33,120.93,4,20.3,1.78,0.67,6.56,78.6,33.13,24.6,29.46,3.19
2009,Dasmarinas City,14.33,120.93,5,20.24,4.12,0.91,11.37,83.54,31.32,24.54,28.52,3.06
2009,Dasmarinas City,14.33,120.93,6,16.46,3.93,0.99,20.57,86.29,31.08,25.64,27.91,4.17
2009,Dasmarinas City,14.33,120.93,7,16.79,3.33,0.99,17.6,86.63,30.07,25.24,27.98,3.56
2009,Dasmarinas City,14.33,120.93,8,17.59,4.01,0.98,9.33,85.49,31.06,25.93,28.32,4.13
2009,Dasmarinas City,14.33,120.93,9,13.23,3.51,0.99,28.22,87.75,30.85,25.39,27.77,4.36
2009,Dasmarinas City,14.33,120.93,10,14.94,3.96,0.97,7.32,83.54,29.78,22.49,27.34,3.92
2009,Dasmarinas City,14.33,120.93,11,17.59,3.95,0.86,1.62,83.32,30.17,23.69,27.69,3.61
2009,Dasmarinas City,14.33,120.93,12,17.24,2.64,0.7,0.29,76.78,30.58,21.96,27.02,4.07
2009,General Emilio Aguinaldo,14.18,120.79,1,14.97,4.03,0.7,1.15,83.81,29.08,21.08,25.62,4.98
2009,General Emilio Aguinaldo,14.18,120.79,2,18.02,2.82,0.59,1.49,82.8,29.95,22.82,26.43,3.96
2009,General Emilio Aguinaldo,14.18,120.79,3,21.28,2.5,0.51,1.47,78.57,31.74,23.92,27.79,3.2
2009,General Emilio Aguinaldo,14.18,120.79,4,20.3,2.56,0.55,7.4,81.44,32.12,25.09,28.15,2.83
2009,General Emilio Aguinaldo,14.18,120.79,5,20.24,4.74,0.84,11.37,84.54,30.64,25.32,27.99,2.77
2009,General Emilio Aguinaldo,14.18,120.79,6,16.46,4.32,0.97,12.61,86.55,30.85,25.59,27.83,3.65
2009,General Emilio Aguinaldo,14.18,120.79,7,16.79,3.69,0.97,11.49,87.03,30.13,25.5,27.93,3.29
2009,General Emilio Aguinaldo,14.18,120.79,8,17.59,4.62,0.95,6.84,85.92,31.02,25.83,28.1,3.69
2009,General Emilio Aguinaldo,14.18,120.79,9,13.23,3.95,0.98,20.6,88.5,30.06,25.33,27.57,3.91
2009,General Emilio Aguinaldo,14.18,120.79,10,14.94,4.38,0.97,7.07,84.89,29.57,23.47,27.25,3.55
2009,General Emilio Aguinaldo,14.18,120.79,11,17.59,5.01,0.87,2.26,85.02,29.7,24.23,27.15,3.49
2009,General Emilio Aguinaldo,14.18,120.79,12,17.24,4.11,0.67,0.52,80.43,29.35,22.82,26.24,4.11
2009,General Mariano Alvarez,14.3,121.0,1,11.46,4.89,0.93,7.47,88.03,29.62,17.74,23.11,1.91
2009,General Mariano Alvarez,14.3,121.0,2,14.83,4.21,0.86,4.32,86.92,30.5,19.61,24.76,1.59
2009,General Mariano Alvarez,14.3,121.0,3,18.86,4.2,0.78,3.96,82.16,33.3,21.04,26.56,1.39
2009,General Mariano Alvarez,14.3,121.0,4,17.66,4.09,0.82,13.3,84.52,33.6,22.48,26.9,1.18
2009,General Mariano Alvarez,14.3,121.0,5,17.97,4.78,0.95,11.87,87.35,31.6,22.74,26.78,1.15
2009,General Mariano Alvarez,14.3,121.0,6,17.95,4.19,0.98,9.61,88.49,32.18,23.51,26.56,1.33
2009,General Mariano Alvarez,14.3,121.0,7,17.17,3.65,0.97,8.71,88.66,31.48,23.11,26.45,1.22
2009,General Mariano Alvarez,14.3,121.0,8,16.48,4.35,0.95,6.42,87.31,32.87,23.73,26.99,1.46
2009,General Mariano Alvarez,14.3,121.0,9,13.77,3.82,0.97,17.27,89.56,32.52,23.2,26.34,1.43
2009,General Mariano Alvarez,14.3,121.0,10,14.31,4.34,0.97,10.79,87.59,31.29,19.58,25.68,1.44
2009,General Mariano Alvarez,14.3,121.0,11,14.65,4.88,0.93,6.6,88.23,30.6,21.5,25.7,1.4
2009,General Mariano Alvarez,14.3,121.0,12,14.59,4.11,0.83,2.48,84.56,29.31,19.33,23.91,1.54
2009,General Trias,14.38,120.88,1,14.97,2.74,0.75,0.95,81.72,29.87,19.75,25.97,5.22
2009,General Trias,14.38,120.88,2,18.02,2.23,0.65,0.98,79.46,31.35,21.92,27.48,4.19
2009,General Trias,14.38,120.88,3,21.28,1.2,0.61,1.15,72.59,32.79,23.57,30.19,3.66
2009,General Trias,14.38,120.88,4,20.3,1.78,0.67,6.56,78.6,33.13,24.6,29.46,3.19
2009,General Trias,14.38,120.88,5,20.24,4.12,0.91,11.37,83.54,31.32,24.54,28.52,3.06
2009,General Trias,14.38,120.88,6,16.46,3.93,0.99,20.57,86.29,31.08,25.64,27.91,4.17
2009,General Trias,14.38,120.88,7,16.79,3.33,0.99,17.6,86.63,30.07,25.24,27.98,3.56
2009,General Trias,14.38,120.88,8,17.59,4.01,0.98,9.33,85.49,31.06,25.93,28.32,4.13
2009,General Trias,14.38,120.88,9,13.23,3.51,0.99,28.22,87.75,30.85,25.39,27.77,4.36
2009,General Trias,14.38,120.88,10,14.94,3.96,0.97,7.32,83.54,29.78,22.49,27.34,3.92
2009,General Trias,14.38,120.88,11,17.59,3.95,0.86,1.62,83.32,30.17,23.69,27.69,3.61
2009,General Trias,14.38,120.88,12,17.24,2.64,0.7,0.29,76.78,30.58,21.96,27.02,4.07
2009,Imus City,14.43,120.93,1,14.97,2.74,0.75,0.95,81.72,29.87,19.75,25.97,5.22
2009,Imus City,14.43,120.93,2,18.02,2.23,0.65,0.98,79.46,31.35,21.92,27.48,4.19
2009,Imus City,14.43,120.93,3,21.28,1.2,0.61,1.15,72.59,32.79,23.57,30.19,3.66
2009,Imus City,14.43,120.93,4,20.3,1.78,0.67,6.56,78.6,33.13,24.6,29.46,3.19
2009,Imus City,14.43,120.93,5,20.24,4.12,0.91,11.37,83.54,31.32,24.54,28.52,3.06
2009,Imus City,14.43,120.93,6,16.46,3.93,0.99,20.57,86.29,31.08,25.64,27.91,4.17
2009,Imus City,14.43,120.93,7,16.79,3.33,0.99,17.6,86.63,30.07,25.24,27.98,3.56
2009,Imus City,14.43,120.93,8,17.59,4.01,0.98,9.33,85.49,31.06,25.93,28.32,4.13
2009,Imus City,14.43,120.93,9,13.23,3.51,0.99,28.22,87.75,30.85,25.39,27.77,4.36
2009,Imus City,14.43,120.93,10,14.94,3.96,0.97,7.32,83.54,29.78,22.49,27.34,3.92
2009,Imus City,14.43,120.93,11,17.59,3.95,0.86,1.62,83.32,30.17,23.69,27.69,3.61
2009,Imus City,14.43,120.93,12,17.24,2.64,0.7,0.29,76.78,30.58,21.96,27.02,4.07
2009,Indang,14.19,120.87,1,14.97,4.03,0.7,1.15,83.81,29.08,21.08,25.62,4.98
2009,Indang,14.19,120.87,2,18.02,2.82,0.59,1.49,82.8,29.95,22.82,26.43,3.96
2009,Indang,14.19,120.87,3,21.28,2.5,0.51,1.47,78.57,31.74,23.92,27.79,3.2
2009,Indang,14.19,120.87,4,20.3,2.56,0.55,7.4,81.44,32.12,25.09,28.15,2.83
2009,Indang,14.19,120.87,5,20.24,4.74,0.84,11.37,84.54,30.64,25.32,27.99,2.77
2009,Indang,14.19,120.87,6,16.46,4.32,0.97,12.61,86.55,30.85,25.59,27.83,3.65
2009,Indang,14.19,120.87,7,16.79,3.69,0.97,11.49,87.03,30.13,25.5,27.93,3.29
2009,Indang,14.19,120.87,8,17.59,4.62,0.95,6.84,85.92,31.02,25.83,28.1,3.69
2009,Indang,14.19,120.87,9,13.23,3.95,0.98,20.6,88.5,30.06,25.33,27.57,3.91
2009,Indang,14.19,120.87,10,14.94,4.38,0.97,7.07,84.89,29.57,23.47,27.25,3.55
2009,Indang,14.19,120.87,11,17.59,5.01,0.87,2.26,85.02,29.7,24.23,27.15,3.49
2009,Indang,14.19,120.87,12,17.24,4.11,0.67,0.52,80.43,29.35,22.82,26.24,4.11
2009,Kawit,14.44,120.9,1,14.97,2.74,0.75,0.95,81.72,29.87,19.75,25.97,5.22
2009,Kawit,14.44,120.9,2,18.02,2.23,0.65,0.98,79.46,31.35,21.92,27.48,4.19
2009,Kawit,14.44,120.9,3,21.28,1.2,0.61,1.15,72.59,32.79,23.57,30.19,3.66
2009,Kawit,14.44,120.9,4,20.3,1.78,0.67,6.56,78.6,33.13,24.6,29.46,3.19
2009,Kawit,14.44,120.9,5,20.24,4.12,0.91,11.37,83.54,31.32,24.54,28.52,3.06
2009,Kawit,14.44,120.9,6,16.46,3.93,0.99,20.57,86.29,31.08,25.64,27.91,4.17
2009,Kawit,14.44,120.9,7,16.79,3.33,0.99,17.6,86.63,30.07,25.24,27.98,3.56
2009,Kawit,14.44,120.9,8,17.59,4.01,0.98,9.33,85.49,31.06,25.93,28.32,4.13
2009,Kawit,14.44,120.9,9,13.23,3.51,0.99,28.22,87.75,30.85,25.39,27.77,4.36
2009,Kawit,14.44,120.9,10,14.94,3.96,0.97,7.32,83.54,29.78,22.49,27.34,3.92
2009,Kawit,14.44,120.9,11,17.59,3.95,0.86,1.62,83.32,30.17,23.69,27.69,3.61
2009,Kawit,14.44,120.9,12,17.24,2.64,0.7,0.29,76.78,30.58,21.96,27.02,4.07
2009,Magallanes,14.19,120.73,1,14.97,4.03,0.7,1.15,83.81,29.08,21.08,25.62,4.98
2009,Magallanes,14.19,120.73,2,18.02,2.82,0.59,1.49,82.8,29.95,22.82,26.43,3.96
2009,Magallanes,14.19,120.73,3,21.28,2.5,0.51,1.47,78.57,31.74,23.92,27.79,3.2
2009,Magallanes,14.19,120.73,4,20.3,2.56,0.55,7.4,81.44,32.12,25.09,28.15,2.83
2009,Magallanes,14.19,120.73,5,20.24,4.74,0.84,11.37,84.54,30.64,25.32,27.99,2.77
2009,Magallanes,14.19,120.73,6,16.46,4.32,0.97,12.61,86.55,30.85,25.59,27.83,3.65
2009,Magallanes,14.19,120.73,7,16.79,3.69,0.97,11.49,87.03,30.13,25.5,27.93,3.29
2009,Magallanes,14.19,120.73,8,17.59,4.62,0.95,6.84,85.92,31.02,25.83,28.1,3.69
2009,Magallanes,14.19,120.73,9,13.23,3.95,0.98,20.6,88.5,30.06,25.33,27.57,3.91
2009,Magallanes,14.19,120.73,10,14.94,4.38,0.97,7.07,84.89,29.57,23.47,27.25,3.55
2009,Magallanes,14.19,120.73,11,17.59,5.01,0.87,2.26,85.02,29.7,24.23,27.15,3.49
2009,Magallanes,14.19,120.73,12,17.24,4.11,0.67,0.52,80.43,29.35,22.82,26.24,4.11
2009,Maragondon,14.27,120.73,1,14.97,2.74,0.75,0.95,81.72,29.87,19.75,25.97,5.22
2009,Maragondon,14.27,120.73,2,18.02,2.23,0.65,0.98,79.46,31.35,21.92,27.48,4.19
2009,Maragondon,14.27,120.73,3,21.28,1.2,0.61,1.15,72.59,32.79,23.57,30.19,3.66
2009,Maragondon,14.27,120.73,4,20.3,1.78,0.67,6.56,78.6,33.13,24.6,29.46,3.19
2009,Maragondon,14.27,120.73,5,20.24,4.12,0.91,11.37,83.54,31.32,24.54,28.52,3.06
2009,Maragondon,14.27,120.73,6,16.46,3.93,0.99,20.57,86.29,31.08,25.64,27.91,4.17
2009,Maragondon,14.27,120.73,7,16.79,3.33,0.99,17.6,86.63,30.07,25.24,27.98,3.56
2009,Maragondon,14.27,120.73,8,17.59,4.01,0.98,9.33,85.49,31.06,25.93,28.32,4.13
2009,Maragondon,14.27,120.73,9,13.23,3.51,0.99,28.22,87.75,30.85,25.39,27.77,4.36
2009,Maragondon,14.27,120.73,10,14.94,3.96,0.97,7.32,83.54,29.78,22.49,27.34,3.92
2009,Maragondon,14.27,120.73,11,17.59,3.95,0.86,1.62,83.32,30.17,23.69,27.69,3.61
2009,Maragondon,14.27,120.73,12,17.24,2.64,0.7,0.29,76.78,30.58,21.96,27.02,4.07
2009,Mendez,14.13,120.9,1,14.97,4.03,0.7,1.15,83.81,29.08,21.08,25.62,4.98
2009,Mendez,14.13,120.9,2,18.02,2.82,0.59,1.49,82.8,29.95,22.82,26.43,3.96
2009,Mendez,14.13,120.9,3,21.28,2.5,0.51,1.47,78.57,31.74,23.92,27.79,3.2
2009,Mendez,14.13,120.9,4,20.3,2.56,0.55,7.4,81.44,32.12,25.09,28.15,2.83
2009,Mendez,14.13,120.9,5,20.24,4.74,0.84,11.37,84.54,30.64,25.32,27.99,2.77
2009,Mendez,14.13,120.9,6,16.46,4.32,0.97,12.61,86.55,30.85,25.59,27.83,3.65
2009,Mendez,14.13,120.9,7,16.79,3.69,0.97,11.49,87.03,30.13,25.5,27.93,3.29
2009,Mendez,14.13,120.9,8,17.59,4.62,0.95,6.84,85.92,31.02,25.83,28.1,3.69
2009,Mendez,14.13,120.9,9,13.23,3.95,0.98,20.6,88.5,30.06,25.33,27.57,3.91
2009,Mendez,14.13,120.9,10,14.94,4.38,0.97,7.07,84.89,29.57,23.47,27.25,3.55
2009,Mendez,14.13,120.9,11,17.59,5.01,0.87,2.26,85.02,29.7,24.23,27.15,3.49
2009,Mendez,14.13,120.9,12,17.24,4.11,0.67,0.52,80.43,29.35,22.82,26.24,4.11
2009,Naic,14.32,120.77,1,14.97,2.74,0.75,0.95,81.72,29.87,19.75,25.97,5.22
2009,Naic,14.32,120.77,2,18.02,2.23,0.65,0.98,79.46,31.35,21.92,27.48,4.19
2009,Naic,14.32,120.77,3,21.28,1.2,0.61,1.15,72.59,32.79,23.57,30.19,3.66
2009,Naic,14.32,120.77,4,20.3,1.78,0.67,6.56,78.6,33.13,24.6,29.46,3.19
2009,Naic,14.32,120.77,5,20.24,4.12,0.91,11.37,83.54,31.32,24.54,28.52,3.06
2009,Naic,14.32,120.77,6,16.46,3.93,0.99,20.57,86.29,31.08,25.64,27.91,4.17
2009,Naic,14.32,120.77,7,16.79,3.33,0.99,17.6,86.63,30.07,25.24,27.98,3.56
2009,Naic,14.32,120.77,8,17.59,4.01,0.98,9.33,85.49,31.06,25.93,28.32,4.13
2009,Naic,14.32,120.77,9,13.23,3.51,0.99,28.22,87.75,30.85,25.39,27.77,4.36
2009,Naic,14.32,120.77,10,14.94,3.96,0.97,7.32,83.54,29.78,22.49,27.34,3.92
2009,Naic,14.32,120.77,11,17.59,3.95,0.86,1.62,83.32,30.17,23.69,27.69,3.61
2009,Naic,14.32,120.77,12,17.24,2.64,0.7,0.29,76.78,30.58,21.96,27.02,4.07
2009,Noveleta,14.43,120.88,1,14.97,2.74,0.75,0.95,81.72,29.87,19.75,25.97,5.22
2009,Noveleta,14.43,120.88,2,18.02,2.23,0.65,0.98,79.46,31.35,21.92,27.48,4.19
2009,Noveleta,14.43,120.88,3,21.28,1.2,0.61,1.15,72.59,32.79,23.57,30.19,3.66
2009,Noveleta,14.43,120.88,4,20.3,1.78,0.67,6.56,78.6,33.13,24.6,29.46,3.19
2009,Noveleta,14.43,120.88,5,20.24,4.12,0.91,11.37,83.54,31.32,24.54,28.52,3.06
2009,Noveleta,14.43,120.88,6,16.46,3.93,0.99,20.57,86.29,31.08,25.64,27.91,4.17
2009,Noveleta,14.43,120.88,7,16.79,3.33,0.99,17.6,86.63,30.07,25.24,27.98,3.56
2009,Noveleta,14.43,120.88,8,17.59,4.01,0.98,9.33,85.49,31.06,25.93,28.32,4.13
2009,Noveleta,14.43,120.88,9,13.23,3.51,0.99,28.22,87.75,30.85,25.39,27.77,4.36
2009,Noveleta,14.43,120.88,10,14.94,3.96,0.97,7.32,83.54,29.78,22.49,27.34,3.92
2009,Noveleta,14.43,120.88,11,17.59,3.95,0.86,1.62,83.32,30.17,23.69,27.69,3.61
2009,Noveleta,14.43,120.88,12,17.24,2.64,0.7,0.29,76.78,30.58,21.96,27.02,4.07
2009,Rosario,14.41,120.85,1,14.97,2.74,0.75,0.95,81.72,29.87,19.75,25.97,5.22
2009,Rosario,14.41,120.85,2,18.02,2.23,0.65,0.98,79.46,31.35,21.92,27.48,4.19
2009,Rosario,14.41,120.85,3,21.28,1.2,0.61,1.15,72.59,32.79,23.57,30.19,3.66
2009,Rosario,14.41,120.85,4,20.3,1.78,0.67,6.56,78.6,33.13,24.6,29.46,3.19
2009,Rosario,14.41,120.85,5,20.24,4.12,0.91,11.37,83.54,31.32,24.54,28.52,3.06
2009,Rosario,14.41,120.85,6,16.46,3.93,0.99,20.57,86.29,31.08,25.64,27.91,4.17
2009,Rosario,14.41,120.85,7,16.79,3.33,0.99,17.6,86.63,30.07,25.24,27.98,3.56
2009,Rosario,14.41,120.85,8,17.59,4.01,0.98,9.33,85.49,31.06,25.93,28.32,4.13
2009,Rosario,14.41,120.85,9,13.23,3.51,0.99,28.22,87.75,30.85,25.39,27.77,4.36
2009,Rosario,14.41,120.85,10,14.94,3.96,0.97,7.32,83.54,29.78,22.49,27.34,3.92
2009,Rosario,14.41,120.85,11,17.59,3.95,0.86,1.62,83.32,30.17,23.69,27.69,3.61
2009,Rosario,14.41,120.85,12,17.24,2.64,0.7,0.29,76.78,30.58,21.96,27.02,4.07
2009,Silang,14.23,120.97,1,14.97,4.63,0.93,6.01,89.29,29.74,18.2,23.44,1.82
2009,Silang,14.23,120.97,2,18.02,4.32,0.87,4.36,88.88,30.17,19.18,24.64,1.53
2009,Silang,14.23,120.97,3,21.28,4.7,0.78,4.04,84.66,32.7,21.12,26.18,1.34
2009,Silang,14.23,120.97,4,20.3,4.27,0.81,15.25,85.88,32.76,22.71,26.89,1.13
2009,Silang,14.23,120.97,5,20.24,4.58,0.95,11.0,87.83,31.46,23.41,26.88,1.14
2009,Silang,14.23,120.97,6,16.46,3.94,0.97,8.13,88.14,32.43,23.6,26.71,1.29
2009,Silang,14.23,120.97,7,16.79,3.52,0.96,7.26,88.37,32.36,23.16,26.64,1.2
2009,Silang,14.23,120.97,8,17.59,4.29,0.94,4.53,86.57,33.28,24.05,27.16,1.43
2009,Silang,14.23,120.97,9,13.23,3.74,0.95,14.32,89.1,32.94,23.19,26.45,1.41
2009,Silang,14.23,120.97,10,14.94,4.12,0.97,10.85,88.19,30.87,20.41,25.91,1.44
2009,Silang,14.23,120.97,11,17.59,4.64,0.95,7.75,89.22,30.73,21.56,25.76,1.38
2009,Silang,14.23,120.97,12,17.24,4.34,0.88,2.62,87.44,29.16,19.27,23.86,1.49
2009,Tagaytay City,14.11,120.96,1,14.97,4.63,0.93,6.01,89.29,29.74,18.2,23.44,1.82
2009,Tagaytay City,14.11,120.96,2,18.02,4.32,0.87,4.36,88.88,30.17,19.18,24.64,1.53
2009,Tagaytay City,14.11,120.96,3,21.28,4.7,0.78,4.04,84.66,32.7,21.12,26.18,1.34
2009,Tagaytay City,14.11,120.96,4,20.3,4.27,0.81,15.25,85.88,32.76,22.71,26.89,1.13
2009,Tagaytay City,14.11,120.96,5,20.24,4.58,0.95,11.0,87.83,31.46,23.41,26.88,1.14
2009,Tagaytay City,14.11,120.96,6,16.46,3.94,0.97,8.13,88.14,32.43,23.6,26.71,1.29
2009,Tagaytay City,14.11,120.96,7,16.79,3.52,0.96,7.26,88.37,32.36,23.16,26.64,1.2
2009,Tagaytay City,14.11,120.96,8,17.59,4.29,0.94,4.53,86.57,33.28,24.05,27.16,1.43
2009,Tagaytay City,14.11,120.96,9,13.23,3.74,0.95,14.32,89.1,32.94,23.19,26.45,1.41
2009,Tagaytay City,14.11,120.96,10,14.94,4.12,0.97,10.85,88.19,30.87,20.41,25.91,1.44
2009,Tagaytay City,14.11,120.96,11,17.59,4.64,0.95,7.75,89.22,30.73,21.56,25.76,1.38
2009,Tagaytay City,14.11,120.96,12,17.24,4.34,0.88,2.62,87.44,29.16,19.27,23.86,1.49
2009,Tanza,14.36,120.85,1,14.97,2.74,0.75,0.95,81.72,29.87,19.75,25.97,5.22
2009,Tanza,14.36,120.85,2,18.02,2.23,0.65,0.98,79.46,31.35,21.92,27.48,4.19
2009,Tanza,14.36,120.85,3,21.28,1.2,0.61,1.15,72.59,32.79,23.57,30.19,3.66
2009,Tanza,14.36,120.85,4,20.3,1.78,0.67,6.56,78.6,33.13,24.6,29.46,3.19
2009,Tanza,14.36,120.85,5,20.24,4.12,0.91,11.37,83.54,31.32,24.54,28.52,3.06
2009,Tanza,14.36,120.85,6,16.46,3.93,0.99,20.57,86.29,31.08,25.64,27.91,4.17
2009,Tanza,14.36,120.85,7,16.79,3.33,0.99,17.6,86.63,30.07,25.24,27.98,3.56
2009,Tanza,14.36,120.85,8,17.59,4.01,0.98,9.33,85.49,31.06,25.93,28.32,4.13
2009,Tanza,14.36,120.85,9,13.23,3.51,0.99,28.22,87.75,30.85,25.39,27.77,4.36
2009,Tanza,14.36,120.85,10,14.94,3.96,0.97,7.32,83.54,29.78,22.49,27.34,3.92
2009,Tanza,14.36,120.85,11,17.59,3.95,0.86,1.62,83.32,30.17,23.69,27.69,3.61
2009,Tanza,14.36,120.85,12,17.24,2.64,0.7,0.29,76.78,30.58,21.96,27.02,4.07
2009,Ternate,14.28,120.7,1,14.97,2.74,0.75,0.95,81.72,29.87,19.75,25.97,5.22
2009,Ternate,14.28,120.7,2,18.02,2.23,0.65,0.98,79.46,31.35,21.92,27.48,4.19
2009,Ternate,14.28,120.7,3,21.28,1.2,0.61,1.15,72.59,32.79,23.57,30.19,3.66
2009,Ternate,14.28,120.7,4,20.3,1.78,0.67,6.56,78.6,33.13,24.6,29.46,3.19
2009,Ternate,14.28,120.7,5,20.24,4.12,0.91,11.37,83.54,31.32,24.54,28.52,3.06
2009,Ternate,14.28,120.7,6,16.46,3.93,0.99,20.57,86.29,31.08,25.64,27.91,4.17
2009,Ternate,14.28,120.7,7,16.79,3.33,0.99,17.6,86.63,30.07,25.24,27.98,3.56
2009,Ternate,14.28,120.7,8,17.59,4.01,0.98,9.33,85.49,31.06,25.93,28.32,4.13
2009,Ternate,14.28,120.7,9,13.23,3.51,0.99,28.22,87.75,30.85,25.39,27.77,4.36
2009,Ternate,14.28,120.7,10,14.94,3.96,0.97,7.32,83.54,29.78,22.49,27.34,3.92
2009,Ternate,14.28,120.7,11,17.59,3.95,0.86,1.62,83.32,30.17,23.69,27.69,3.61
2009,Ternate,14.28,120.7,12,17.24,2.64,0.7,0.29,76.78,30.58,21.96,27.02,4.07
2009,Trece Martires City,14.28,120.86,1,14.97,2.74,0.75,0.95,81.72,29.87,19.75,25.97,5.22
2009,Trece Martires City,14.28,120.86,2,18.02,2.23,0.65,0.98,79.46,31.35,21.92,27.48,4.19
2009,Trece Martires City,14.28,120.86,3,21.28,1.2,0.61,1.15,72.59,32.79,23.57,30.19,3.66
2009,Trece Martires City,14.28,120.86,4,20.3,1.78,0.67,6.56,78.6,33.13,24.6,29.46,3.19
2009,Trece Martires City,14.28,120.86,5,20.24,4.12,0.91,11.37,83.54,31.32,24.54,28.52,3.06
2009,Trece Martires City,14.28,120.86,6,16.46,3.93,0.99,20.57,86.29,31.08,25.64,27.91,4.17
2009,Trece Martires City,14.28,120.86,7,16.79,3.33,0.99,17.6,86.63,30.07,25.24,27.98,3.56
2009,Trece Martires City,14.28,120.86,8,17.59,4.01,0.98,9.33,85.49,31.06,25.93,28.32,4.13
2009,Trece Martires City,14.28,120.86,9,13.23,3.51,0.99,28.22,87.75,30.85,25.39,27.77,4.36
2009,Trece Martires City,14.28,120.86,10,14.94,3.96,0.97,7.32,83.54,29.78,22.49,27.34,3.92
2009,Trece Martires City,14.28,120.86,11,17.59,3.95,0.86,1.62,83.32,30.17,23.69,27.69,3.61
2009,Trece Martires City,14.28,120.86,12,17.24,2.64,0.7,0.29,76.78,30.58,21.96,27.02,4.07
2010,Alfonso,14.14,120.85,1,17.29,2.38,0.54,0.6,79.6,29.67,22.45,26.41,4.45
2010,Alfonso,14.14,120.85,2,22.02,0.93,0.47,0.04,73.75,32.18,22.69,27.36,3.34
2010,Alfonso,14.14,120.85,3,22.61,0.78,0.45,0.65,72.41,33.02,22.73,28.47,3.85
2010,Alfonso,14.14,120.85,4,24.49,0.61,0.44,0.66,69.46,34.78,24.94,29.79,2.94
2010,Alfonso,14.14,120.85,5,24.41,1.08,0.45,1.04,68.46,36.22,26.29,31.03,2.15
2010,Alfonso,14.14,120.85,6,18.96,2.34,0.52,5.75,77.57,33.43,26.63,30.03,2.08
2010,Alfonso,14.14,120.85,7,18.92,3.46,0.76,12.82,81.41,31.14,25.33,28.87,2.18
2010,Alfonso,14.14,120.85,8,17.62,4.13,0.94,8.06,84.73,30.35,25.75,28.12,3.14
2010,Alfonso,14.14,120.85,9,19.22,3.78,0.96,7.43,83.09,30.68,25.27,28.23,2.36
2010,Alfonso,14.14,120.85,10,15.55,3.74,0.98,11.17,85.19,30.41,25.38,28.13,3.17
2010,Alfonso,14.14,120.85,11,15.31,3.47,0.97,6.76,86.53,29.58,24.89,27.53,3.29
2010,Alfonso,14.14,120.85,12,14.54,3.94,0.9,3.15,86.32,29.59,23.7,26.83,3.99
2010,Amadeo,14.17,120.92,1,17.29,2.38,0.54,0.6,79.6,29.67,22.45,26.41,4.45
2010,Amadeo,14.17,120.92,2,22.02,0.93,0.47,0.04,73.75,32.18,22.69,27.36,3.34
2010,Amadeo,14.17,120.92,3,22.61,0.78,0.45,0.65,72.41,33.02,22.73,28.47,3.85
2010,Amadeo,14.17,120.92,4,24.49,0.61,0.44,0.66,69.46,34.78,24.94,29.79,2.94
2010,Amadeo,14.17,120.92,5,24.41,1.08,0.45,1.04,68.46,36.22,26.29,31.03,2.15
2010,Amadeo,14.17,120.92,6,18.96,2.34,0.52,5.75,77.57,33.43,26.63,30.03,2.08
2010,Amadeo,14.17,120.92,7,18.92,3.46,0.76,12.82,81.41,31.14,25.33,28.87,2.18
2010,Amadeo,14.17,120.92,8,17.62,4.13,0.94,8.06,84.73,30.35,25.75,28.12,3.14
2010,Amadeo,14.17,120.92,9,19.22,3.78,0.96,7.43,83.09,30.68,25.27,28.23,2.36
2010,Amadeo,14.17,120.92,10,15.55,3.74,0.98,11.17,85.19,30.41,25.38,28.13,3.17
2010,Amadeo,14.17,120.92,11,15.31,3.47,0.97,6.76,86.53,29.58,24.89,27.53,3.29
2010,Amadeo,14.17,120.92,12,14.54,3.94,0.9,3.15,86.32,29.59,23.7,26.83,3.99
2010,Bacoor City,14.46,120.94,1,17.29,3.65,0.76,3.38,83.59,30.31,18.79,24.43,1.75
2010,Bacoor City,14.46,120.94,2,22.02,2.34,0.67,0.43,77.6,33.5,19.3,25.81,1.46
2010,Bacoor City,14.46,120.94,3,22.61,2.18,0.63,1.97,75.55,35.29,19.49,27.09,1.73
2010,Bacoor City,14.46,120.94,4,24.49,1.54,0.61,1.6,72.22,36.11,21.41,28.81,1.5
2010,Bacoor City,14.46,120.94,5,24.41,1.8,0.61,1.57,68.92,37.33,24.05,30.34,1.13
2010,Bacoor City,14.46,120.94,6,18.96,2.58,0.66,5.06,78.3,35.58,24.51,28.61,0.89
2010,Bacoor City,14.46,120.94,7,18.92,3.72,0.86,14.62,83.94,34.4,22.89,27.21,0.86
2010,Bacoor City,14.46,120.94,8,17.62,4.03,0.97,8.11,87.58,32.5,23.16,26.62,1.16
2010,Bacoor City,14.46,120.94,9,19.22,3.89,0.97,7.41,86.47,32.69,22.84,26.63,0.97
2010,Bacoor City,14.46,120.94,10,15.55,3.64,0.98,9.44,89.63,31.13,22.25,26.1,1.24
2010,Bacoor City,14.46,120.94,11,15.31,3.51,0.99,14.34,91.09,30.0,22.03,25.54,1.22
2010,Bacoor City,14.46,120.94,12,14.54,4.03,0.98,10.8,90.82,30.26,21.36,24.62,1.44
2010,Carmona,14.31,121.05,1,13.29,3.65,0.76,3.38,83.59,30.31,18.79,24.43,1.75
2010,Carmona,14.31,121.05,2,20.29,2.34,0.67,0.43,77.6,33.5,19.3,25.81,1.46
2010,Carmona,14.31,121.05,3,19.52,2.18,0.63,1.97,75.55,35.29,19.49,27.09,1.73
2010,Carmona,14.31,121.05,4,22.73,1.54,0.61,1.6,72.22,36.11,21.41,28.81,1.5
2010,Carmona,14.31,121.05,5,23.08,1.8,0.61,1.57,68.92,37.33,24.05,30.34,1.13
2010,Carmona,14.31,121.05,6,19.33,2.58,0.66,5.06,78.3,35.58,24.51,28.61,0.89
2010,Carmona,14.31,121.05,7,17.74,3.72,0.86,14.62,83.94,34.4,22.89,27.21,0.86
2010,Carmona,14.31,121.05,8,17.12,4.03,0.97,8.11,87.58,32.5,23.16,26.62,1.16
2010,Carmona,14.31,121.05,9,17.22,3.89,0.97,7.41,86.47,32.69,22.84,26.63,0.97
2010,Carmona,14.31,121.05,10,13.77,3.64,0.98,9.44,89.63,31.13,22.25,26.1,1.24
2010,Carmona,14.31,121.05,11,12.54,3.51,0.99,14.34,91.09,30.0,22.03,25.54,1.22
2010,Carmona,14.31,121.05,12,11.04,4.03,0.98,10.8,90.82,30.26,21.36,24.62,1.44
2010,Cavite City,14.48,120.9,1,17.29,1.13,0.61,0.39,74.47,31.1,21.71,27.87,4.65
2010,Cavite City,14.48,120.9,2,22.02,0.22,0.59,0.04,69.2,33.05,22.62,29.65,3.58
2010,Cavite City,14.48,120.9,3,22.61,0.31,0.59,0.34,68.41,33.84,22.9,30.7,4.37
2010,Cavite City,14.48,120.9,4,24.49,0.25,0.59,0.57,65.88,35.2,24.65,32.31,3.43
2010,Cavite City,14.48,120.9,5,24.41,0.96,0.6,1.24,66.92,36.78,25.49,33.06,2.63
2010,Cavite City,14.48,120.9,6,18.96,2.57,0.74,6.84,79.07,33.22,26.33,30.16,2.33
2010,Cavite City,14.48,120.9,7,18.92,3.2,0.9,12.07,81.97,30.86,25.11,28.91,2.31
2010,Cavite City,14.48,120.9,8,17.62,3.75,0.99,12.0,84.84,30.05,25.0,28.17,3.45
2010,Cavite City,14.48,120.9,9,19.22,3.22,0.98,8.27,83.63,30.44,24.94,28.33,2.48
2010,Cavite City,14.48,120.9,10,15.55,3.32,0.98,11.45,84.95,30.74,24.62,28.09,3.48
2010,Cavite City,14.48,120.9,11,15.31,2.8,0.98,4.89,86.79,29.8,24.4,27.32,3.22
2010,Cavite City,14.48,120.9,12,14.54,3.08,0.9,2.44,85.41,30.02,23.04,26.76,3.91
2010,Dasmarinas City,14.33,120.93,1,17.29,1.13,0.61,0.39,74.47,31.1,21.71,27.87,4.65
2010,Dasmarinas City,14.33,120.93,2,22.02,0.22,0.59,0.04,69.2,33.05,22.62,29.65,3.58
2010,Dasmarinas City,14.33,120.93,3,22.61,0.31,0.59,0.34,68.41,33.84,22.9,30.7,4.37
2010,Dasmarinas City,14.33,120.93,4,24.49,0.25,0.59,0.57,65.88,35.2,24.65,32.31,3.43
2010,Dasmarinas City,14.33,120.93,5,24.41,0.96,0.6,1.24,66.92,36.78,25.49,33.06,2.63
2010,Dasmarinas City,14.33,120.93,6,18.96,2.57,0.74,6.84,79.07,33.22,26.33,30.16,2.33
2010,Dasmarinas City,14.33,120.93,7,18.92,3.2,0.9,12.07,81.97,30.86,25.11,28.91,2.31
2010,Dasmarinas City,14.33,120.93,8,17.62,3.75,0.99,12.0,84.84,30.05,25.0,28.17,3.45
2010,Dasmarinas City,14.33,120.93,9,19.22,3.22,0.98,8.27,83.63,30.44,24.94,28.33,2.48
2010,Dasmarinas City,14.33,120.93,10,15.55,3.32,0.98,11.45,84.95,30.74,24.62,28.09,3.48
2010,Dasmarinas City,14.33,120.93,11,15.31,2.8,0.98,4.89,86.79,29.8,24.4,27.32,3.22
2010,Dasmarinas City,14.33,120.93,12,14.54,3.08,0.9,2.44,85.41,30.02,23.04,26.76,3.91
2010,General Emilio Aguinaldo,14.18,120.79,1,17.29,2.38,0.54,0.6,79.6,29.67,22.45,26.41,4.45
2010,General Emilio Aguinaldo,14.18,120.79,2,22.02,0.93,0.47,0.04,73.75,32.18,22.69,27.36,3.34
2010,General Emilio Aguinaldo,14.18,120.79,3,22.61,0.78,0.45,0.65,72.41,33.02,22.73,28.47,3.85
2010,General Emilio Aguinaldo,14.18,120.79,4,24.49,0.61,0.44,0.66,69.46,34.78,24.94,29.79,2.94
2010,General Emilio Aguinaldo,14.18,120.79,5,24.41,1.08,0.45,1.04,68.46,36.22,26.29,31.03,2.15
2010,General Emilio Aguinaldo,14.18,120.79,6,18.96,2.34,0.52,5.75,77.57,33.43,26.63,30.03,2.08
2010,General Emilio Aguinaldo,14.18,120.79,7,18.92,3.46,0.76,12.82,81.41,31.14,25.33,28.87,2.18
2010,General Emilio Aguinaldo,14.18,120.79,8,17.62,4.13,0.94,8.06,84.73,30.35,25.75,28.12,3.14
2010,General Emilio Aguinaldo,14.18,120.79,9,19.22,3.78,0.96,7.43,83.09,30.68,25.27,28.23,2.36
2010,General Emilio Aguinaldo,14.18,120.79,10,15.55,3.74,0.98,11.17,85.19,30.41,25.38,28.13,3.17
2010,General Emilio Aguinaldo,14.18,120.79,11,15.31,3.47,0.97,6.76,86.53,29.58,24.89,27.53,3.29
2010,General Emilio Aguinaldo,14.18,120.79,12,14.54,3.94,0.9,3.15,86.32,29.59,23.7,26.83,3.99
2010,General Mariano Alvarez,14.3,121.0,1,13.29,3.65,0.76,3.38,83.59,30.31,18.79,24.43,1.75
2010,General Mariano Alvarez,14.3,121.0,2,20.29,2.34,0.67,0.43,77.6,33.5,19.3,25.81,1.46
2010,General Mariano Alvarez,14.3,121.0,3,19.52,2.18,0.63,1.97,75.55,35.29,19.49,27.09,1.73
2010,General Mariano Alvarez,14.3,121.0,4,22.73,1.54,0.61,1.6,72.22,36.11,21.41,28.81,1.5
2010,General Mariano Alvarez,14.3,121.0,5,23.08,1.8,0.61,1.57,68.92,37.33,24.05,30.34,1.13
2010,General Mariano Alvarez,14.3,121.0,6,19.33,2.58,0.66,5.06,78.3,35.58,24.51,28.61,0.89
2010,General Mariano Alvarez,14.3,121.0,7,17.74,3.72,0.86,14.62,83.94,34.4,22.89,27.21,0.86
2010,General Mariano Alvarez,14.3,121.0,8,17.12,4.03,0.97,8.11,87.58,32.5,23.16,26.62,1.16
2010,General Mariano Alvarez,14.3,121.0,9,17.22,3.89,0.97,7.41,86.47,32.69,22.84,26.63,0.97
2010,General Mariano Alvarez,14.3,121.0,10,13.77,3.64,0.98,9.44,89.63,31.13,22.25,26.1,1.24
2010,General Mariano Alvarez,14.3,121.0,11,12.54,3.51,0.99,14.34,91.09,30.0,22.03,25.54,1.22
2010,General Mariano Alvarez,14.3,121.0,12,11.04,4.03,0.98,10.8,90.82,30.26,21.36,24.62,1.44
2010,General Trias,14.38,120.88,1,17.29,1.13,0.61,0.39,74.47,31.1,21.71,27.87,4.65
2010,General Trias,14.38,120.88,2,22.02,0.22,0.59,0.04,69.2,33.05,22.62,29.65,3.58
2010,General Trias,14.38,120.88,3,22.61,0.31,0.59,0.34,68.41,33.84,22.9,30.7,4.37
2010,General Trias,14.38,120.88,4,24.49,0.25,0.59,0.57,65.88,35.2,24.65,32.31,3.43
2010,General Trias,14.38,120.88,5,24.41,0.96,0.6,1.24,66.92,36.78,25.49,33.06,2.63
2010,General Trias,14.38,120.88,6,18.96,2.57,0.74,6.84,79.07,33.22,26.33,30.16,2.33
2010,General Trias,14.38,120.88,7,18.92,3.2,0.9,12.07,81.97,30.86,25.11,28.91,2.31
2010,General Trias,14.38,120.88,8,17.62,3.75,0.99,12.0,84.84,30.05,25.0,28.17,3.45
2010,General Trias,14.38,120.88,9,19.22,3.22,0.98,8.27,83.63,30.44,24.94,28.33,2.48
2010,General Trias,14.38,120.88,10,15.55,3.32,0.98,11.45,84.95,30.74,24.62,28.09,3.48
2010,General Trias,14.38,120.88,11,15.31,2.8,0.98,4.89,86.79,29.8,24.4,27.32,3.22
2010,General Trias,14.38,120.88,12,14.54,3.08,0.9,2.44,85.41,30.02,23.04,26.76,3.91
2010,Imus City,14.43,120.93,1,17.29,1.13,0.61,0.39,74.47,31.1,21.71,27.87,4.65
2010,Imus City,14.43,120.93,2,22.02,0.22,0.59,0.04,69.2,33.05,22.62,29.65,3.58
2010,Imus City,14.43,120.93,3,22.61,0.31,0.59,0.34,68.41,33.84,22.9,30.7,4.37
2010,Imus City,14.43,120.93,4,24.49,0.25,0.59,0.57,65.88,35.2,24.65,32.31,3.43
2010,Imus City,14.43,120.93,5,24.41,0.96,0.6,1.24,66.92,36.78,25.49,33.06,2.63
2010,Imus City,14.43,120.93,6,18.96,2.57,0.74,6.84,79.07,33.22,26.33,30.16,2.33
2010,Imus City,14.43,120.93,7,18.92,3.2,0.9,12.07,81.97,30.86,25.11,28.91,2.31
2010,Imus City,14.43,120.93,8,17.62,3.75,0.99,12.0,84.84,30.05,25.0,28.17,3.45
2010,Imus City,14.43,120.93,9,19.22,3.22,0.98,8.27,83.63,30.44,24.94,28.33,2.48
2010,Imus City,14.43,120.93,10,15.55,3.32,0.98,11.45,84.95,30.74,24.62,28.09,3.48
2010,Imus City,14.43,120.93,11,15.31,2.8,0.98,4.89,86.79,29.8,24.4,27.32,3.22
2010,Imus City,14.43,120.93,12,14.54,3.08,0.9,2.44,85.41,30.02,23.04,26.76,3.91
2010,Indang,14.19,120.87,1,17.29,2.38,0.54,0.6,79.6,29.67,22.45,26.41,4.45
2010,Indang,14.19,120.87,2,22.02,0.93,0.47,0.04,73.75,32.18,22.69,27.36,3.34
2010,Indang,14.19,120.87,3,22.61,0.78,0.45,0.65,72.41,33.02,22.73,28.47,3.85
2010,Indang,14.19,120.87,4,24.49,0.61,0.44,0.66,69.46,34.78,24.94,29.79,2.94
2010,Indang,14.19,120.87,5,24.41,1.08,0.45,1.04,68.46,36.22,26.29,31.03,2.15
2010,Indang,14.19,120.87,6,18.96,2.34,0.52,5.75,77.57,33.43,26.63,30.03,2.08
2010,Indang,14.19,120.87,7,18.92,3.46,0.76,12.82,81.41,31.14,25.33,28.87,2.18
2010,Indang,14.19,120.87,8,17.62,4.13,0.94,8.06,84.73,30.35,25.75,28.12,3.14
2010,Indang,14.19,120.87,9,19.22,3.78,0.96,7.43,83.09,30.68,25.27,28.23,2.36
2010,Indang,14.19,120.87,10,15.55,3.74,0.98,11.17,85.19,30.41,25.38,28.13,3.17
2010,Indang,14.19,120.87,11,15.31,3.47,0.97,6.76,86.53,29.58,24.89,27.53,3.29
2010,Indang,14.19,120.87,12,14.54,3.94,0.9,3.15,86.32,29.59,23.7,26.83,3.99
2010,Kawit,14.44,120.9,1,17.29,1.13,0.61,0.39,74.47,31.1,21.71,27.87,4.65
2010,Kawit,14.44,120.9,2,22.02,0.22,0.59,0.04,69.2,33.05,22.62,29.65,3.58
2010,Kawit,14.44,120.9,3,22.61,0.31,0.59,0.34,68.41,33.84,22.9,30.7,4.37
2010,Kawit,14.44,120.9,4,24.49,0.25,0.59,0.57,65.88,35.2,24.65,32.31,3.43
2010,Kawit,14.44,120.9,5,24.41,0.96,0.6,1.24,66.92,36.78,25.49,33.06,2.63
2010,Kawit,14.44,120.9,6,18.96,2.57,0.74,6.84,79.07,33.22,26.33,30.16,2.33
2010,Kawit,14.44,120.9,7,18.92,3.2,0.9,12.07,81.97,30.86,25.11,28.91,2.31
2010,Kawit,14.44,120.9,8,17.62,3.75,0.99,12.0,84.84,30.05,25.0,28.17,3.45
2010,Kawit,14.44,120.9,9,19.22,3.22,0.98,8.27,83.63,30.44,24.94,28.33,2.48
2010,Kawit,14.44,120.9,10,15.55,3.32,0.98,11.45,84.95,30.74,24.62,28.09,3.48
2010,Kawit,14.44,120.9,11,15.31,2.8,0.98,4.89,86.79,29.8,24.4,27.32,3.22
2010,Kawit,14.44,120.9,12,14.54,3.08,0.9,2.44,85.41,30.02,23.04,26.76,3.91
2010,Magallanes,14.19,120.73,1,17.29,2.38,0.54,0.6,79.6,29.67,22.45,26.41,4.45
2010,Magallanes,14.19,120.73,2,22.02,0.93,0.47,0.04,73.75,32.18,22.69,27.36,3.34
2010,Magallanes,14.19,120.73,3,22.61,0.78,0.45,0.65,72.41,33.02,22.73,28.47,3.85
2010,Magallanes,14.19,120.73,4,24.49,0.61,0.44,0.66,69.46,34.78,24.94,29.79,2.94
2010,Magallanes,14.19,120.73,5,24.41,1.08,0.45,1.04,68.46,36.22,26.29,31.03,2.15
2010,Magallanes,14.19,120.73,6,18.96,2.34,0.52,5.75,77.57,33.43,26.63,30.03,2.08
2010,Magallanes,14.19,120.73,7,18.92,3.46,0.76,12.82,81.41,31.14,25.33,28.87,2.18
2010,Magallanes,14.19,120.73,8,17.62,4.13,0.94,8.06,84.73,30.35,25.75,28.12,3.14
2010,Magallanes,14.19,120.73,9,19.22,3.78,0.96,7.43,83.09,30.68,25.27,28.23,2.36
2010,Magallanes,14.19,120.73,10,15.55,3.74,0.98,11.17,85.19,30.41,25.38,28.13,3.17
2010,Magallanes,14.19,120.73,11,15.31,3.47,0.97,6.76,86.53,29.58,24.89,27.53,3.29
2010,Magallanes,14.19,120.73,12,14.54,3.94,0.9,3.15,86.32,29.59,23.7,26.83,3.99
2010,Maragondon,14.27,120.73,1,17.29,1.13,0.61,0.39,74.47,31.1,21.71,27.87,4.65
2010,Maragondon,14.27,120.73,2,22.02,0.22,0.59,0.04,69.2,33.05,22.62,29.65,3.58
2010,Maragondon,14.27,120.73,3,22.61,0.31,0.59,0.34,68.41,33.84,22.9,30.7,4.37
2010,Maragondon,14.27,120.73,4,24.49,0.25,0.59,0.57,65.88,35.2,24.65,32.31,3.43
2010,Maragondon,14.27,120.73,5,24.41,0.96,0.6,1.24,66.92,36.78,25.49,33.06,2.63
2010,Maragondon,14.27,120.73,6,18.96,2.57,0.74,6.84,79.07,33.22,26.33,30.16,2.33
2010,Maragondon,14.27,120.73,7,18.92,3.2,0.9,12.07,81.97,30.86,25.11,28.91,2.31
2010,Maragondon,14.27,120.73,8,17.62,3.75,0.99,12.0,84.84,30.05,25.0,28.17,3.45
2010,Maragondon,14.27,120.73,9,19.22,3.22,0.98,8.27,83.63,30.44,24.94,28.33,2.48
2010,Maragondon,14.27,120.73,10,15.55,3.32,0.98,11.45,84.95,30.74,24.62,28.09,3.48
2010,Maragondon,14.27,120.73,11,15.31,2.8,0.98,4.89,86.79,29.8,24.4,27.32,3.22
2010,Maragondon,14.27,120.73,12,14.54,3.08,0.9,2.44,85.41,30.02,23.04,26.76,3.91
2010,Mendez,14.13,120.9,1,17.29,2.38,0.54,0.6,79.6,29.67,22.45,26.41,4.45
2010,Mendez,14.13,120.9,2,22.02,0.93,0.47,0.04,73.75,32.18,22.69,27.36,3.34
2010,Mendez,14.13,120.9,3,22.61,0.78,0.45,0.65,72.41,33.02,22.73,28.47,3.85
2010,Mendez,14.13,120.9,4,24.49,0.61,0.44,0.66,69.46,34.78,24.94,29.79,2.94
2010,Mendez,14.13,120.9,5,24.41,1.08,0.45,1.04,68.46,36.22,26.29,31.03,2.15
2010,Mendez,14.13,120.9,6,18.96,2.34,0.52,5.75,77.57,33.43,26.63,30.03,2.08
2010,Mendez,14.13,120.9,7,18.92,3.46,0.76,12.82,81.41,31.14,25.33,28.87,2.18
2010,Mendez,14.13,120.9,8,17.62,4.13,0.94,8.06,84.73,30.35,25.75,28.12,3.14
2010,Mendez,14.13,120.9,9,19.22,3.78,0.96,7.43,83.09,30.68,25.27,28.23,2.36
2010,Mendez,14.13,120.9,10,15.55,3.74,0.98,11.17,85.19,30.41,25.38,28.13,3.17
2010,Mendez,14.13,120.9,11,15.31,3.47,0.97,6.76,86.53,29.58,24.89,27.53,3.29
2010,Mendez,14.13,120.9,12,14.54,3.94,0.9,3.15,86.32,29.59,23.7,26.83,3.99
2010,Naic,14.32,120.77,1,17.29,1.13,0.61,0.39,74.47,31.1,21.71,27.87,4.65
2010,Naic,14.32,120.77,2,22.02,0.22,0.59,0.04,69.2,33.05,22.62,29.65,3.58
2010,Naic,14.32,120.77,3,22.61,0.31,0.59,0.34,68.41,33.84,22.9,30.7,4.37
2010,Naic,14.32,120.77,4,24.49,0.25,0.59,0.57,65.88,35.2,24.65,32.31,3.43
2010,Naic,14.32,120.77,5,24.41,0.96,0.6,1.24,66.92,36.78,25.49,33.06,2.63
2010,Naic,14.32,120.77,6,18.96,2.57,0.74,6.84,79.07,33.22,26.33,30.16,2.33
2010,Naic,14.32,120.77,7,18.92,3.2,0.9,12.07,81.97,30.86,25.11,28.91,2.31
2010,Naic,14.32,120.77,8,17.62,3.75,0.99,12.0,84.84,30.05,25.0,28.17,3.45
2010,Naic,14.32,120.77,9,19.22,3.22,0.98,8.27,83.63,30.44,24.94,28.33,2.48
2010,Naic,14.32,120.77,10,15.55,3.32,0.98,11.45,84.95,30.74,24.62,28.09,3.48
2010,Naic,14.32,120.77,11,15.31,2.8,0.98,4.89,86.79,29.8,24.4,27.32,3.22
2010,Naic,14.32,120.77,12,14.54,3.08,0.9,2.44,85.41,30.02,23.04,26.76,3.91
2010,Noveleta,14.43,120.88,1,17.29,1.13,0.61,0.39,74.47,31.1,21.71,27.87,4.65
2010,Noveleta,14.43,120.88,2,22.02,0.22,0.59,0.04,69.2,33.05,22.62,29.65,3.58
2010,Noveleta,14.43,120.88,3,22.61,0.31,0.59,0.34,68.41,33.84,22.9,30.7,4.37
2010,Noveleta,14.43,120.88,4,24.49,0.25,0.59,0.57,65.88,35.2,24.65,32.31,3.43
2010,Noveleta,14.43,120.88,5,24.41,0.96,0.6,1.24,66.92,36.78,25.49,33.06,2.63
2010,Noveleta,14.43,120.88,6,18.96,2.57,0.74,6.84,79.07,33.22,26.33,30.16,2.33
2010,Noveleta,14.43,120.88,7,18.92,3.2,0.9,12.07,81.97,30.86,25.11,28.91,2.31
2010,Noveleta,14.43,120.88,8,17.62,3.75,0.99,12.0,84.84,30.05,25.0,28.17,3.45
2010,Noveleta,14.43,120.88,9,19.22,3.22,0.98,8.27,83.63,30.44,24.94,28.33,2.48
2010,Noveleta,14.43,120.88,10,15.55,3.32,0.98,11.45,84.95,30.74,24.62,28.09,3.48
2010,Noveleta,14.43,120.88,11,15.31,2.8,0.98,4.89,86.79,29.8,24.4,27.32,3.22
2010,Noveleta,14.43,120.88,12,14.54,3.08,0.9,2.44,85.41,30.02,23.04,26.76,3.91
2010,Rosario,14.41,120.85,1,17.29,1.13,0.61,0.39,74.47,31.1,21.71,27.87,4.65
2010,Rosario,14.41,120.85,2,22.02,0.22,0.59,0.04,69.2,33.05,22.62,29.65,3.58
2010,Rosario,14.41,120.85,3,22.61,0.31,0.59,0.34,68.41,33.84,22.9,30.7,4.37
2010,Rosario,14.41,120.85,4,24.49,0.25,0.59,0.57,65.88,35.2,24.65,32.31,3.43
2010,Rosario,14.41,120.85,5,24.41,0.96,0.6,1.24,66.92,36.78,25.49,33.06,2.63
2010,Rosario,14.41,120.85,6,18.96,2.57,0.74,6.84,79.07,33.22,26.33,30.16,2.33
2010,Rosario,14.41,120.85,7,18.92,3.2,0.9,12.07,81.97,30.86,25.11,28.91,2.31
2010,Rosario,14.41,120.85,8,17.62,3.75,0.99,12.0,84.84,30.05,25.0,28.17,3.45
2010,Rosario,14.41,120.85,9,19.22,3.22,0.98,8.27,83.63,30.44,24.94,28.33,2.48
2010,Rosario,14.41,120.85,10,15.55,3.32,0.98,11.45,84.95,30.74,24.62,28.09,3.48
2010,Rosario,14.41,120.85,11,15.31,2.8,0.98,4.89,86.79,29.8,24.4,27.32,3.22
2010,Rosario,14.41,120.85,12,14.54,3.08,0.9,2.44,85.41,30.02,23.04,26.76,3.91
2010,Silang,14.23,120.97,1,17.29,4.22,0.78,3.77,86.77,29.55,18.77,24.21,1.67
2010,Silang,14.23,120.97,2,22.02,3.08,0.67,0.22,79.53,32.51,19.64,25.5,1.45
2010,Silang,14.23,120.97,3,22.61,2.52,0.6,2.14,76.99,35.16,19.59,27.0,1.67
2010,Silang,14.23,120.97,4,24.49,1.67,0.57,1.22,72.29,35.64,21.54,28.84,1.49
2010,Silang,14.23,120.97,5,24.41,1.58,0.55,1.15,68.16,37.24,24.55,30.42,1.15
2010,Silang,14.23,120.97,6,18.96,2.2,0.6,4.84,76.58,35.41,24.81,29.02,0.92
2010,Silang,14.23,120.97,7,18.92,3.6,0.8,13.79,83.83,34.3,23.3,27.42,0.86
2010,Silang,14.23,120.97,8,17.62,3.88,0.95,7.0,87.08,32.47,23.71,26.84,1.14
2010,Silang,14.23,120.97,9,19.22,3.85,0.96,8.19,86.26,32.73,23.17,26.83,0.97
2010,Silang,14.23,120.97,10,15.55,3.36,0.98,10.75,90.13,31.24,22.99,26.36,1.19
2010,Silang,14.23,120.97,11,15.31,3.24,0.99,14.79,91.68,30.27,22.44,25.84,1.2
2010,Silang,14.23,120.97,12,14.54,3.73,0.98,11.81,92.03,29.47,21.6,24.92,1.43
2010,Tagaytay City,14.11,120.96,1,17.29,4.22,0.78,3.77,86.77,29.55,18.77,24.21,1.67
2010,Tagaytay City,14.11,120.96,2,22.02,3.08,0.67,0.22,79.53,32.51,19.64,25.5,1.45
2010,Tagaytay City,14.11,120.96,3,22.61,2.52,0.6,2.14,76.99,35.16,19.59,27.0,1.67
2010,Tagaytay City,14.11,120.96,4,24.49,1.67,0.57,1.22,72.29,35.64,21.54,28.84,1.49
2010,Tagaytay City,14.11,120.96,5,24.41,1.58,0.55,1.15,68.16,37.24,24.55,30.42,1.15
2010,Tagaytay City,14.11,120.96,6,18.96,2.2,0.6,4.84,76.58,35.41,24.81,29.02,0.92
2010,Tagaytay City,14.11,120.96,7,18.92,3.6,0.8,13.79,83.83,34.3,23.3,27.42,0.86
2010,Tagaytay City,14.11,120.96,8,17.62,3.88,0.95,7.0,87.08,32.47,23.71,26.84,1.14
2010,Tagaytay City,14.11,120.96,9,19.22,3.85,0.96,8.19,86.26,32.73,23.17,26.83,0.97
2010,Tagaytay City,14.11,120.96,10,15.55,3.36,0.98,10.75,90.13,31.24,22.99,26.36,1.19
2010,Tagaytay City,14.11,120.96,11,15.31,3.24,0.99,14.79,91.68,30.27,22.44,25.84,1.2
2010,Tagaytay City,14.11,120.96,12,14.54,3.73,0.98,11.81,92.03,29.47,21.6,24.92,1.43
2010,Tanza,14.36,120.85,1,17.29,1.13,0.61,0.39,74.47,31.1,21.71,27.87,4.65
2010,Tanza,14.36,120.85,2,22.02,0.22,0.59,0.04,69.2,33.05,22.62,29.65,3.58
2010,Tanza,14.36,120.85,3,22.61,0.31,0.59,0.34,68.41,33.84,22.9,30.7,4.37
2010,Tanza,14.36,120.85,4,24.49,0.25,0.59,0.57,65.88,35.2,24.65,32.31,3.43
2010,Tanza,14.36,120.85,5,24.41,0.96,0.6,1.24,66.92,36.78,25.49,33.06,2.63
2010,Tanza,14.36,120.85,6,18.96,2.57,0.74,6.84,79.07,33.22,26.33,30.16,2.33
2010,Tanza,14.36,120.85,7,18.92,3.2,0.9,12.07,81.97,30.86,25.11,28.91,2.31
2010,Tanza,14.36,120.85,8,17.62,3.75,0.99,12.0,84.84,30.05,25.0,28.17,3.45
2010,Tanza,14.36,120.85,9,19.22,3.22,0.98,8.27,83.63,30.44,24.94,28.33,2.48
2010,Tanza,14.36,120.85,10,15.55,3.32,0.98,11.45,84.95,30.74,24.62,28.09,3.48
2010,Tanza,14.36,120.85,11,15.31,2.8,0.98,4.89,86.79,29.8,24.4,27.32,3.22
2010,Tanza,14.36,120.85,12,14.54,3.08,0.9,2.44,85.41,30.02,23.04,26.76,3.91
2010,Ternate,14.28,120.7,1,17.29,1.13,0.61,0.39,74.47,31.1,21.71,27.87,4.65
2010,Ternate,14.28,120.7,2,22.02,0.22,0.59,0.04,69.2,33.05,22.62,29.65,3.58
2010,Ternate,14.28,120.7,3,22.61,0.31,0.59,0.34,68.41,33.84,22.9,30.7,4.37
2010,Ternate,14.28,120.7,4,24.49,0.25,0.59,0.57,65.88,35.2,24.65,32.31,3.43
2010,Ternate,14.28,120.7,5,24.41,0.96,0.6,1.24,66.92,36.78,25.49,33.06,2.63
2010,Ternate,14.28,120.7,6,18.96,2.57,0.74,6.84,79.07,33.22,26.33,30.16,2.33
2010,Ternate,14.28,120.7,7,18.92,3.2,0.9,12.07,81.97,30.86,25.11,28.91,2.31
2010,Ternate,14.28,120.7,8,17.62,3.75,0.99,12.0,84.84,30.05,25.0,28.17,3.45
2010,Ternate,14.28,120.7,9,19.22,3.22,0.98,8.27,83.63,30.44,24.94,28.33,2.48
2010,Ternate,14.28,120.7,10,15.55,3.32,0.98,11.45,84.95,30.74,24.62,28.09,3.48
2010,Ternate,14.28,120.7,11,15.31,2.8,0.98,4.89,86.79,29.8,24.4,27.32,3.22
2010,Ternate,14.28,120.7,12,14.54,3.08,0.9,2.44,85.41,30.02,23.04,26.76,3.91
2010,Trece Martires City,14.28,120.86,1,17.29,1.13,0.61,0.39,74.47,31.1,21.71,27.87,4.65
2010,Trece Martires City,14.28,120.86,2,22.02,0.22,0.59,0.04,69.2,33.05,22.62,29.65,3.58
2010,Trece Martires City,14.28,120.86,3,22.61,0.31,0.59,0.34,68.41,33.84,22.9,30.7,4.37
2010,Trece Martires City,14.28,120.86,4,24.49,0.25,0.59,0.57,65.88,35.2,24.65,32.31,3.43
2010,Trece Martires City,14.28,120.86,5,24.41,0.96,0.6,1.24,66.92,36.78,25.49,33.06,2.63
2010,Trece Martires City,14.28,120.86,6,18.96,2.57,0.74,6.84,79.07,33.22,26.33,30.16,2.33
2010,Trece Martires City,14.28,120.86,7,18.92,3.2,0.9,12.07,81.97,30.86,25.11,28.91,2.31
2010,Trece Martires City,14.28,120.86,8,17.62,3.75,0.99,12.0,84.84,30.05,25.0,28.17,3.45
2010,Trece Martires City,14.28,120.86,9,19.22,3.22,0.98,8.27,83.63,30.44,24.94,28.33,2.48
2010,Trece Martires City,14.28,120.86,10,15.55,3.32,0.98,11.45,84.95,30.74,24.62,28.09,3.48
2010,Trece Martires City,14.28,120.86,11,15.31,2.8,0.98,4.89,86.79,29.8,24.4,27.32,3.22
2010,Trece Martires City,14.28,120.86,12,14.54,3.08,0.9,2.44,85.41,30.02,23.04,26.76,3.91
2011,Alfonso,14.14,120.85,1,15.04,4.44,0.78,1.73,84.65,28.32,22.07,25.92,4.8
2011,Alfonso,14.14,120.85,2,18.76,3.53,0.63,0.43,81.07,29.53,22.41,26.23,4.0
2011,Alfonso,14.14,120.85,3,19.32,2.69,0.54,1.53,80.93,30.45,23.14,26.69,4.81
2011,Alfonso,14.14,120.85,4,23.29,1.15,0.47,0.62,72.78,33.19,23.24,28.1,3.5
2011,Alfonso,14.14,120.85,5,20.69,2.9,0.57,7.25,79.7,33.49,25.68,28.82,2.64
2011,Alfonso,14.14,120.85,6,16.77,4.19,0.87,22.86,83.72,30.93,25.62,28.23,2.94
2011,Alfonso,14.14,120.85,7,15.28,4.35,0.97,14.16,85.74,30.48,25.34,27.79,3.38
2011,Alfonso,14.14,120.85,8,14.52,4.16,0.99,16.92,86.9,30.34,25.51,27.57,3.49
2011,Alfonso,14.14,120.85,9,15.11,3.82,0.98,14.14,88.54,28.88,25.25,27.32,3.64
2011,Alfonso,14.14,120.85,10,17.38,4.12,0.98,8.44,85.4,30.16,24.96,27.44,3.07
2011,Alfonso,14.14,120.85,11,15.71,4.1,0.95,6.57,86.37,29.78,25.03,27.33,3.71
2011,Alfonso,14.14,120.85,12,13.76,4.16,0.94,6.54,87.38,29.32,23.55,26.71,4.02
2011,Amadeo,14.17,120.92,1,15.04,4.44,0.78,1.73,84.65,28.32,22.07,25.92,4.8
2011,Amadeo,14.17,120.92,2,18.76,3.53,0.63,0.43,81.07,29.53,22.41,26.23,4.0
2011,Amadeo,14.17,120.92,3,19.32,2.69,0.54,1.53,80.93,30.45,23.14,26.69,4.81
2011,Amadeo,14.17,120.92,4,23.29,1.15,0.47,0.62,72.78,33.19,23.24,28.1,3.5
2011,Amadeo,14.17,120.92,5,20.69,2.9,0.57,7.25,79.7,33.49,25.68,28.82,2.64
2011,Amadeo,14.17,120.92,6,16.77,4.19,0.87,22.86,83.72,30.93,25.62,28.23,2.94
2011,Amadeo,14.17,120.92,7,15.28,4.35,0.97,14.16,85.74,30.48,25.34,27.79,3.38
2011,Amadeo,14.17,120.92,8,14.52,4.16,0.99,16.92,86.9,30.34,25.51,27.57,3.49
2011,Amadeo,14.17,120.92,9,15.11,3.82,0.98,14.14,88.54,28.88,25.25,27.32,3.64
2011,Amadeo,14.17,120.92,10,17.38,4.12,0.98,8.44,85.4,30.16,24.96,27.44,3.07
2011,Amadeo,14.17,120.92,11,15.71,4.1,0.95,6.57,86.37,29.78,25.03,27.33,3.71
2011,Amadeo,14.17,120.92,12,13.76,4.16,0.94,6.54,87.38,29.32,23.55,26.71,4.02
2011,Bacoor City,14.46,120.94,1,15.04,4.69,0.95,6.75,88.74,28.66,19.28,23.49,1.75
2011,Bacoor City,14.46,120.94,2,18.76,4.73,0.88,3.99,84.9,31.03,19.04,24.25,1.52
2011,Bacoor City,14.46,120.94,3,19.32,4.75,0.84,6.37,85.05,30.28,20.7,24.93,1.93
2011,Bacoor City,14.46,120.94,4,23.29,3.42,0.71,1.91,76.66,35.24,20.18,26.48,1.53
2011,Bacoor City,14.46,120.94,5,20.69,3.68,0.75,7.23,81.54,33.65,22.64,27.7,1.12
2011,Bacoor City,14.46,120.94,6,16.77,4.09,0.91,15.79,87.06,32.15,23.56,26.81,1.19
2011,Bacoor City,14.46,120.94,7,15.28,4.21,0.96,10.39,87.53,32.07,23.36,26.52,1.29
2011,Bacoor City,14.46,120.94,8,14.52,4.15,0.98,9.72,89.24,31.32,23.38,26.32,1.42
2011,Bacoor City,14.46,120.94,9,15.11,3.75,0.97,9.5,89.88,30.58,23.02,26.16,1.39
2011,Bacoor City,14.46,120.94,10,17.38,4.06,0.98,11.77,88.67,31.95,22.54,25.99,1.2
2011,Bacoor City,14.46,120.94,11,15.71,4.05,0.99,15.18,90.21,30.61,22.37,25.59,1.44
2011,Bacoor City,14.46,120.94,12,13.76,4.34,0.99,17.23,90.96,30.38,21.33,24.95,1.58
2011,Carmona,14.31,121.05,1,12.4,4.69,0.95,6.75,88.74,28.66,19.28,23.49,1.75
2011,Carmona,14.31,121.05,2,15.99,4.73,0.88,3.99,84.9,31.03,19.04,24.25,1.52
2011,Carmona,14.31,121.05,3,14.85,4.75,0.84,6.37,85.05,30.28,20.7,24.93,1.93
2011,Carmona,14.31,121.05,4,20.14,3.42,0.71,1.91,76.66,35.24,20.18,26.48,1.53
2011,Carmona,14.31,121.05,5,19.6,3.68,0.75,7.23,81.54,33.65,22.64,27.7,1.12
2011,Carmona,14.31,121.05,6,16.58,4.09,0.91,15.79,87.06,32.15,23.56,26.81,1.19
2011,Carmona,14.31,121.05,7,15.89,4.21,0.96,10.39,87.53,32.07,23.36,26.52,1.29
2011,Carmona,14.31,121.05,8,14.99,4.15,0.98,9.72,89.24,31.32,23.38,26.32,1.42
2011,Carmona,14.31,121.05,9,16.02,3.75,0.97,9.5,89.88,30.58,23.02,26.16,1.39
2011,Carmona,14.31,121.05,10,14.9,4.06,0.98,11.77,88.67,31.95,22.54,25.99,1.2
2011,Carmona,14.31,121.05,11,13.09,4.05,0.99,15.18,90.21,30.61,22.37,25.59,1.44
2011,Carmona,14.31,121.05,12,11.29,4.34,0.99,17.23,90.96,30.38,21.33,24.95,1.58
2011,Cavite City,14.48,120.9,1,15.04,3.0,0.81,1.5,82.8,28.57,21.36,26.12,4.88
2011,Cavite City,14.48,120.9,2,18.76,2.94,0.7,0.43,78.31,30.66,21.24,27.16,4.1
2011,Cavite City,14.48,120.9,3,19.32,1.74,0.63,1.33,76.98,32.43,22.39,28.07,5.19
2011,Cavite City,14.48,120.9,4,23.29,0.5,0.59,0.33,68.11,33.4,23.21,30.52,3.88
2011,Cavite City,14.48,120.9,5,20.69,2.65,0.73,8.71,77.53,34.43,25.39,29.9,2.94
2011,Cavite City,14.48,120.9,6,16.77,3.59,0.94,30.88,83.37,31.58,25.73,28.39,3.3
2011,Cavite City,14.48,120.9,7,15.28,4.0,0.99,19.75,84.9,30.71,25.45,27.99,3.75
2011,Cavite City,14.48,120.9,8,14.52,3.82,1.0,22.99,85.85,30.81,25.33,27.75,3.87
2011,Cavite City,14.48,120.9,9,15.11,3.49,0.99,23.66,88.07,28.81,24.86,27.49,4.01
2011,Cavite City,14.48,120.9,10,17.38,3.74,0.98,8.1,84.76,30.56,24.55,27.68,3.22
2011,Cavite City,14.48,120.9,11,15.71,3.26,0.95,5.3,86.12,29.91,24.19,27.31,3.88
2011,Cavite City,14.48,120.9,12,13.76,3.16,0.92,4.77,86.78,29.66,22.95,26.69,4.13
2011,Dasmarinas City,14.33,120.93,1,15.04,3.0,0.81,1.5,82.8,28.57,21.36,26.12,4.88
2011,Dasmarinas City,14.33,120.93,2,18.76,2.94,0.7,0.43,78.31,30.66,21.24,27.16,4.1
2011,Dasmarinas City,14.33,120.93,3,19.32,1.74,0.63,1.33,76.98,32.43,22.39,28.07,5.19
2011,Dasmarinas City,14.33,120.93,4,23.29,0.5,0.59,0.33,68.11,33.4,23.21,30.52,3.88
2011,Dasmarinas City,14.33,120.93,5,20.69,2.65,0.73,8.71,77.53,34.43,25.39,29.9,2.94
2011,Dasmarinas City,14.33,120.93,6,16.77,3.59,0.94,30.88,83.37,31.58,25.73,28.39,3.3
2011,Dasmarinas City,14.33,120.93,7,15.28,4.0,0.99,19.75,84.9,30.71,25.45,27.99,3.75
2011,Dasmarinas City,14.33,120.93,8,14.52,3.82,1.0,22.99,85.85,30.81,25.33,27.75,3.87
2011,Dasmarinas City,14.33,120.93,9,15.11,3.49,0.99,23.66,88.07,28.81,24.86,27.49,4.01
2011,Dasmarinas City,14.33,120.93,10,17.38,3.74,0.98,8.1,84.76,30.56,24.55,27.68,3.22
2011,Dasmarinas City,14.33,120.93,11,15.71,3.26,0.95,5.3,86.12,29.91,24.19,27.31,3.88
2011,Dasmarinas City,14.33,120.93,12,13.76,3.16,0.92,4.77,86.78,29.66,22.95,26.69,4.13
2011,General Emilio Aguinaldo,14.18,120.79,1,15.04,4.44,0.78,1.73,84.65,28.32,22.07,25.92,4.8
2011,General Emilio Aguinaldo,14.18,120.79,2,18.76,3.53,0.63,0.43,81.07,29.53,22.41,26.23,4.0
2011,General Emilio Aguinaldo,14.18,120.79,3,19.32,2.69,0.54,1.53,80.93,30.45,23.14,26.69,4.81
2011,General Emilio Aguinaldo,14.18,120.79,4,23.29,1.15,0.47,0.62,72.78,33.19,23.24,28.1,3.5
2011,General Emilio Aguinaldo,14.18,120.79,5,20.69,2.9,0.57,7.25,79.7,33.49,25.68,28.82,2.64
2011,General Emilio Aguinaldo,14.18,120.79,6,16.77,4.19,0.87,22.86,83.72,30.93,25.62,28.23,2.94
2011,General Emilio Aguinaldo,14.18,120.79,7,15.28,4.35,0.97,14.16,85.74,30.48,25.34,27.79,3.38
2011,General Emilio Aguinaldo,14.18,120.79,8,14.52,4.16,0.99,16.92,86.9,30.34,25.51,27.57,3.49
2011,General Emilio Aguinaldo,14.18,120.79,9,15.11,3.82,0.98,14.14,88.54,28.88,25.25,27.32,3.64
2011,General Emilio Aguinaldo,14.18,120.79,10,17.38,4.12,0.98,8.44,85.4,30.16,24.96,27.44,3.07
2011,General Emilio Aguinaldo,14.18,120.79,11,15.71,4.1,0.95,6.57,86.37,29.78,25.03,27.33,3.71
2011,General Emilio Aguinaldo,14.18,120.79,12,13.76,4.16,0.94,6.54,87.38,29.32,23.55,26.71,4.02
2011,General Mariano Alvarez,14.3,121.0,1,12.4,4.69,0.95,6.75,88.74,28.66,19.28,23.49,1.75
2011,General Mariano Alvarez,14.3,121.0,2,15.99,4.73,0.88,3.99,84.9,31.03,19.04,24.25,1.52
2011,General Mariano Alvarez,14.3,121.0,3,14.85,4.75,0.84,6.37,85.05,30.28,20.7,24.93,1.93
2011,General Mariano Alvarez,14.3,121.0,4,20.14,3.42,0.71,1.91,76.66,35.24,20.18,26.48,1.53
2011,General Mariano Alvarez,14.3,121.0,5,19.6,3.68,0.75,7.23,81.54,33.65,22.64,27.7,1.12
2011,General Mariano Alvarez,14.3,121.0,6,16.58,4.09,0.91,15.79,87.06,32.15,23.56,26.81,1.19
2011,General Mariano Alvarez,14.3,121.0,7,15.89,4.21,0.96,10.39,87.53,32.07,23.36,26.52,1.29
2011,General Mariano Alvarez,14.3,121.0,8,14.99,4.15,0.98,9.72,89.24,31.32,23.38,26.32,1.42
2011,General Mariano Alvarez,14.3,121.0,9,16.02,3.75,0.97,9.5,89.88,30.58,23.02,26.16,1.39
2011,General Mariano Alvarez,14.3,121.0,10,14.9,4.06,0.98,11.77,88.67,31.95,22.54,25.99,1.2
2011,General Mariano Alvarez,14.3,121.0,11,13.09,4.05,0.99,15.18,90.21,30.61,22.37,25.59,1.44
2011,General Mariano Alvarez,14.3,121.0,12,11.29,4.34,0.99,17.23,90.96,30.38,21.33,24.95,1.58
2011,General Trias,14.38,120.88,1,15.04,3.0,0.81,1.5,82.8,28.57,21.36,26.12,4.88
2011,General Trias,14.38,120.88,2,18.76,2.94,0.7,0.43,78.31,30.66,21.24,27.16,4.1
2011,General Trias,14.38,120.88,3,19.32,1.74,0.63,1.33,76.98,32.43,22.39,28.07,5.19
2011,General Trias,14.38,120.88,4,23.29,0.5,0.59,0.33,68.11,33.4,23.21,30.52,3.88
2011,General Trias,14.38,120.88,5,20.69,2.65,0.73,8.71,77.53,34.43,25.39,29.9,2.94
2011,General Trias,14.38,120.88,6,16.77,3.59,0.94,30.88,83.37,31.58,25.73,28.39,3.3
2011,General Trias,14.38,120.88,7,15.28,4.0,0.99,19.75,84.9,30.71,25.45,27.99,3.75
2011,General Trias,14.38,120.88,8,14.52,3.82,1.0,22.99,85.85,30.81,25.33,27.75,3.87
2011,General Trias,14.38,120.88,9,15.11,3.49,0.99,23.66,88.07,28.81,24.86,27.49,4.01
2011,General Trias,14.38,120.88,10,17.38,3.74,0.98,8.1,84.76,30.56,24.55,27.68,3.22
2011,General Trias,14.38,120.88,11,15.71,3.26,0.95,5.3,86.12,29.91,24.19,27.31,3.88
2011,General Trias,14.38,120.88,12,13.76,3.16,0.92,4.77,86.78,29.66,22.95,26.69,4.13
2011,Imus City,14.43,120.93,1,15.04,3.0,0.81,1.5,82.8,28.57,21.36,26.12,4.88
2011,Imus City,14.43,120.93,2,18.76,2.94,0.7,0.43,78.31,30.66,21.24,27.16,4.1
2011,Imus City,14.43,120.93,3,19.32,1.74,0.63,1.33,76.98,32.43,22.39,28.07,5.19
2011,Imus City,14.43,120.93,4,23.29,0.5,0.59,0.33,68.11,33.4,23.21,30.52,3.88
2011,Imus City,14.43,120.93,5,20.69,2.65,0.73,8.71,77.53,34.43,25.39,29.9,2.94
2011,Imus City,14.43,120.93,6,16.77,3.59,0.94,30.88,83.37,31.58,25.73,28.39,3.3
2011,Imus City,14.43,120.93,7,15.28,4.0,0.99,19.75,84.9,30.71,25.45,27.99,3.75
2011,Imus City,14.43,120.93,8,14.52,3.82,1.0,22.99,85.85,30.81,25.33,27.75,3.87
2011,Imus City,14.43,120.93,9,15.11,3.49,0.99,23.66,88.07,28.81,24.86,27.49,4.01
2011,Imus City,14.43,120.93,10,17.38,3.74,0.98,8.1,84.76,30.56,24.55,27.68,3.22
2011,Imus City,14.43,120.93,11,15.71,3.26,0.95,5.3,86.12,29.91,24.19,27.31,3.88
2011,Imus City,14.43,120.93,12,13.76,3.16,0.92,4.77,86.78,29.66,22.95,26.69,4.13
2011,Indang,14.19,120.87,1,15.04,4.44,0.78,1.73,84.65,28.32,22.07,25.92,4.8
2011,Indang,14.19,120.87,2,18.76,3.53,0.63,0.43,81.07,29.53,22.41,26.23,4.0
2011,Indang,14.19,120.87,3,19.32,2.69,0.54,1.53,80.93,30.45,23.14,26.69,4.81
2011,Indang,14.19,120.87,4,23.29,1.15,0.47,0.62,72.78,33.19,23.24,28.1,3.5
2011,Indang,14.19,120.87,5,20.69,2.9,0.57,7.25,79.7,33.49,25.68,28.82,2.64
2011,Indang,14.19,120.87,6,16.77,4.19,0.87,22.86,83.72,30.93,25.62,28.23,2.94
2011,Indang,14.19,120.87,7,15.28,4.35,0.97,14.16,85.74,30.48,25.34,27.79,3.38
2011,Indang,14.19,120.87,8,14.52,4.16,0.99,16.92,86.9,30.34,25.51,27.57,3.49
2011,Indang,14.19,120.87,9,15.11,3.82,0.98,14.14,88.54,28.88,25.25,27.32,3.64
2011,Indang,14.19,120.87,10,17.38,4.12,0.98,8.44,85.4,30.16,24.96,27.44,3.07
2011,Indang,14.19,120.87,11,15.71,4.1,0.95,6.57,86.37,29.78,25.03,27.33,3.71
2011,Indang,14.19,120.87,12,13.76,4.16,0.94,6.54,87.38,29.32,23.55,26.71,4.02
2011,Kawit,14.44,120.9,1,15.04,3.0,0.81,1.5,82.8,28.57,21.36,26.12,4.88
2011,Kawit,14.44,120.9,2,18.76,2.94,0.7,0.43,78.31,30.66,21.24,27.16,4.1
2011,Kawit,14.44,120.9,3,19.32,1.74,0.63,1.33,76.98,32.43,22.39,28.07,5.19
2011,Kawit,14.44,120.9,4,23.29,0.5,0.59,0.33,68.11,33.4,23.21,30.52,3.88
2011,Kawit,14.44,120.9,5,20.69,2.65,0.73,8.71,77.53,34.43,25.39,29.9,2.94
2011,Kawit,14.44,120.9,6,16.77,3.59,0.94,30.88,83.37,31.58,25.73,28.39,3.3
2011,Kawit,14.44,120.9,7,15.28,4.0,0.99,19.75,84.9,30.71,25.45,27.99,3.75
2011,Kawit,14.44,120.9,8,14.52,3.82,1.0,22.99,85.85,30.81,25.33,27.75,3.87
2011,Kawit,14.44,120.9,9,15.11,3.49,0.99,23.66,88.07,28.81,24.86,27.49,4.01
2011,Kawit,14.44,120.9,10,17.38,3.74,0.98,8.1,84.76,30.56,24.55,27.68,3.22
2011,Kawit,14.44,120.9,11,15.71,3.26,0.95,5.3,86.12,29.91,24.19,27.31,3.88
2011,Kawit,14.44,120.9,12,13.76,3.16,0.92,4.77,86.78,29.66,22.95,26.69,4.13
2011,Magallanes,14.19,120.73,1,15.04,4.44,0.78,1.73,84.65,28.32,22.07,25.92,4.8
2011,Magallanes,14.19,120.73,2,18.76,3.53,0.63,0.43,81.07,29.53,22.41,26.23,4.0
2011,Magallanes,14.19,120.73,3,19.32,2.69,0.54,1.53,80.93,30.45,23.14,26.69,4.81
2011,Magallanes,14.19,120.73,4,23.29,1.15,0.47,0.62,72.78,33.19,23.24,28.1,3.5
2011,Magallanes,14.19,120.73,5,20.69,2.9,0.57,7.25,79.7,33.49,25.68,28.82,2.64
2011,Magallanes,14.19,120.73,6,16.77,4.19,0.87,22.86,83.72,30.93,25.62,28.23,2.94
2011,Magallanes,14.19,120.73,7,15.28,4.35,0.97,14.16,85.74,30.48,25.34,27.79,3.38
2011,Magallanes,14.19,120.73,8,14.52,4.16,0.99,16.92,86.9,30.34,25.51,27.57,3.49
2011,Magallanes,14.19,120.73,9,15.11,3.82,0.98,14.14,88.54,28.88,25.25,27.32,3.64
2011,Magallanes,14.19,120.73,10,17.38,4.12,0.98,8.44,85.4,30.16,24.96,27.44,3.07
2011,Magallanes,14.19,120.73,11,15.71,4.1,0.95,6.57,86.37,29.78,25.03,27.33,3.71
2011,Magallanes,14.19,120.73,12,13.76,4.16,0.94,6.54,87.38,29.32,23.55,26.71,4.02
2011,Maragondon,14.27,120.73,1,15.04,3.0,0.81,1.5,82.8,28.57,21.36,26.12,4.88
2011,Maragondon,14.27,120.73,2,18.76,2.94,0.7,0.43,78.31,30.66,21.24,27.16,4.1
2011,Maragondon,14.27,120.73,3,19.32,1.74,0.63,1.33,76.98,32.43,22.39,28.07,5.19
2011,Maragondon,14.27,120.73,4,23.29,0.5,0.59,0.33,68.11,33.4,23.21,30.52,3.88
2011,Maragondon,14.27,120.73,5,20.69,2.65,0.73,8.71,77.53,34.43,25.39,29.9,2.94
2011,Maragondon,14.27,120.73,6,16.77,3.59,0.94,30.88,83.37,31.58,25.73,28.39,3.3
2011,Maragondon,14.27,120.73,7,15.28,4.0,0.99,19.75,84.9,30.71,25.45,27.99,3.75
2011,Maragondon,14.27,120.73,8,14.52,3.82,1.0,22.99,85.85,30.81,25.33,27.75,3.87
2011,Maragondon,14.27,120.73,9,15.11,3.49,0.99,23.66,88.07,28.81,24.86,27.49,4.01
2011,Maragondon,14.27,120.73,10,17.38,3.74,0.98,8.1,84.76,30.56,24.55,27.68,3.22
2011,Maragondon,14.27,120.73,11,15.71,3.26,0.95,5.3,86.12,29.91,24.19,27.31,3.88
2011,Maragondon,14.27,120.73,12,13.76,3.16,0.92,4.77,86.78,29.66,22.95,26.69,4.13
2011,Mendez,14.13,120.9,1,15.04,4.44,0.78,1.73,84.65,28.32,22.07,25.92,4.8
2011,Mendez,14.13,120.9,2,18.76,3.53,0.63,0.43,81.07,29.53,22.41,26.23,4.0
2011,Mendez,14.13,120.9,3,19.32,2.69,0.54,1.53,80.93,30.45,23.14,26.69,4.81
2011,Mendez,14.13,120.9,4,23.29,1.15,0.47,0.62,72.78,33.19,23.24,28.1,3.5
2011,Mendez,14.13,120.9,5,20.69,2.9,0.57,7.25,79.7,33.49,25.68,28.82,2.64
2011,Mendez,14.13,120.9,6,16.77,4.19,0.87,22.86,83.72,30.93,25.62,28.23,2.94
2011,Mendez,14.13,120.9,7,15.28,4.35,0.97,14.16,85.74,30.48,25.34,27.79,3.38
2011,Mendez,14.13,120.9,8,14.52,4.16,0.99,16.92,86.9,30.34,25.51,27.57,3.49
2011,Mendez,14.13,120.9,9,15.11,3.82,0.98,14.14,88.54,28.88,25.25,27.32,3.64
2011,Mendez,14.13,120.9,10,17.38,4.12,0.98,8.44,85.4,30.16,24.96,27.44,3.07
2011,Mendez,14.13,120.9,11,15.71,4.1,0.95,6.57,86.37,29.78,25.03,27.33,3.71
2011,Mendez,14.13,120.9,12,13.76,4.16,0.94,6.54,87.38,29.32,23.55,26.71,4.02
2011,Naic,14.32,120.77,1,15.04,3.0,0.81,1.5,82.8,28.57,21.36,26.12,4.88
2011,Naic,14.32,120.77,2,18.76,2.94,0.7,0.43,78.31,30.66,21.24,27.16,4.1
2011,Naic,14.32,120.77,3,19.32,1.74,0.63,1.33,76.98,32.43,22.39,28.07,5.19
2011,Naic,14.32,120.77,4,23.29,0.5,0.59,0.33,68.11,33.4,23.21,30.52,3.88
2011,Naic,14.32,120.77,5,20.69,2.65,0.73,8.71,77.53,34.43,25.39,29.9,2.94
2011,Naic,14.32,120.77,6,16.77,3.59,0.94,30.88,83.37,31.58,25.73,28.39,3.3
2011,Naic,14.32,120.77,7,15.28,4.0,0.99,19.75,84.9,30.71,25.45,27.99,3.75
2011,Naic,14.32,120.77,8,14.52,3.82,1.0,22.99,85.85,30.81,25.33,27.75,3.87
2011,Naic,14.32,120.77,9,15.11,3.49,0.99,23.66,88.07,28.81,24.86,27.49,4.01
2011,Naic,14.32,120.77,10,17.38,3.74,0.98,8.1,84.76,30.56,24.55,27.68,3.22
2011,Naic,14.32,120.77,11,15.71,3.26,0.95,5.3,86.12,29.91,24.19,27.31,3.88
2011,Naic,14.32,120.77,12,13.76,3.16,0.92,4.77,86.78,29.66,22.95,26.69,4.13
2011,Noveleta,14.43,120.88,1,15.04,3.0,0.81,1.5,82.8,28.57,21.36,26.12,4.88
2011,Noveleta,14.43,120.88,2,18.76,2.94,0.7,0.43,78.31,30.66,21.24,27.16,4.1
2011,Noveleta,14.43,120.88,3,19.32,1.74,0.63,1.33,76.98,32.43,22.39,28.07,5.19
2011,Noveleta,14.43,120.88,4,23.29,0.5,0.59,0.33,68.11,33.4,23.21,30.52,3.88
2011,Noveleta,14.43,120.88,5,20.69,2.65,0.73,8.71,77.53,34.43,25.39,29.9,2.94
2011,Noveleta,14.43,120.88,6,16.77,3.59,0.94,30.88,83.37,31.58,25.73,28.39,3.3
2011,Noveleta,14.43,120.88,7,15.28,4.0,0.99,19.75,84.9,30.71,25.45,27.99,3.75
2011,Noveleta,14.43,120.88,8,14.52,3.82,1.0,22.99,85.85,30.81,25.33,27.75,3.87
2011,Noveleta,14.43,120.88,9,15.11,3.49,0.99,23.66,88.07,28.81,24.86,27.49,4.01
2011,Noveleta,14.43,120.88,10,17.38,3.74,0.98,8.1,84.76,30.56,24.55,27.68,3.22
2011,Noveleta,14.43,120.88,11,15.71,3.26,0.95,5.3,86.12,29.91,24.19,27.31,3.88
2011,Noveleta,14.43,120.88,12,13.76,3.16,0.92,4.77,86.78,29.66,22.95,26.69,4.13
2011,Rosario,14.41,120.85,1,15.04,3.0,0.81,1.5,82.8,28.57,21.36,26.12,4.88
2011,Rosario,14.41,120.85,2,18.76,2.94,0.7,0.43,78.31,30.66,21.24,27.16,4.1
2011,Rosario,14.41,120.85,3,19.32,1.74,0.63,1.33,76.98,32.43,22.39,28.07,5.19
2011,Rosario,14.41,120.85,4,23.29,0.5,0.59,0.33,68.11,33.4,23.21,30.52,3.88
2011,Rosario,14.41,120.85,5,20.69,2.65,0.73,8.71,77.53,34.43,25.39,29.9,2.94
2011,Rosario,14.41,120.85,6,16.77,3.59,0.94,30.88,83.37,31.58,25.73,28.39,3.3
2011,Rosario,14.41,120.85,7,15.28,4.0,0.99,19.75,84.9,30.71,25.45,27.99,3.75
2011,Rosario,14.41,120.85,8,14.52,3.82,1.0,22.99,85.85,30.81,25.33,27.75,3.87
2011,Rosario,14.41,120.85,9,15.11,3.49,0.99,23.66,88.07,28.81,24.86,27.49,4.01
2011,Rosario,14.41,120.85,10,17.38,3.74,0.98,8.1,84.76,30.56,24.55,27.68,3.22
2011,Rosario,14.41,120.85,11,15.71,3.26,0.95,5.3,86.12,29.91,24.19,27.31,3.88
2011,Rosario,14.41,120.85,12,13.76,3.16,0.92,4.77,86.78,29.66,22.95,26.69,4.13
2011,Silang,14.23,120.97,1,15.04,4.38,0.95,5.19,89.92,28.76,19.75,23.83,1.73
2011,Silang,14.23,120.97,2,18.76,4.72,0.88,4.51,86.85,31.03,19.47,24.26,1.47
2011,Silang,14.23,120.97,3,19.32,4.94,0.84,5.95,87.4,30.35,20.95,24.83,1.85
2011,Silang,14.23,120.97,4,23.29,3.93,0.69,1.72,79.32,34.53,20.06,26.14,1.48
2011,Silang,14.23,120.97,5,20.69,3.61,0.71,7.18,82.31,34.27,22.69,27.66,1.1
2011,Silang,14.23,120.97,6,16.77,3.9,0.88,13.12,86.91,32.26,23.64,26.95,1.16
2011,Silang,14.23,120.97,7,15.28,4.07,0.95,9.74,87.2,32.24,23.43,26.6,1.28
2011,Silang,14.23,120.97,8,14.52,3.94,0.98,8.82,89.39,31.49,23.26,26.4,1.42
2011,Silang,14.23,120.97,9,15.11,3.66,0.96,7.98,89.54,30.67,23.22,26.33,1.39
2011,Silang,14.23,120.97,10,17.38,3.72,0.98,12.22,89.11,32.03,22.49,26.11,1.16
2011,Silang,14.23,120.97,11,15.71,3.85,0.98,13.76,90.41,30.98,22.97,25.91,1.39
2011,Silang,14.23,120.97,12,13.76,4.04,0.99,15.39,91.52,30.17,21.65,25.21,1.55
2011,Tagaytay City,14.11,120.96,1,15.04,4.38,0.95,5.19,89.92,28.76,19.75,23.83,1.73
2011,Tagaytay City,14.11,120.96,2,18.76,4.72,0.88,4.51,86.85,31.03,19.47,24.26,1.47
2011,Tagaytay City,14.11,120.96,3,19.32,4.94,0.84,5.95,87.4,30.35,20.95,24.83,1.85
2011,Tagaytay City,14.11,120.96,4,23.29,3.93,0.69,1.72,79.32,34.53,20.06,26.14,1.48
2011,Tagaytay City,14.11,120.96,5,20.69,3.61,0.71,7.18,82.31,34.27,22.69,27.66,1.1
2011,Tagaytay City,14.11,120.96,6,16.77,3.9,0.88,13.12,86.91,32.26,23.64,26.95,1.16
2011,Tagaytay City,14.11,120.96,7,15.28,4.07,0.95,9.74,87.2,32.24,23.43,26.6,1.28
2011,Tagaytay City,14.11,120.96,8,14.52,3.94,0.98,8.82,89.39,31.49,23.26,26.4,1.42
2011,Tagaytay City,14.11,120.96,9,15.11,3.66,0.96,7.98,89.54,30.67,23.22,26.33,1.39
2011,Tagaytay City,14.11,120.96,10,17.38,3.72,0.98,12.22,89.11,32.03,22.49,26.11,1.16
2011,Tagaytay City,14.11,120.96,11,15.71,3.85,0.98,13.76,90.41,30.98,22.97,25.91,1.39
2011,Tagaytay City,14.11,120.96,12,13.76,4.04,0.99,15.39,91.52,30.17,21.65,25.21,1.55
2011,Tanza,14.36,120.85,1,15.04,3.0,0.81,1.5,82.8,28.57,21.36,26.12,4.88
2011,Tanza,14.36,120.85,2,18.76,2.94,0.7,0.43,78.31,30.66,21.24,27.16,4.1
2011,Tanza,14.36,120.85,3,19.32,1.74,0.63,1.33,76.98,32.43,22.39,28.07,5.19
2011,Tanza,14.36,120.85,4,23.29,0.5,0.59,0.33,68.11,33.4,23.21,30.52,3.88
2011,Tanza,14.36,120.85,5,20.69,2.65,0.73,8.71,77.53,34.43,25.39,29.9,2.94
2011,Tanza,14.36,120.85,6,16.77,3.59,0.94,30.88,83.37,31.58,25.73,28.39,3.3
2011,Tanza,14.36,120.85,7,15.28,4.0,0.99,19.75,84.9,30.71,25.45,27.99,3.75
2011,Tanza,14.36,120.85,8,14.52,3.82,1.0,22.99,85.85,30.81,25.33,27.75,3.87
2011,Tanza,14.36,120.85,9,15.11,3.49,0.99,23.66,88.07,28.81,24.86,27.49,4.01
2011,Tanza,14.36,120.85,10,17.38,3.74,0.98,8.1,84.76,30.56,24.55,27.68,3.22
2011,Tanza,14.36,120.85,11,15.71,3.26,0.95,5.3,86.12,29.91,24.19,27.31,3.88
2011,Tanza,14.36,120.85,12,13.76,3.16,0.92,4.77,86.78,29.66,22.95,26.69,4.13
2011,Ternate,14.28,120.7,1,15.04,3.0,0.81,1.5,82.8,28.57,21.36,26.12,4.88
2011,Ternate,14.28,120.7,2,18.76,2.94,0.7,0.43,78.31,30.66,21.24,27.16,4.1
2011,Ternate,14.28,120.7,3,19.32,1.74,0.63,1.33,76.98,32.43,22.39,28.07,5.19
2011,Ternate,14.28,120.7,4,23.29,0.5,0.59,0.33,68.11,33.4,23.21,30.52,3.88
2011,Ternate,14.28,120.7,5,20.69,2.65,0.73,8.71,77.53,34.43,25.39,29.9,2.94
2011,Ternate,14.28,120.7,6,16.77,3.59,0.94,30.88,83.37,31.58,25.73,28.39,3.3
2011,Ternate,14.28,120.7,7,15.28,4.0,0.99,19.75,84.9,30.71,25.45,27.99,3.75
2011,Ternate,14.28,120.7,8,14.52,3.82,1.0,22.99,85.85,30.81,25.33,27.75,3.87
2011,Ternate,14.28,120.7,9,15.11,3.49,0.99,23.66,88.07,28.81,24.86,27.49,4.01
2011,Ternate,14.28,120.7,10,17.38,3.74,0.98,8.1,84.76,30.56,24.55,27.68,3.22
2011,Ternate,14.28,120.7,11,15.71,3.26,0.95,5.3,86.12,29.91,24.19,27.31,3.88
2011,Ternate,14.28,120.7,12,13.76,3.16,0.92,4.77,86.78,29.66,22.95,26.69,4.13
2011,Trece Martires City,14.28,120.86,1,15.04,3.0,0.81,1.5,82.8,28.57,21.36,26.12,4.88
2011,Trece Martires City,14.28,120.86,2,18.76,2.94,0.7,0.43,78.31,30.66,21.24,27.16,4.1
2011,Trece Martires City,14.28,120.86,3,19.32,1.74,0.63,1.33,76.98,32.43,22.39,28.07,5.19
2011,Trece Martires City,14.28,120.86,4,23.29,0.5,0.59,0.33,68.11,33.4,23.21,30.52,3.88
2011,Trece Martires City,14.28,120.86,5,20.69,2.65,0.73,8.71,77.53,34.43,25.39,29.9,2.94
2011,Trece Martires City,14.28,120.86,6,16.77,3.59,0.94,30.88,83.37,31.58,25.73,28.39,3.3
2011,Trece Martires City,14.28,120.86,7,15.28,4.0,0.99,19.75,84.9,30.71,25.45,27.99,3.75
2011,Trece Martires City,14.28,120.86,8,14.52,3.82,1.0,22.99,85.85,30.81,25.33,27.75,3.87
2011,Trece Martires City,14.28,120.86,9,15.11,3.49,0.99,23.66,88.07,28.81,24.86,27.49,4.01
2011,Trece Martires City,14.28,120.86,10,17.38,3.74,0.98,8.1,84.76,30.56,24.55,27.68,3.22
2011,Trece Martires City,14.28,120.86,11,15.71,3.26,0.95,5.3,86.12,29.91,24.19,27.31,3.88
2011,Trece Martires City,14.28,120.86,12,13.76,3.16,0.92,4.77,86.78,29.66,22.95,26.69,4.13
2012,Alfonso,14.14,120.85,1,16.27,4.88,0.79,1.88,84.93,29.09,23.37,26.29,3.98
2012,Alfonso,14.14,120.85,2,18.66,4.01,0.67,2.97,84.48,29.86,23.01,26.36,3.97
2012,Alfonso,14.14,120.85,3,18.76,3.49,0.58,3.97,82.28,30.6,23.67,26.94,4.06
2012,Alfonso,14.14,120.85,4,24.62,3.34,0.57,1.26,77.88,32.4,24.49,28.62,2.7
2012,Alfonso,14.14,120.85,5,20.63,3.12,0.58,5.46,78.31,33.43,26.75,29.31,1.95
2012,Alfonso,14.14,120.85,6,16.81,4.05,0.78,9.66,85.78,30.29,25.61,28.22,3.93
2012,Alfonso,14.14,120.85,7,15.51,3.99,0.95,21.97,85.8,30.28,25.39,27.86,3.33
2012,Alfonso,14.14,120.85,8,13.33,4.7,0.99,25.59,87.78,29.68,25.23,27.36,4.31
2012,Alfonso,14.14,120.85,9,16.23,3.85,0.99,14.02,87.22,29.5,24.95,27.55,2.98
2012,Alfonso,14.14,120.85,10,16.53,5.01,0.96,11.37,83.32,29.88,24.48,27.3,3.31
2012,Alfonso,14.14,120.85,11,18.29,4.69,0.85,1.12,84.28,29.99,24.42,27.37,3.58
2012,Alfonso,14.14,120.85,12,15.5,4.04,0.68,1.77,83.58,30.18,23.64,27.16,4.03
2012,Amadeo,14.17,120.92,1,16.27,4.88,0.79,1.88,84.93,29.09,23.37,26.29,3.98
2012,Amadeo,14.17,120.92,2,18.66,4.01,0.67,2.97,84.48,29.86,23.01,26.36,3.97
2012,Amadeo,14.17,120.92,3,18.76,3.49,0.58,3.97,82.28,30.6,23.67,26.94,4.06
2012,Amadeo,14.17,120.92,4,24.62,3.34,0.57,1.26,77.88,32.4,24.49,28.62,2.7
2012,Amadeo,14.17,120.92,5,20.63,3.12,0.58,5.46,78.31,33.43,26.75,29.31,1.95
2012,Amadeo,14.17,120.92,6,16.81,4.05,0.78,9.66,85.78,30.29,25.61,28.22,3.93
2012,Amadeo,14.17,120.92,7,15.51,3.99,0.95,21.97,85.8,30.28,25.39,27.86,3.33
2012,Amadeo,14.17,120.92,8,13.33,4.7,0.99,25.59,87.78,29.68,25.23,27.36,4.31
2012,Amadeo,14.17,120.92,9,16.23,3.85,0.99,14.02,87.22,29.5,24.95,27.55,2.98
2012,Amadeo,14.17,120.92,10,16.53,5.01,0.96,11.37,83.32,29.88,24.48,27.3,3.31
2012,Amadeo,14.17,120.92,11,18.29,4.69,0.85,1.12,84.28,29.99,24.42,27.37,3.58
2012,Amadeo,14.17,120.92,12,15.5,4.04,0.68,1.77,83.58,30.18,23.64,27.16,4.03
2012,Bacoor City,14.46,120.94,1,16.27,4.99,0.95,6.57,88.57,29.68,20.92,24.6,1.53
2012,Bacoor City,14.46,120.94,2,18.66,4.74,0.92,9.95,88.26,30.19,20.21,24.72,1.56
2012,Bacoor City,14.46,120.94,3,18.76,4.95,0.85,8.18,86.23,31.67,20.11,25.41,1.66
2012,Bacoor City,14.46,120.94,4,24.62,4.37,0.83,1.76,82.11,33.08,20.91,27.23,1.19
2012,Bacoor City,14.46,120.94,5,20.63,4.18,0.8,6.87,80.41,34.47,23.38,28.1,0.86
2012,Bacoor City,14.46,120.94,6,16.81,3.73,0.86,4.99,87.64,31.2,23.2,26.68,1.44
2012,Bacoor City,14.46,120.94,7,15.51,3.98,0.96,17.05,88.04,32.47,23.53,26.43,1.24
2012,Bacoor City,14.46,120.94,8,13.33,4.24,0.98,14.98,90.4,30.58,23.04,25.94,1.68
2012,Bacoor City,14.46,120.94,9,16.23,4.16,0.99,13.24,87.7,33.34,22.93,26.66,0.96
2012,Bacoor City,14.46,120.94,10,16.53,4.79,0.97,11.79,85.96,31.51,21.94,26.02,1.24
2012,Bacoor City,14.46,120.94,11,18.29,4.46,0.92,4.25,87.85,30.43,20.8,25.7,1.34
2012,Bacoor City,14.46,120.94,12,15.5,4.22,0.85,6.49,87.26,31.62,21.45,25.38,1.55
2012,Carmona,14.31,121.05,1,12.91,4.99,0.95,6.57,88.57,29.68,20.92,24.6,1.53
2012,Carmona,14.31,121.05,2,15.09,4.74,0.92,9.95,88.26,30.19,20.21,24.72,1.56
2012,Carmona,14.31,121.05,3,15.6,4.95,0.85,8.18,86.23,31.67,20.11,25.41,1.66
2012,Carmona,14.31,121.05,4,23.28,4.37,0.83,1.76,82.11,33.08,20.91,27.23,1.19
2012,Carmona,14.31,121.05,5,20.37,4.18,0.8,6.87,80.41,34.47,23.38,28.1,0.86
2012,Carmona,14.31,121.05,6,18.3,3.73,0.86,4.99,87.64,31.2,23.2,26.68,1.44
2012,Carmona,14.31,121.05,7,16.15,3.98,0.96,17.05,88.04,32.47,23.53,26.43,1.24
2012,Carmona,14.31,121.05,8,14.63,4.24,0.98,14.98,90.4,30.58,23.04,25.94,1.68
2012,Carmona,14.31,121.05,9,15.77,4.16,0.99,13.24,87.7,33.34,22.93,26.66,0.96
2012,Carmona,14.31,121.05,10,15.43,4.79,0.97,11.79,85.96,31.51,21.94,26.02,1.24
2012,Carmona,14.31,121.05,11,15.93,4.46,0.92,4.25,87.85,30.43,20.8,25.7,1.34
2012,Carmona,14.31,121.05,12,13.22,4.22,0.85,6.49,87.26,31.62,21.45,25.38,1.55
2012,Cavite City,14.48,120.9,1,16.27,3.39,0.8,1.27,82.53,29.9,22.53,26.98,4.03
2012,Cavite City,14.48,120.9,2,18.66,2.82,0.71,2.4,81.74,30.78,22.29,27.33,4.17
2012,Cavite City,14.48,120.9,3,18.76,2.47,0.65,2.24,78.07,31.87,22.85,28.37,4.46
2012,Cavite City,14.48,120.9,4,24.62,1.86,0.63,0.65,72.35,33.65,24.66,30.73,3.1
2012,Cavite City,14.48,120.9,5,20.63,2.77,0.71,7.32,77.28,33.45,26.14,30.21,2.2
2012,Cavite City,14.48,120.9,6,16.81,3.66,0.95,17.53,85.57,30.07,25.64,28.17,4.47
2012,Cavite City,14.48,120.9,7,15.51,3.54,0.99,25.28,85.65,30.14,25.61,27.94,3.59
2012,Cavite City,14.48,120.9,8,13.33,4.04,1.0,40.15,87.49,29.69,24.94,27.29,4.99
2012,Cavite City,14.48,120.9,9,16.23,3.43,1.0,17.06,86.63,30.01,25.09,27.83,2.76
2012,Cavite City,14.48,120.9,10,16.53,4.24,0.96,9.48,82.86,30.18,23.76,27.68,3.41
2012,Cavite City,14.48,120.9,11,18.29,3.48,0.83,0.73,82.6,30.52,23.5,27.85,3.51
2012,Cavite City,14.48,120.9,12,15.5,2.47,0.7,0.99,80.48,31.26,23.15,28.02,4.2
2012,Dasmarinas City,14.33,120.93,1,16.27,3.39,0.8,1.27,82.53,29.9,22.53,26.98,4.03
2012,Dasmarinas City,14.33,120.93,2,18.66,2.82,0.71,2.4,81.74,30.78,22.29,27.33,4.17
2012,Dasmarinas City,14.33,120.93,3,18.76,2.47,0.65,2.24,78.07,31.87,22.85,28.37,4.46
2012,Dasmarinas City,14.33,120.93,4,24.62,1.86,0.63,0.65,72.35,33.65,24.66,30.73,3.1
2012,Dasmarinas City,14.33,120.93,5,20.63,2.77,0.71,7.32,77.28,33.45,26.14,30.21,2.2
2012,Dasmarinas City,14.33,120.93,6,16.81,3.66,0.95,17.53,85.57,30.07,25.64,28.17,4.47
2012,Dasmarinas City,14.33,120.93,7,15.51,3.54,0.99,25.28,85.65,30.14,25.61,27.94,3.59
2012,Dasmarinas City,14.33,120.93,8,13.33,4.04,1.0,40.15,87.49,29.69,24.94,27.29,4.99
2012,Dasmarinas City,14.33,120.93,9,16.23,3.43,1.0,17.06,86.63,30.01,25.09,27.83,2.76
2012,Dasmarinas City,14.33,120.93,10,16.53,4.24,0.96,9.48,82.86,30.18,23.76,27.68,3.41
2012,Dasmarinas City,14.33,120.93,11,18.29,3.48,0.83,0.73,82.6,30.52,23.5,27.85,3.51
2012,Dasmarinas City,14.33,120.93,12,15.5,2.47,0.7,0.99,80.48,31.26,23.15,28.02,4.2
2012,General Emilio Aguinaldo,14.18,120.79,1,16.27,4.88,0.79,1.88,84.93,29.09,23.37,26.29,3.98
2012,General Emilio Aguinaldo,14.18,120.79,2,18.66,4.01,0.67,2.97,84.48,29.86,23.01,26.36,3.97
2012,General Emilio Aguinaldo,14.18,120.79,3,18.76,3.49,0.58,3.97,82.28,30.6,23.67,26.94,4.06
2012,General Emilio Aguinaldo,14.18,120.79,4,24.62,3.34,0.57,1.26,77.88,32.4,24.49,28.62,2.7
2012,General Emilio Aguinaldo,14.18,120.79,5,20.63,3.12,0.58,5.46,78.31,33.43,26.75,29.31,1.95
2012,General Emilio Aguinaldo,14.18,120.79,6,16.81,4.05,0.78,9.66,85.78,30.29,25.61,28.22,3.93
2012,General Emilio Aguinaldo,14.18,120.79,7,15.51,3.99,0.95,21.97,85.8,30.28,25.39,27.86,3.33
2012,General Emilio Aguinaldo,14.18,120.79,8,13.33,4.7,0.99,25.59,87.78,29.68,25.23,27.36,4.31
2012,General Emilio Aguinaldo,14.18,120.79,9,16.23,3.85,0.99,14.02,87.22,29.5,24.95,27.55,2.98
2012,General Emilio Aguinaldo,14.18,120.79,10,16.53,5.01,0.96,11.37,83.32,29.88,24.48,27.3,3.31
2012,General Emilio Aguinaldo,14.18,120.79,11,18.29,4.69,0.85,1.12,84.28,29.99,24.42,27.37,3.58
2012,General Emilio Aguinaldo,14.18,120.79,12,15.5,4.04,0.68,1.77,83.58,30.18,23.64,27.16,4.03
2012,General Mariano Alvarez,14.3,121.0,1,12.91,4.99,0.95,6.57,88.57,29.68,20.92,24.6,1.53
2012,General Mariano Alvarez,14.3,121.0,2,15.09,4.74,0.92,9.95,88.26,30.19,20.21,24.72,1.56
2012,General Mariano Alvarez,14.3,121.0,3,15.6,4.95,0.85,8.18,86.23,31.67,20.11,25.41,1.66
2012,General Mariano Alvarez,14.3,121.0,4,23.28,4.37,0.83,1.76,82.11,33.08,20.91,27.23,1.19
2012,General Mariano Alvarez,14.3,121.0,5,20.37,4.18,0.8,6.87,80.41,34.47,23.38,28.1,0.86
2012,General Mariano Alvarez,14.3,121.0,6,18.3,3.73,0.86,4.99,87.64,31.2,23.2,26.68,1.44
2012,General Mariano Alvarez,14.3,121.0,7,16.15,3.98,0.96,17.05,88.04,32.47,23.53,26.43,1.24
2012,General Mariano Alvarez,14.3,121.0,8,14.63,4.24,0.98,14.98,90.4,30.58,23.04,25.94,1.68
2012,General Mariano Alvarez,14.3,121.0,9,15.77,4.16,0.99,13.24,87.7,33.34,22.93,26.66,0.96
2012,General Mariano Alvarez,14.3,121.0,10,15.43,4.79,0.97,11.79,85.96,31.51,21.94,26.02,1.24
2012,General Mariano Alvarez,14.3,121.0,11,15.93,4.46,0.92,4.25,87.85,30.43,20.8,25.7,1.34
2012,General Mariano Alvarez,14.3,121.0,12,13.22,4.22,0.85,6.49,87.26,31.62,21.45,25.38,1.55
2012,General Trias,14.38,120.88,1,16.27,3.39,0.8,1.27,82.53,29.9,22.53,26.98,4.03
2012,General Trias,14.38,120.88,2,18.66,2.82,0.71,2.4,81.74,30.78,22.29,27.33,4.17
2012,General Trias,14.38,120.88,3,18.76,2.47,0.65,2.24,78.07,31.87,22.85,28.37,4.46
2012,General Trias,14.38,120.88,4,24.62,1.86,0.63,0.65,72.35,33.65,24.66,30.73,3.1
2012,General Trias,14.38,120.88,5,20.63,2.77,0.71,7.32,77.28,33.45,26.14,30.21,2.2
2012,General Trias,14.38,120.88,6,16.81,3.66,0.95,17.53,85.57,30.07,25.64,28.17,4.47
2012,General Trias,14.38,120.88,7,15.51,3.54,0.99,25.28,85.65,30.14,25.61,27.94,3.59
2012,General Trias,14.38,120.88,8,13.33,4.04,1.0,40.15,87.49,29.69,24.94,27.29,4.99
2012,General Trias,14.38,120.88,9,16.23,3.43,1.0,17.06,86.63,30.01,25.09,27.83,2.76
2012,General Trias,14.38,120.88,10,16.53,4.24,0.96,9.48,82.86,30.18,23.76,27.68,3.41
2012,General Trias,14.38,120.88,11,18.29,3.48,0.83,0.73,82.6,30.52,23.5,27.85,3.51
2012,General Trias,14.38,120.88,12,15.5,2.47,0.7,0.99,80.48,31.26,23.15,28.02,4.2
2012,Imus City,14.43,120.93,1,16.27,3.39,0.8,1.27,82.53,29.9,22.53,26.98,4.03
2012,Imus City,14.43,120.93,2,18.66,2.82,0.71,2.4,81.74,30.78,22.29,27.33,4.17
2012,Imus City,14.43,120.93,3,18.76,2.47,0.65,2.24,78.07,31.87,22.85,28.37,4.46
2012,Imus City,14.43,120.93,4,24.62,1.86,0.63,0.65,72.35,33.65,24.66,30.73,3.1
2012,Imus City,14.43,120.93,5,20.63,2.77,0.71,7.32,77.28,33.45,26.14,30.21,2.2
2012,Imus City,14.43,120.93,6,16.81,3.66,0.95,17.53,85.57,30.07,25.64,28.17,4.47
2012,Imus City,14.43,120.93,7,15.51,3.54,0.99,25.28,85.65,30.14,25.61,27.94,3.59
2012,Imus City,14.43,120.93,8,13.33,4.04,1.0,40.15,87.49,29.69,24.94,27.29,4.99
2012,Imus City,14.43,120.93,9,16.23,3.43,1.0,17.06,86.63,30.01,25.09,27.83,2.76
2012,Imus City,14.43,120.93,10,16.53,4.24,0.96,9.48,82.86,30.18,23.76,27.68,3.41
2012,Imus City,14.43,120.93,11,18.29,3.48,0.83,0.73,82.6,30.52,23.5,27.85,3.51
2012,Imus City,14.43,120.93,12,15.5,2.47,0.7,0.99,80.48,31.26,23.15,28.02,4.2
2012,Indang,14.19,120.87,1,16.27,4.88,0.79,1.88,84.93,29.09,23.37,26.29,3.98
2012,Indang,14.19,120.87,2,18.66,4.01,0.67,2.97,84.48,29.86,23.01,26.36,3.97
2012,Indang,14.19,120.87,3,18.76,3.49,0.58,3.97,82.28,30.6,23.67,26.94,4.06
2012,Indang,14.19,120.87,4,24.62,3.34,0.57,1.26,77.88,32.4,24.49,28.62,2.7
2012,Indang,14.19,120.87,5,20.63,3.12,0.58,5.46,78.31,33.43,26.75,29.31,1.95
2012,Indang,14.19,120.87,6,16.81,4.05,0.78,9.66,85.78,30.29,25.61,28.22,3.93
2012,Indang,14.19,120.87,7,15.51,3.99,0.95,21.97,85.8,30.28,25.39,27.86,3.33
2012,Indang,14.19,120.87,8,13.33,4.7,0.99,25.59,87.78,29.68,25.23,27.36,4.31
2012,Indang,14.19,120.87,9,16.23,3.85,0.99,14.02,87.22,29.5,24.95,27.55,2.98
2012,Indang,14.19,120.87,10,16.53,5.01,0.96,11.37,83.32,29.88,24.48,27.3,3.31
2012,Indang,14.19,120.87,11,18.29,4.69,0.85,1.12,84.28,29.99,24.42,27.37,3.58
2012,Indang,14.19,120.87,12,15.5,4.04,0.68,1.77,83.58,30.18,23.64,27.16,4.03
2012,Kawit,14.44,120.9,1,16.27,3.39,0.8,1.27,82.53,29.9,22.53,26.98,4.03
2012,Kawit,14.44,120.9,2,18.66,2.82,0.71,2.4,81.74,30.78,22.29,27.33,4.17
2012,Kawit,14.44,120.9,3,18.76,2.47,0.65,2.24,78.07,31.87,22.85,28.37,4.46
2012,Kawit,14.44,120.9,4,24.62,1.86,0.63,0.65,72.35,33.65,24.66,30.73,3.1
2012,Kawit,14.44,120.9,5,20.63,2.77,0.71,7.32,77.28,33.45,26.14,30.21,2.2
2012,Kawit,14.44,120.9,6,16.81,3.66,0.95,17.53,85.57,30.07,25.64,28.17,4.47
2012,Kawit,14.44,120.9,7,15.51,3.54,0.99,25.28,85.65,30.14,25.61,27.94,3.59
2012,Kawit,14.44,120.9,8,13.33,4.04,1.0,40.15,87.49,29.69,24.94,27.29,4.99
2012,Kawit,14.44,120.9,9,16.23,3.43,1.0,17.06,86.63,30.01,25.09,27.83,2.76
2012,Kawit,14.44,120.9,10,16.53,4.24,0.96,9.48,82.86,30.18,23.76,27.68,3.41
2012,Kawit,14.44,120.9,11,18.29,3.48,0.83,0.73,82.6,30.52,23.5,27.85,3.51
2012,Kawit,14.44,120.9,12,15.5,2.47,0.7,0.99,80.48,31.26,23.15,28.02,4.2
2012,Magallanes,14.19,120.73,1,16.27,4.88,0.79,1.88,84.93,29.09,23.37,26.29,3.98
2012,Magallanes,14.19,120.73,2,18.66,4.01,0.67,2.97,84.48,29.86,23.01,26.36,3.97
2012,Magallanes,14.19,120.73,3,18.76,3.49,0.58,3.97,82.28,30.6,23.67,26.94,4.06
2012,Magallanes,14.19,120.73,4,24.62,3.34,0.57,1.26,77.88,32.4,24.49,28.62,2.7
2012,Magallanes,14.19,120.73,5,20.63,3.12,0.58,5.46,78.31,33.43,26.75,29.31,1.95
2012,Magallanes,14.19,120.73,6,16.81,4.05,0.78,9.66,85.78,30.29,25.61,28.22,3.93
2012,Magallanes,14.19,120.73,7,15.51,3.99,0.95,21.97,85.8,30.28,25.39,27.86,3.33
2012,Magallanes,14.19,120.73,8,13.33,4.7,0.99,25.59,87.78,29.68,25.23,27.36,4.31
2012,Magallanes,14.19,120.73,9,16.23,3.85,0.99,14.02,87.22,29.5,24.95,27.55,2.98
2012,Magallanes,14.19,120.73,10,16.53,5.01,0.96,11.37,83.32,29.88,24.48,27.3,3.31
2012,Magallanes,14.19,120.73,11,18.29,4.69,0.85,1.12,84.28,29.99,24.42,27.37,3.58
2012,Magallanes,14.19,120.73,12,15.5,4.04,0.68,1.77,83.58,30.18,23.64,27.16,4.03
2012,Maragondon,14.27,120.73,1,16.27,3.39,0.8,1.27,82.53,29.9,22.53,26.98,4.03
2012,Maragondon,14.27,120.73,2,18.66,2.82,0.71,2.4,81.74,30.78,22.29,27.33,4.17
2012,Maragondon,14.27,120.73,3,18.76,2.47,0.65,2.24,78.07,31.87,22.85,28.37,4.46
2012,Maragondon,14.27,120.73,4,24.62,1.86,0.63,0.65,72.35,33.65,24.66,30.73,3.1
2012,Maragondon,14.27,120.73,5,20.63,2.77,0.71,7.32,77.28,33.45,26.14,30.21,2.2
2012,Maragondon,14.27,120.73,6,16.81,3.66,0.95,17.53,85.57,30.07,25.64,28.17,4.47
2012,Maragondon,14.27,120.73,7,15.51,3.54,0.99,25.28,85.65,30.14,25.61,27.94,3.59
2012,Maragondon,14.27,120.73,8,13.33,4.04,1.0,40.15,87.49,29.69,24.94,27.29,4.99
2012,Maragondon,14.27,120.73,9,16.23,3.43,1.0,17.06,86.63,30.01,25.09,27.83,2.76
2012,Maragondon,14.27,120.73,10,16.53,4.24,0.96,9.48,82.86,30.18,23.76,27.68,3.41
2012,Maragondon,14.27,120.73,11,18.29,3.48,0.83,0.73,82.6,30.52,23.5,27.85,3.51
2012,Maragondon,14.27,120.73,12,15.5,2.47,0.7,0.99,80.48,31.26,23.15,28.02,4.2
2012,Mendez,14.13,120.9,1,16.27,4.88,0.79,1.88,84.93,29.09,23.37,26.29,3.98
2012,Mendez,14.13,120.9,2,18.66,4.01,0.67,2.97,84.48,29.86,23.01,26.36,3.97
2012,Mendez,14.13,120.9,3,18.76,3.49,0.58,3.97,82.28,30.6,23.67,26.94,4.06
2012,Mendez,14.13,120.9,4,24.62,3.34,0.57,1.26,77.88,32.4,24.49,28.62,2.7
2012,Mendez,14.13,120.9,5,20.63,3.12,0.58,5.46,78.31,33.43,26.75,29.31,1.95
2012,Mendez,14.13,120.9,6,16.81,4.05,0.78,9.66,85.78,30.29,25.61,28.22,3.93
2012,Mendez,14.13,120.9,7,15.51,3.99,0.95,21.97,85.8,30.28,25.39,27.86,3.33
2012,Mendez,14.13,120.9,8,13.33,4.7,0.99,25.59,87.78,29.68,25.23,27.36,4.31
2012,Mendez,14.13,120.9,9,16.23,3.85,0.99,14.02,87.22,29.5,24.95,27.55,2.98
2012,Mendez,14.13,120.9,10,16.53,5.01,0.96,11.37,83.32,29.88,24.48,27.3,3.31
2012,Mendez,14.13,120.9,11,18.29,4.69,0.85,1.12,84.28,29.99,24.42,27.37,3.58
2012,Mendez,14.13,120.9,12,15.5,4.04,0.68,1.77,83.58,30.18,23.64,27.16,4.03
2012,Naic,14.32,120.77,1,16.27,3.39,0.8,1.27,82.53,29.9,22.53,26.98,4.03
2012,Naic,14.32,120.77,2,18.66,2.82,0.71,2.4,81.74,30.78,22.29,27.33,4.17
2012,Naic,14.32,120.77,3,18.76,2.47,0.65,2.24,78.07,31.87,22.85,28.37,4.46
2012,Naic,14.32,120.77,4,24.62,1.86,0.63,0.65,72.35,33.65,24.66,30.73,3.1
2012,Naic,14.32,120.77,5,20.63,2.77,0.71,7.32,77.28,33.45,26.14,30.21,2.2
2012,Naic,14.32,120.77,6,16.81,3.66,0.95,17.53,85.57,30.07,25.64,28.17,4.47
2012,Naic,14.32,120.77,7,15.51,3.54,0.99,25.28,85.65,30.14,25.61,27.94,3.59
2012,Naic,14.32,120.77,8,13.33,4.04,1.0,40.15,87.49,29.69,24.94,27.29,4.99
2012,Naic,14.32,120.77,9,16.23,3.43,1.0,17.06,86.63,30.01,25.09,27.83,2.76
2012,Naic,14.32,120.77,10,16.53,4.24,0.96,9.48,82.86,30.18,23.76,27.68,3.41
2012,Naic,14.32,120.77,11,18.29,3.48,0.83,0.73,82.6,30.52,23.5,27.85,3.51
2012,Naic,14.32,120.77,12,15.5,2.47,0.7,0.99,80.48,31.26,23.15,28.02,4.2
2012,Noveleta,14.43,120.88,1,16.27,3.39,0.8,1.27,82.53,29.9,22.53,26.98,4.03
2012,Noveleta,14.43,120.88,2,18.66,2.82,0.71,2.4,81.74,30.78,22.29,27.33,4.17
2012,Noveleta,14.43,120.88,3,18.76,2.47,0.65,2.24,78.07,31.87,22.85,28.37,4.46
2012,Noveleta,14.43,120.88,4,24.62,1.86,0.63,0.65,72.35,33.65,24.66,30.73,3.1
2012,Noveleta,14.43,120.88,5,20.63,2.77,0.71,7.32,77.28,33.45,26.14,30.21,2.2
2012,Noveleta,14.43,120.88,6,16.81,3.66,0.95,17.53,85.57,30.07,25.64,28.17,4.47
2012,Noveleta,14.43,120.88,7,15.51,3.54,0.99,25.28,85.65,30.14,25.61,27.94,3.59
2012,Noveleta,14.43,120.88,8,13.33,4.04,1.0,40.15,87.49,29.69,24.94,27.29,4.99
2012,Noveleta,14.43,120.88,9,16.23,3.43,1.0,17.06,86.63,30.01,25.09,27.83,2.76
2012,Noveleta,14.43,120.88,10,16.53,4.24,0.96,9.48,82.86,30.18,23.76,27.68,3.41
2012,Noveleta,14.43,120.88,11,18.29,3.48,0.83,0.73,82.6,30.52,23.5,27.85,3.51
2012,Noveleta,14.43,120.88,12,15.5,2.47,0.7,0.99,80.48,31.26,23.15,28.02,4.2
2012,Rosario,14.41,120.85,1,16.27,3.39,0.8,1.27,82.53,29.9,22.53,26.98,4.03
2012,Rosario,14.41,120.85,2,18.66,2.82,0.71,2.4,81.74,30.78,22.29,27.33,4.17
2012,Rosario,14.41,120.85,3,18.76,2.47,0.65,2.24,78.07,31.87,22.85,28.37,4.46
2012,Rosario,14.41,120.85,4,24.62,1.86,0.63,0.65,72.35,33.65,24.66,30.73,3.1
2012,Rosario,14.41,120.85,5,20.63,2.77,0.71,7.32,77.28,33.45,26.14,30.21,2.2
2012,Rosario,14.41,120.85,6,16.81,3.66,0.95,17.53,85.57,30.07,25.64,28.17,4.47
2012,Rosario,14.41,120.85,7,15.51,3.54,0.99,25.28,85.65,30.14,25.61,27.94,3.59
2012,Rosario,14.41,120.85,8,13.33,4.04,1.0,40.15,87.49,29.69,24.94,27.29,4.99
2012,Rosario,14.41,120.85,9,16.23,3.43,1.0,17.06,86.63,30.01,25.09,27.83,2.76
2012,Rosario,14.41,120.85,10,16.53,4.24,0.96,9.48,82.86,30.18,23.76,27.68,3.41
2012,Rosario,14.41,120.85,11,18.29,3.48,0.83,0.73,82.6,30.52,23.5,27.85,3.51
2012,Rosario,14.41,120.85,12,15.5,2.47,0.7,0.99,80.48,31.26,23.15,28.02,4.2
2012,Silang,14.23,120.97,1,16.27,4.78,0.95,6.48,89.53,29.76,21.09,24.76,1.52
2012,Silang,14.23,120.97,2,18.66,4.5,0.92,8.5,89.55,30.24,20.57,24.8,1.54
2012,Silang,14.23,120.97,3,18.76,5.05,0.85,8.2,87.83,30.99,21.01,25.41,1.61
2012,Silang,14.23,120.97,4,24.62,4.74,0.82,1.96,84.01,32.83,20.94,27.04,1.2
2012,Silang,14.23,120.97,5,20.63,4.2,0.76,5.82,80.81,34.24,24.14,28.09,0.87
2012,Silang,14.23,120.97,6,16.81,3.61,0.81,3.86,86.95,31.85,23.34,26.94,1.37
2012,Silang,14.23,120.97,7,15.51,3.81,0.93,17.14,88.28,33.8,23.4,26.55,1.27
2012,Silang,14.23,120.97,8,13.33,4.25,0.98,10.4,89.31,31.51,23.18,26.22,1.64
2012,Silang,14.23,120.97,9,16.23,3.88,0.98,10.88,88.13,32.48,22.81,26.62,1.04
2012,Silang,14.23,120.97,10,16.53,4.65,0.97,11.83,86.22,31.75,22.08,26.12,1.27
2012,Silang,14.23,120.97,11,18.29,4.23,0.93,3.97,88.89,30.63,21.52,25.9,1.36
2012,Silang,14.23,120.97,12,15.5,4.23,0.87,6.51,88.95,31.21,21.34,25.42,1.52
2012,Tagaytay City,14.11,120.96,1,16.27,4.78,0.95,6.48,89.53,29.76,21.09,24.76,1.52
2012,Tagaytay City,14.11,120.96,2,18.66,4.5,0.92,8.5,89.55,30.24,20.57,24.8,1.54
2012,Tagaytay City,14.11,120.96,3,18.76,5.05,0.85,8.2,87.83,30.99,21.01,25.41,1.61
2012,Tagaytay City,14.11,120.96,4,24.62,4.74,0.82,1.96,84.01,32.83,20.94,27.04,1.2
2012,Tagaytay City,14.11,120.96,5,20.63,4.2,0.76,5.82,80.81,34.24,24.14,28.09,0.87
2012,Tagaytay City,14.11,120.96,6,16.81,3.61,0.81,3.86,86.95,31.85,23.34,26.94,1.37
2012,Tagaytay City,14.11,120.96,7,15.51,3.81,0.93,17.14,88.28,33.8,23.4,26.55,1.27
2012,Tagaytay City,14.11,120.96,8,13.33,4.25,0.98,10.4,89.31,31.51,23.18,26.22,1.64
2012,Tagaytay City,14.11,120.96,9,16.23,3.88,0.98,10.88,88.13,32.48,22.81,26.62,1.04
2012,Tagaytay City,14.11,120.96,10,16.53,4.65,0.97,11.83,86.22,31.75,22.08,26.12,1.27
2012,Tagaytay City,14.11,120.96,11,18.29,4.23,0.93,3.97,88.89,30.63,21.52,25.9,1.36
2012,Tagaytay City,14.11,120.96,12,15.5,4.23,0.87,6.51,88.95,31.21,21.34,25.42,1.52
2012,Tanza,14.36,120.85,1,16.27,3.39,0.8,1.27,82.53,29.9,22.53,26.98,4.03
2012,Tanza,14.36,120.85,2,18.66,2.82,0.71,2.4,81.74,30.78,22.29,27.33,4.17
2012,Tanza,14.36,120.85,3,18.76,2.47,0.65,2.24,78.07,31.87,22.85,28.37,4.46
2012,Tanza,14.36,120.85,4,24.62,1.86,0.63,0.65,72.35,33.65,24.66,30.73,3.1
2012,Tanza,14.36,120.85,5,20.63,2.77,0.71,7.32,77.28,33.45,26.14,30.21,2.2
2012,Tanza,14.36,120.85,6,16.81,3.66,0.95,17.53,85.57,30.07,25.64,28.17,4.47
2012,Tanza,14.36,120.85,7,15.51,3.54,0.99,25.28,85.65,30.14,25.61,27.94,3.59
2012,Tanza,14.36,120.85,8,13.33,4.04,1.0,40.15,87.49,29.69,24.94,27.29,4.99
2012,Tanza,14.36,120.85,9,16.23,3.43,1.0,17.06,86.63,30.01,25.09,27.83,2.76
2012,Tanza,14.36,120.85,10,16.53,4.24,0.96,9.48,82.86,30.18,23.76,27.68,3.41
2012,Tanza,14.36,120.85,11,18.29,3.48,0.83,0.73,82.6,30.52,23.5,27.85,3.51
2012,Tanza,14.36,120.85,12,15.5,2.47,0.7,0.99,80.48,31.26,23.15,28.02,4.2
2012,Ternate,14.28,120.7,1,16.27,3.39,0.8,1.27,82.53,29.9,22.53,26.98,4.03
2012,Ternate,14.28,120.7,2,18.66,2.82,0.71,2.4,81.74,30.78,22.29,27.33,4.17
2012,Ternate,14.28,120.7,3,18.76,2.47,0.65,2.24,78.07,31.87,22.85,28.37,4.46
2012,Ternate,14.28,120.7,4,24.62,1.86,0.63,0.65,72.35,33.65,24.66,30.73,3.1
2012,Ternate,14.28,120.7,5,20.63,2.77,0.71,7.32,77.28,33.45,26.14,30.21,2.2
2012,Ternate,14.28,120.7,6,16.81,3.66,0.95,17.53,85.57,30.07,25.64,28.17,4.47
2012,Ternate,14.28,120.7,7,15.51,3.54,0.99,25.28,85.65,30.14,25.61,27.94,3.59
2012,Ternate,14.28,120.7,8,13.33,4.04,1.0,40.15,87.49,29.69,24.94,27.29,4.99
2012,Ternate,14.28,120.7,9,16.23,3.43,1.0,17.06,86.63,30.01,25.09,27.83,2.76
2012,Ternate,14.28,120.7,10,16.53,4.24,0.96,9.48,82.86,30.18,23.76,27.68,3.41
2012,Ternate,14.28,120.7,11,18.29,3.48,0.83,0.73,82.6,30.52,23.5,27.85,3.51
2012,Ternate,14.28,120.7,12,15.5,2.47,0.7,0.99,80.48,31.26,23.15,28.02,4.2
2012,Trece Martires City,14.28,120.86,1,16.27,3.39,0.8,1.27,82.53,29.9,22.53,26.98,4.03
2012,Trece Martires City,14.28,120.86,2,18.66,2.82,0.71,2.4,81.74,30.78,22.29,27.33,4.17
2012,Trece Martires City,14.28,120.86,3,18.76,2.47,0.65,2.24,78.07,31.87,22.85,28.37,4.46
2012,Trece Martires City,14.28,120.86,4,24.62,1.86,0.63,0.65,72.35,33.65,24.66,30.73,3.1
2012,Trece Martires City,14.28,120.86,5,20.63,2.77,0.71,7.32,77.28,33.45,26.14,30.21,2.2
2012,Trece Martires City,14.28,120.86,6,16.81,3.66,0.95,17.53,85.57,30.07,25.64,28.17,4.47
2012,Trece Martires City,14.28,120.86,7,15.51,3.54,0.99,25.28,85.65,30.14,25.61,27.94,3.59
2012,Trece Martires City,14.28,120.86,8,13.33,4.04,1.0,40.15,87.49,29.69,24.94,27.29,4.99
2012,Trece Martires City,14.28,120.86,9,16.23,3.43,1.0,17.06,86.63,30.01,25.09,27.83,2.76
2012,Trece Martires City,14.28,120.86,10,16.53,4.24,0.96,9.48,82.86,30.18,23.76,27.68,3.41
2012,Trece Martires City,14.28,120.86,11,18.29,3.48,0.83,0.73,82.6,30.52,23.5,27.85,3.51
2012,Trece Martires City,14.28,120.86,12,15.5,2.47,0.7,0.99,80.48,31.26,23.15,28.02,4.2
2013,Alfonso,14.14,120.85,1,15.91,3.11,0.6,1.81,81.31,29.37,21.99,26.02,4.46
2013,Alfonso,14.14,120.85,2,18.42,2.9,0.54,3.97,80.81,30.66,23.2,26.51,4.47
2013,Alfonso,14.14,120.85,3,21.98,3.32,0.55,1.99,78.92,32.22,22.85,27.61,3.17
2013,Alfonso,14.14,120.85,4,24.24,1.74,0.47,0.94,70.09,34.96,25.25,30.14,2.17
2013,Alfonso,14.14,120.85,5,21.14,2.14,0.51,4.83,74.95,33.93,26.77,30.03,2.11
2013,Alfonso,14.14,120.85,6,19.1,3.93,0.77,13.77,81.27,32.05,25.97,29.01,2.7
2013,Alfonso,14.14,120.85,7,18.05,3.94,0.96,12.36,83.01,30.55,25.7,28.31,2.46
2013,Alfonso,14.14,120.85,8,13.75,3.76,0.99,25.55,86.76,30.32,25.52,27.76,3.65
2013,Alfonso,14.14,120.85,9,13.95,3.78,0.99,25.25,87.18,29.91,25.53,27.76,3.46
2013,Alfonso,14.14,120.85,10,17.14,4.92,0.97,6.47,83.15,29.52,24.39,27.4,3.11
2013,Alfonso,14.14,120.85,11,15.75,4.66,0.92,7.6,86.22,29.57,24.49,27.12,4.13
2013,Alfonso,14.14,120.85,12,15.38,3.86,0.83,2.46,86.04,29.07,23.96,26.86,3.35
2013,Amadeo,14.17,120.92,1,15.91,3.11,0.6,1.81,81.31,29.37,21.99,26.02,4.46
2013,Amadeo,14.17,120.92,2,18.42,2.9,0.54,3.97,80.81,30.66,23.2,26.51,4.47
2013,Amadeo,14.17,120.92,3,21.98,3.32,0.55,1.99,78.92,32.22,22.85,27.61,3.17
2013,Amadeo,14.17,120.92,4,24.24,1.74,0.47,0.94,70.09,34.96,25.25,30.14,2.17
2013,Amadeo,14.17,120.92,5,21.14,2.14,0.51,4.83,74.95,33.93,26.77,30.03,2.11
2013,Amadeo,14.17,120.92,6,19.1,3.93,0.77,13.77,81.27,32.05,25.97,29.01,2.7
2013,Amadeo,14.17,120.92,7,18.05,3.94,0.96,12.36,83.01,30.55,25.7,28.31,2.46
2013,Amadeo,14.17,120.92,8,13.75,3.76,0.99,25.55,86.76,30.32,25.52,27.76,3.65
2013,Amadeo,14.17,120.92,9,13.95,3.78,0.99,25.25,87.18,29.91,25.53,27.76,3.46
2013,Amadeo,14.17,120.92,10,17.14,4.92,0.97,6.47,83.15,29.52,24.39,27.4,3.11
2013,Amadeo,14.17,120.92,11,15.75,4.66,0.92,7.6,86.22,29.57,24.49,27.12,4.13
2013,Amadeo,14.17,120.92,12,15.38,3.86,0.83,2.46,86.04,29.07,23.96,26.86,3.35
2013,Bacoor City,14.46,120.94,1,15.91,4.41,0.86,5.57,85.37,29.51,18.77,24.04,1.73
2013,Bacoor City,14.46,120.94,2,18.42,4.46,0.79,7.15,84.01,30.67,20.83,25.16,1.87
2013,Bacoor City,14.46,120.94,3,21.98,4.31,0.77,3.04,82.26,32.51,20.08,26.33,1.41
2013,Bacoor City,14.46,120.94,4,24.24,2.77,0.67,0.94,72.74,37.09,22.1,29.21,1.14
2013,Bacoor City,14.46,120.94,5,21.14,2.55,0.66,4.19,77.23,37.41,24.2,28.77,0.93
2013,Bacoor City,14.46,120.94,6,19.1,3.84,0.81,11.59,83.18,33.63,23.68,27.69,1.03
2013,Bacoor City,14.46,120.94,7,18.05,4.12,0.96,13.04,86.42,32.05,22.83,26.68,0.96
2013,Bacoor City,14.46,120.94,8,13.75,3.65,0.99,17.24,89.62,31.28,23.37,26.09,1.31
2013,Bacoor City,14.46,120.94,9,13.95,3.67,0.99,15.65,89.73,32.44,23.73,26.3,1.26
2013,Bacoor City,14.46,120.94,10,17.14,4.64,0.98,8.46,86.51,30.27,21.16,25.86,1.17
2013,Bacoor City,14.46,120.94,11,15.75,4.68,0.97,13.9,90.28,30.05,22.05,25.46,1.57
2013,Bacoor City,14.46,120.94,12,15.38,4.05,0.97,10.48,90.33,29.78,20.94,25.1,1.3
2013,Carmona,14.31,121.05,1,13.13,4.41,0.86,5.57,85.37,29.51,18.77,24.04,1.73
2013,Carmona,14.31,121.05,2,15.89,4.46,0.79,7.15,84.01,30.67,20.83,25.16,1.87
2013,Carmona,14.31,121.05,3,19.37,4.31,0.77,3.04,82.26,32.51,20.08,26.33,1.41
2013,Carmona,14.31,121.05,4,22.98,2.77,0.67,0.94,72.74,37.09,22.1,29.21,1.14
2013,Carmona,14.31,121.05,5,19.89,2.55,0.66,4.19,77.23,37.41,24.2,28.77,0.93
2013,Carmona,14.31,121.05,6,18.77,3.84,0.81,11.59,83.18,33.63,23.68,27.69,1.03
2013,Carmona,14.31,121.05,7,17.0,4.12,0.96,13.04,86.42,32.05,22.83,26.68,0.96
2013,Carmona,14.31,121.05,8,14.22,3.65,0.99,17.24,89.62,31.28,23.37,26.09,1.31
2013,Carmona,14.31,121.05,9,14.62,3.67,0.99,15.65,89.73,32.44,23.73,26.3,1.26
2013,Carmona,14.31,121.05,10,15.06,4.64,0.98,8.46,86.51,30.27,21.16,25.86,1.17
2013,Carmona,14.31,121.05,11,13.26,4.68,0.97,13.9,90.28,30.05,22.05,25.46,1.57
2013,Carmona,14.31,121.05,12,12.19,4.05,0.97,10.48,90.33,29.78,20.94,25.1,1.3
2013,Cavite City,14.48,120.9,1,15.91,1.96,0.64,1.14,77.11,30.65,21.35,27.17,4.68
2013,Cavite City,14.48,120.9,2,18.42,1.42,0.62,2.57,75.6,32.72,22.84,28.37,4.89
2013,Cavite City,14.48,120.9,3,21.98,2.66,0.64,1.78,74.94,33.1,22.53,29.25,3.4
2013,Cavite City,14.48,120.9,4,24.24,0.75,0.59,0.5,65.61,35.43,25.17,32.78,2.73
2013,Cavite City,14.48,120.9,5,21.14,1.5,0.62,2.95,73.82,34.78,26.66,31.09,2.46
2013,Cavite City,14.48,120.9,6,19.1,3.27,0.85,15.36,80.74,33.11,25.51,29.43,3.01
2013,Cavite City,14.48,120.9,7,18.05,3.56,0.98,11.6,82.61,30.49,25.02,28.42,2.51
2013,Cavite City,14.48,120.9,8,13.75,3.37,1.0,34.83,86.23,29.93,25.31,27.73,4.03
2013,Cavite City,14.48,120.9,9,13.95,3.23,1.0,29.91,86.6,30.04,25.56,27.81,3.7
2013,Cavite City,14.48,120.9,10,17.14,4.51,0.97,7.44,81.79,30.13,23.49,27.76,3.12
2013,Cavite City,14.48,120.9,11,15.75,3.55,0.89,3.91,84.85,30.04,23.81,27.37,4.17
2013,Cavite City,14.48,120.9,12,15.38,2.6,0.81,1.77,84.12,29.64,22.99,27.25,3.4
2013,Dasmarinas City,14.33,120.93,1,15.91,1.96,0.64,1.14,77.11,30.65,21.35,27.17,4.68
2013,Dasmarinas City,14.33,120.93,2,18.42,1.42,0.62,2.57,75.6,32.72,22.84,28.37,4.89
2013,Dasmarinas City,14.33,120.93,3,21.98,2.66,0.64,1.78,74.94,33.1,22.53,29.25,3.4
2013,Dasmarinas City,14.33,120.93,4,24.24,0.75,0.59,0.5,65.61,35.43,25.17,32.78,2.73
2013,Dasmarinas City,14.33,120.93,5,21.14,1.5,0.62,2.95,73.82,34.78,26.66,31.09,2.46
2013,Dasmarinas City,14.33,120.93,6,19.1,3.27,0.85,15.36,80.74,33.11,25.51,29.43,3.01
2013,Dasmarinas City,14.33,120.93,7,18.05,3.56,0.98,11.6,82.61,30.49,25.02,28.42,2.51
2013,Dasmarinas City,14.33,120.93,8,13.75,3.37,1.0,34.83,86.23,29.93,25.31,27.73,4.03
2013,Dasmarinas City,14.33,120.93,9,13.95,3.23,1.0,29.91,86.6,30.04,25.56,27.81,3.7
2013,Dasmarinas City,14.33,120.93,10,17.14,4.51,0.97,7.44,81.79,30.13,23.49,27.76,3.12
2013,Dasmarinas City,14.33,120.93,11,15.75,3.55,0.89,3.91,84.85,30.04,23.81,27.37,4.17
2013,Dasmarinas City,14.33,120.93,12,15.38,2.6,0.81,1.77,84.12,29.64,22.99,27.25,3.4
2013,General Emilio Aguinaldo,14.18,120.79,1,15.91,3.11,0.6,1.81,81.31,29.37,21.99,26.02,4.46
2013,General Emilio Aguinaldo,14.18,120.79,2,18.42,2.9,0.54,3.97,80.81,30.66,23.2,26.51,4.47
2013,General Emilio Aguinaldo,14.18,120.79,3,21.98,3.32,0.55,1.99,78.92,32.22,22.85,27.61,3.17
2013,General Emilio Aguinaldo,14.18,120.79,4,24.24,1.74,0.47,0.94,70.09,34.96,25.25,30.14,2.17
2013,General Emilio Aguinaldo,14.18,120.79,5,21.14,2.14,0.51,4.83,74.95,33.93,26.77,30.03,2.11
2013,General Emilio Aguinaldo,14.18,120.79,6,19.1,3.93,0.77,13.77,81.27,32.05,25.97,29.01,2.7
2013,General Emilio Aguinaldo,14.18,120.79,7,18.05,3.94,0.96,12.36,83.01,30.55,25.7,28.31,2.46
2013,General Emilio Aguinaldo,14.18,120.79,8,13.75,3.76,0.99,25.55,86.76,30.32,25.52,27.76,3.65
2013,General Emilio Aguinaldo,14.18,120.79,9,13.95,3.78,0.99,25.25,87.18,29.91,25.53,27.76,3.46
2013,General Emilio Aguinaldo,14.18,120.79,10,17.14,4.92,0.97,6.47,83.15,29.52,24.39,27.4,3.11
2013,General Emilio Aguinaldo,14.18,120.79,11,15.75,4.66,0.92,7.6,86.22,29.57,24.49,27.12,4.13
2013,General Emilio Aguinaldo,14.18,120.79,12,15.38,3.86,0.83,2.46,86.04,29.07,23.96,26.86,3.35
2013,General Mariano Alvarez,14.3,121.0,1,13.13,4.41,0.86,5.57,85.37,29.51,18.77,24.04,1.73
2013,General Mariano Alvarez,14.3,121.0,2,15.89,4.46,0.79,7.15,84.01,30.67,20.83,25.16,1.87
2013,General Mariano Alvarez,14.3,121.0,3,19.37,4.31,0.77,3.04,82.26,32.51,20.08,26.33,1.41
2013,General Mariano Alvarez,14.3,121.0,4,22.98,2.77,0.67,0.94,72.74,37.09,22.1,29.21,1.14
2013,General Mariano Alvarez,14.3,121.0,5,19.89,2.55,0.66,4.19,77.23,37.41,24.2,28.77,0.93
2013,General Mariano Alvarez,14.3,121.0,6,18.77,3.84,0.81,11.59,83.18,33.63,23.68,27.69,1.03
2013,General Mariano Alvarez,14.3,121.0,7,17.0,4.12,0.96,13.04,86.42,32.05,22.83,26.68,0.96
2013,General Mariano Alvarez,14.3,121.0,8,14.22,3.65,0.99,17.24,89.62,31.28,23.37,26.09,1.31
2013,General Mariano Alvarez,14.3,121.0,9,14.62,3.67,0.99,15.65,89.73,32.44,23.73,26.3,1.26
2013,General Mariano Alvarez,14.3,121.0,10,15.06,4.64,0.98,8.46,86.51,30.27,21.16,25.86,1.17
2013,General Mariano Alvarez,14.3,121.0,11,13.26,4.68,0.97,13.9,90.28,30.05,22.05,25.46,1.57
2013,General Mariano Alvarez,14.3,121.0,12,12.19,4.05,0.97,10.48,90.33,29.78,20.94,25.1,1.3
2013,General Trias,14.38,120.88,1,15.91,1.96,0.64,1.14,77.11,30.65,21.35,27.17,4.68
2013,General Trias,14.38,120.88,2,18.42,1.42,0.62,2.57,75.6,32.72,22.84,28.37,4.89
2013,General Trias,14.38,120.88,3,21.98,2.66,0.64,1.78,74.94,33.1,22.53,29.25,3.4
2013,General Trias,14.38,120.88,4,24.24,0.75,0.59,0.5,65.61,35.43,25.17,32.78,2.73
2013,General Trias,14.38,120.88,5,21.14,1.5,0.62,2.95,73.82,34.78,26.66,31.09,2.46
2013,General Trias,14.38,120.88,6,19.1,3.27,0.85,15.36,80.74,33.11,25.51,29.43,3.01
2013,General Trias,14.38,120.88,7,18.05,3.56,0.98,11.6,82.61,30.49,25.02,28.42,2.51
2013,General Trias,14.38,120.88,8,13.75,3.37,1.0,34.83,86.23,29.93,25.31,27.73,4.03
2013,General Trias,14.38,120.88,9,13.95,3.23,1.0,29.91,86.6,30.04,25.56,27.81,3.7
2013,General Trias,14.38,120.88,10,17.14,4.51,0.97,7.44,81.79,30.13,23.49,27.76,3.12
2013,General Trias,14.38,120.88,11,15.75,3.55,0.89,3.91,84.85,30.04,23.81,27.37,4.17
2013,General Trias,14.38,120.88,12,15.38,2.6,0.81,1.77,84.12,29.64,22.99,27.25,3.4
2013,Imus City,14.43,120.93,1,15.91,1.96,0.64,1.14,77.11,30.65,21.35,27.17,4.68
2013,Imus City,14.43,120.93,2,18.42,1.42,0.62,2.57,75.6,32.72,22.84,28.37,4.89
2013,Imus City,14.43,120.93,3,21.98,2.66,0.64,1.78,74.94,33.1,22.53,29.25,3.4
2013,Imus City,14.43,120.93,4,24.24,0.75,0.59,0.5,65.61,35.43,25.17,32.78,2.73
2013,Imus City,14.43,120.93,5,21.14,1.5,0.62,2.95,73.82,34.78,26.66,31.09,2.46
2013,Imus City,14.43,120.93,6,19.1,3.27,0.85,15.36,80.74,33.11,25.51,29.43,3.01
2013,Imus City,14.43,120.93,7,18.05,3.56,0.98,11.6,82.61,30.49,25.02,28.42,2.51
2013,Imus City,14.43,120.93,8,13.75,3.37,1.0,34.83,86.23,29.93,25.31,27.73,4.03
2013,Imus City,14.43,120.93,9,13.95,3.23,1.0,29.91,86.6,30.04,25.56,27.81,3.7
2013,Imus City,14.43,120.93,10,17.14,4.51,0.97,7.44,81.79,30.13,23.49,27.76,3.12
2013,Imus City,14.43,120.93,11,15.75,3.55,0.89,3.91,84.85,30.04,23.81,27.37,4.17
2013,Imus City,14.43,120.93,12,15.38,2.6,0.81,1.77,84.12,29.64,22.99,27.25,3.4
2013,Indang,14.19,120.87,1,15.91,3.11,0.6,1.81,81.31,29.37,21.99,26.02,4.46
2013,Indang,14.19,120.87,2,18.42,2.9,0.54,3.97,80.81,30.66,23.2,26.51,4.47
2013,Indang,14.19,120.87,3,21.98,3.32,0.55,1.99,78.92,32.22,22.85,27.61,3.17
2013,Indang,14.19,120.87,4,24.24,1.74,0.47,0.94,70.09,34.96,25.25,30.14,2.17
2013,Indang,14.19,120.87,5,21.14,2.14,0.51,4.83,74.95,33.93,26.77,30.03,2.11
2013,Indang,14.19,120.87,6,19.1,3.93,0.77,13.77,81.27,32.05,25.97,29.01,2.7
2013,Indang,14.19,120.87,7,18.05,3.94,0.96,12.36,83.01,30.55,25.7,28.31,2.46
2013,Indang,14.19,120.87,8,13.75,3.76,0.99,25.55,86.76,30.32,25.52,27.76,3.65
2013,Indang,14.19,120.87,9,13.95,3.78,0.99,25.25,87.18,29.91,25.53,27.76,3.46
2013,Indang,14.19,120.87,10,17.14,4.92,0.97,6.47,83.15,29.52,24.39,27.4,3.11
2013,Indang,14.19,120.87,11,15.75,4.66,0.92,7.6,86.22,29.57,24.49,27.12,4.13
2013,Indang,14.19,120.87,12,15.38,3.86,0.83,2.46,86.04,29.07,23.96,26.86,3.35
2013,Kawit,14.44,120.9,1,15.91,1.96,0.64,1.14,77.11,30.65,21.35,27.17,4.68
2013,Kawit,14.44,120.9,2,18.42,1.42,0.62,2.57,75.6,32.72,22.84,28.37,4.89
2013,Kawit,14.44,120.9,3,21.98,2.66,0.64,1.78,74.94,33.1,22.53,29.25,3.4
2013,Kawit,14.44,120.9,4,24.24,0.75,0.59,0.5,65.61,35.43,25.17,32.78,2.73
2013,Kawit,14.44,120.9,5,21.14,1.5,0.62,2.95,73.82,34.78,26.66,31.09,2.46
2013,Kawit,14.44,120.9,6,19.1,3.27,0.85,15.36,80.74,33.11,25.51,29.43,3.01
2013,Kawit,14.44,120.9,7,18.05,3.56,0.98,11.6,82.61,30.49,25.02,28.42,2.51
2013,Kawit,14.44,120.9,8,13.75,3.37,1.0,34.83,86.23,29.93,25.31,27.73,4.03
2013,Kawit,14.44,120.9,9,13.95,3.23,1.0,29.91,86.6,30.04,25.56,27.81,3.7
2013,Kawit,14.44,120.9,10,17.14,4.51,0.97,7.44,81.79,30.13,23.49,27.76,3.12
2013,Kawit,14.44,120.9,11,15.75,3.55,0.89,3.91,84.85,30.04,23.81,27.37,4.17
2013,Kawit,14.44,120.9,12,15.38,2.6,0.81,1.77,84.12,29.64,22.99,27.25,3.4
2013,Magallanes,14.19,120.73,1,15.91,3.11,0.6,1.81,81.31,29.37,21.99,26.02,4.46
2013,Magallanes,14.19,120.73,2,18.42,2.9,0.54,3.97,80.81,30.66,23.2,26.51,4.47
2013,Magallanes,14.19,120.73,3,21.98,3.32,0.55,1.99,78.92,32.22,22.85,27.61,3.17
2013,Magallanes,14.19,120.73,4,24.24,1.74,0.47,0.94,70.09,34.96,25.25,30.14,2.17
2013,Magallanes,14.19,120.73,5,21.14,2.14,0.51,4.83,74.95,33.93,26.77,30.03,2.11
2013,Magallanes,14.19,120.73,6,19.1,3.93,0.77,13.77,81.27,32.05,25.97,29.01,2.7
2013,Magallanes,14.19,120.73,7,18.05,3.94,0.96,12.36,83.01,30.55,25.7,28.31,2.46
2013,Magallanes,14.19,120.73,8,13.75,3.76,0.99,25.55,86.76,30.32,25.52,27.76,3.65
2013,Magallanes,14.19,120.73,9,13.95,3.78,0.99,25.25,87.18,29.91,25.53,27.76,3.46
2013,Magallanes,14.19,120.73,10,17.14,4.92,0.97,6.47,83.15,29.52,24.39,27.4,3.11
2013,Magallanes,14.19,120.73,11,15.75,4.66,0.92,7.6,86.22,29.57,24.49,27.12,4.13
2013,Magallanes,14.19,120.73,12,15.38,3.86,0.83,2.46,86.04,29.07,23.96,26.86,3.35
2013,Maragondon,14.27,120.73,1,15.91,1.96,0.64,1.14,77.11,30.65,21.35,27.17,4.68
2013,Maragondon,14.27,120.73,2,18.42,1.42,0.62,2.57,75.6,32.72,22.84,28.37,4.89
2013,Maragondon,14.27,120.73,3,21.98,2.66,0.64,1.78,74.94,33.1,22.53,29.25,3.4
2013,Maragondon,14.27,120.73,4,24.24,0.75,0.59,0.5,65.61,35.43,25.17,32.78,2.73
2013,Maragondon,14.27,120.73,5,21.14,1.5,0.62,2.95,73.82,34.78,26.66,31.09,2.46
2013,Maragondon,14.27,120.73,6,19.1,3.27,0.85,15.36,80.74,33.11,25.51,29.43,3.01
2013,Maragondon,14.27,120.73,7,18.05,3.56,0.98,11.6,82.61,30.49,25.02,28.42,2.51
2013,Maragondon,14.27,120.73,8,13.75,3.37,1.0,34.83,86.23,29.93,25.31,27.73,4.03
2013,Maragondon,14.27,120.73,9,13.95,3.23,1.0,29.91,86.6,30.04,25.56,27.81,3.7
2013,Maragondon,14.27,120.73,10,17.14,4.51,0.97,7.44,81.79,30.13,23.49,27.76,3.12
2013,Maragondon,14.27,120.73,11,15.75,3.55,0.89,3.91,84.85,30.04,23.81,27.37,4.17
2013,Maragondon,14.27,120.73,12,15.38,2.6,0.81,1.77,84.12,29.64,22.99,27.25,3.4
2013,Mendez,14.13,120.9,1,15.91,3.11,0.6,1.81,81.31,29.37,21.99,26.02,4.46
2013,Mendez,14.13,120.9,2,18.42,2.9,0.54,3.97,80.81,30.66,23.2,26.51,4.47
2013,Mendez,14.13,120.9,3,21.98,3.32,0.55,1.99,78.92,32.22,22.85,27.61,3.17
2013,Mendez,14.13,120.9,4,24.24,1.74,0.47,0.94,70.09,34.96,25.25,30.14,2.17
2013,Mendez,14.13,120.9,5,21.14,2.14,0.51,4.83,74.95,33.93,26.77,30.03,2.11
2013,Mendez,14.13,120.9,6,19.1,3.93,0.77,13.77,81.27,32.05,25.97,29.01,2.7
2013,Mendez,14.13,120.9,7,18.05,3.94,0.96,12.36,83.01,30.55,25.7,28.31,2.46
2013,Mendez,14.13,120.9,8,13.75,3.76,0.99,25.55,86.76,30.32,25.52,27.76,3.65
2013,Mendez,14.13,120.9,9,13.95,3.78,0.99,25.25,87.18,29.91,25.53,27.76,3.46
2013,Mendez,14.13,120.9,10,17.14,4.92,0.97,6.47,83.15,29.52,24.39,27.4,3.11
2013,Mendez,14.13,120.9,11,15.75,4.66,0.92,7.6,86.22,29.57,24.49,27.12,4.13
2013,Mendez,14.13,120.9,12,15.38,3.86,0.83,2.46,86.04,29.07,23.96,26.86,3.35
2013,Naic,14.32,120.77,1,15.91,1.96,0.64,1.14,77.11,30.65,21.35,27.17,4.68
2013,Naic,14.32,120.77,2,18.42,1.42,0.62,2.57,75.6,32.72,22.84,28.37,4.89
2013,Naic,14.32,120.77,3,21.98,2.66,0.64,1.78,74.94,33.1,22.53,29.25,3.4
2013,Naic,14.32,120.77,4,24.24,0.75,0.59,0.5,65.61,35.43,25.17,32.78,2.73
2013,Naic,14.32,120.77,5,21.14,1.5,0.62,2.95,73.82,34.78,26.66,31.09,2.46
2013,Naic,14.32,120.77,6,19.1,3.27,0.85,15.36,80.74,33.11,25.51,29.43,3.01
2013,Naic,14.32,120.77,7,18.05,3.56,0.98,11.6,82.61,30.49,25.02,28.42,2.51
2013,Naic,14.32,120.77,8,13.75,3.37,1.0,34.83,86.23,29.93,25.31,27.73,4.03
2013,Naic,14.32,120.77,9,13.95,3.23,1.0,29.91,86.6,30.04,25.56,27.81,3.7
2013,Naic,14.32,120.77,10,17.14,4.51,0.97,7.44,81.79,30.13,23.49,27.76,3.12
2013,Naic,14.32,120.77,11,15.75,3.55,0.89,3.91,84.85,30.04,23.81,27.37,4.17
2013,Naic,14.32,120.77,12,15.38,2.6,0.81,1.77,84.12,29.64,22.99,27.25,3.4
2013,Noveleta,14.43,120.88,1,15.91,1.96,0.64,1.14,77.11,30.65,21.35,27.17,4.68
2013,Noveleta,14.43,120.88,2,18.42,1.42,0.62,2.57,75.6,32.72,22.84,28.37,4.89
2013,Noveleta,14.43,120.88,3,21.98,2.66,0.64,1.78,74.94,33.1,22.53,29.25,3.4
2013,Noveleta,14.43,120.88,4,24.24,0.75,0.59,0.5,65.61,35.43,25.17,32.78,2.73
2013,Noveleta,14.43,120.88,5,21.14,1.5,0.62,2.95,73.82,34.78,26.66,31.09,2.46
2013,Noveleta,14.43,120.88,6,19.1,3.27,0.85,15.36,80.74,33.11,25.51,29.43,3.01
2013,Noveleta,14.43,120.88,7,18.05,3.56,0.98,11.6,82.61,30.49,25.02,28.42,2.51
2013,Noveleta,14.43,120.88,8,13.75,3.37,1.0,34.83,86.23,29.93,25.31,27.73,4.03
2013,Noveleta,14.43,120.88,9,13.95,3.23,1.0,29.91,86.6,30.04,25.56,27.81,3.7
2013,Noveleta,14.43,120.88,10,17.14,4.51,0.97,7.44,81.79,30.13,23.49,27.76,3.12
2013,Noveleta,14.43,120.88,11,15.75,3.55,0.89,3.91,84.85,30.04,23.81,27.37,4.17
2013,Noveleta,14.43,120.88,12,15.38,2.6,0.81,1.77,84.12,29.64,22.99,27.25,3.4
2013,Rosario,14.41,120.85,1,15.91,1.96,0.64,1.14,77.11,30.65,21.35,27.17,4.68
2013,Rosario,14.41,120.85,2,18.42,1.42,0.62,2.57,75.6,32.72,22.84,28.37,4.89
2013,Rosario,14.41,120.85,3,21.98,2.66,0.64,1.78,74.94,33.1,22.53,29.25,3.4
2013,Rosario,14.41,120.85,4,24.24,0.75,0.59,0.5,65.61,35.43,25.17,32.78,2.73
2013,Rosario,14.41,120.85,5,21.14,1.5,0.62,2.95,73.82,34.78,26.66,31.09,2.46
2013,Rosario,14.41,120.85,6,19.1,3.27,0.85,15.36,80.74,33.11,25.51,29.43,3.01
2013,Rosario,14.41,120.85,7,18.05,3.56,0.98,11.6,82.61,30.49,25.02,28.42,2.51
2013,Rosario,14.41,120.85,8,13.75,3.37,1.0,34.83,86.23,29.93,25.31,27.73,4.03
2013,Rosario,14.41,120.85,9,13.95,3.23,1.0,29.91,86.6,30.04,25.56,27.81,3.7
2013,Rosario,14.41,120.85,10,17.14,4.51,0.97,7.44,81.79,30.13,23.49,27.76,3.12
2013,Rosario,14.41,120.85,11,15.75,3.55,0.89,3.91,84.85,30.04,23.81,27.37,4.17
2013,Rosario,14.41,120.85,12,15.38,2.6,0.81,1.77,84.12,29.64,22.99,27.25,3.4
2013,Silang,14.23,120.97,1,15.91,4.6,0.87,5.15,87.74,28.87,18.58,24.08,1.66
2013,Silang,14.23,120.97,2,18.42,4.88,0.78,6.97,86.23,30.35,20.39,24.97,1.81
2013,Silang,14.23,120.97,3,21.98,4.63,0.74,2.57,83.97,32.61,19.85,26.16,1.38
2013,Silang,14.23,120.97,4,24.24,2.54,0.61,0.7,72.28,37.04,22.12,29.31,1.15
2013,Silang,14.23,120.97,5,21.14,2.48,0.62,4.38,76.75,36.91,24.38,29.01,0.92
2013,Silang,14.23,120.97,6,19.1,3.78,0.79,11.63,83.37,33.99,23.91,27.8,0.99
2013,Silang,14.23,120.97,7,18.05,3.81,0.95,12.61,86.94,32.6,23.42,26.88,0.98
2013,Silang,14.23,120.97,8,13.75,3.48,0.99,13.4,89.32,30.93,23.48,26.33,1.26
2013,Silang,14.23,120.97,9,13.95,3.66,0.99,13.79,89.25,33.46,23.68,26.53,1.28
2013,Silang,14.23,120.97,10,17.14,4.37,0.98,7.69,87.37,31.17,20.91,26.01,1.19
2013,Silang,14.23,120.97,11,15.75,4.38,0.98,16.1,91.18,30.24,22.35,25.64,1.57
2013,Silang,14.23,120.97,12,15.38,3.84,0.97,8.54,90.93,29.58,21.15,25.33,1.29
2013,Tagaytay City,14.11,120.96,1,15.91,4.6,0.87,5.15,87.74,28.87,18.58,24.08,1.66
2013,Tagaytay City,14.11,120.96,2,18.42,4.88,0.78,6.97,86.23,30.35,20.39,24.97,1.81
2013,Tagaytay City,14.11,120.96,3,21.98,4.63,0.74,2.57,83.97,32.61,19.85,26.16,1.38
2013,Tagaytay City,14.11,120.96,4,24.24,2.54,0.61,0.7,72.28,37.04,22.12,29.31,1.15
2013,Tagaytay City,14.11,120.96,5,21.14,2.48,0.62,4.38,76.75,36.91,24.38,29.01,0.92
2013,Tagaytay City,14.11,120.96,6,19.1,3.78,0.79,11.63,83.37,33.99,23.91,27.8,0.99
2013,Tagaytay City,14.11,120.96,7,18.05,3.81,0.95,12.61,86.94,32.6,23.42,26.88,0.98
2013,Tagaytay City,14.11,120.96,8,13.75,3.48,0.99,13.4,89.32,30.93,23.48,26.33,1.26
2013,Tagaytay City,14.11,120.96,9,13.95,3.66,0.99,13.79,89.25,33.46,23.68,26.53,1.28
2013,Tagaytay City,14.11,120.96,10,17.14,4.37,0.98,7.69,87.37,31.17,20.91,26.01,1.19
2013,Tagaytay City,14.11,120.96,11,15.75,4.38,0.98,16.1,91.18,30.24,22.35,25.64,1.57
2013,Tagaytay City,14.11,120.96,12,15.38,3.84,0.97,8.54,90.93,29.58,21.15,25.33,1.29
2013,Tanza,14.36,120.85,1,15.91,1.96,0.64,1.14,77.11,30.65,21.35,27.17,4.68
2013,Tanza,14.36,120.85,2,18.42,1.42,0.62,2.57,75.6,32.72,22.84,28.37,4.89
2013,Tanza,14.36,120.85,3,21.98,2.66,0.64,1.78,74.94,33.1,22.53,29.25,3.4
2013,Tanza,14.36,120.85,4,24.24,0.75,0.59,0.5,65.61,35.43,25.17,32.78,2.73
2013,Tanza,14.36,120.85,5,21.14,1.5,0.62,2.95,73.82,34.78,26.66,31.09,2.46
2013,Tanza,14.36,120.85,6,19.1,3.27,0.85,15.36,80.74,33.11,25.51,29.43,3.01
2013,Tanza,14.36,120.85,7,18.05,3.56,0.98,11.6,82.61,30.49,25.02,28.42,2.51
2013,Tanza,14.36,120.85,8,13.75,3.37,1.0,34.83,86.23,29.93,25.31,27.73,4.03
2013,Tanza,14.36,120.85,9,13.95,3.23,1.0,29.91,86.6,30.04,25.56,27.81,3.7
2013,Tanza,14.36,120.85,10,17.14,4.51,0.97,7.44,81.79,30.13,23.49,27.76,3.12
2013,Tanza,14.36,120.85,11,15.75,3.55,0.89,3.91,84.85,30.04,23.81,27.37,4.17
2013,Tanza,14.36,120.85,12,15.38,2.6,0.81,1.77,84.12,29.64,22.99,27.25,3.4
2013,Ternate,14.28,120.7,1,15.91,1.96,0.64,1.14,77.11,30.65,21.35,27.17,4.68
2013,Ternate,14.28,120.7,2,18.42,1.42,0.62,2.57,75.6,32.72,22.84,28.37,4.89
2013,Ternate,14.28,120.7,3,21.98,2.66,0.64,1.78,74.94,33.1,22.53,29.25,3.4
2013,Ternate,14.28,120.7,4,24.24,0.75,0.59,0.5,65.61,35.43,25.17,32.78,2.73
2013,Ternate,14.28,120.7,5,21.14,1.5,0.62,2.95,73.82,34.78,26.66,31.09,2.46
2013,Ternate,14.28,120.7,6,19.1,3.27,0.85,15.36,80.74,33.11,25.51,29.43,3.01
2013,Ternate,14.28,120.7,7,18.05,3.56,0.98,11.6,82.61,30.49,25.02,28.42,2.51
2013,Ternate,14.28,120.7,8,13.75,3.37,1.0,34.83,86.23,29.93,25.31,27.73,4.03
2013,Ternate,14.28,120.7,9,13.95,3.23,1.0,29.91,86.6,30.04,25.56,27.81,3.7
2013,Ternate,14.28,120.7,10,17.14,4.51,0.97,7.44,81.79,30.13,23.49,27.76,3.12
2013,Ternate,14.28,120.7,11,15.75,3.55,0.89,3.91,84.85,30.04,23.81,27.37,4.17
2013,Ternate,14.28,120.7,12,15.38,2.6,0.81,1.77,84.12,29.64,22.99,27.25,3.4
2013,Trece Martires City,14.28,120.86,1,15.91,1.96,0.64,1.14,77.11,30.65,21.35,27.17,4.68
2013,Trece Martires City,14.28,120.86,2,18.42,1.42,0.62,2.57,75.6,32.72,22.84,28.37,4.89
2013,Trece Martires City,14.28,120.86,3,21.98,2.66,0.64,1.78,74.94,33.1,22.53,29.25,3.4
2013,Trece Martires City,14.28,120.86,4,24.24,0.75,0.59,0.5,65.61,35.43,25.17,32.78,2.73
2013,Trece Martires City,14.28,120.86,5,21.14,1.5,0.62,2.95,73.82,34.78,26.66,31.09,2.46
2013,Trece Martires City,14.28,120.86,6,19.1,3.27,0.85,15.36,80.74,33.11,25.51,29.43,3.01
2013,Trece Martires City,14.28,120.86,7,18.05,3.56,0.98,11.6,82.61,30.49,25.02,28.42,2.51
2013,Trece Martires City,14.28,120.86,8,13.75,3.37,1.0,34.83,86.23,29.93,25.31,27.73,4.03
2013,Trece Martires City,14.28,120.86,9,13.95,3.23,1.0,29.91,86.6,30.04,25.56,27.81,3.7
2013,Trece Martires City,14.28,120.86,10,17.14,4.51,0.97,7.44,81.79,30.13,23.49,27.76,3.12
2013,Trece Martires City,14.28,120.86,11,15.75,3.55,0.89,3.91,84.85,30.04,23.81,27.37,4.17
2013,Trece Martires City,14.28,120.86,12,15.38,2.6,0.81,1.77,84.12,29.64,22.99,27.25,3.4
2014,Alfonso,14.14,120.85,1,17.17,4.04,0.67,0.29,78.37,28.67,20.37,25.32,4.67
2014,Alfonso,14.14,120.85,2,20.26,2.39,0.53,0.23,77.39,30.0,22.33,26.24,3.12
2014,Alfonso,14.14,120.85,3,21.73,1.15,0.47,0.65,73.3,32.85,22.69,27.62,3.59
2014,Alfonso,14.14,120.85,4,23.91,0.86,0.45,0.72,68.06,34.6,24.99,29.81,2.28
2014,Alfonso,14.14,120.85,5,24.27,1.86,0.47,3.66,70.57,35.06,26.79,30.73,1.99
2014,Alfonso,14.14,120.85,6,17.6,3.47,0.64,8.27,82.56,33.89,26.31,29.21,3.07
2014,Alfonso,14.14,120.85,7,14.99,3.87,0.88,14.83,87.84,30.8,25.45,27.79,3.81
2014,Alfonso,14.14,120.85,8,17.92,4.46,0.95,9.98,83.97,30.5,25.41,27.76,2.89
2014,Alfonso,14.14,120.85,9,16.71,4.22,0.98,15.19,85.82,30.76,25.46,27.86,3.26
2014,Alfonso,14.14,120.85,10,17.75,4.3,0.97,8.29,83.29,30.29,24.94,27.88,2.72
2014,Alfonso,14.14,120.85,11,17.13,4.67,0.85,2.2,84.95,30.21,23.53,27.39,3.71
2014,Alfonso,14.14,120.85,12,13.29,4.65,0.83,8.07,86.55,29.25,23.31,26.42,4.95
2014,Amadeo,14.17,120.92,1,17.17,4.04,0.67,0.29,78.37,28.67,20.37,25.32,4.67
2014,Amadeo,14.17,120.92,2,20.26,2.39,0.53,0.23,77.39,30.0,22.33,26.24,3.12
2014,Amadeo,14.17,120.92,3,21.73,1.15,0.47,0.65,73.3,32.85,22.69,27.62,3.59
2014,Amadeo,14.17,120.92,4,23.91,0.86,0.45,0.72,68.06,34.6,24.99,29.81,2.28
2014,Amadeo,14.17,120.92,5,24.27,1.86,0.47,3.66,70.57,35.06,26.79,30.73,1.99
2014,Amadeo,14.17,120.92,6,17.6,3.47,0.64,8.27,82.56,33.89,26.31,29.21,3.07
2014,Amadeo,14.17,120.92,7,14.99,3.87,0.88,14.83,87.84,30.8,25.45,27.79,3.81
2014,Amadeo,14.17,120.92,8,17.92,4.46,0.95,9.98,83.97,30.5,25.41,27.76,2.89
2014,Amadeo,14.17,120.92,9,16.71,4.22,0.98,15.19,85.82,30.76,25.46,27.86,3.26
2014,Amadeo,14.17,120.92,10,17.75,4.3,0.97,8.29,83.29,30.29,24.94,27.88,2.72
2014,Amadeo,14.17,120.92,11,17.13,4.67,0.85,2.2,84.95,30.21,23.53,27.39,3.71
2014,Amadeo,14.17,120.92,12,13.29,4.65,0.83,8.07,86.55,29.25,23.31,26.42,4.95
2014,Bacoor City,14.46,120.94,1,17.17,4.51,0.86,1.53,83.64,29.14,16.0,22.55,1.72
2014,Bacoor City,14.46,120.94,2,20.26,3.3,0.72,1.32,80.17,31.46,19.32,24.72,1.42
2014,Bacoor City,14.46,120.94,3,21.73,2.65,0.66,2.47,77.53,33.4,19.01,26.18,1.66
2014,Bacoor City,14.46,120.94,4,23.91,1.87,0.62,0.87,71.0,36.13,21.93,28.74,1.25
2014,Bacoor City,14.46,120.94,5,24.27,1.88,0.61,2.78,71.16,37.3,24.16,29.94,1.03
2014,Bacoor City,14.46,120.94,6,17.6,2.99,0.7,5.39,81.2,36.84,24.21,28.17,1.12
2014,Bacoor City,14.46,120.94,7,14.99,3.6,0.84,9.85,88.46,32.08,23.55,26.6,1.4
2014,Bacoor City,14.46,120.94,8,17.92,4.09,0.9,9.36,85.82,32.5,23.07,26.64,1.18
2014,Bacoor City,14.46,120.94,9,16.71,4.14,0.98,12.54,86.97,33.05,23.15,26.61,1.21
2014,Bacoor City,14.46,120.94,10,17.75,4.2,0.99,13.38,87.82,31.96,22.15,26.3,1.06
2014,Bacoor City,14.46,120.94,11,17.13,4.51,0.95,7.9,89.15,30.82,19.95,25.52,1.38
2014,Bacoor City,14.46,120.94,12,13.29,4.78,0.96,14.72,89.92,29.31,20.66,24.48,1.93
2014,Carmona,14.31,121.05,1,13.75,4.51,0.86,1.53,83.64,29.14,16.0,22.55,1.72
2014,Carmona,14.31,121.05,2,17.27,3.3,0.72,1.32,80.17,31.46,19.32,24.72,1.42
2014,Carmona,14.31,121.05,3,18.95,2.65,0.66,2.47,77.53,33.4,19.01,26.18,1.66
2014,Carmona,14.31,121.05,4,21.72,1.87,0.62,0.87,71.0,36.13,21.93,28.74,1.25
2014,Carmona,14.31,121.05,5,22.89,1.88,0.61,2.78,71.16,37.3,24.16,29.94,1.03
2014,Carmona,14.31,121.05,6,19.13,2.99,0.7,5.39,81.2,36.84,24.21,28.17,1.12
2014,Carmona,14.31,121.05,7,15.65,3.6,0.84,9.85,88.46,32.08,23.55,26.6,1.4
2014,Carmona,14.31,121.05,8,17.44,4.09,0.9,9.36,85.82,32.5,23.07,26.64,1.18
2014,Carmona,14.31,121.05,9,16.08,4.14,0.98,12.54,86.97,33.05,23.15,26.61,1.21
2014,Carmona,14.31,121.05,10,14.81,4.2,0.99,13.38,87.82,31.96,22.15,26.3,1.06
2014,Carmona,14.31,121.05,11,13.9,4.51,0.95,7.9,89.15,30.82,19.95,25.52,1.38
2014,Carmona,14.31,121.05,12,10.03,4.78,0.96,14.72,89.92,29.31,20.66,24.48,1.93
2014,Cavite City,14.48,120.9,1,17.17,2.57,0.69,0.13,75.25,29.66,19.51,26.05,4.68
2014,Cavite City,14.48,120.9,2,20.26,0.94,0.6,0.23,71.06,31.89,22.17,28.68,3.39
2014,Cavite City,14.48,120.9,3,21.73,0.42,0.59,0.41,68.48,33.85,22.7,30.04,3.99
2014,Cavite City,14.48,120.9,4,23.91,0.58,0.59,0.71,64.22,35.41,25.1,32.49,2.65
2014,Cavite City,14.48,120.9,5,24.27,1.51,0.61,2.55,67.52,35.99,26.38,32.48,2.35
2014,Cavite City,14.48,120.9,6,17.6,3.33,0.83,12.91,82.18,33.96,26.26,29.52,3.39
2014,Cavite City,14.48,120.9,7,14.99,3.53,0.98,20.18,86.98,31.01,25.27,27.89,4.12
2014,Cavite City,14.48,120.9,8,17.92,3.98,0.98,14.43,84.32,30.88,25.08,27.95,3.25
2014,Cavite City,14.48,120.9,9,16.71,3.8,0.99,20.05,84.66,30.99,25.29,28.1,3.43
2014,Cavite City,14.48,120.9,10,17.75,3.65,0.98,7.29,83.17,30.21,24.15,28.02,2.7
2014,Cavite City,14.48,120.9,11,17.13,3.64,0.87,1.72,83.69,30.67,22.7,27.72,3.66
2014,Cavite City,14.48,120.9,12,13.29,3.22,0.83,4.68,84.52,29.77,22.28,26.62,5.13
2014,Dasmarinas City,14.33,120.93,1,17.17,2.57,0.69,0.13,75.25,29.66,19.51,26.05,4.68
2014,Dasmarinas City,14.33,120.93,2,20.26,0.94,0.6,0.23,71.06,31.89,22.17,28.68,3.39
2014,Dasmarinas City,14.33,120.93,3,21.73,0.42,0.59,0.41,68.48,33.85,22.7,30.04,3.99
2014,Dasmarinas City,14.33,120.93,4,23.91,0.58,0.59,0.71,64.22,35.41,25.1,32.49,2.65
2014,Dasmarinas City,14.33,120.93,5,24.27,1.51,0.61,2.55,67.52,35.99,26.38,32.48,2.35
2014,Dasmarinas City,14.33,120.93,6,17.6,3.33,0.83,12.91,82.18,33.96,26.26,29.52,3.39
2014,Dasmarinas City,14.33,120.93,7,14.99,3.53,0.98,20.18,86.98,31.01,25.27,27.89,4.12
2014,Dasmarinas City,14.33,120.93,8,17.92,3.98,0.98,14.43,84.32,30.88,25.08,27.95,3.25
2014,Dasmarinas City,14.33,120.93,9,16.71,3.8,0.99,20.05,84.66,30.99,25.29,28.1,3.43
2014,Dasmarinas City,14.33,120.93,10,17.75,3.65,0.98,7.29,83.17,30.21,24.15,28.02,2.7
2014,Dasmarinas City,14.33,120.93,11,17.13,3.64,0.87,1.72,83.69,30.67,22.7,27.72,3.66
2014,Dasmarinas City,14.33,120.93,12,13.29,3.22,0.83,4.68,84.52,29.77,22.28,26.62,5.13
2014,General Emilio Aguinaldo,14.18,120.79,1,17.17,4.04,0.67,0.29,78.37,28.67,20.37,25.32,4.67
2014,General Emilio Aguinaldo,14.18,120.79,2,20.26,2.39,0.53,0.23,77.39,30.0,22.33,26.24,3.12
2014,General Emilio Aguinaldo,14.18,120.79,3,21.73,1.15,0.47,0.65,73.3,32.85,22.69,27.62,3.59
2014,General Emilio Aguinaldo,14.18,120.79,4,23.91,0.86,0.45,0.72,68.06,34.6,24.99,29.81,2.28
2014,General Emilio Aguinaldo,14.18,120.79,5,24.27,1.86,0.47,3.66,70.57,35.06,26.79,30.73,1.99
2014,General Emilio Aguinaldo,14.18,120.79,6,17.6,3.47,0.64,8.27,82.56,33.89,26.31,29.21,3.07
2014,General Emilio Aguinaldo,14.18,120.79,7,14.99,3.87,0.88,14.83,87.84,30.8,25.45,27.79,3.81
2014,General Emilio Aguinaldo,14.18,120.79,8,17.92,4.46,0.95,9.98,83.97,30.5,25.41,27.76,2.89
2014,General Emilio Aguinaldo,14.18,120.79,9,16.71,4.22,0.98,15.19,85.82,30.76,25.46,27.86,3.26
2014,General Emilio Aguinaldo,14.18,120.79,10,17.75,4.3,0.97,8.29,83.29,30.29,24.94,27.88,2.72
2014,General Emilio Aguinaldo,14.18,120.79,11,17.13,4.67,0.85,2.2,84.95,30.21,23.53,27.39,3.71
2014,General Emilio Aguinaldo,14.18,120.79,12,13.29,4.65,0.83,8.07,86.55,29.25,23.31,26.42,4.95
2014,General Mariano Alvarez,14.3,121.0,1,13.75,4.51,0.86,1.53,83.64,29.14,16.0,22.55,1.72
2014,General Mariano Alvarez,14.3,121.0,2,17.27,3.3,0.72,1.32,80.17,31.46,19.32,24.72,1.42
2014,General Mariano Alvarez,14.3,121.0,3,18.95,2.65,0.66,2.47,77.53,33.4,19.01,26.18,1.66
2014,General Mariano Alvarez,14.3,121.0,4,21.72,1.87,0.62,0.87,71.0,36.13,21.93,28.74,1.25
2014,General Mariano Alvarez,14.3,121.0,5,22.89,1.88,0.61,2.78,71.16,37.3,24.16,29.94,1.03
2014,General Mariano Alvarez,14.3,121.0,6,19.13,2.99,0.7,5.39,81.2,36.84,24.21,28.17,1.12
2014,General Mariano Alvarez,14.3,121.0,7,15.65,3.6,0.84,9.85,88.46,32.08,23.55,26.6,1.4
2014,General Mariano Alvarez,14.3,121.0,8,17.44,4.09,0.9,9.36,85.82,32.5,23.07,26.64,1.18
2014,General Mariano Alvarez,14.3,121.0,9,16.08,4.14,0.98,12.54,86.97,33.05,23.15,26.61,1.21
2014,General Mariano Alvarez,14.3,121.0,10,14.81,4.2,0.99,13.38,87.82,31.96,22.15,26.3,1.06
2014,General Mariano Alvarez,14.3,121.0,11,13.9,4.51,0.95,7.9,89.15,30.82,19.95,25.52,1.38
2014,General Mariano Alvarez,14.3,121.0,12,10.03,4.78,0.96,14.72,89.92,29.31,20.66,24.48,1.93
2014,General Trias,14.38,120.88,1,17.17,2.57,0.69,0.13,75.25,29.66,19.51,26.05,4.68
2014,General Trias,14.38,120.88,2,20.26,0.94,0.6,0.23,71.06,31.89,22.17,28.68,3.39
2014,General Trias,14.38,120.88,3,21.73,0.42,0.59,0.41,68.48,33.85,22.7,30.04,3.99
2014,General Trias,14.38,120.88,4,23.91,0.58,0.59,0.71,64.22,35.41,25.1,32.49,2.65
2014,General Trias,14.38,120.88,5,24.27,1.51,0.61,2.55,67.52,35.99,26.38,32.48,2.35
2014,General Trias,14.38,120.88,6,17.6,3.33,0.83,12.91,82.18,33.96,26.26,29.52,3.39
2014,General Trias,14.38,120.88,7,14.99,3.53,0.98,20.18,86.98,31.01,25.27,27.89,4.12
2014,General Trias,14.38,120.88,8,17.92,3.98,0.98,14.43,84.32,30.88,25.08,27.95,3.25
2014,General Trias,14.38,120.88,9,16.71,3.8,0.99,20.05,84.66,30.99,25.29,28.1,3.43
2014,General Trias,14.38,120.88,10,17.75,3.65,0.98,7.29,83.17,30.21,24.15,28.02,2.7
2014,General Trias,14.38,120.88,11,17.13,3.64,0.87,1.72,83.69,30.67,22.7,27.72,3.66
2014,General Trias,14.38,120.88,12,13.29,3.22,0.83,4.68,84.52,29.77,22.28,26.62,5.13
2014,Imus City,14.43,120.93,1,17.17,2.57,0.69,0.13,75.25,29.66,19.51,26.05,4.68
2014,Imus City,14.43,120.93,2,20.26,0.94,0.6,0.23,71.06,31.89,22.17,28.68,3.39
2014,Imus City,14.43,120.93,3,21.73,0.42,0.59,0.41,68.48,33.85,22.7,30.04,3.99
2014,Imus City,14.43,120.93,4,23.91,0.58,0.59,0.71,64.22,35.41,25.1,32.49,2.65
2014,Imus City,14.43,120.93,5,24.27,1.51,0.61,2.55,67.52,35.99,26.38,32.48,2.35
2014,Imus City,14.43,120.93,6,17.6,3.33,0.83,12.91,82.18,33.96,26.26,29.52,3.39
2014,Imus City,14.43,120.93,7,14.99,3.53,0.98,20.18,86.98,31.01,25.27,27.89,4.12
2014,Imus City,14.43,120.93,8,17.92,3.98,0.98,14.43,84.32,30.88,25.08,27.95,3.25
2014,Imus City,14.43,120.93,9,16.71,3.8,0.99,20.05,84.66,30.99,25.29,28.1,3.43
2014,Imus City,14.43,120.93,10,17.75,3.65,0.98,7.29,83.17,30.21,24.15,28.02,2.7
2014,Imus City,14.43,120.93,11,17.13,3.64,0.87,1.72,83.69,30.67,22.7,27.72,3.66
2014,Imus City,14.43,120.93,12,13.29,3.22,0.83,4.68,84.52,29.77,22.28,26.62,5.13
2014,Indang,14.19,120.87,1,17.17,4.04,0.67,0.29,78.37,28.67,20.37,25.32,4.67
2014,Indang,14.19,120.87,2,20.26,2.39,0.53,0.23,77.39,30.0,22.33,26.24,3.12
2014,Indang,14.19,120.87,3,21.73,1.15,0.47,0.65,73.3,32.85,22.69,27.62,3.59
2014,Indang,14.19,120.87,4,23.91,0.86,0.45,0.72,68.06,34.6,24.99,29.81,2.28
2014,Indang,14.19,120.87,5,24.27,1.86,0.47,3.66,70.57,35.06,26.79,30.73,1.99
2014,Indang,14.19,120.87,6,17.6,3.47,0.64,8.27,82.56,33.89,26.31,29.21,3.07
2014,Indang,14.19,120.87,7,14.99,3.87,0.88,14.83,87.84,30.8,25.45,27.79,3.81
2014,Indang,14.19,120.87,8,17.92,4.46,0.95,9.98,83.97,30.5,25.41,27.76,2.89
2014,Indang,14.19,120.87,9,16.71,4.22,0.98,15.19,85.82,30.76,25.46,27.86,3.26
2014,Indang,14.19,120.87,10,17.75,4.3,0.97,8.29,83.29,30.29,24.94,27.88,2.72
2014,Indang,14.19,120.87,11,17.13,4.67,0.85,2.2,84.95,30.21,23.53,27.39,3.71
2014,Indang,14.19,120.87,12,13.29,4.65,0.83,8.07,86.55,29.25,23.31,26.42,4.95
2014,Kawit,14.44,120.9,1,17.17,2.57,0.69,0.13,75.25,29.66,19.51,26.05,4.68
2014,Kawit,14.44,120.9,2,20.26,0.94,0.6,0.23,71.06,31.89,22.17,28.68,3.39
2014,Kawit,14.44,120.9,3,21.73,0.42,0.59,0.41,68.48,33.85,22.7,30.04,3.99
2014,Kawit,14.44,120.9,4,23.91,0.58,0.59,0.71,64.22,35.41,25.1,32.49,2.65
2014,Kawit,14.44,120.9,5,24.27,1.51,0.61,2.55,67.52,35.99,26.38,32.48,2.35
2014,Kawit,14.44,120.9,6,17.6,3.33,0.83,12.91,82.18,33.96,26.26,29.52,3.39
2014,Kawit,14.44,120.9,7,14.99,3.53,0.98,20.18,86.98,31.01,25.27,27.89,4.12
2014,Kawit,14.44,120.9,8,17.92,3.98,0.98,14.43,84.32,30.88,25.08,27.95,3.25
2014,Kawit,14.44,120.9,9,16.71,3.8,0.99,20.05,84.66,30.99,25.29,28.1,3.43
2014,Kawit,14.44,120.9,10,17.75,3.65,0.98,7.29,83.17,30.21,24.15,28.02,2.7
2014,Kawit,14.44,120.9,11,17.13,3.64,0.87,1.72,83.69,30.67,22.7,27.72,3.66
2014,Kawit,14.44,120.9,12,13.29,3.22,0.83,4.68,84.52,29.77,22.28,26.62,5.13
2014,Magallanes,14.19,120.73,1,17.17,4.04,0.67,0.29,78.37,28.67,20.37,25.32,4.67
2014,Magallanes,14.19,120.73,2,20.26,2.39,0.53,0.23,77.39,30.0,22.33,26.24,3.12
2014,Magallanes,14.19,120.73,3,21.73,1.15,0.47,0.65,73.3,32.85,22.69,27.62,3.59
2014,Magallanes,14.19,120.73,4,23.91,0.86,0.45,0.72,68.06,34.6,24.99,29.81,2.28
2014,Magallanes,14.19,120.73,5,24.27,1.86,0.47,3.66,70.57,35.06,26.79,30.73,1.99
2014,Magallanes,14.19,120.73,6,17.6,3.47,0.64,8.27,82.56,33.89,26.31,29.21,3.07
2014,Magallanes,14.19,120.73,7,14.99,3.87,0.88,14.83,87.84,30.8,25.45,27.79,3.81
2014,Magallanes,14.19,120.73,8,17.92,4.46,0.95,9.98,83.97,30.5,25.41,27.76,2.89
2014,Magallanes,14.19,120.73,9,16.71,4.22,0.98,15.19,85.82,30.76,25.46,27.86,3.26
2014,Magallanes,14.19,120.73,10,17.75,4.3,0.97,8.29,83.29,30.29,24.94,27.88,2.72
2014,Magallanes,14.19,120.73,11,17.13,4.67,0.85,2.2,84.95,30.21,23.53,27.39,3.71
2014,Magallanes,14.19,120.73,12,13.29,4.65,0.83,8.07,86.55,29.25,23.31,26.42,4.95
2014,Maragondon,14.27,120.73,1,17.17,2.57,0.69,0.13,75.25,29.66,19.51,26.05,4.68
2014,Maragondon,14.27,120.73,2,20.26,0.94,0.6,0.23,71.06,31.89,22.17,28.68,3.39
2014,Maragondon,14.27,120.73,3,21.73,0.42,0.59,0.41,68.48,33.85,22.7,30.04,3.99
2014,Maragondon,14.27,120.73,4,23.91,0.58,0.59,0.71,64.22,35.41,25.1,32.49,2.65
2014,Maragondon,14.27,120.73,5,24.27,1.51,0.61,2.55,67.52,35.99,26.38,32.48,2.35
2014,Maragondon,14.27,120.73,6,17.6,3.33,0.83,12.91,82.18,33.96,26.26,29.52,3.39
2014,Maragondon,14.27,120.73,7,14.99,3.53,0.98,20.18,86.98,31.01,25.27,27.89,4.12
2014,Maragondon,14.27,120.73,8,17.92,3.98,0.98,14.43,84.32,30.88,25.08,27.95,3.25
2014,Maragondon,14.27,120.73,9,16.71,3.8,0.99,20.05,84.66,30.99,25.29,28.1,3.43
2014,Maragondon,14.27,120.73,10,17.75,3.65,0.98,7.29,83.17,30.21,24.15,28.02,2.7
2014,Maragondon,14.27,120.73,11,17.13,3.64,0.87,1.72,83.69,30.67,22.7,27.72,3.66
2014,Maragondon,14.27,120.73,12,13.29,3.22,0.83,4.68,84.52,29.77,22.28,26.62,5.13
2014,Mendez,14.13,120.9,1,17.17,4.04,0.67,0.29,78.37,28.67,20.37,25.32,4.67
2014,Mendez,14.13,120.9,2,20.26,2.39,0.53,0.23,77.39,30.0,22.33,26.24,3.12
2014,Mendez,14.13,120.9,3,21.73,1.15,0.47,0.65,73.3,32.85,22.69,27.62,3.59
2014,Mendez,14.13,120.9,4,23.91,0.86,0.45,0.72,68.06,34.6,24.99,29.81,2.28
2014,Mendez,14.13,120.9,5,24.27,1.86,0.47,3.66,70.57,35.06,26.79,30.73,1.99
2014,Mendez,14.13,120.9,6,17.6,3.47,0.64,8.27,82.56,33.89,26.31,29.21,3.07
2014,Mendez,14.13,120.9,7,14.99,3.87,0.88,14.83,87.84,30.8,25.45,27.79,3.81
2014,Mendez,14.13,120.9,8,17.92,4.46,0.95,9.98,83.97,30.5,25.41,27.76,2.89
2014,Mendez,14.13,120.9,9,16.71,4.22,0.98,15.19,85.82,30.76,25.46,27.86,3.26
2014,Mendez,14.13,120.9,10,17.75,4.3,0.97,8.29,83.29,30.29,24.94,27.88,2.72
2014,Mendez,14.13,120.9,11,17.13,4.67,0.85,2.2,84.95,30.21,23.53,27.39,3.71
2014,Mendez,14.13,120.9,12,13.29,4.65,0.83,8.07,86.55,29.25,23.31,26.42,4.95
2014,Naic,14.32,120.77,1,17.17,2.57,0.69,0.13,75.25,29.66,19.51,26.05,4.68
2014,Naic,14.32,120.77,2,20.26,0.94,0.6,0.23,71.06,31.89,22.17,28.68,3.39
2014,Naic,14.32,120.77,3,21.73,0.42,0.59,0.41,68.48,33.85,22.7,30.04,3.99
2014,Naic,14.32,120.77,4,23.91,0.58,0.59,0.71,64.22,35.41,25.1,32.49,2.65
2014,Naic,14.32,120.77,5,24.27,1.51,0.61,2.55,67.52,35.99,26.38,32.48,2.35
2014,Naic,14.32,120.77,6,17.6,3.33,0.83,12.91,82.18,33.96,26.26,29.52,3.39
2014,Naic,14.32,120.77,7,14.99,3.53,0.98,20.18,86.98,31.01,25.27,27.89,4.12
2014,Naic,14.32,120.77,8,17.92,3.98,0.98,14.43,84.32,30.88,25.08,27.95,3.25
2014,Naic,14.32,120.77,9,16.71,3.8,0.99,20.05,84.66,30.99,25.29,28.1,3.43
2014,Naic,14.32,120.77,10,17.75,3.65,0.98,7.29,83.17,30.21,24.15,28.02,2.7
2014,Naic,14.32,120.77,11,17.13,3.64,0.87,1.72,83.69,30.67,22.7,27.72,3.66
2014,Naic,14.32,120.77,12,13.29,3.22,0.83,4.68,84.52,29.77,22.28,26.62,5.13
2014,Noveleta,14.43,120.88,1,17.17,2.57,0.69,0.13,75.25,29.66,19.51,26.05,4.68
2014,Noveleta,14.43,120.88,2,20.26,0.94,0.6,0.23,71.06,31.89,22.17,28.68,3.39
2014,Noveleta,14.43,120.88,3,21.73,0.42,0.59,0.41,68.48,33.85,22.7,30.04,3.99
2014,Noveleta,14.43,120.88,4,23.91,0.58,0.59,0.71,64.22,35.41,25.1,32.49,2.65
2014,Noveleta,14.43,120.88,5,24.27,1.51,0.61,2.55,67.52,35.99,26.38,32.48,2.35
2014,Noveleta,14.43,120.88,6,17.6,3.33,0.83,12.91,82.18,33.96,26.26,29.52,3.39
2014,Noveleta,14.43,120.88,7,14.99,3.53,0.98,20.18,86.98,31.01,25.27,27.89,4.12
2014,Noveleta,14.43,120.88,8,17.92,3.98,0.98,14.43,84.32,30.88,25.08,27.95,3.25
2014,Noveleta,14.43,120.88,9,16.71,3.8,0.99,20.05,84.66,30.99,25.29,28.1,3.43
2014,Noveleta,14.43,120.88,10,17.75,3.65,0.98,7.29,83.17,30.21,24.15,28.02,2.7
2014,Noveleta,14.43,120.88,11,17.13,3.64,0.87,1.72,83.69,30.67,22.7,27.72,3.66
2014,Noveleta,14.43,120.88,12,13.29,3.22,0.83,4.68,84.52,29.77,22.28,26.62,5.13
2014,Rosario,14.41,120.85,1,17.17,2.57,0.69,0.13,75.25,29.66,19.51,26.05,4.68
2014,Rosario,14.41,120.85,2,20.26,0.94,0.6,0.23,71.06,31.89,22.17,28.68,3.39
2014,Rosario,14.41,120.85,3,21.73,0.42,0.59,0.41,68.48,33.85,22.7,30.04,3.99
2014,Rosario,14.41,120.85,4,23.91,0.58,0.59,0.71,64.22,35.41,25.1,32.49,2.65
2014,Rosario,14.41,120.85,5,24.27,1.51,0.61,2.55,67.52,35.99,26.38,32.48,2.35
2014,Rosario,14.41,120.85,6,17.6,3.33,0.83,12.91,82.18,33.96,26.26,29.52,3.39
2014,Rosario,14.41,120.85,7,14.99,3.53,0.98,20.18,86.98,31.01,25.27,27.89,4.12
2014,Rosario,14.41,120.85,8,17.92,3.98,0.98,14.43,84.32,30.88,25.08,27.95,3.25
2014,Rosario,14.41,120.85,9,16.71,3.8,0.99,20.05,84.66,30.99,25.29,28.1,3.43
2014,Rosario,14.41,120.85,10,17.75,3.65,0.98,7.29,83.17,30.21,24.15,28.02,2.7
2014,Rosario,14.41,120.85,11,17.13,3.64,0.87,1.72,83.69,30.67,22.7,27.72,3.66
2014,Rosario,14.41,120.85,12,13.29,3.22,0.83,4.68,84.52,29.77,22.28,26.62,5.13
2014,Silang,14.23,120.97,1,17.17,4.55,0.87,1.59,85.87,29.28,15.97,22.84,1.68
2014,Silang,14.23,120.97,2,20.26,3.99,0.72,1.29,83.33,30.49,19.05,24.36,1.35
2014,Silang,14.23,120.97,3,21.73,2.99,0.63,2.21,78.74,33.17,19.02,26.03,1.61
2014,Silang,14.23,120.97,4,23.91,1.92,0.59,0.82,72.25,35.74,21.81,28.58,1.2
2014,Silang,14.23,120.97,5,24.27,1.83,0.57,2.95,71.53,36.39,24.57,29.93,1.08
2014,Silang,14.23,120.97,6,17.6,2.88,0.66,5.1,81.11,36.06,24.07,28.39,1.1
2014,Silang,14.23,120.97,7,14.99,3.49,0.8,9.46,88.26,32.48,23.61,26.75,1.4
2014,Silang,14.23,120.97,8,17.92,4.03,0.85,7.72,85.46,34.37,23.01,26.79,1.19
2014,Silang,14.23,120.97,9,16.71,3.92,0.97,11.97,87.05,33.28,23.42,26.72,1.21
2014,Silang,14.23,120.97,10,17.75,4.08,0.99,12.79,88.23,31.62,22.21,26.42,1.05
2014,Silang,14.23,120.97,11,17.13,4.22,0.96,8.85,90.39,31.03,19.89,25.6,1.36
2014,Silang,14.23,120.97,12,13.29,4.52,0.97,17.08,91.15,29.62,20.9,24.72,1.88
2014,Tagaytay City,14.11,120.96,1,17.17,4.55,0.87,1.59,85.87,29.28,15.97,22.84,1.68
2014,Tagaytay City,14.11,120.96,2,20.26,3.99,0.72,1.29,83.33,30.49,19.05,24.36,1.35
2014,Tagaytay City,14.11,120.96,3,21.73,2.99,0.63,2.21,78.74,33.17,19.02,26.03,1.61
2014,Tagaytay City,14.11,120.96,4,23.91,1.92,0.59,0.82,72.25,35.74,21.81,28.58,1.2
2014,Tagaytay City,14.11,120.96,5,24.27,1.83,0.57,2.95,71.53,36.39,24.57,29.93,1.08
2014,Tagaytay City,14.11,120.96,6,17.6,2.88,0.66,5.1,81.11,36.06,24.07,28.39,1.1
2014,Tagaytay City,14.11,120.96,7,14.99,3.49,0.8,9.46,88.26,32.48,23.61,26.75,1.4
2014,Tagaytay City,14.11,120.96,8,17.92,4.03,0.85,7.72,85.46,34.37,23.01,26.79,1.19
2014,Tagaytay City,14.11,120.96,9,16.71,3.92,0.97,11.97,87.05,33.28,23.42,26.72,1.21
2014,Tagaytay City,14.11,120.96,10,17.75,4.08,0.99,12.79,88.23,31.62,22.21,26.42,1.05
2014,Tagaytay City,14.11,120.96,11,17.13,4.22,0.96,8.85,90.39,31.03,19.89,25.6,1.36
2014,Tagaytay City,14.11,120.96,12,13.29,4.52,0.97,17.08,91.15,29.62,20.9,24.72,1.88
2014,Tanza,14.36,120.85,1,17.17,2.57,0.69,0.13,75.25,29.66,19.51,26.05,4.68
2014,Tanza,14.36,120.85,2,20.26,0.94,0.6,0.23,71.06,31.89,22.17,28.68,3.39
2014,Tanza,14.36,120.85,3,21.73,0.42,0.59,0.41,68.48,33.85,22.7,30.04,3.99
2014,Tanza,14.36,120.85,4,23.91,0.58,0.59,0.71,64.22,35.41,25.1,32.49,2.65
2014,Tanza,14.36,120.85,5,24.27,1.51,0.61,2.55,67.52,35.99,26.38,32.48,2.35
2014,Tanza,14.36,120.85,6,17.6,3.33,0.83,12.91,82.18,33.96,26.26,29.52,3.39
2014,Tanza,14.36,120.85,7,14.99,3.53,0.98,20.18,86.98,31.01,25.27,27.89,4.12
2014,Tanza,14.36,120.85,8,17.92,3.98,0.98,14.43,84.32,30.88,25.08,27.95,3.25
2014,Tanza,14.36,120.85,9,16.71,3.8,0.99,20.05,84.66,30.99,25.29,28.1,3.43
2014,Tanza,14.36,120.85,10,17.75,3.65,0.98,7.29,83.17,30.21,24.15,28.02,2.7
2014,Tanza,14.36,120.85,11,17.13,3.64,0.87,1.72,83.69,30.67,22.7,27.72,3.66
2014,Tanza,14.36,120.85,12,13.29,3.22,0.83,4.68,84.52,29.77,22.28,26.62,5.13
2014,Ternate,14.28,120.7,1,17.17,2.57,0.69,0.13,75.25,29.66,19.51,26.05,4.68
2014,Ternate,14.28,120.7,2,20.26,0.94,0.6,0.23,71.06,31.89,22.17,28.68,3.39
2014,Ternate,14.28,120.7,3,21.73,0.42,0.59,0.41,68.48,33.85,22.7,30.04,3.99
2014,Ternate,14.28,120.7,4,23.91,0.58,0.59,0.71,64.22,35.41,25.1,32.49,2.65
2014,Ternate,14.28,120.7,5,24.27,1.51,0.61,2.55,67.52,35.99,26.38,32.48,2.35
2014,Ternate,14.28,120.7,6,17.6,3.33,0.83,12.91,82.18,33.96,26.26,29.52,3.39
2014,Ternate,14.28,120.7,7,14.99,3.53,0.98,20.18,86.98,31.01,25.27,27.89,4.12
2014,Ternate,14.28,120.7,8,17.92,3.98,0.98,14.43,84.32,30.88,25.08,27.95,3.25
2014,Ternate,14.28,120.7,9,16.71,3.8,0.99,20.05,84.66,30.99,25.29,28.1,3.43
2014,Ternate,14.28,120.7,10,17.75,3.65,0.98,7.29,83.17,30.21,24.15,28.02,2.7
2014,Ternate,14.28,120.7,11,17.13,3.64,0.87,1.72,83.69,30.67,22.7,27.72,3.66
2014,Ternate,14.28,120.7,12,13.29,3.22,0.83,4.68,84.52,29.77,22.28,26.62,5.13
2014,Trece Martires City,14.28,120.86,1,17.17,2.57,0.69,0.13,75.25,29.66,19.51,26.05,4.68
2014,Trece Martires City,14.28,120.86,2,20.26,0.94,0.6,0.23,71.06,31.89,22.17,28.68,3.39
2014,Trece Martires City,14.28,120.86,3,21.73,0.42,0.59,0.41,68.48,33.85,22.7,30.04,3.99
2014,Trece Martires City,14.28,120.86,4,23.91,0.58,0.59,0.71,64.22,35.41,25.1,32.49,2.65
2014,Trece Martires City,14.28,120.86,5,24.27,1.51,0.61,2.55,67.52,35.99,26.38,32.48,2.35
2014,Trece Martires City,14.28,120.86,6,17.6,3.33,0.83,12.91,82.18,33.96,26.26,29.52,3.39
2014,Trece Martires City,14.28,120.86,7,14.99,3.53,0.98,20.18,86.98,31.01,25.27,27.89,4.12
2014,Trece Martires City,14.28,120.86,8,17.92,3.98,0.98,14.43,84.32,30.88,25.08,27.95,3.25
2014,Trece Martires City,14.28,120.86,9,16.71,3.8,0.99,20.05,84.66,30.99,25.29,28.1,3.43
2014,Trece Martires City,14.28,120.86,10,17.75,3.65,0.98,7.29,83.17,30.21,24.15,28.02,2.7
2014,Trece Martires City,14.28,120.86,11,17.13,3.64,0.87,1.72,83.69,30.67,22.7,27.72,3.66
2014,Trece Martires City,14.28,120.86,12,13.29,3.22,0.83,4.68,84.52,29.77,22.28,26.62,5.13
2015,Alfonso,14.14,120.85,1,16.24,4.82,0.75,1.56,83.21,28.48,22.09,25.3,4.39
2015,Alfonso,14.14,120.85,2,20.15,3.25,0.59,0.42,79.51,29.61,21.37,25.53,3.88
2015,Alfonso,14.14,120.85,3,22.29,1.74,0.48,0.55,73.81,32.5,22.18,27.18,3.68
2015,Alfonso,14.14,120.85,4,24.78,0.82,0.45,0.49,70.73,34.57,24.05,29.25,3.05
2015,Alfonso,14.14,120.85,5,23.71,0.85,0.44,0.84,67.59,35.08,26.58,30.95,2.2
2015,Alfonso,14.14,120.85,6,22.45,2.94,0.54,5.97,76.22,34.89,26.6,30.11,2.53
2015,Alfonso,14.14,120.85,7,16.5,4.14,0.76,10.69,83.96,30.85,25.78,28.15,3.65
2015,Alfonso,14.14,120.85,8,18.49,4.09,0.87,10.69,84.15,31.28,25.86,28.36,3.11
2015,Alfonso,14.14,120.85,9,20.68,4.24,0.95,8.43,83.27,30.99,25.44,28.47,2.57
2015,Alfonso,14.14,120.85,10,17.69,4.95,0.95,7.13,82.64,31.03,25.27,28.12,3.49
2015,Alfonso,14.14,120.85,11,18.61,5.18,0.79,1.79,84.56,30.16,24.76,27.59,4.04
2015,Alfonso,14.14,120.85,12,15.53,4.6,0.78,10.71,85.16,30.45,23.21,26.86,4.4
2015,Amadeo,14.17,120.92,1,16.24,4.82,0.75,1.56,83.21,28.48,22.09,25.3,4.39
2015,Amadeo,14.17,120.92,2,20.15,3.25,0.59,0.42,79.51,29.61,21.37,25.53,3.88
2015,Amadeo,14.17,120.92,3,22.29,1.74,0.48,0.55,73.81,32.5,22.18,27.18,3.68
2015,Amadeo,14.17,120.92,4,24.78,0.82,0.45,0.49,70.73,34.57,24.05,29.25,3.05
2015,Amadeo,14.17,120.92,5,23.71,0.85,0.44,0.84,67.59,35.08,26.58,30.95,2.2
2015,Amadeo,14.17,120.92,6,22.45,2.94,0.54,5.97,76.22,34.89,26.6,30.11,2.53
2015,Amadeo,14.17,120.92,7,16.5,4.14,0.76,10.69,83.96,30.85,25.78,28.15,3.65
2015,Amadeo,14.17,120.92,8,18.49,4.09,0.87,10.69,84.15,31.28,25.86,28.36,3.11
2015,Amadeo,14.17,120.92,9,20.68,4.24,0.95,8.43,83.27,30.99,25.44,28.47,2.57
2015,Amadeo,14.17,120.92,10,17.69,4.95,0.95,7.13,82.64,31.03,25.27,28.12,3.49
2015,Amadeo,14.17,120.92,11,18.61,5.18,0.79,1.79,84.56,30.16,24.76,27.59,4.04
2015,Amadeo,14.17,120.92,12,15.53,4.6,0.78,10.71,85.16,30.45,23.21,26.86,4.4
2015,Bacoor City,14.46,120.94,1,16.24,4.69,0.89,3.6,85.59,30.56,19.33,23.3,1.68
2015,Bacoor City,14.46,120.94,2,20.15,3.97,0.76,2.18,81.79,30.56,18.68,24.03,1.58
2015,Bacoor City,14.46,120.94,3,22.29,2.95,0.67,1.89,77.2,33.38,18.52,25.72,1.61
2015,Bacoor City,14.46,120.94,4,24.78,1.93,0.63,1.14,73.06,37.37,21.21,28.23,1.43
2015,Bacoor City,14.46,120.94,5,23.71,1.59,0.59,1.24,67.78,37.47,22.31,30.08,1.03
2015,Bacoor City,14.46,120.94,6,22.45,2.75,0.65,4.74,76.59,37.24,24.32,28.98,1.05
2015,Bacoor City,14.46,120.94,7,16.5,3.88,0.79,8.24,84.37,33.57,22.82,27.02,1.42
2015,Bacoor City,14.46,120.94,8,18.49,3.92,0.85,7.53,84.79,33.93,22.45,27.27,1.22
2015,Bacoor City,14.46,120.94,9,20.68,4.36,0.92,7.98,85.61,32.67,23.58,27.3,1.0
2015,Bacoor City,14.46,120.94,10,17.69,4.68,0.95,8.96,86.07,32.68,22.41,26.66,1.43
2015,Bacoor City,14.46,120.94,11,18.61,4.9,0.87,5.21,87.48,30.15,22.22,26.0,1.53
2015,Bacoor City,14.46,120.94,12,15.53,4.51,0.9,20.99,88.36,30.98,20.64,25.26,1.68
2015,Carmona,14.31,121.05,1,12.75,4.69,0.89,3.6,85.59,30.56,19.33,23.3,1.68
2015,Carmona,14.31,121.05,2,17.16,3.97,0.76,2.18,81.79,30.56,18.68,24.03,1.58
2015,Carmona,14.31,121.05,3,20.2,2.95,0.67,1.89,77.2,33.38,18.52,25.72,1.61
2015,Carmona,14.31,121.05,4,22.05,1.93,0.63,1.14,73.06,37.37,21.21,28.23,1.43
2015,Carmona,14.31,121.05,5,22.63,1.59,0.59,1.24,67.78,37.47,22.31,30.08,1.03
2015,Carmona,14.31,121.05,6,21.12,2.75,0.65,4.74,76.59,37.24,24.32,28.98,1.05
2015,Carmona,14.31,121.05,7,16.87,3.88,0.79,8.24,84.37,33.57,22.82,27.02,1.42
2015,Carmona,14.31,121.05,8,17.96,3.92,0.85,7.53,84.79,33.93,22.45,27.27,1.22
2015,Carmona,14.31,121.05,9,18.84,4.36,0.92,7.98,85.61,32.67,23.58,27.3,1.0
2015,Carmona,14.31,121.05,10,15.98,4.68,0.95,8.96,86.07,32.68,22.41,26.66,1.43
2015,Carmona,14.31,121.05,11,15.71,4.9,0.87,5.21,87.48,30.15,22.22,26.0,1.53
2015,Carmona,14.31,121.05,12,13.2,4.51,0.9,20.99,88.36,30.98,20.64,25.26,1.68
2015,Cavite City,14.48,120.9,1,16.24,3.11,0.76,0.91,79.98,29.78,21.22,26.03,4.47
2015,Cavite City,14.48,120.9,2,20.15,2.03,0.63,0.3,74.24,31.71,20.91,27.21,3.99
2015,Cavite City,14.48,120.9,3,22.29,0.56,0.59,0.4,68.27,33.91,22.38,29.61,4.03
2015,Cavite City,14.48,120.9,4,24.78,0.57,0.59,0.58,67.03,34.62,24.45,31.67,3.55
2015,Cavite City,14.48,120.9,5,23.71,1.08,0.6,1.24,66.95,35.18,26.66,32.65,2.66
2015,Cavite City,14.48,120.9,6,22.45,2.83,0.68,6.17,75.24,34.78,26.62,31.0,2.75
2015,Cavite City,14.48,120.9,7,16.5,3.86,0.92,14.1,83.58,30.82,24.97,28.31,4.17
2015,Cavite City,14.48,120.9,8,18.49,3.68,0.97,12.91,83.6,30.83,25.3,28.51,3.42
2015,Cavite City,14.48,120.9,9,20.68,3.84,0.99,9.04,83.1,31.18,25.64,28.78,2.56
2015,Cavite City,14.48,120.9,10,17.69,4.35,0.97,8.32,82.12,31.33,24.82,28.33,3.72
2015,Cavite City,14.48,120.9,11,18.61,3.93,0.83,1.24,82.15,31.01,23.88,28.12,4.04
2015,Cavite City,14.48,120.9,12,15.53,3.26,0.8,9.62,82.99,31.73,22.38,27.4,4.46
2015,Dasmarinas City,14.33,120.93,1,16.24,3.11,0.76,0.91,79.98,29.78,21.22,26.03,4.47
2015,Dasmarinas City,14.33,120.93,2,20.15,2.03,0.63,0.3,74.24,31.71,20.91,27.21,3.99
2015,Dasmarinas City,14.33,120.93,3,22.29,0.56,0.59,0.4,68.27,33.91,22.38,29.61,4.03
2015,Dasmarinas City,14.33,120.93,4,24.78,0.57,0.59,0.58,67.03,34.62,24.45,31.67,3.55
2015,Dasmarinas City,14.33,120.93,5,23.71,1.08,0.6,1.24,66.95,35.18,26.66,32.65,2.66
2015,Dasmarinas City,14.33,120.93,6,22.45,2.83,0.68,6.17,75.24,34.78,26.62,31.0,2.75
2015,Dasmarinas City,14.33,120.93,7,16.5,3.86,0.92,14.1,83.58,30.82,24.97,28.31,4.17
2015,Dasmarinas City,14.33,120.93,8,18.49,3.68,0.97,12.91,83.6,30.83,25.3,28.51,3.42
2015,Dasmarinas City,14.33,120.93,9,20.68,3.84,0.99,9.04,83.1,31.18,25.64,28.78,2.56
2015,Dasmarinas City,14.33,120.93,10,17.69,4.35,0.97,8.32,82.12,31.33,24.82,28.33,3.72
2015,Dasmarinas City,14.33,120.93,11,18.61,3.93,0.83,1.24,82.15,31.01,23.88,28.12,4.04
2015,Dasmarinas City,14.33,120.93,12,15.53,3.26,0.8,9.62,82.99,31.73,22.38,27.4,4.46
2015,General Emilio Aguinaldo,14.18,120.79,1,16.24,4.82,0.75,1.56,83.21,28.48,22.09,25.3,4.39
2015,General Emilio Aguinaldo,14.18,120.79,2,20.15,3.25,0.59,0.42,79.51,29.61,21.37,25.53,3.88
2015,General Emilio Aguinaldo,14.18,120.79,3,22.29,1.74,0.48,0.55,73.81,32.5,22.18,27.18,3.68
2015,General Emilio Aguinaldo,14.18,120.79,4,24.78,0.82,0.45,0.49,70.73,34.57,24.05,29.25,3.05
2015,General Emilio Aguinaldo,14.18,120.79,5,23.71,0.85,0.44,0.84,67.59,35.08,26.58,30.95,2.2
2015,General Emilio Aguinaldo,14.18,120.79,6,22.45,2.94,0.54,5.97,76.22,34.89,26.6,30.11,2.53
2015,General Emilio Aguinaldo,14.18,120.79,7,16.5,4.14,0.76,10.69,83.96,30.85,25.78,28.15,3.65
2015,General Emilio Aguinaldo,14.18,120.79,8,18.49,4.09,0.87,10.69,84.15,31.28,25.86,28.36,3.11
2015,General Emilio Aguinaldo,14.18,120.79,9,20.68,4.24,0.95,8.43,83.27,30.99,25.44,28.47,2.57
2015,General Emilio Aguinaldo,14.18,120.79,10,17.69,4.95,0.95,7.13,82.64,31.03,25.27,28.12,3.49
2015,General Emilio Aguinaldo,14.18,120.79,11,18.61,5.18,0.79,1.79,84.56,30.16,24.76,27.59,4.04
2015,General Emilio Aguinaldo,14.18,120.79,12,15.53,4.6,0.78,10.71,85.16,30.45,23.21,26.86,4.4
2015,General Mariano Alvarez,14.3,121.0,1,12.75,4.69,0.89,3.6,85.59,30.56,19.33,23.3,1.68
2015,General Mariano Alvarez,14.3,121.0,2,17.16,3.97,0.76,2.18,81.79,30.56,18.68,24.03,1.58
2015,General Mariano Alvarez,14.3,121.0,3,20.2,2.95,0.67,1.89,77.2,33.38,18.52,25.72,1.61
2015,General Mariano Alvarez,14.3,121.0,4,22.05,1.93,0.63,1.14,73.06,37.37,21.21,28.23,1.43
2015,General Mariano Alvarez,14.3,121.0,5,22.63,1.59,0.59,1.24,67.78,37.47,22.31,30.08,1.03
2015,General Mariano Alvarez,14.3,121.0,6,21.12,2.75,0.65,4.74,76.59,37.24,24.32,28.98,1.05
2015,General Mariano Alvarez,14.3,121.0,7,16.87,3.88,0.79,8.24,84.37,33.57,22.82,27.02,1.42
2015,General Mariano Alvarez,14.3,121.0,8,17.96,3.92,0.85,7.53,84.79,33.93,22.45,27.27,1.22
2015,General Mariano Alvarez,14.3,121.0,9,18.84,4.36,0.92,7.98,85.61,32.67,23.58,27.3,1.0
2015,General Mariano Alvarez,14.3,121.0,10,15.98,4.68,0.95,8.96,86.07,32.68,22.41,26.66,1.43
2015,General Mariano Alvarez,14.3,121.0,11,15.71,4.9,0.87,5.21,87.48,30.15,22.22,26.0,1.53
2015,General Mariano Alvarez,14.3,121.0,12,13.2,4.51,0.9,20.99,88.36,30.98,20.64,25.26,1.68
2015,General Trias,14.38,120.88,1,16.24,3.11,0.76,0.91,79.98,29.78,21.22,26.03,4.47
2015,General Trias,14.38,120.88,2,20.15,2.03,0.63,0.3,74.24,31.71,20.91,27.21,3.99
2015,General Trias,14.38,120.88,3,22.29,0.56,0.59,0.4,68.27,33.91,22.38,29.61,4.03
2015,General Trias,14.38,120.88,4,24.78,0.57,0.59,0.58,67.03,34.62,24.45,31.67,3.55
2015,General Trias,14.38,120.88,5,23.71,1.08,0.6,1.24,66.95,35.18,26.66,32.65,2.66
2015,General Trias,14.38,120.88,6,22.45,2.83,0.68,6.17,75.24,34.78,26.62,31.0,2.75
2015,General Trias,14.38,120.88,7,16.5,3.86,0.92,14.1,83.58,30.82,24.97,28.31,4.17
2015,General Trias,14.38,120.88,8,18.49,3.68,0.97,12.91,83.6,30.83,25.3,28.51,3.42
2015,General Trias,14.38,120.88,9,20.68,3.84,0.99,9.04,83.1,31.18,25.64,28.78,2.56
2015,General Trias,14.38,120.88,10,17.69,4.35,0.97,8.32,82.12,31.33,24.82,28.33,3.72
2015,General Trias,14.38,120.88,11,18.61,3.93,0.83,1.24,82.15,31.01,23.88,28.12,4.04
2015,General Trias,14.38,120.88,12,15.53,3.26,0.8,9.62,82.99,31.73,22.38,27.4,4.46
2015,Imus City,14.43,120.93,1,16.24,3.11,0.76,0.91,79.98,29.78,21.22,26.03,4.47
2015,Imus City,14.43,120.93,2,20.15,2.03,0.63,0.3,74.24,31.71,20.91,27.21,3.99
2015,Imus City,14.43,120.93,3,22.29,0.56,0.59,0.4,68.27,33.91,22.38,29.61,4.03
2015,Imus City,14.43,120.93,4,24.78,0.57,0.59,0.58,67.03,34.62,24.45,31.67,3.55
2015,Imus City,14.43,120.93,5,23.71,1.08,0.6,1.24,66.95,35.18,26.66,32.65,2.66
2015,Imus City,14.43,120.93,6,22.45,2.83,0.68,6.17,75.24,34.78,26.62,31.0,2.75
2015,Imus City,14.43,120.93,7,16.5,3.86,0.92,14.1,83.58,30.82,24.97,28.31,4.17
2015,Imus City,14.43,120.93,8,18.49,3.68,0.97,12.91,83.6,30.83,25.3,28.51,3.42
2015,Imus City,14.43,120.93,9,20.68,3.84,0.99,9.04,83.1,31.18,25.64,28.78,2.56
2015,Imus City,14.43,120.93,10,17.69,4.35,0.97,8.32,82.12,31.33,24.82,28.33,3.72
2015,Imus City,14.43,120.93,11,18.61,3.93,0.83,1.24,82.15,31.01,23.88,28.12,4.04
2015,Imus City,14.43,120.93,12,15.53,3.26,0.8,9.62,82.99,31.73,22.38,27.4,4.46
2015,Indang,14.19,120.87,1,16.24,4.82,0.75,1.56,83.21,28.48,22.09,25.3,4.39
2015,Indang,14.19,120.87,2,20.15,3.25,0.59,0.42,79.51,29.61,21.37,25.53,3.88
2015,Indang,14.19,120.87,3,22.29,1.74,0.48,0.55,73.81,32.5,22.18,27.18,3.68
2015,Indang,14.19,120.87,4,24.78,0.82,0.45,0.49,70.73,34.57,24.05,29.25,3.05
2015,Indang,14.19,120.87,5,23.71,0.85,0.44,0.84,67.59,35.08,26.58,30.95,2.2
2015,Indang,14.19,120.87,6,22.45,2.94,0.54,5.97,76.22,34.89,26.6,30.11,2.53
2015,Indang,14.19,120.87,7,16.5,4.14,0.76,10.69,83.96,30.85,25.78,28.15,3.65
2015,Indang,14.19,120.87,8,18.49,4.09,0.87,10.69,84.15,31.28,25.86,28.36,3.11
2015,Indang,14.19,120.87,9,20.68,4.24,0.95,8.43,83.27,30.99,25.44,28.47,2.57
2015,Indang,14.19,120.87,10,17.69,4.95,0.95,7.13,82.64,31.03,25.27,28.12,3.49
2015,Indang,14.19,120.87,11,18.61,5.18,0.79,1.79,84.56,30.16,24.76,27.59,4.04
2015,Indang,14.19,120.87,12,15.53,4.6,0.78,10.71,85.16,30.45,23.21,26.86,4.4
2015,Kawit,14.44,120.9,1,16.24,3.11,0.76,0.91,79.98,29.78,21.22,26.03,4.47
2015,Kawit,14.44,120.9,2,20.15,2.03,0.63,0.3,74.24,31.71,20.91,27.21,3.99
2015,Kawit,14.44,120.9,3,22.29,0.56,0.59,0.4,68.27,33.91,22.38,29.61,4.03
2015,Kawit,14.44,120.9,4,24.78,0.57,0.59,0.58,67.03,34.62,24.45,31.67,3.55
2015,Kawit,14.44,120.9,5,23.71,1.08,0.6,1.24,66.95,35.18,26.66,32.65,2.66
2015,Kawit,14.44,120.9,6,22.45,2.83,0.68,6.17,75.24,34.78,26.62,31.0,2.75
2015,Kawit,14.44,120.9,7,16.5,3.86,0.92,14.1,83.58,30.82,24.97,28.31,4.17
2015,Kawit,14.44,120.9,8,18.49,3.68,0.97,12.91,83.6,30.83,25.3,28.51,3.42
2015,Kawit,14.44,120.9,9,20.68,3.84,0.99,9.04,83.1,31.18,25.64,28.78,2.56
2015,Kawit,14.44,120.9,10,17.69,4.35,0.97,8.32,82.12,31.33,24.82,28.33,3.72
2015,Kawit,14.44,120.9,11,18.61,3.93,0.83,1.24,82.15,31.01,23.88,28.12,4.04
2015,Kawit,14.44,120.9,12,15.53,3.26,0.8,9.62,82.99,31.73,22.38,27.4,4.46
2015,Magallanes,14.19,120.73,1,16.24,4.82,0.75,1.56,83.21,28.48,22.09,25.3,4.39
2015,Magallanes,14.19,120.73,2,20.15,3.25,0.59,0.42,79.51,29.61,21.37,25.53,3.88
2015,Magallanes,14.19,120.73,3,22.29,1.74,0.48,0.55,73.81,32.5,22.18,27.18,3.68
2015,Magallanes,14.19,120.73,4,24.78,0.82,0.45,0.49,70.73,34.57,24.05,29.25,3.05
2015,Magallanes,14.19,120.73,5,23.71,0.85,0.44,0.84,67.59,35.08,26.58,30.95,2.2
2015,Magallanes,14.19,120.73,6,22.45,2.94,0.54,5.97,76.22,34.89,26.6,30.11,2.53
2015,Magallanes,14.19,120.73,7,16.5,4.14,0.76,10.69,83.96,30.85,25.78,28.15,3.65
2015,Magallanes,14.19,120.73,8,18.49,4.09,0.87,10.69,84.15,31.28,25.86,28.36,3.11
2015,Magallanes,14.19,120.73,9,20.68,4.24,0.95,8.43,83.27,30.99,25.44,28.47,2.57
2015,Magallanes,14.19,120.73,10,17.69,4.95,0.95,7.13,82.64,31.03,25.27,28.12,3.49
2015,Magallanes,14.19,120.73,11,18.61,5.18,0.79,1.79,84.56,30.16,24.76,27.59,4.04
2015,Magallanes,14.19,120.73,12,15.53,4.6,0.78,10.71,85.16,30.45,23.21,26.86,4.4
2015,Maragondon,14.27,120.73,1,16.24,3.11,0.76,0.91,79.98,29.78,21.22,26.03,4.47
2015,Maragondon,14.27,120.73,2,20.15,2.03,0.63,0.3,74.24,31.71,20.91,27.21,3.99
2015,Maragondon,14.27,120.73,3,22.29,0.56,0.59,0.4,68.27,33.91,22.38,29.61,4.03
2015,Maragondon,14.27,120.73,4,24.78,0.57,0.59,0.58,67.03,34.62,24.45,31.67,3.55
2015,Maragondon,14.27,120.73,5,23.71,1.08,0.6,1.24,66.95,35.18,26.66,32.65,2.66
2015,Maragondon,14.27,120.73,6,22.45,2.83,0.68,6.17,75.24,34.78,26.62,31.0,2.75
2015,Maragondon,14.27,120.73,7,16.5,3.86,0.92,14.1,83.58,30.82,24.97,28.31,4.17
2015,Maragondon,14.27,120.73,8,18.49,3.68,0.97,12.91,83.6,30.83,25.3,28.51,3.42
2015,Maragondon,14.27,120.73,9,20.68,3.84,0.99,9.04,83.1,31.18,25.64,28.78,2.56
2015,Maragondon,14.27,120.73,10,17.69,4.35,0.97,8.32,82.12,31.33,24.82,28.33,3.72
2015,Maragondon,14.27,120.73,11,18.61,3.93,0.83,1.24,82.15,31.01,23.88,28.12,4.04
2015,Maragondon,14.27,120.73,12,15.53,3.26,0.8,9.62,82.99,31.73,22.38,27.4,4.46
2015,Mendez,14.13,120.9,1,16.24,4.82,0.75,1.56,83.21,28.48,22.09,25.3,4.39
2015,Mendez,14.13,120.9,2,20.15,3.25,0.59,0.42,79.51,29.61,21.37,25.53,3.88
2015,Mendez,14.13,120.9,3,22.29,1.74,0.48,0.55,73.81,32.5,22.18,27.18,3.68
2015,Mendez,14.13,120.9,4,24.78,0.82,0.45,0.49,70.73,34.57,24.05,29.25,3.05
2015,Mendez,14.13,120.9,5,23.71,0.85,0.44,0.84,67.59,35.08,26.58,30.95,2.2
2015,Mendez,14.13,120.9,6,22.45,2.94,0.54,5.97,76.22,34.89,26.6,30.11,2.53
2015,Mendez,14.13,120.9,7,16.5,4.14,0.76,10.69,83.96,30.85,25.78,28.15,3.65
2015,Mendez,14.13,120.9,8,18.49,4.09,0.87,10.69,84.15,31.28,25.86,28.36,3.11
2015,Mendez,14.13,120.9,9,20.68,4.24,0.95,8.43,83.27,30.99,25.44,28.47,2.57
2015,Mendez,14.13,120.9,10,17.69,4.95,0.95,7.13,82.64,31.03,25.27,28.12,3.49
2015,Mendez,14.13,120.9,11,18.61,5.18,0.79,1.79,84.56,30.16,24.76,27.59,4.04
2015,Mendez,14.13,120.9,12,15.53,4.6,0.78,10.71,85.16,30.45,23.21,26.86,4.4
2015,Naic,14.32,120.77,1,16.24,3.11,0.76,0.91,79.98,29.78,21.22,26.03,4.47
2015,Naic,14.32,120.77,2,20.15,2.03,0.63,0.3,74.24,31.71,20.91,27.21,3.99
2015,Naic,14.32,120.77,3,22.29,0.56,0.59,0.4,68.27,33.91,22.38,29.61,4.03
2015,Naic,14.32,120.77,4,24.78,0.57,0.59,0.58,67.03,34.62,24.45,31.67,3.55
2015,Naic,14.32,120.77,5,23.71,1.08,0.6,1.24,66.95,35.18,26.66,32.65,2.66
2015,Naic,14.32,120.77,6,22.45,2.83,0.68,6.17,75.24,34.78,26.62,31.0,2.75
2015,Naic,14.32,120.77,7,16.5,3.86,0.92,14.1,83.58,30.82,24.97,28.31,4.17
2015,Naic,14.32,120.77,8,18.49,3.68,0.97,12.91,83.6,30.83,25.3,28.51,3.42
2015,Naic,14.32,120.77,9,20.68,3.84,0.99,9.04,83.1,31.18,25.64,28.78,2.56
2015,Naic,14.32,120.77,10,17.69,4.35,0.97,8.32,82.12,31.33,24.82,28.33,3.72
2015,Naic,14.32,120.77,11,18.61,3.93,0.83,1.24,82.15,31.01,23.88,28.12,4.04
2015,Naic,14.32,120.77,12,15.53,3.26,0.8,9.62,82.99,31.73,22.38,27.4,4.46
2015,Noveleta,14.43,120.88,1,16.24,3.11,0.76,0.91,79.98,29.78,21.22,26.03,4.47
2015,Noveleta,14.43,120.88,2,20.15,2.03,0.63,0.3,74.24,31.71,20.91,27.21,3.99
2015,Noveleta,14.43,120.88,3,22.29,0.56,0.59,0.4,68.27,33.91,22.38,29.61,4.03
2015,Noveleta,14.43,120.88,4,24.78,0.57,0.59,0.58,67.03,34.62,24.45,31.67,3.55
2015,Noveleta,14.43,120.88,5,23.71,1.08,0.6,1.24,66.95,35.18,26.66,32.65,2.66
2015,Noveleta,14.43,120.88,6,22.45,2.83,0.68,6.17,75.24,34.78,26.62,31.0,2.75
2015,Noveleta,14.43,120.88,7,16.5,3.86,0.92,14.1,83.58,30.82,24.97,28.31,4.17
2015,Noveleta,14.43,120.88,8,18.49,3.68,0.97,12.91,83.6,30.83,25.3,28.51,3.42
2015,Noveleta,14.43,120.88,9,20.68,3.84,0.99,9.04,83.1,31.18,25.64,28.78,2.56
2015,Noveleta,14.43,120.88,10,17.69,4.35,0.97,8.32,82.12,31.33,24.82,28.33,3.72
2015,Noveleta,14.43,120.88,11,18.61,3.93,0.83,1.24,82.15,31.01,23.88,28.12,4.04
2015,Noveleta,14.43,120.88,12,15.53,3.26,0.8,9.62,82.99,31.73,22.38,27.4,4.46
2015,Rosario,14.41,120.85,1,16.24,3.11,0.76,0.91,79.98,29.78,21.22,26.03,4.47
2015,Rosario,14.41,120.85,2,20.15,2.03,0.63,0.3,74.24,31.71,20.91,27.21,3.99
2015,Rosario,14.41,120.85,3,22.29,0.56,0.59,0.4,68.27,33.91,22.38,29.61,4.03
2015,Rosario,14.41,120.85,4,24.78,0.57,0.59,0.58,67.03,34.62,24.45,31.67,3.55
2015,Rosario,14.41,120.85,5,23.71,1.08,0.6,1.24,66.95,35.18,26.66,32.65,2.66
2015,Rosario,14.41,120.85,6,22.45,2.83,0.68,6.17,75.24,34.78,26.62,31.0,2.75
2015,Rosario,14.41,120.85,7,16.5,3.86,0.92,14.1,83.58,30.82,24.97,28.31,4.17
2015,Rosario,14.41,120.85,8,18.49,3.68,0.97,12.91,83.6,30.83,25.3,28.51,3.42
2015,Rosario,14.41,120.85,9,20.68,3.84,0.99,9.04,83.1,31.18,25.64,28.78,2.56
2015,Rosario,14.41,120.85,10,17.69,4.35,0.97,8.32,82.12,31.33,24.82,28.33,3.72
2015,Rosario,14.41,120.85,11,18.61,3.93,0.83,1.24,82.15,31.01,23.88,28.12,4.04
2015,Rosario,14.41,120.85,12,15.53,3.26,0.8,9.62,82.99,31.73,22.38,27.4,4.46
2015,Silang,14.23,120.97,1,16.24,4.69,0.93,4.03,87.32,30.72,19.33,23.42,1.64
2015,Silang,14.23,120.97,2,20.15,4.78,0.79,2.08,84.97,29.84,18.29,23.65,1.52
2015,Silang,14.23,120.97,3,22.29,3.6,0.65,1.6,79.1,32.74,18.53,25.49,1.55
2015,Silang,14.23,120.97,4,24.78,2.03,0.59,1.07,73.52,36.95,21.46,28.23,1.38
2015,Silang,14.23,120.97,5,23.71,1.45,0.55,0.81,67.28,36.97,22.82,30.31,1.03
2015,Silang,14.23,120.97,6,22.45,2.73,0.62,5.11,76.72,37.14,24.78,29.11,1.05
2015,Silang,14.23,120.97,7,16.5,3.77,0.74,6.58,83.96,33.49,23.44,27.18,1.38
2015,Silang,14.23,120.97,8,18.49,3.8,0.79,7.18,84.52,33.56,23.25,27.41,1.2
2015,Silang,14.23,120.97,9,20.68,3.95,0.89,7.07,85.65,33.28,23.62,27.32,1.02
2015,Silang,14.23,120.97,10,17.69,4.48,0.93,7.79,86.23,32.65,22.88,26.84,1.41
2015,Silang,14.23,120.97,11,18.61,4.71,0.89,6.24,89.21,30.3,22.26,26.06,1.51
2015,Silang,14.23,120.97,12,15.53,4.52,0.92,15.71,89.73,30.79,20.33,25.33,1.71
2015,Tagaytay City,14.11,120.96,1,16.24,4.69,0.93,4.03,87.32,30.72,19.33,23.42,1.64
2015,Tagaytay City,14.11,120.96,2,20.15,4.78,0.79,2.08,84.97,29.84,18.29,23.65,1.52
2015,Tagaytay City,14.11,120.96,3,22.29,3.6,0.65,1.6,79.1,32.74,18.53,25.49,1.55
2015,Tagaytay City,14.11,120.96,4,24.78,2.03,0.59,1.07,73.52,36.95,21.46,28.23,1.38
2015,Tagaytay City,14.11,120.96,5,23.71,1.45,0.55,0.81,67.28,36.97,22.82,30.31,1.03
2015,Tagaytay City,14.11,120.96,6,22.45,2.73,0.62,5.11,76.72,37.14,24.78,29.11,1.05
2015,Tagaytay City,14.11,120.96,7,16.5,3.77,0.74,6.58,83.96,33.49,23.44,27.18,1.38
2015,Tagaytay City,14.11,120.96,8,18.49,3.8,0.79,7.18,84.52,33.56,23.25,27.41,1.2
2015,Tagaytay City,14.11,120.96,9,20.68,3.95,0.89,7.07,85.65,33.28,23.62,27.32,1.02
2015,Tagaytay City,14.11,120.96,10,17.69,4.48,0.93,7.79,86.23,32.65,22.88,26.84,1.41
2015,Tagaytay City,14.11,120.96,11,18.61,4.71,0.89,6.24,89.21,30.3,22.26,26.06,1.51
2015,Tagaytay City,14.11,120.96,12,15.53,4.52,0.92,15.71,89.73,30.79,20.33,25.33,1.71
2015,Tanza,14.36,120.85,1,16.24,3.11,0.76,0.91,79.98,29.78,21.22,26.03,4.47
2015,Tanza,14.36,120.85,2,20.15,2.03,0.63,0.3,74.24,31.71,20.91,27.21,3.99
2015,Tanza,14.36,120.85,3,22.29,0.56,0.59,0.4,68.27,33.91,22.38,29.61,4.03
2015,Tanza,14.36,120.85,4,24.78,0.57,0.59,0.58,67.03,34.62,24.45,31.67,3.55
2015,Tanza,14.36,120.85,5,23.71,1.08,0.6,1.24,66.95,35.18,26.66,32.65,2.66
2015,Tanza,14.36,120.85,6,22.45,2.83,0.68,6.17,75.24,34.78,26.62,31.0,2.75
2015,Tanza,14.36,120.85,7,16.5,3.86,0.92,14.1,83.58,30.82,24.97,28.31,4.17
2015,Tanza,14.36,120.85,8,18.49,3.68,0.97,12.91,83.6,30.83,25.3,28.51,3.42
2015,Tanza,14.36,120.85,9,20.68,3.84,0.99,9.04,83.1,31.18,25.64,28.78,2.56
2015,Tanza,14.36,120.85,10,17.69,4.35,0.97,8.32,82.12,31.33,24.82,28.33,3.72
2015,Tanza,14.36,120.85,11,18.61,3.93,0.83,1.24,82.15,31.01,23.88,28.12,4.04
2015,Tanza,14.36,120.85,12,15.53,3.26,0.8,9.62,82.99,31.73,22.38,27.4,4.46
2015,Ternate,14.28,120.7,1,16.24,3.11,0.76,0.91,79.98,29.78,21.22,26.03,4.47
2015,Ternate,14.28,120.7,2,20.15,2.03,0.63,0.3,74.24,31.71,20.91,27.21,3.99
2015,Ternate,14.28,120.7,3,22.29,0.56,0.59,0.4,68.27,33.91,22.38,29.61,4.03
2015,Ternate,14.28,120.7,4,24.78,0.57,0.59,0.58,67.03,34.62,24.45,31.67,3.55
2015,Ternate,14.28,120.7,5,23.71,1.08,0.6,1.24,66.95,35.18,26.66,32.65,2.66
2015,Ternate,14.28,120.7,6,22.45,2.83,0.68,6.17,75.24,34.78,26.62,31.0,2.75
2015,Ternate,14.28,120.7,7,16.5,3.86,0.92,14.1,83.58,30.82,24.97,28.31,4.17
2015,Ternate,14.28,120.7,8,18.49,3.68,0.97,12.91,83.6,30.83,25.3,28.51,3.42
2015,Ternate,14.28,120.7,9,20.68,3.84,0.99,9.04,83.1,31.18,25.64,28.78,2.56
2015,Ternate,14.28,120.7,10,17.69,4.35,0.97,8.32,82.12,31.33,24.82,28.33,3.72
2015,Ternate,14.28,120.7,11,18.61,3.93,0.83,1.24,82.15,31.01,23.88,28.12,4.04
2015,Ternate,14.28,120.7,12,15.53,3.26,0.8,9.62,82.99,31.73,22.38,27.4,4.46
2015,Trece Martires City,14.28,120.86,1,16.24,3.11,0.76,0.91,79.98,29.78,21.22,26.03,4.47
2015,Trece Martires City,14.28,120.86,2,20.15,2.03,0.63,0.3,74.24,31.71,20.91,27.21,3.99
2015,Trece Martires City,14.28,120.86,3,22.29,0.56,0.59,0.4,68.27,33.91,22.38,29.61,4.03
2015,Trece Martires City,14.28,120.86,4,24.78,0.57,0.59,0.58,67.03,34.62,24.45,31.67,3.55
2015,Trece Martires City,14.28,120.86,5,23.71,1.08,0.6,1.24,66.95,35.18,26.66,32.65,2.66
2015,Trece Martires City,14.28,120.86,6,22.45,2.83,0.68,6.17,75.24,34.78,26.62,31.0,2.75
2015,Trece Martires City,14.28,120.86,7,16.5,3.86,0.92,14.1,83.58,30.82,24.97,28.31,4.17
2015,Trece Martires City,14.28,120.86,8,18.49,3.68,0.97,12.91,83.6,30.83,25.3,28.51,3.42
2015,Trece Martires City,14.28,120.86,9,20.68,3.84,0.99,9.04,83.1,31.18,25.64,28.78,2.56
2015,Trece Martires City,14.28,120.86,10,17.69,4.35,0.97,8.32,82.12,31.33,24.82,28.33,3.72
2015,Trece Martires City,14.28,120.86,11,18.61,3.93,0.83,1.24,82.15,31.01,23.88,28.12,4.04
2015,Trece Martires City,14.28,120.86,12,15.53,3.26,0.8,9.62,82.99,31.73,22.38,27.4,4.46
2016,Alfonso,14.14,120.85,1,18.22,4.94,0.75,0.77,84.11,29.49,22.59,26.35,3.81
2016,Alfonso,14.14,120.85,2,18.92,3.69,0.59,1.95,81.92,29.9,22.59,26.04,4.06
2016,Alfonso,14.14,120.85,3,23.14,2.13,0.5,0.57,76.2,32.88,23.78,27.92,2.92
2016,Alfonso,14.14,120.85,4,25.13,1.06,0.45,0.81,69.75,35.32,24.97,30.22,2.79
2016,Alfonso,14.14,120.85,5,22.41,1.77,0.48,3.35,72.54,35.22,27.01,30.64,2.4
2016,Alfonso,14.14,120.85,6,19.94,3.28,0.61,7.02,79.12,32.21,26.76,29.63,2.31
2016,Alfonso,14.14,120.85,7,18.91,4.27,0.82,9.88,81.45,31.71,25.74,28.8,2.57
2016,Alfonso,14.14,120.85,8,14.1,4.18,0.95,15.26,88.04,30.62,26.0,28.06,4.13
2016,Alfonso,14.14,120.85,9,16.8,3.66,0.96,8.01,86.35,30.33,25.14,27.99,2.92
2016,Alfonso,14.14,120.85,10,16.12,3.97,0.98,10.76,86.06,30.38,25.48,27.83,3.04
2016,Alfonso,14.14,120.85,11,15.82,4.63,0.94,6.58,85.46,29.79,24.35,27.47,3.97
2016,Alfonso,14.14,120.85,12,14.52,4.23,0.92,6.88,87.04,29.66,24.15,27.2,4.32
2016,Amadeo,14.17,120.92,1,18.22,4.94,0.75,0.77,84.11,29.49,22.59,26.35,3.81
2016,Amadeo,14.17,120.92,2,18.92,3.69,0.59,1.95,81.92,29.9,22.59,26.04,4.06
2016,Amadeo,14.17,120.92,3,23.14,2.13,0.5,0.57,76.2,32.88,23.78,27.92,2.92
2016,Amadeo,14.17,120.92,4,25.13,1.06,0.45,0.81,69.75,35.32,24.97,30.22,2.79
2016,Amadeo,14.17,120.92,5,22.41,1.77,0.48,3.35,72.54,35.22,27.01,30.64,2.4
2016,Amadeo,14.17,120.92,6,19.94,3.28,0.61,7.02,79.12,32.21,26.76,29.63,2.31
2016,Amadeo,14.17,120.92,7,18.91,4.27,0.82,9.88,81.45,31.71,25.74,28.8,2.57
2016,Amadeo,14.17,120.92,8,14.1,4.18,0.95,15.26,88.04,30.62,26.0,28.06,4.13
2016,Amadeo,14.17,120.92,9,16.8,3.66,0.96,8.01,86.35,30.33,25.14,27.99,2.92
2016,Amadeo,14.17,120.92,10,16.12,3.97,0.98,10.76,86.06,30.38,25.48,27.83,3.04
2016,Amadeo,14.17,120.92,11,15.82,4.63,0.94,6.58,85.46,29.79,24.35,27.47,3.97
2016,Amadeo,14.17,120.92,12,14.52,4.23,0.92,6.88,87.04,29.66,24.15,27.2,4.32
2016,Bacoor City,14.46,120.94,1,18.22,4.62,0.88,2.91,86.16,31.07,19.78,24.98,1.54
2016,Bacoor City,14.46,120.94,2,18.92,4.39,0.8,5.05,84.47,31.39,19.94,24.72,1.68
2016,Bacoor City,14.46,120.94,3,23.14,3.96,0.75,3.34,79.77,34.07,21.52,26.91,1.36
2016,Bacoor City,14.46,120.94,4,25.13,2.62,0.66,1.22,72.99,36.47,22.06,29.19,1.38
2016,Bacoor City,14.46,120.94,5,22.41,2.81,0.65,4.28,75.35,36.08,24.33,29.45,1.09
2016,Bacoor City,14.46,120.94,6,19.94,3.4,0.74,6.78,82.35,33.56,23.94,27.99,1.03
2016,Bacoor City,14.46,120.94,7,18.91,4.19,0.87,7.88,82.79,33.36,23.58,27.53,1.02
2016,Bacoor City,14.46,120.94,8,14.1,4.0,0.95,11.43,89.97,33.9,23.53,26.6,1.52
2016,Bacoor City,14.46,120.94,9,16.8,3.62,0.95,7.72,88.34,32.02,23.19,26.69,1.13
2016,Bacoor City,14.46,120.94,10,16.12,4.04,0.99,12.5,89.0,31.59,22.1,26.4,1.22
2016,Bacoor City,14.46,120.94,11,15.82,4.62,0.97,12.18,89.75,30.1,21.17,25.57,1.48
2016,Bacoor City,14.46,120.94,12,14.52,4.31,0.97,14.82,91.16,29.37,20.78,25.13,1.65
2016,Carmona,14.31,121.05,1,15.08,4.62,0.88,2.91,86.16,31.07,19.78,24.98,1.54
2016,Carmona,14.31,121.05,2,15.69,4.39,0.8,5.05,84.47,31.39,19.94,24.72,1.68
2016,Carmona,14.31,121.05,3,19.53,3.96,0.75,3.34,79.77,34.07,21.52,26.91,1.36
2016,Carmona,14.31,121.05,4,23.41,2.62,0.66,1.22,72.99,36.47,22.06,29.19,1.38
2016,Carmona,14.31,121.05,5,20.78,2.81,0.65,4.28,75.35,36.08,24.33,29.45,1.09
2016,Carmona,14.31,121.05,6,18.91,3.4,0.74,6.78,82.35,33.56,23.94,27.99,1.03
2016,Carmona,14.31,121.05,7,18.5,4.19,0.87,7.88,82.79,33.36,23.58,27.53,1.02
2016,Carmona,14.31,121.05,8,15.17,4.0,0.95,11.43,89.97,33.9,23.53,26.6,1.52
2016,Carmona,14.31,121.05,9,17.09,3.62,0.95,7.72,88.34,32.02,23.19,26.69,1.13
2016,Carmona,14.31,121.05,10,15.02,4.04,0.99,12.5,89.0,31.59,22.1,26.4,1.22
2016,Carmona,14.31,121.05,11,13.04,4.62,0.97,12.18,89.75,30.1,21.17,25.57,1.48
2016,Carmona,14.31,121.05,12,11.38,4.31,0.97,14.82,91.16,29.37,20.78,25.13,1.65
2016,Cavite City,14.48,120.9,1,18.22,3.27,0.76,0.53,80.61,31.01,22.05,27.38,3.91
2016,Cavite City,14.48,120.9,2,18.92,2.37,0.65,1.51,76.9,31.34,21.54,27.53,4.25
2016,Cavite City,14.48,120.9,3,23.14,1.21,0.6,0.56,70.99,33.31,23.42,30.52,3.32
2016,Cavite City,14.48,120.9,4,25.13,0.68,0.59,0.81,66.07,35.67,25.05,32.71,3.29
2016,Cavite City,14.48,120.9,5,22.41,1.89,0.63,3.88,71.97,36.01,26.87,31.83,2.76
2016,Cavite City,14.48,120.9,6,19.94,3.07,0.8,7.97,80.18,31.62,26.45,29.87,2.49
2016,Cavite City,14.48,120.9,7,18.91,3.77,0.96,12.41,81.96,31.06,25.81,29.01,2.87
2016,Cavite City,14.48,120.9,8,14.1,3.72,0.99,18.46,87.5,30.54,25.92,28.03,4.67
2016,Cavite City,14.48,120.9,9,16.8,3.24,0.99,8.93,86.14,29.99,25.05,28.17,3.16
2016,Cavite City,14.48,120.9,10,16.12,3.58,0.99,10.36,85.89,30.41,24.91,27.95,3.34
2016,Cavite City,14.48,120.9,11,15.82,3.79,0.94,4.63,84.75,30.28,23.63,27.58,3.98
2016,Cavite City,14.48,120.9,12,14.52,3.28,0.92,5.54,86.3,29.62,23.1,27.16,4.37
2016,Dasmarinas City,14.33,120.93,1,18.22,3.27,0.76,0.53,80.61,31.01,22.05,27.38,3.91
2016,Dasmarinas City,14.33,120.93,2,18.92,2.37,0.65,1.51,76.9,31.34,21.54,27.53,4.25
2016,Dasmarinas City,14.33,120.93,3,23.14,1.21,0.6,0.56,70.99,33.31,23.42,30.52,3.32
2016,Dasmarinas City,14.33,120.93,4,25.13,0.68,0.59,0.81,66.07,35.67,25.05,32.71,3.29
2016,Dasmarinas City,14.33,120.93,5,22.41,1.89,0.63,3.88,71.97,36.01,26.87,31.83,2.76
2016,Dasmarinas City,14.33,120.93,6,19.94,3.07,0.8,7.97,80.18,31.62,26.45,29.87,2.49
2016,Dasmarinas City,14.33,120.93,7,18.91,3.77,0.96,12.41,81.96,31.06,25.81,29.01,2.87
2016,Dasmarinas City,14.33,120.93,8,14.1,3.72,0.99,18.46,87.5,30.54,25.92,28.03,4.67
2016,Dasmarinas City,14.33,120.93,9,16.8,3.24,0.99,8.93,86.14,29.99,25.05,28.17,3.16
2016,Dasmarinas City,14.33,120.93,10,16.12,3.58,0.99,10.36,85.89,30.41,24.91,27.95,3.34
2016,Dasmarinas City,14.33,120.93,11,15.82,3.79,0.94,4.63,84.75,30.28,23.63,27.58,3.98
2016,Dasmarinas City,14.33,120.93,12,14.52,3.28,0.92,5.54,86.3,29.62,23.1,27.16,4.37
2016,General Emilio Aguinaldo,14.18,120.79,1,18.22,4.94,0.75,0.77,84.11,29.49,22.59,26.35,3.81
2016,General Emilio Aguinaldo,14.18,120.79,2,18.92,3.69,0.59,1.95,81.92,29.9,22.59,26.04,4.06
2016,General Emilio Aguinaldo,14.18,120.79,3,23.14,2.13,0.5,0.57,76.2,32.88,23.78,27.92,2.92
2016,General Emilio Aguinaldo,14.18,120.79,4,25.13,1.06,0.45,0.81,69.75,35.32,24.97,30.22,2.79
2016,General Emilio Aguinaldo,14.18,120.79,5,22.41,1.77,0.48,3.35,72.54,35.22,27.01,30.64,2.4
2016,General Emilio Aguinaldo,14.18,120.79,6,19.94,3.28,0.61,7.02,79.12,32.21,26.76,29.63,2.31
2016,General Emilio Aguinaldo,14.18,120.79,7,18.91,4.27,0.82,9.88,81.45,31.71,25.74,28.8,2.57
2016,General Emilio Aguinaldo,14.18,120.79,8,14.1,4.18,0.95,15.26,88.04,30.62,26.0,28.06,4.13
2016,General Emilio Aguinaldo,14.18,120.79,9,16.8,3.66,0.96,8.01,86.35,30.33,25.14,27.99,2.92
2016,General Emilio Aguinaldo,14.18,120.79,10,16.12,3.97,0.98,10.76,86.06,30.38,25.48,27.83,3.04
2016,General Emilio Aguinaldo,14.18,120.79,11,15.82,4.63,0.94,6.58,85.46,29.79,24.35,27.47,3.97
2016,General Emilio Aguinaldo,14.18,120.79,12,14.52,4.23,0.92,6.88,87.04,29.66,24.15,27.2,4.32
2016,General Mariano Alvarez,14.3,121.0,1,15.08,4.62,0.88,2.91,86.16,31.07,19.78,24.98,1.54
2016,General Mariano Alvarez,14.3,121.0,2,15.69,4.39,0.8,5.05,84.47,31.39,19.94,24.72,1.68
2016,General Mariano Alvarez,14.3,121.0,3,19.53,3.96,0.75,3.34,79.77,34.07,21.52,26.91,1.36
2016,General Mariano Alvarez,14.3,121.0,4,23.41,2.62,0.66,1.22,72.99,36.47,22.06,29.19,1.38
2016,General Mariano Alvarez,14.3,121.0,5,20.78,2.81,0.65,4.28,75.35,36.08,24.33,29.45,1.09
2016,General Mariano Alvarez,14.3,121.0,6,18.91,3.4,0.74,6.78,82.35,33.56,23.94,27.99,1.03
2016,General Mariano Alvarez,14.3,121.0,7,18.5,4.19,0.87,7.88,82.79,33.36,23.58,27.53,1.02
2016,General Mariano Alvarez,14.3,121.0,8,15.17,4.0,0.95,11.43,89.97,33.9,23.53,26.6,1.52
2016,General Mariano Alvarez,14.3,121.0,9,17.09,3.62,0.95,7.72,88.34,32.02,23.19,26.69,1.13
2016,General Mariano Alvarez,14.3,121.0,10,15.02,4.04,0.99,12.5,89.0,31.59,22.1,26.4,1.22
2016,General Mariano Alvarez,14.3,121.0,11,13.04,4.62,0.97,12.18,89.75,30.1,21.17,25.57,1.48
2016,General Mariano Alvarez,14.3,121.0,12,11.38,4.31,0.97,14.82,91.16,29.37,20.78,25.13,1.65
2016,General Trias,14.38,120.88,1,18.22,3.27,0.76,0.53,80.61,31.01,22.05,27.38,3.91
2016,General Trias,14.38,120.88,2,18.92,2.37,0.65,1.51,76.9,31.34,21.54,27.53,4.25
2016,General Trias,14.38,120.88,3,23.14,1.21,0.6,0.56,70.99,33.31,23.42,30.52,3.32
2016,General Trias,14.38,120.88,4,25.13,0.68,0.59,0.81,66.07,35.67,25.05,32.71,3.29
2016,General Trias,14.38,120.88,5,22.41,1.89,0.63,3.88,71.97,36.01,26.87,31.83,2.76
2016,General Trias,14.38,120.88,6,19.94,3.07,0.8,7.97,80.18,31.62,26.45,29.87,2.49
2016,General Trias,14.38,120.88,7,18.91,3.77,0.96,12.41,81.96,31.06,25.81,29.01,2.87
2016,General Trias,14.38,120.88,8,14.1,3.72,0.99,18.46,87.5,30.54,25.92,28.03,4.67
2016,General Trias,14.38,120.88,9,16.8,3.24,0.99,8.93,86.14,29.99,25.05,28.17,3.16
2016,General Trias,14.38,120.88,10,16.12,3.58,0.99,10.36,85.89,30.41,24.91,27.95,3.34
2016,General Trias,14.38,120.88,11,15.82,3.79,0.94,4.63,84.75,30.28,23.63,27.58,3.98
2016,General Trias,14.38,120.88,12,14.52,3.28,0.92,5.54,86.3,29.62,23.1,27.16,4.37
2016,Imus City,14.43,120.93,1,18.22,3.27,0.76,0.53,80.61,31.01,22.05,27.38,3.91
2016,Imus City,14.43,120.93,2,18.92,2.37,0.65,1.51,76.9,31.34,21.54,27.53,4.25
2016,Imus City,14.43,120.93,3,23.14,1.21,0.6,0.56,70.99,33.31,23.42,30.52,3.32
2016,Imus City,14.43,120.93,4,25.13,0.68,0.59,0.81,66.07,35.67,25.05,32.71,3.29
2016,Imus City,14.43,120.93,5,22.41,1.89,0.63,3.88,71.97,36.01,26.87,31.83,2.76
2016,Imus City,14.43,120.93,6,19.94,3.07,0.8,7.97,80.18,31.62,26.45,29.87,2.49
2016,Imus City,14.43,120.93,7,18.91,3.77,0.96,12.41,81.96,31.06,25.81,29.01,2.87
2016,Imus City,14.43,120.93,8,14.1,3.72,0.99,18.46,87.5,30.54,25.92,28.03,4.67
2016,Imus City,14.43,120.93,9,16.8,3.24,0.99,8.93,86.14,29.99,25.05,28.17,3.16
2016,Imus City,14.43,120.93,10,16.12,3.58,0.99,10.36,85.89,30.41,24.91,27.95,3.34
2016,Imus City,14.43,120.93,11,15.82,3.79,0.94,4.63,84.75,30.28,23.63,27.58,3.98
2016,Imus City,14.43,120.93,12,14.52,3.28,0.92,5.54,86.3,29.62,23.1,27.16,4.37
2016,Indang,14.19,120.87,1,18.22,4.94,0.75,0.77,84.11,29.49,22.59,26.35,3.81
2016,Indang,14.19,120.87,2,18.92,3.69,0.59,1.95,81.92,29.9,22.59,26.04,4.06
2016,Indang,14.19,120.87,3,23.14,2.13,0.5,0.57,76.2,32.88,23.78,27.92,2.92
2016,Indang,14.19,120.87,4,25.13,1.06,0.45,0.81,69.75,35.32,24.97,30.22,2.79
2016,Indang,14.19,120.87,5,22.41,1.77,0.48,3.35,72.54,35.22,27.01,30.64,2.4
2016,Indang,14.19,120.87,6,19.94,3.28,0.61,7.02,79.12,32.21,26.76,29.63,2.31
2016,Indang,14.19,120.87,7,18.91,4.27,0.82,9.88,81.45,31.71,25.74,28.8,2.57
2016,Indang,14.19,120.87,8,14.1,4.18,0.95,15.26,88.04,30.62,26.0,28.06,4.13
2016,Indang,14.19,120.87,9,16.8,3.66,0.96,8.01,86.35,30.33,25.14,27.99,2.92
2016,Indang,14.19,120.87,10,16.12,3.97,0.98,10.76,86.06,30.38,25.48,27.83,3.04
2016,Indang,14.19,120.87,11,15.82,4.63,0.94,6.58,85.46,29.79,24.35,27.47,3.97
2016,Indang,14.19,120.87,12,14.52,4.23,0.92,6.88,87.04,29.66,24.15,27.2,4.32
2016,Kawit,14.44,120.9,1,18.22,3.27,0.76,0.53,80.61,31.01,22.05,27.38,3.91
2016,Kawit,14.44,120.9,2,18.92,2.37,0.65,1.51,76.9,31.34,21.54,27.53,4.25
2016,Kawit,14.44,120.9,3,23.14,1.21,0.6,0.56,70.99,33.31,23.42,30.52,3.32
2016,Kawit,14.44,120.9,4,25.13,0.68,0.59,0.81,66.07,35.67,25.05,32.71,3.29
2016,Kawit,14.44,120.9,5,22.41,1.89,0.63,3.88,71.97,36.01,26.87,31.83,2.76
2016,Kawit,14.44,120.9,6,19.94,3.07,0.8,7.97,80.18,31.62,26.45,29.87,2.49
2016,Kawit,14.44,120.9,7,18.91,3.77,0.96,12.41,81.96,31.06,25.81,29.01,2.87
2016,Kawit,14.44,120.9,8,14.1,3.72,0.99,18.46,87.5,30.54,25.92,28.03,4.67
2016,Kawit,14.44,120.9,9,16.8,3.24,0.99,8.93,86.14,29.99,25.05,28.17,3.16
2016,Kawit,14.44,120.9,10,16.12,3.58,0.99,10.36,85.89,30.41,24.91,27.95,3.34
2016,Kawit,14.44,120.9,11,15.82,3.79,0.94,4.63,84.75,30.28,23.63,27.58,3.98
2016,Kawit,14.44,120.9,12,14.52,3.28,0.92,5.54,86.3,29.62,23.1,27.16,4.37
2016,Magallanes,14.19,120.73,1,18.22,4.94,0.75,0.77,84.11,29.49,22.59,26.35,3.81
2016,Magallanes,14.19,120.73,2,18.92,3.69,0.59,1.95,81.92,29.9,22.59,26.04,4.06
2016,Magallanes,14.19,120.73,3,23.14,2.13,0.5,0.57,76.2,32.88,23.78,27.92,2.92
2016,Magallanes,14.19,120.73,4,25.13,1.06,0.45,0.81,69.75,35.32,24.97,30.22,2.79
2016,Magallanes,14.19,120.73,5,22.41,1.77,0.48,3.35,72.54,35.22,27.01,30.64,2.4
2016,Magallanes,14.19,120.73,6,19.94,3.28,0.61,7.02,79.12,32.21,26.76,29.63,2.31
2016,Magallanes,14.19,120.73,7,18.91,4.27,0.82,9.88,81.45,31.71,25.74,28.8,2.57
2016,Magallanes,14.19,120.73,8,14.1,4.18,0.95,15.26,88.04,30.62,26.0,28.06,4.13
2016,Magallanes,14.19,120.73,9,16.8,3.66,0.96,8.01,86.35,30.33,25.14,27.99,2.92
2016,Magallanes,14.19,120.73,10,16.12,3.97,0.98,10.76,86.06,30.38,25.48,27.83,3.04
2016,Magallanes,14.19,120.73,11,15.82,4.63,0.94,6.58,85.46,29.79,24.35,27.47,3.97
2016,Magallanes,14.19,120.73,12,14.52,4.23,0.92,6.88,87.04,29.66,24.15,27.2,4.32
2016,Maragondon,14.27,120.73,1,18.22,3.27,0.76,0.53,80.61,31.01,22.05,27.38,3.91
2016,Maragondon,14.27,120.73,2,18.92,2.37,0.65,1.51,76.9,31.34,21.54,27.53,4.25
2016,Maragondon,14.27,120.73,3,23.14,1.21,0.6,0.56,70.99,33.31,23.42,30.52,3.32
2016,Maragondon,14.27,120.73,4,25.13,0.68,0.59,0.81,66.07,35.67,25.05,32.71,3.29
2016,Maragondon,14.27,120.73,5,22.41,1.89,0.63,3.88,71.97,36.01,26.87,31.83,2.76
2016,Maragondon,14.27,120.73,6,19.94,3.07,0.8,7.97,80.18,31.62,26.45,29.87,2.49
2016,Maragondon,14.27,120.73,7,18.91,3.77,0.96,12.41,81.96,31.06,25.81,29.01,2.87
2016,Maragondon,14.27,120.73,8,14.1,3.72,0.99,18.46,87.5,30.54,25.92,28.03,4.67
2016,Maragondon,14.27,120.73,9,16.8,3.24,0.99,8.93,86.14,29.99,25.05,28.17,3.16
2016,Maragondon,14.27,120.73,10,16.12,3.58,0.99,10.36,85.89,30.41,24.91,27.95,3.34
2016,Maragondon,14.27,120.73,11,15.82,3.79,0.94,4.63,84.75,30.28,23.63,27.58,3.98
2016,Maragondon,14.27,120.73,12,14.52,3.28,0.92,5.54,86.3,29.62,23.1,27.16,4.37
2016,Mendez,14.13,120.9,1,18.22,4.94,0.75,0.77,84.11,29.49,22.59,26.35,3.81
2016,Mendez,14.13,120.9,2,18.92,3.69,0.59,1.95,81.92,29.9,22.59,26.04,4.06
2016,Mendez,14.13,120.9,3,23.14,2.13,0.5,0.57,76.2,32.88,23.78,27.92,2.92
2016,Mendez,14.13,120.9,4,25.13,1.06,0.45,0.81,69.75,35.32,24.97,30.22,2.79
2016,Mendez,14.13,120.9,5,22.41,1.77,0.48,3.35,72.54,35.22,27.01,30.64,2.4
2016,Mendez,14.13,120.9,6,19.94,3.28,0.61,7.02,79.12,32.21,26.76,29.63,2.31
2016,Mendez,14.13,120.9,7,18.91,4.27,0.82,9.88,81.45,31.71,25.74,28.8,2.57
2016,Mendez,14.13,120.9,8,14.1,4.18,0.95,15.26,88.04,30.62,26.0,28.06,4.13
2016,Mendez,14.13,120.9,9,16.8,3.66,0.96,8.01,86.35,30.33,25.14,27.99,2.92
2016,Mendez,14.13,120.9,10,16.12,3.97,0.98,10.76,86.06,30.38,25.48,27.83,3.04
2016,Mendez,14.13,120.9,11,15.82,4.63,0.94,6.58,85.46,29.79,24.35,27.47,3.97
2016,Mendez,14.13,120.9,12,14.52,4.23,0.92,6.88,87.04,29.66,24.15,27.2,4.32
2016,Naic,14.32,120.77,1,18.22,3.27,0.76,0.53,80.61,31.01,22.05,27.38,3.91
2016,Naic,14.32,120.77,2,18.92,2.37,0.65,1.51,76.9,31.34,21.54,27.53,4.25
2016,Naic,14.32,120.77,3,23.14,1.21,0.6,0.56,70.99,33.31,23.42,30.52,3.32
2016,Naic,14.32,120.77,4,25.13,0.68,0.59,0.81,66.07,35.67,25.05,32.71,3.29
2016,Naic,14.32,120.77,5,22.41,1.89,0.63,3.88,71.97,36.01,26.87,31.83,2.76
2016,Naic,14.32,120.77,6,19.94,3.07,0.8,7.97,80.18,31.62,26.45,29.87,2.49
2016,Naic,14.32,120.77,7,18.91,3.77,0.96,12.41,81.96,31.06,25.81,29.01,2.87
2016,Naic,14.32,120.77,8,14.1,3.72,0.99,18.46,87.5,30.54,25.92,28.03,4.67
2016,Naic,14.32,120.77,9,16.8,3.24,0.99,8.93,86.14,29.99,25.05,28.17,3.16
2016,Naic,14.32,120.77,10,16.12,3.58,0.99,10.36,85.89,30.41,24.91,27.95,3.34
2016,Naic,14.32,120.77,11,15.82,3.79,0.94,4.63,84.75,30.28,23.63,27.58,3.98
2016,Naic,14.32,120.77,12,14.52,3.28,0.92,5.54,86.3,29.62,23.1,27.16,4.37
2016,Noveleta,14.43,120.88,1,18.22,3.27,0.76,0.53,80.61,31.01,22.05,27.38,3.91
2016,Noveleta,14.43,120.88,2,18.92,2.37,0.65,1.51,76.9,31.34,21.54,27.53,4.25
2016,Noveleta,14.43,120.88,3,23.14,1.21,0.6,0.56,70.99,33.31,23.42,30.52,3.32
2016,Noveleta,14.43,120.88,4,25.13,0.68,0.59,0.81,66.07,35.67,25.05,32.71,3.29
2016,Noveleta,14.43,120.88,5,22.41,1.89,0.63,3.88,71.97,36.01,26.87,31.83,2.76
2016,Noveleta,14.43,120.88,6,19.94,3.07,0.8,7.97,80.18,31.62,26.45,29.87,2.49
2016,Noveleta,14.43,120.88,7,18.91,3.77,0.96,12.41,81.96,31.06,25.81,29.01,2.87
2016,Noveleta,14.43,120.88,8,14.1,3.72,0.99,18.46,87.5,30.54,25.92,28.03,4.67
2016,Noveleta,14.43,120.88,9,16.8,3.24,0.99,8.93,86.14,29.99,25.05,28.17,3.16
2016,Noveleta,14.43,120.88,10,16.12,3.58,0.99,10.36,85.89,30.41,24.91,27.95,3.34
2016,Noveleta,14.43,120.88,11,15.82,3.79,0.94,4.63,84.75,30.28,23.63,27.58,3.98
2016,Noveleta,14.43,120.88,12,14.52,3.28,0.92,5.54,86.3,29.62,23.1,27.16,4.37
2016,Rosario,14.41,120.85,1,18.22,3.27,0.76,0.53,80.61,31.01,22.05,27.38,3.91
2016,Rosario,14.41,120.85,2,18.92,2.37,0.65,1.51,76.9,31.34,21.54,27.53,4.25
2016,Rosario,14.41,120.85,3,23.14,1.21,0.6,0.56,70.99,33.31,23.42,30.52,3.32
2016,Rosario,14.41,120.85,4,25.13,0.68,0.59,0.81,66.07,35.67,25.05,32.71,3.29
2016,Rosario,14.41,120.85,5,22.41,1.89,0.63,3.88,71.97,36.01,26.87,31.83,2.76
2016,Rosario,14.41,120.85,6,19.94,3.07,0.8,7.97,80.18,31.62,26.45,29.87,2.49
2016,Rosario,14.41,120.85,7,18.91,3.77,0.96,12.41,81.96,31.06,25.81,29.01,2.87
2016,Rosario,14.41,120.85,8,14.1,3.72,0.99,18.46,87.5,30.54,25.92,28.03,4.67
2016,Rosario,14.41,120.85,9,16.8,3.24,0.99,8.93,86.14,29.99,25.05,28.17,3.16
2016,Rosario,14.41,120.85,10,16.12,3.58,0.99,10.36,85.89,30.41,24.91,27.95,3.34
2016,Rosario,14.41,120.85,11,15.82,3.79,0.94,4.63,84.75,30.28,23.63,27.58,3.98
2016,Rosario,14.41,120.85,12,14.52,3.28,0.92,5.54,86.3,29.62,23.1,27.16,4.37
2016,Silang,14.23,120.97,1,18.22,4.75,0.89,3.09,87.73,30.58,20.26,25.0,1.52
2016,Silang,14.23,120.97,2,18.92,4.81,0.81,5.26,87.09,30.9,20.11,24.55,1.6
2016,Silang,14.23,120.97,3,23.14,4.43,0.75,3.21,81.79,33.86,21.38,26.58,1.33
2016,Silang,14.23,120.97,4,25.13,3.15,0.63,1.07,73.64,37.01,22.24,29.11,1.37
2016,Silang,14.23,120.97,5,22.41,2.26,0.59,3.02,73.58,36.81,24.81,29.88,1.11
2016,Silang,14.23,120.97,6,19.94,2.92,0.66,5.88,80.59,34.31,24.41,28.53,1.03
2016,Silang,14.23,120.97,7,18.91,4.0,0.8,6.56,82.54,33.98,23.78,27.7,1.0
2016,Silang,14.23,120.97,8,14.1,3.79,0.89,8.25,89.09,34.17,23.7,26.88,1.53
2016,Silang,14.23,120.97,9,16.8,3.44,0.89,6.16,87.85,31.79,23.41,26.88,1.14
2016,Silang,14.23,120.97,10,16.12,3.78,0.97,12.4,89.08,31.5,22.85,26.61,1.17
2016,Silang,14.23,120.97,11,15.82,4.27,0.98,14.16,90.82,30.71,21.16,25.78,1.47
2016,Silang,14.23,120.97,12,14.52,4.07,0.98,16.14,92.01,29.93,21.32,25.41,1.62
2016,Tagaytay City,14.11,120.96,1,18.22,4.75,0.89,3.09,87.73,30.58,20.26,25.0,1.52
2016,Tagaytay City,14.11,120.96,2,18.92,4.81,0.81,5.26,87.09,30.9,20.11,24.55,1.6
2016,Tagaytay City,14.11,120.96,3,23.14,4.43,0.75,3.21,81.79,33.86,21.38,26.58,1.33
2016,Tagaytay City,14.11,120.96,4,25.13,3.15,0.63,1.07,73.64,37.01,22.24,29.11,1.37
2016,Tagaytay City,14.11,120.96,5,22.41,2.26,0.59,3.02,73.58,36.81,24.81,29.88,1.11
2016,Tagaytay City,14.11,120.96,6,19.94,2.92,0.66,5.88,80.59,34.31,24.41,28.53,1.03
2016,Tagaytay City,14.11,120.96,7,18.91,4.0,0.8,6.56,82.54,33.98,23.78,27.7,1.0
2016,Tagaytay City,14.11,120.96,8,14.1,3.79,0.89,8.25,89.09,34.17,23.7,26.88,1.53
2016,Tagaytay City,14.11,120.96,9,16.8,3.44,0.89,6.16,87.85,31.79,23.41,26.88,1.14
2016,Tagaytay City,14.11,120.96,10,16.12,3.78,0.97,12.4,89.08,31.5,22.85,26.61,1.17
2016,Tagaytay City,14.11,120.96,11,15.82,4.27,0.98,14.16,90.82,30.71,21.16,25.78,1.47
2016,Tagaytay City,14.11,120.96,12,14.52,4.07,0.98,16.14,92.01,29.93,21.32,25.41,1.62
2016,Tanza,14.36,120.85,1,18.22,3.27,0.76,0.53,80.61,31.01,22.05,27.38,3.91
2016,Tanza,14.36,120.85,2,18.92,2.37,0.65,1.51,76.9,31.34,21.54,27.53,4.25
2016,Tanza,14.36,120.85,3,23.14,1.21,0.6,0.56,70.99,33.31,23.42,30.52,3.32
2016,Tanza,14.36,120.85,4,25.13,0.68,0.59,0.81,66.07,35.67,25.05,32.71,3.29
2016,Tanza,14.36,120.85,5,22.41,1.89,0.63,3.88,71.97,36.01,26.87,31.83,2.76
2016,Tanza,14.36,120.85,6,19.94,3.07,0.8,7.97,80.18,31.62,26.45,29.87,2.49
2016,Tanza,14.36,120.85,7,18.91,3.77,0.96,12.41,81.96,31.06,25.81,29.01,2.87
2016,Tanza,14.36,120.85,8,14.1,3.72,0.99,18.46,87.5,30.54,25.92,28.03,4.67
2016,Tanza,14.36,120.85,9,16.8,3.24,0.99,8.93,86.14,29.99,25.05,28.17,3.16
2016,Tanza,14.36,120.85,10,16.12,3.58,0.99,10.36,85.89,30.41,24.91,27.95,3.34
2016,Tanza,14.36,120.85,11,15.82,3.79,0.94,4.63,84.75,30.28,23.63,27.58,3.98
2016,Tanza,14.36,120.85,12,14.52,3.28,0.92,5.54,86.3,29.62,23.1,27.16,4.37
2016,Ternate,14.28,120.7,1,18.22,3.27,0.76,0.53,80.61,31.01,22.05,27.38,3.91
2016,Ternate,14.28,120.7,2,18.92,2.37,0.65,1.51,76.9,31.34,21.54,27.53,4.25
2016,Ternate,14.28,120.7,3,23.14,1.21,0.6,0.56,70.99,33.31,23.42,30.52,3.32
2016,Ternate,14.28,120.7,4,25.13,0.68,0.59,0.81,66.07,35.67,25.05,32.71,3.29
2016,Ternate,14.28,120.7,5,22.41,1.89,0.63,3.88,71.97,36.01,26.87,31.83,2.76
2016,Ternate,14.28,120.7,6,19.94,3.07,0.8,7.97,80.18,31.62,26.45,29.87,2.49
2016,Ternate,14.28,120.7,7,18.91,3.77,0.96,12.41,81.96,31.06,25.81,29.01,2.87
2016,Ternate,14.28,120.7,8,14.1,3.72,0.99,18.46,87.5,30.54,25.92,28.03,4.67
2016,Ternate,14.28,120.7,9,16.8,3.24,0.99,8.93,86.14,29.99,25.05,28.17,3.16
2016,Ternate,14.28,120.7,10,16.12,3.58,0.99,10.36,85.89,30.41,24.91,27.95,3.34
2016,Ternate,14.28,120.7,11,15.82,3.79,0.94,4.63,84.75,30.28,23.63,27.58,3.98
2016,Ternate,14.28,120.7,12,14.52,3.28,0.92,5.54,86.3,29.62,23.1,27.16,4.37
2016,Trece Martires City,14.28,120.86,1,18.22,3.27,0.76,0.53,80.61,31.01,22.05,27.38,3.91
2016,Trece Martires City,14.28,120.86,2,18.92,2.37,0.65,1.51,76.9,31.34,21.54,27.53,4.25
2016,Trece Martires City,14.28,120.86,3,23.14,1.21,0.6,0.56,70.99,33.31,23.42,30.52,3.32
2016,Trece Martires City,14.28,120.86,4,25.13,0.68,0.59,0.81,66.07,35.67,25.05,32.71,3.29
2016,Trece Martires City,14.28,120.86,5,22.41,1.89,0.63,3.88,71.97,36.01,26.87,31.83,2.76
2016,Trece Martires City,14.28,120.86,6,19.94,3.07,0.8,7.97,80.18,31.62,26.45,29.87,2.49
2016,Trece Martires City,14.28,120.86,7,18.91,3.77,0.96,12.41,81.96,31.06,25.81,29.01,2.87
2016,Trece Martires City,14.28,120.86,8,14.1,3.72,0.99,18.46,87.5,30.54,25.92,28.03,4.67
2016,Trece Martires City,14.28,120.86,9,16.8,3.24,0.99,8.93,86.14,29.99,25.05,28.17,3.16
2016,Trece Martires City,14.28,120.86,10,16.12,3.58,0.99,10.36,85.89,30.41,24.91,27.95,3.34
2016,Trece Martires City,14.28,120.86,11,15.82,3.79,0.94,4.63,84.75,30.28,23.63,27.58,3.98
2016,Trece Martires City,14.28,120.86,12,14.52,3.28,0.92,5.54,86.3,29.62,23.1,27.16,4.37
2017,Alfonso,14.14,120.85,1,15.21,5.13,0.85,3.01,85.15,28.71,23.0,26.18,4.82
2017,Alfonso,14.14,120.85,2,19.0,4.59,0.69,1.06,82.82,29.53,21.31,25.9,4.36
2017,Alfonso,14.14,120.85,3,22.49,2.94,0.54,0.56,78.33,32.55,22.68,27.23,3.59
2017,Alfonso,14.14,120.85,4,24.15,1.93,0.48,1.99,73.23,34.29,23.73,29.31,2.88
2017,Alfonso,14.14,120.85,5,21.8,2.83,0.53,5.27,77.69,33.46,26.26,29.71,2.39
2017,Alfonso,14.14,120.85,6,21.44,4.01,0.67,7.22,79.01,32.3,26.65,29.56,2.09
2017,Alfonso,14.14,120.85,7,15.93,4.02,0.86,12.87,84.02,31.29,26.28,28.63,3.15
2017,Alfonso,14.14,120.85,8,18.75,4.53,0.96,12.06,83.43,31.36,25.75,28.52,2.95
2017,Alfonso,14.14,120.85,9,17.91,4.24,0.98,13.69,83.18,31.57,25.98,28.48,2.51
2017,Alfonso,14.14,120.85,10,15.8,4.14,0.98,8.53,83.6,30.3,25.88,28.31,2.81
2017,Alfonso,14.14,120.85,11,15.83,4.68,0.97,9.42,87.0,29.99,24.97,27.77,4.16
2017,Alfonso,14.14,120.85,12,14.31,4.58,0.91,5.55,85.94,29.96,23.55,27.03,4.53
2017,Amadeo,14.17,120.92,1,15.21,5.13,0.85,3.01,85.15,28.71,23.0,26.18,4.82
2017,Amadeo,14.17,120.92,2,19.0,4.59,0.69,1.06,82.82,29.53,21.31,25.9,4.36
2017,Amadeo,14.17,120.92,3,22.49,2.94,0.54,0.56,78.33,32.55,22.68,27.23,3.59
2017,Amadeo,14.17,120.92,4,24.15,1.93,0.48,1.99,73.23,34.29,23.73,29.31,2.88
2017,Amadeo,14.17,120.92,5,21.8,2.83,0.53,5.27,77.69,33.46,26.26,29.71,2.39
2017,Amadeo,14.17,120.92,6,21.44,4.01,0.67,7.22,79.01,32.3,26.65,29.56,2.09
2017,Amadeo,14.17,120.92,7,15.93,4.02,0.86,12.87,84.02,31.29,26.28,28.63,3.15
2017,Amadeo,14.17,120.92,8,18.75,4.53,0.96,12.06,83.43,31.36,25.75,28.52,2.95
2017,Amadeo,14.17,120.92,9,17.91,4.24,0.98,13.69,83.18,31.57,25.98,28.48,2.51
2017,Amadeo,14.17,120.92,10,15.8,4.14,0.98,8.53,83.6,30.3,25.88,28.31,2.81
2017,Amadeo,14.17,120.92,11,15.83,4.68,0.97,9.42,87.0,29.99,24.97,27.77,4.16
2017,Amadeo,14.17,120.92,12,14.31,4.58,0.91,5.55,85.94,29.96,23.55,27.03,4.53
2017,Bacoor City,14.46,120.94,1,15.21,5.04,0.94,8.37,88.48,28.36,19.77,24.06,1.79
2017,Bacoor City,14.46,120.94,2,19.0,4.99,0.89,6.02,86.44,30.08,17.94,23.88,1.68
2017,Bacoor City,14.46,120.94,3,22.49,4.29,0.78,2.12,81.57,33.5,20.18,25.84,1.56
2017,Bacoor City,14.46,120.94,4,24.15,3.69,0.69,3.49,75.21,37.3,21.03,28.4,1.26
2017,Bacoor City,14.46,120.94,5,21.8,3.59,0.71,5.53,79.7,34.84,24.14,28.66,1.08
2017,Bacoor City,14.46,120.94,6,21.44,3.9,0.79,6.4,81.39,33.56,23.69,28.11,0.88
2017,Bacoor City,14.46,120.94,7,15.93,4.01,0.92,11.54,87.24,34.13,23.64,26.83,1.21
2017,Bacoor City,14.46,120.94,8,18.75,4.31,0.97,9.91,85.69,33.84,23.39,27.21,1.13
2017,Bacoor City,14.46,120.94,9,17.91,4.12,0.97,15.21,86.18,34.09,23.16,27.15,0.99
2017,Bacoor City,14.46,120.94,10,15.8,4.13,0.99,11.59,87.75,31.76,22.83,26.52,1.12
2017,Bacoor City,14.46,120.94,11,15.83,4.4,0.98,15.61,91.1,29.85,22.29,25.94,1.52
2017,Bacoor City,14.46,120.94,12,14.31,4.69,0.98,15.66,90.17,29.68,20.92,24.9,1.74
2017,Carmona,14.31,121.05,1,11.78,5.04,0.94,8.37,88.48,28.36,19.77,24.06,1.79
2017,Carmona,14.31,121.05,2,14.9,4.99,0.89,6.02,86.44,30.08,17.94,23.88,1.68
2017,Carmona,14.31,121.05,3,19.07,4.29,0.78,2.12,81.57,33.5,20.18,25.84,1.56
2017,Carmona,14.31,121.05,4,21.1,3.69,0.69,3.49,75.21,37.3,21.03,28.4,1.26
2017,Carmona,14.31,121.05,5,21.03,3.59,0.71,5.53,79.7,34.84,24.14,28.66,1.08
2017,Carmona,14.31,121.05,6,20.76,3.9,0.79,6.4,81.39,33.56,23.69,28.11,0.88
2017,Carmona,14.31,121.05,7,15.31,4.01,0.92,11.54,87.24,34.13,23.64,26.83,1.21
2017,Carmona,14.31,121.05,8,18.47,4.31,0.97,9.91,85.69,33.84,23.39,27.21,1.13
2017,Carmona,14.31,121.05,9,16.52,4.12,0.97,15.21,86.18,34.09,23.16,27.15,0.99
2017,Carmona,14.31,121.05,10,13.21,4.13,0.99,11.59,87.75,31.76,22.83,26.52,1.12
2017,Carmona,14.31,121.05,11,12.94,4.4,0.98,15.61,91.1,29.85,22.29,25.94,1.52
2017,Carmona,14.31,121.05,12,10.41,4.69,0.98,15.66,90.17,29.68,20.92,24.9,1.74
2017,Cavite City,14.48,120.9,1,15.21,3.72,0.85,2.3,83.35,29.18,21.98,26.43,4.85
2017,Cavite City,14.48,120.9,2,19.0,3.3,0.75,1.33,80.22,30.62,20.09,26.64,4.45
2017,Cavite City,14.48,120.9,3,22.49,2.38,0.64,0.65,73.84,33.57,22.5,28.97,3.82
2017,Cavite City,14.48,120.9,4,24.15,1.64,0.6,2.28,69.96,35.09,23.52,31.36,3.39
2017,Cavite City,14.48,120.9,5,21.8,2.54,0.68,5.97,76.79,34.16,26.16,30.52,2.61
2017,Cavite City,14.48,120.9,6,21.44,3.48,0.85,7.69,79.32,31.97,25.22,29.93,2.26
2017,Cavite City,14.48,120.9,7,15.93,3.52,0.96,13.84,84.14,31.5,26.11,28.63,3.45
2017,Cavite City,14.48,120.9,8,18.75,4.07,0.99,11.71,83.17,31.78,24.86,28.74,3.18
2017,Cavite City,14.48,120.9,9,17.91,3.73,0.98,10.81,82.46,31.94,25.94,28.78,2.58
2017,Cavite City,14.48,120.9,10,15.8,3.78,0.98,8.81,82.8,30.72,25.38,28.48,2.92
2017,Cavite City,14.48,120.9,11,15.83,3.63,0.96,6.83,86.77,30.25,24.11,27.73,4.14
2017,Cavite City,14.48,120.9,12,14.31,3.48,0.9,3.61,84.94,30.24,22.7,27.06,4.64
2017,Dasmarinas City,14.33,120.93,1,15.21,3.72,0.85,2.3,83.35,29.18,21.98,26.43,4.85
2017,Dasmarinas City,14.33,120.93,2,19.0,3.3,0.75,1.33,80.22,30.62,20.09,26.64,4.45
2017,Dasmarinas City,14.33,120.93,3,22.49,2.38,0.64,0.65,73.84,33.57,22.5,28.97,3.82
2017,Dasmarinas City,14.33,120.93,4,24.15,1.64,0.6,2.28,69.96,35.09,23.52,31.36,3.39
2017,Dasmarinas City,14.33,120.93,5,21.8,2.54,0.68,5.97,76.79,34.16,26.16,30.52,2.61
2017,Dasmarinas City,14.33,120.93,6,21.44,3.48,0.85,7.69,79.32,31.97,25.22,29.93,2.26
2017,Dasmarinas City,14.33,120.93,7,15.93,3.52,0.96,13.84,84.14,31.5,26.11,28.63,3.45
2017,Dasmarinas City,14.33,120.93,8,18.75,4.07,0.99,11.71,83.17,31.78,24.86,28.74,3.18
2017,Dasmarinas City,14.33,120.93,9,17.91,3.73,0.98,10.81,82.46,31.94,25.94,28.78,2.58
2017,Dasmarinas City,14.33,120.93,10,15.8,3.78,0.98,8.81,82.8,30.72,25.38,28.48,2.92
2017,Dasmarinas City,14.33,120.93,11,15.83,3.63,0.96,6.83,86.77,30.25,24.11,27.73,4.14
2017,Dasmarinas City,14.33,120.93,12,14.31,3.48,0.9,3.61,84.94,30.24,22.7,27.06,4.64
2017,General Emilio Aguinaldo,14.18,120.79,1,15.21,5.13,0.85,3.01,85.15,28.71,23.0,26.18,4.82
2017,General Emilio Aguinaldo,14.18,120.79,2,19.0,4.59,0.69,1.06,82.82,29.53,21.31,25.9,4.36
2017,General Emilio Aguinaldo,14.18,120.79,3,22.49,2.94,0.54,0.56,78.33,32.55,22.68,27.23,3.59
2017,General Emilio Aguinaldo,14.18,120.79,4,24.15,1.93,0.48,1.99,73.23,34.29,23.73,29.31,2.88
2017,General Emilio Aguinaldo,14.18,120.79,5,21.8,2.83,0.53,5.27,77.69,33.46,26.26,29.71,2.39
2017,General Emilio Aguinaldo,14.18,120.79,6,21.44,4.01,0.67,7.22,79.01,32.3,26.65,29.56,2.09
2017,General Emilio Aguinaldo,14.18,120.79,7,15.93,4.02,0.86,12.87,84.02,31.29,26.28,28.63,3.15
2017,General Emilio Aguinaldo,14.18,120.79,8,18.75,4.53,0.96,12.06,83.43,31.36,25.75,28.52,2.95
2017,General Emilio Aguinaldo,14.18,120.79,9,17.91,4.24,0.98,13.69,83.18,31.57,25.98,28.48,2.51
2017,General Emilio Aguinaldo,14.18,120.79,10,15.8,4.14,0.98,8.53,83.6,30.3,25.88,28.31,2.81
2017,General Emilio Aguinaldo,14.18,120.79,11,15.83,4.68,0.97,9.42,87.0,29.99,24.97,27.77,4.16
2017,General Emilio Aguinaldo,14.18,120.79,12,14.31,4.58,0.91,5.55,85.94,29.96,23.55,27.03,4.53
2017,General Mariano Alvarez,14.3,121.0,1,11.78,5.04,0.94,8.37,88.48,28.36,19.77,24.06,1.79
2017,General Mariano Alvarez,14.3,121.0,2,14.9,4.99,0.89,6.02,86.44,30.08,17.94,23.88,1.68
2017,General Mariano Alvarez,14.3,121.0,3,19.07,4.29,0.78,2.12,81.57,33.5,20.18,25.84,1.56
2017,General Mariano Alvarez,14.3,121.0,4,21.1,3.69,0.69,3.49,75.21,37.3,21.03,28.4,1.26
2017,General Mariano Alvarez,14.3,121.0,5,21.03,3.59,0.71,5.53,79.7,34.84,24.14,28.66,1.08
2017,General Mariano Alvarez,14.3,121.0,6,20.76,3.9,0.79,6.4,81.39,33.56,23.69,28.11,0.88
2017,General Mariano Alvarez,14.3,121.0,7,15.31,4.01,0.92,11.54,87.24,34.13,23.64,26.83,1.21
2017,General Mariano Alvarez,14.3,121.0,8,18.47,4.31,0.97,9.91,85.69,33.84,23.39,27.21,1.13
2017,General Mariano Alvarez,14.3,121.0,9,16.52,4.12,0.97,15.21,86.18,34.09,23.16,27.15,0.99
2017,General Mariano Alvarez,14.3,121.0,10,13.21,4.13,0.99,11.59,87.75,31.76,22.83,26.52,1.12
2017,General Mariano Alvarez,14.3,121.0,11,12.94,4.4,0.98,15.61,91.1,29.85,22.29,25.94,1.52
2017,General Mariano Alvarez,14.3,121.0,12,10.41,4.69,0.98,15.66,90.17,29.68,20.92,24.9,1.74
2017,General Trias,14.38,120.88,1,15.21,3.72,0.85,2.3,83.35,29.18,21.98,26.43,4.85
2017,General Trias,14.38,120.88,2,19.0,3.3,0.75,1.33,80.22,30.62,20.09,26.64,4.45
2017,General Trias,14.38,120.88,3,22.49,2.38,0.64,0.65,73.84,33.57,22.5,28.97,3.82
2017,General Trias,14.38,120.88,4,24.15,1.64,0.6,2.28,69.96,35.09,23.52,31.36,3.39
2017,General Trias,14.38,120.88,5,21.8,2.54,0.68,5.97,76.79,34.16,26.16,30.52,2.61
2017,General Trias,14.38,120.88,6,21.44,3.48,0.85,7.69,79.32,31.97,25.22,29.93,2.26
2017,General Trias,14.38,120.88,7,15.93,3.52,0.96,13.84,84.14,31.5,26.11,28.63,3.45
2017,General Trias,14.38,120.88,8,18.75,4.07,0.99,11.71,83.17,31.78,24.86,28.74,3.18
2017,General Trias,14.38,120.88,9,17.91,3.73,0.98,10.81,82.46,31.94,25.94,28.78,2.58
2017,General Trias,14.38,120.88,10,15.8,3.78,0.98,8.81,82.8,30.72,25.38,28.48,2.92
2017,General Trias,14.38,120.88,11,15.83,3.63,0.96,6.83,86.77,30.25,24.11,27.73,4.14
2017,General Trias,14.38,120.88,12,14.31,3.48,0.9,3.61,84.94,30.24,22.7,27.06,4.64
2017,Imus City,14.43,120.93,1,15.21,3.72,0.85,2.3,83.35,29.18,21.98,26.43,4.85
2017,Imus City,14.43,120.93,2,19.0,3.3,0.75,1.33,80.22,30.62,20.09,26.64,4.45
2017,Imus City,14.43,120.93,3,22.49,2.38,0.64,0.65,73.84,33.57,22.5,28.97,3.82
2017,Imus City,14.43,120.93,4,24.15,1.64,0.6,2.28,69.96,35.09,23.52,31.36,3.39
2017,Imus City,14.43,120.93,5,21.8,2.54,0.68,5.97,76.79,34.16,26.16,30.52,2.61
2017,Imus City,14.43,120.93,6,21.44,3.48,0.85,7.69,79.32,31.97,25.22,29.93,2.26
2017,Imus City,14.43,120.93,7,15.93,3.52,0.96,13.84,84.14,31.5,26.11,28.63,3.45
2017,Imus City,14.43,120.93,8,18.75,4.07,0.99,11.71,83.17,31.78,24.86,28.74,3.18
2017,Imus City,14.43,120.93,9,17.91,3.73,0.98,10.81,82.46,31.94,25.94,28.78,2.58
2017,Imus City,14.43,120.93,10,15.8,3.78,0.98,8.81,82.8,30.72,25.38,28.48,2.92
2017,Imus City,14.43,120.93,11,15.83,3.63,0.96,6.83,86.77,30.25,24.11,27.73,4.14
2017,Imus City,14.43,120.93,12,14.31,3.48,0.9,3.61,84.94,30.24,22.7,27.06,4.64
2017,Indang,14.19,120.87,1,15.21,5.13,0.85,3.01,85.15,28.71,23.0,26.18,4.82
2017,Indang,14.19,120.87,2,19.0,4.59,0.69,1.06,82.82,29.53,21.31,25.9,4.36
2017,Indang,14.19,120.87,3,22.49,2.94,0.54,0.56,78.33,32.55,22.68,27.23,3.59
2017,Indang,14.19,120.87,4,24.15,1.93,0.48,1.99,73.23,34.29,23.73,29.31,2.88
2017,Indang,14.19,120.87,5,21.8,2.83,0.53,5.27,77.69,33.46,26.26,29.71,2.39
2017,Indang,14.19,120.87,6,21.44,4.01,0.67,7.22,79.01,32.3,26.65,29.56,2.09
2017,Indang,14.19,120.87,7,15.93,4.02,0.86,12.87,84.02,31.29,26.28,28.63,3.15
2017,Indang,14.19,120.87,8,18.75,4.53,0.96,12.06,83.43,31.36,25.75,28.52,2.95
2017,Indang,14.19,120.87,9,17.91,4.24,0.98,13.69,83.18,31.57,25.98,28.48,2.51
2017,Indang,14.19,120.87,10,15.8,4.14,0.98,8.53,83.6,30.3,25.88,28.31,2.81
2017,Indang,14.19,120.87,11,15.83,4.68,0.97,9.42,87.0,29.99,24.97,27.77,4.16
2017,Indang,14.19,120.87,12,14.31,4.58,0.91,5.55,85.94,29.96,23.55,27.03,4.53
2017,Kawit,14.44,120.9,1,15.21,3.72,0.85,2.3,83.35,29.18,21.98,26.43,4.85
2017,Kawit,14.44,120.9,2,19.0,3.3,0.75,1.33,80.22,30.62,20.09,26.64,4.45
2017,Kawit,14.44,120.9,3,22.49,2.38,0.64,0.65,73.84,33.57,22.5,28.97,3.82
2017,Kawit,14.44,120.9,4,24.15,1.64,0.6,2.28,69.96,35.09,23.52,31.36,3.39
2017,Kawit,14.44,120.9,5,21.8,2.54,0.68,5.97,76.79,34.16,26.16,30.52,2.61
2017,Kawit,14.44,120.9,6,21.44,3.48,0.85,7.69,79.32,31.97,25.22,29.93,2.26
2017,Kawit,14.44,120.9,7,15.93,3.52,0.96,13.84,84.14,31.5,26.11,28.63,3.45
2017,Kawit,14.44,120.9,8,18.75,4.07,0.99,11.71,83.17,31.78,24.86,28.74,3.18
2017,Kawit,14.44,120.9,9,17.91,3.73,0.98,10.81,82.46,31.94,25.94,28.78,2.58
2017,Kawit,14.44,120.9,10,15.8,3.78,0.98,8.81,82.8,30.72,25.38,28.48,2.92
2017,Kawit,14.44,120.9,11,15.83,3.63,0.96,6.83,86.77,30.25,24.11,27.73,4.14
2017,Kawit,14.44,120.9,12,14.31,3.48,0.9,3.61,84.94,30.24,22.7,27.06,4.64
2017,Magallanes,14.19,120.73,1,15.21,5.13,0.85,3.01,85.15,28.71,23.0,26.18,4.82
2017,Magallanes,14.19,120.73,2,19.0,4.59,0.69,1.06,82.82,29.53,21.31,25.9,4.36
2017,Magallanes,14.19,120.73,3,22.49,2.94,0.54,0.56,78.33,32.55,22.68,27.23,3.59
2017,Magallanes,14.19,120.73,4,24.15,1.93,0.48,1.99,73.23,34.29,23.73,29.31,2.88
2017,Magallanes,14.19,120.73,5,21.8,2.83,0.53,5.27,77.69,33.46,26.26,29.71,2.39
2017,Magallanes,14.19,120.73,6,21.44,4.01,0.67,7.22,79.01,32.3,26.65,29.56,2.09
2017,Magallanes,14.19,120.73,7,15.93,4.02,0.86,12.87,84.02,31.29,26.28,28.63,3.15
2017,Magallanes,14.19,120.73,8,18.75,4.53,0.96,12.06,83.43,31.36,25.75,28.52,2.95
2017,Magallanes,14.19,120.73,9,17.91,4.24,0.98,13.69,83.18,31.57,25.98,28.48,2.51
2017,Magallanes,14.19,120.73,10,15.8,4.14,0.98,8.53,83.6,30.3,25.88,28.31,2.81
2017,Magallanes,14.19,120.73,11,15.83,4.68,0.97,9.42,87.0,29.99,24.97,27.77,4.16
2017,Magallanes,14.19,120.73,12,14.31,4.58,0.91,5.55,85.94,29.96,23.55,27.03,4.53
2017,Maragondon,14.27,120.73,1,15.21,3.72,0.85,2.3,83.35,29.18,21.98,26.43,4.85
2017,Maragondon,14.27,120.73,2,19.0,3.3,0.75,1.33,80.22,30.62,20.09,26.64,4.45
2017,Maragondon,14.27,120.73,3,22.49,2.38,0.64,0.65,73.84,33.57,22.5,28.97,3.82
2017,Maragondon,14.27,120.73,4,24.15,1.64,0.6,2.28,69.96,35.09,23.52,31.36,3.39
2017,Maragondon,14.27,120.73,5,21.8,2.54,0.68,5.97,76.79,34.16,26.16,30.52,2.61
2017,Maragondon,14.27,120.73,6,21.44,3.48,0.85,7.69,79.32,31.97,25.22,29.93,2.26
2017,Maragondon,14.27,120.73,7,15.93,3.52,0.96,13.84,84.14,31.5,26.11,28.63,3.45
2017,Maragondon,14.27,120.73,8,18.75,4.07,0.99,11.71,83.17,31.78,24.86,28.74,3.18
2017,Maragondon,14.27,120.73,9,17.91,3.73,0.98,10.81,82.46,31.94,25.94,28.78,2.58
2017,Maragondon,14.27,120.73,10,15.8,3.78,0.98,8.81,82.8,30.72,25.38,28.48,2.92
2017,Maragondon,14.27,120.73,11,15.83,3.63,0.96,6.83,86.77,30.25,24.11,27.73,4.14
2017,Maragondon,14.27,120.73,12,14.31,3.48,0.9,3.61,84.94,30.24,22.7,27.06,4.64
2017,Mendez,14.13,120.9,1,15.21,5.13,0.85,3.01,85.15,28.71,23.0,26.18,4.82
2017,Mendez,14.13,120.9,2,19.0,4.59,0.69,1.06,82.82,29.53,21.31,25.9,4.36
2017,Mendez,14.13,120.9,3,22.49,2.94,0.54,0.56,78.33,32.55,22.68,27.23,3.59
2017,Mendez,14.13,120.9,4,24.15,1.93,0.48,1.99,73.23,34.29,23.73,29.31,2.88
2017,Mendez,14.13,120.9,5,21.8,2.83,0.53,5.27,77.69,33.46,26.26,29.71,2.39
2017,Mendez,14.13,120.9,6,21.44,4.01,0.67,7.22,79.01,32.3,26.65,29.56,2.09
2017,Mendez,14.13,120.9,7,15.93,4.02,0.86,12.87,84.02,31.29,26.28,28.63,3.15
2017,Mendez,14.13,120.9,8,18.75,4.53,0.96,12.06,83.43,31.36,25.75,28.52,2.95
2017,Mendez,14.13,120.9,9,17.91,4.24,0.98,13.69,83.18,31.57,25.98,28.48,2.51
2017,Mendez,14.13,120.9,10,15.8,4.14,0.98,8.53,83.6,30.3,25.88,28.31,2.81
2017,Mendez,14.13,120.9,11,15.83,4.68,0.97,9.42,87.0,29.99,24.97,27.77,4.16
2017,Mendez,14.13,120.9,12,14.31,4.58,0.91,5.55,85.94,29.96,23.55,27.03,4.53
2017,Naic,14.32,120.77,1,15.21,3.72,0.85,2.3,83.35,29.18,21.98,26.43,4.85
2017,Naic,14.32,120.77,2,19.0,3.3,0.75,1.33,80.22,30.62,20.09,26.64,4.45
2017,Naic,14.32,120.77,3,22.49,2.38,0.64,0.65,73.84,33.57,22.5,28.97,3.82
2017,Naic,14.32,120.77,4,24.15,1.64,0.6,2.28,69.96,35.09,23.52,31.36,3.39
2017,Naic,14.32,120.77,5,21.8,2.54,0.68,5.97,76.79,34.16,26.16,30.52,2.61
2017,Naic,14.32,120.77,6,21.44,3.48,0.85,7.69,79.32,31.97,25.22,29.93,2.26
2017,Naic,14.32,120.77,7,15.93,3.52,0.96,13.84,84.14,31.5,26.11,28.63,3.45
2017,Naic,14.32,120.77,8,18.75,4.07,0.99,11.71,83.17,31.78,24.86,28.74,3.18
2017,Naic,14.32,120.77,9,17.91,3.73,0.98,10.81,82.46,31.94,25.94,28.78,2.58
2017,Naic,14.32,120.77,10,15.8,3.78,0.98,8.81,82.8,30.72,25.38,28.48,2.92
2017,Naic,14.32,120.77,11,15.83,3.63,0.96,6.83,86.77,30.25,24.11,27.73,4.14
2017,Naic,14.32,120.77,12,14.31,3.48,0.9,3.61,84.94,30.24,22.7,27.06,4.64
2017,Noveleta,14.43,120.88,1,15.21,3.72,0.85,2.3,83.35,29.18,21.98,26.43,4.85
2017,Noveleta,14.43,120.88,2,19.0,3.3,0.75,1.33,80.22,30.62,20.09,26.64,4.45
2017,Noveleta,14.43,120.88,3,22.49,2.38,0.64,0.65,73.84,33.57,22.5,28.97,3.82
2017,Noveleta,14.43,120.88,4,24.15,1.64,0.6,2.28,69.96,35.09,23.52,31.36,3.39
2017,Noveleta,14.43,120.88,5,21.8,2.54,0.68,5.97,76.79,34.16,26.16,30.52,2.61
2017,Noveleta,14.43,120.88,6,21.44,3.48,0.85,7.69,79.32,31.97,25.22,29.93,2.26
2017,Noveleta,14.43,120.88,7,15.93,3.52,0.96,13.84,84.14,31.5,26.11,28.63,3.45
2017,Noveleta,14.43,120.88,8,18.75,4.07,0.99,11.71,83.17,31.78,24.86,28.74,3.18
2017,Noveleta,14.43,120.88,9,17.91,3.73,0.98,10.81,82.46,31.94,25.94,28.78,2.58
2017,Noveleta,14.43,120.88,10,15.8,3.78,0.98,8.81,82.8,30.72,25.38,28.48,2.92
2017,Noveleta,14.43,120.88,11,15.83,3.63,0.96,6.83,86.77,30.25,24.11,27.73,4.14
2017,Noveleta,14.43,120.88,12,14.31,3.48,0.9,3.61,84.94,30.24,22.7,27.06,4.64
2017,Rosario,14.41,120.85,1,15.21,3.72,0.85,2.3,83.35,29.18,21.98,26.43,4.85
2017,Rosario,14.41,120.85,2,19.0,3.3,0.75,1.33,80.22,30.62,20.09,26.64,4.45
2017,Rosario,14.41,120.85,3,22.49,2.38,0.64,0.65,73.84,33.57,22.5,28.97,3.82
2017,Rosario,14.41,120.85,4,24.15,1.64,0.6,2.28,69.96,35.09,23.52,31.36,3.39
2017,Rosario,14.41,120.85,5,21.8,2.54,0.68,5.97,76.79,34.16,26.16,30.52,2.61
2017,Rosario,14.41,120.85,6,21.44,3.48,0.85,7.69,79.32,31.97,25.22,29.93,2.26
2017,Rosario,14.41,120.85,7,15.93,3.52,0.96,13.84,84.14,31.5,26.11,28.63,3.45
2017,Rosario,14.41,120.85,8,18.75,4.07,0.99,11.71,83.17,31.78,24.86,28.74,3.18
2017,Rosario,14.41,120.85,9,17.91,3.73,0.98,10.81,82.46,31.94,25.94,28.78,2.58
2017,Rosario,14.41,120.85,10,15.8,3.78,0.98,8.81,82.8,30.72,25.38,28.48,2.92
2017,Rosario,14.41,120.85,11,15.83,3.63,0.96,6.83,86.77,30.25,24.11,27.73,4.14
2017,Rosario,14.41,120.85,12,14.31,3.48,0.9,3.61,84.94,30.24,22.7,27.06,4.64
2017,Silang,14.23,120.97,1,15.21,4.79,0.96,7.79,89.9,28.59,20.02,24.24,1.77
2017,Silang,14.23,120.97,2,19.0,5.04,0.9,3.97,87.93,29.95,18.14,23.97,1.63
2017,Silang,14.23,120.97,3,22.49,4.83,0.76,1.92,84.27,32.72,19.93,25.47,1.49
2017,Silang,14.23,120.97,4,24.15,3.89,0.65,3.56,76.5,36.37,21.04,28.11,1.24
2017,Silang,14.23,120.97,5,21.8,3.73,0.68,5.17,80.46,35.15,24.21,28.68,1.08
2017,Silang,14.23,120.97,6,21.44,3.98,0.75,6.83,81.34,33.27,24.55,28.26,0.86
2017,Silang,14.23,120.97,7,15.93,4.11,0.89,10.84,86.93,35.54,23.97,27.09,1.18
2017,Silang,14.23,120.97,8,18.75,4.04,0.95,8.25,85.89,33.3,23.41,27.35,1.14
2017,Silang,14.23,120.97,9,17.91,4.01,0.97,16.82,85.95,34.09,23.52,27.34,1.01
2017,Silang,14.23,120.97,10,15.8,3.9,0.99,11.34,88.09,32.07,22.76,26.75,1.09
2017,Silang,14.23,120.97,11,15.83,4.23,0.99,17.54,91.69,29.99,22.73,26.2,1.54
2017,Silang,14.23,120.97,12,14.31,4.32,0.98,17.0,91.28,30.29,21.29,25.24,1.69
2017,Tagaytay City,14.11,120.96,1,15.21,4.79,0.96,7.79,89.9,28.59,20.02,24.24,1.77
2017,Tagaytay City,14.11,120.96,2,19.0,5.04,0.9,3.97,87.93,29.95,18.14,23.97,1.63
2017,Tagaytay City,14.11,120.96,3,22.49,4.83,0.76,1.92,84.27,32.72,19.93,25.47,1.49
2017,Tagaytay City,14.11,120.96,4,24.15,3.89,0.65,3.56,76.5,36.37,21.04,28.11,1.24
2017,Tagaytay City,14.11,120.96,5,21.8,3.73,0.68,5.17,80.46,35.15,24.21,28.68,1.08
2017,Tagaytay City,14.11,120.96,6,21.44,3.98,0.75,6.83,81.34,33.27,24.55,28.26,0.86
2017,Tagaytay City,14.11,120.96,7,15.93,4.11,0.89,10.84,86.93,35.54,23.97,27.09,1.18
2017,Tagaytay City,14.11,120.96,8,18.75,4.04,0.95,8.25,85.89,33.3,23.41,27.35,1.14
2017,Tagaytay City,14.11,120.96,9,17.91,4.01,0.97,16.82,85.95,34.09,23.52,27.34,1.01
2017,Tagaytay City,14.11,120.96,10,15.8,3.9,0.99,11.34,88.09,32.07,22.76,26.75,1.09
2017,Tagaytay City,14.11,120.96,11,15.83,4.23,0.99,17.54,91.69,29.99,22.73,26.2,1.54
2017,Tagaytay City,14.11,120.96,12,14.31,4.32,0.98,17.0,91.28,30.29,21.29,25.24,1.69
2017,Tanza,14.36,120.85,1,15.21,3.72,0.85,2.3,83.35,29.18,21.98,26.43,4.85
2017,Tanza,14.36,120.85,2,19.0,3.3,0.75,1.33,80.22,30.62,20.09,26.64,4.45
2017,Tanza,14.36,120.85,3,22.49,2.38,0.64,0.65,73.84,33.57,22.5,28.97,3.82
2017,Tanza,14.36,120.85,4,24.15,1.64,0.6,2.28,69.96,35.09,23.52,31.36,3.39
2017,Tanza,14.36,120.85,5,21.8,2.54,0.68,5.97,76.79,34.16,26.16,30.52,2.61
2017,Tanza,14.36,120.85,6,21.44,3.48,0.85,7.69,79.32,31.97,25.22,29.93,2.26
2017,Tanza,14.36,120.85,7,15.93,3.52,0.96,13.84,84.14,31.5,26.11,28.63,3.45
2017,Tanza,14.36,120.85,8,18.75,4.07,0.99,11.71,83.17,31.78,24.86,28.74,3.18
2017,Tanza,14.36,120.85,9,17.91,3.73,0.98,10.81,82.46,31.94,25.94,28.78,2.58
2017,Tanza,14.36,120.85,10,15.8,3.78,0.98,8.81,82.8,30.72,25.38,28.48,2.92
2017,Tanza,14.36,120.85,11,15.83,3.63,0.96,6.83,86.77,30.25,24.11,27.73,4.14
2017,Tanza,14.36,120.85,12,14.31,3.48,0.9,3.61,84.94,30.24,22.7,27.06,4.64
2017,Ternate,14.28,120.7,1,15.21,3.72,0.85,2.3,83.35,29.18,21.98,26.43,4.85
2017,Ternate,14.28,120.7,2,19.0,3.3,0.75,1.33,80.22,30.62,20.09,26.64,4.45
2017,Ternate,14.28,120.7,3,22.49,2.38,0.64,0.65,73.84,33.57,22.5,28.97,3.82
2017,Ternate,14.28,120.7,4,24.15,1.64,0.6,2.28,69.96,35.09,23.52,31.36,3.39
2017,Ternate,14.28,120.7,5,21.8,2.54,0.68,5.97,76.79,34.16,26.16,30.52,2.61
2017,Ternate,14.28,120.7,6,21.44,3.48,0.85,7.69,79.32,31.97,25.22,29.93,2.26
2017,Ternate,14.28,120.7,7,15.93,3.52,0.96,13.84,84.14,31.5,26.11,28.63,3.45
2017,Ternate,14.28,120.7,8,18.75,4.07,0.99,11.71,83.17,31.78,24.86,28.74,3.18
2017,Ternate,14.28,120.7,9,17.91,3.73,0.98,10.81,82.46,31.94,25.94,28.78,2.58
2017,Ternate,14.28,120.7,10,15.8,3.78,0.98,8.81,82.8,30.72,25.38,28.48,2.92
2017,Ternate,14.28,120.7,11,15.83,3.63,0.96,6.83,86.77,30.25,24.11,27.73,4.14
2017,Ternate,14.28,120.7,12,14.31,3.48,0.9,3.61,84.94,30.24,22.7,27.06,4.64
2017,Trece Martires City,14.28,120.86,1,15.21,3.72,0.85,2.3,83.35,29.18,21.98,26.43,4.85
2017,Trece Martires City,14.28,120.86,2,19.0,3.3,0.75,1.33,80.22,30.62,20.09,26.64,4.45
2017,Trece Martires City,14.28,120.86,3,22.49,2.38,0.64,0.65,73.84,33.57,22.5,28.97,3.82
2017,Trece Martires City,14.28,120.86,4,24.15,1.64,0.6,2.28,69.96,35.09,23.52,31.36,3.39
2017,Trece Martires City,14.28,120.86,5,21.8,2.54,0.68,5.97,76.79,34.16,26.16,30.52,2.61
2017,Trece Martires City,14.28,120.86,6,21.44,3.48,0.85,7.69,79.32,31.97,25.22,29.93,2.26
2017,Trece Martires City,14.28,120.86,7,15.93,3.52,0.96,13.84,84.14,31.5,26.11,28.63,3.45
2017,Trece Martires City,14.28,120.86,8,18.75,4.07,0.99,11.71,83.17,31.78,24.86,28.74,3.18
2017,Trece Martires City,14.28,120.86,9,17.91,3.73,0.98,10.81,82.46,31.94,25.94,28.78,2.58
2017,Trece Martires City,14.28,120.86,10,15.8,3.78,0.98,8.81,82.8,30.72,25.38,28.48,2.92
2017,Trece Martires City,14.28,120.86,11,15.83,3.63,0.96,6.83,86.77,30.25,24.11,27.73,4.14
2017,Trece Martires City,14.28,120.86,12,14.31,3.48,0.9,3.61,84.94,30.24,22.7,27.06,4.64
2018,Alfonso,14.14,120.85,1,15.37,4.67,0.79,2.22,85.92,29.08,22.7,26.3,4.42
2018,Alfonso,14.14,120.85,2,20.27,4.06,0.65,0.94,81.59,29.91,22.79,26.54,3.57
2018,Alfonso,14.14,120.85,3,22.62,2.93,0.53,1.18,76.98,32.3,23.25,27.49,3.66
2018,Alfonso,14.14,120.85,4,24.53,1.5,0.47,0.82,72.81,34.8,24.33,29.2,3.16
2018,Alfonso,14.14,120.85,5,23.64,2.25,0.49,4.5,73.83,34.51,26.37,30.11,2.65
2018,Alfonso,14.14,120.85,6,15.56,3.93,0.84,17.36,84.43,31.74,25.92,28.66,3.42
2018,Alfonso,14.14,120.85,7,12.8,3.56,0.98,21.64,88.97,28.78,25.6,27.89,3.95
2018,Alfonso,14.14,120.85,8,14.11,4.54,0.98,10.31,87.67,29.47,25.58,27.58,4.44
2018,Alfonso,14.14,120.85,9,18.68,4.21,0.98,9.3,85.52,30.09,25.53,27.82,2.94
2018,Alfonso,14.14,120.85,10,20.34,4.99,0.89,3.81,80.61,30.92,23.77,28.21,2.99
2018,Alfonso,14.14,120.85,11,18.21,5.1,0.72,1.61,82.65,30.48,24.59,27.6,4.12
2018,Alfonso,14.14,120.85,12,14.05,3.43,0.62,6.79,83.92,30.22,24.06,27.09,4.41
2018,Amadeo,14.17,120.92,1,15.37,4.67,0.79,2.22,85.92,29.08,22.7,26.3,4.42
2018,Amadeo,14.17,120.92,2,20.27,4.06,0.65,0.94,81.59,29.91,22.79,26.54,3.57
2018,Amadeo,14.17,120.92,3,22.62,2.93,0.53,1.18,76.98,32.3,23.25,27.49,3.66
2018,Amadeo,14.17,120.92,4,24.53,1.5,0.47,0.82,72.81,34.8,24.33,29.2,3.16
2018,Amadeo,14.17,120.92,5,23.64,2.25,0.49,4.5,73.83,34.51,26.37,30.11,2.65
2018,Amadeo,14.17,120.92,6,15.56,3.93,0.84,17.36,84.43,31.74,25.92,28.66,3.42
2018,Amadeo,14.17,120.92,7,12.8,3.56,0.98,21.64,88.97,28.78,25.6,27.89,3.95
2018,Amadeo,14.17,120.92,8,14.11,4.54,0.98,10.31,87.67,29.47,25.58,27.58,4.44
2018,Amadeo,14.17,120.92,9,18.68,4.21,0.98,9.3,85.52,30.09,25.53,27.82,2.94
2018,Amadeo,14.17,120.92,10,20.34,4.99,0.89,3.81,80.61,30.92,23.77,28.21,2.99
2018,Amadeo,14.17,120.92,11,18.21,5.1,0.72,1.61,82.65,30.48,24.59,27.6,4.12
2018,Amadeo,14.17,120.92,12,14.05,3.43,0.62,6.79,83.92,30.22,24.06,27.09,4.41
2018,Bacoor City,14.46,120.94,1,15.37,4.61,0.93,7.21,89.05,29.51,20.15,24.41,1.7
2018,Bacoor City,14.46,120.94,2,20.27,4.61,0.85,3.38,85.13,30.88,19.76,25.1,1.48
2018,Bacoor City,14.46,120.94,3,22.62,4.44,0.78,3.16,80.83,32.51,20.22,25.85,1.57
2018,Bacoor City,14.46,120.94,4,24.53,3.55,0.69,2.48,78.33,34.25,21.55,27.79,1.56
2018,Bacoor City,14.46,120.94,5,23.64,3.08,0.67,4.09,78.95,36.06,23.71,28.66,1.2
2018,Bacoor City,14.46,120.94,6,15.56,3.72,0.86,12.88,87.0,34.6,23.39,27.03,1.32
2018,Bacoor City,14.46,120.94,7,12.8,3.69,0.97,14.7,90.73,30.61,23.01,26.24,1.41
2018,Bacoor City,14.46,120.94,8,14.11,4.29,0.98,8.98,89.5,32.4,23.54,26.2,1.62
2018,Bacoor City,14.46,120.94,9,18.68,4.24,0.97,10.27,87.15,32.23,23.21,26.6,1.18
2018,Bacoor City,14.46,120.94,10,20.34,4.73,0.91,5.03,84.9,31.93,19.44,26.47,1.18
2018,Bacoor City,14.46,120.94,11,18.21,4.54,0.82,4.07,85.93,30.91,21.87,25.87,1.57
2018,Bacoor City,14.46,120.94,12,14.05,3.99,0.84,15.33,87.91,30.06,21.35,25.23,1.71
2018,Carmona,14.31,121.05,1,12.07,4.61,0.93,7.21,89.05,29.51,20.15,24.41,1.7
2018,Carmona,14.31,121.05,2,16.27,4.61,0.85,3.38,85.13,30.88,19.76,25.1,1.48
2018,Carmona,14.31,121.05,3,18.83,4.44,0.78,3.16,80.83,32.51,20.22,25.85,1.57
2018,Carmona,14.31,121.05,4,21.76,3.55,0.69,2.48,78.33,34.25,21.55,27.79,1.56
2018,Carmona,14.31,121.05,5,21.21,3.08,0.67,4.09,78.95,36.06,23.71,28.66,1.2
2018,Carmona,14.31,121.05,6,16.42,3.72,0.86,12.88,87.0,34.6,23.39,27.03,1.32
2018,Carmona,14.31,121.05,7,15.42,3.69,0.97,14.7,90.73,30.61,23.01,26.24,1.41
2018,Carmona,14.31,121.05,8,15.2,4.29,0.98,8.98,89.5,32.4,23.54,26.2,1.62
2018,Carmona,14.31,121.05,9,17.25,4.24,0.97,10.27,87.15,32.23,23.21,26.6,1.18
2018,Carmona,14.31,121.05,10,18.07,4.73,0.91,5.03,84.9,31.93,19.44,26.47,1.18
2018,Carmona,14.31,121.05,11,15.41,4.54,0.82,4.07,85.93,30.91,21.87,25.87,1.57
2018,Carmona,14.31,121.05,12,11.07,3.99,0.84,15.33,87.91,30.06,21.35,25.23,1.71
2018,Cavite City,14.48,120.9,1,15.37,3.3,0.81,2.16,83.86,29.97,21.83,26.74,4.51
2018,Cavite City,14.48,120.9,2,20.27,3.18,0.72,1.41,78.21,31.54,22.05,27.76,3.7
2018,Cavite City,14.48,120.9,3,22.62,2.51,0.63,1.23,72.28,32.99,22.4,29.25,3.85
2018,Cavite City,14.48,120.9,4,24.53,1.36,0.6,1.21,68.96,35.32,24.42,31.52,3.53
2018,Cavite City,14.48,120.9,5,23.64,2.2,0.63,3.95,71.53,34.8,26.45,31.48,2.85
2018,Cavite City,14.48,120.9,6,15.56,3.4,0.91,21.99,83.93,33.09,25.58,28.89,3.91
2018,Cavite City,14.48,120.9,7,12.8,3.21,1.0,22.42,88.13,28.68,25.1,27.84,4.33
2018,Cavite City,14.48,120.9,8,14.11,3.99,0.99,13.89,86.69,29.4,25.74,27.73,5.19
2018,Cavite City,14.48,120.9,9,18.68,3.74,0.99,10.69,85.49,30.27,25.38,28.04,3.14
2018,Cavite City,14.48,120.9,10,20.34,4.28,0.9,3.51,79.04,31.54,22.62,28.77,2.99
2018,Cavite City,14.48,120.9,11,18.21,3.48,0.77,1.23,79.82,31.2,23.71,28.26,4.15
2018,Cavite City,14.48,120.9,12,14.05,2.4,0.7,4.63,80.67,31.6,23.33,27.74,4.57
2018,Dasmarinas City,14.33,120.93,1,15.37,3.3,0.81,2.16,83.86,29.97,21.83,26.74,4.51
2018,Dasmarinas City,14.33,120.93,2,20.27,3.18,0.72,1.41,78.21,31.54,22.05,27.76,3.7
2018,Dasmarinas City,14.33,120.93,3,22.62,2.51,0.63,1.23,72.28,32.99,22.4,29.25,3.85
2018,Dasmarinas City,14.33,120.93,4,24.53,1.36,0.6,1.21,68.96,35.32,24.42,31.52,3.53
2018,Dasmarinas City,14.33,120.93,5,23.64,2.2,0.63,3.95,71.53,34.8,26.45,31.48,2.85
2018,Dasmarinas City,14.33,120.93,6,15.56,3.4,0.91,21.99,83.93,33.09,25.58,28.89,3.91
2018,Dasmarinas City,14.33,120.93,7,12.8,3.21,1.0,22.42,88.13,28.68,25.1,27.84,4.33
2018,Dasmarinas City,14.33,120.93,8,14.11,3.99,0.99,13.89,86.69,29.4,25.74,27.73,5.19
2018,Dasmarinas City,14.33,120.93,9,18.68,3.74,0.99,10.69,85.49,30.27,25.38,28.04,3.14
2018,Dasmarinas City,14.33,120.93,10,20.34,4.28,0.9,3.51,79.04,31.54,22.62,28.77,2.99
2018,Dasmarinas City,14.33,120.93,11,18.21,3.48,0.77,1.23,79.82,31.2,23.71,28.26,4.15
2018,Dasmarinas City,14.33,120.93,12,14.05,2.4,0.7,4.63,80.67,31.6,23.33,27.74,4.57
2018,General Emilio Aguinaldo,14.18,120.79,1,15.37,4.67,0.79,2.22,85.92,29.08,22.7,26.3,4.42
2018,General Emilio Aguinaldo,14.18,120.79,2,20.27,4.06,0.65,0.94,81.59,29.91,22.79,26.54,3.57
2018,General Emilio Aguinaldo,14.18,120.79,3,22.62,2.93,0.53,1.18,76.98,32.3,23.25,27.49,3.66
2018,General Emilio Aguinaldo,14.18,120.79,4,24.53,1.5,0.47,0.82,72.81,34.8,24.33,29.2,3.16
2018,General Emilio Aguinaldo,14.18,120.79,5,23.64,2.25,0.49,4.5,73.83,34.51,26.37,30.11,2.65
2018,General Emilio Aguinaldo,14.18,120.79,6,15.56,3.93,0.84,17.36,84.43,31.74,25.92,28.66,3.42
2018,General Emilio Aguinaldo,14.18,120.79,7,12.8,3.56,0.98,21.64,88.97,28.78,25.6,27.89,3.95
2018,General Emilio Aguinaldo,14.18,120.79,8,14.11,4.54,0.98,10.31,87.67,29.47,25.58,27.58,4.44
2018,General Emilio Aguinaldo,14.18,120.79,9,18.68,4.21,0.98,9.3,85.52,30.09,25.53,27.82,2.94
2018,General Emilio Aguinaldo,14.18,120.79,10,20.34,4.99,0.89,3.81,80.61,30.92,23.77,28.21,2.99
2018,General Emilio Aguinaldo,14.18,120.79,11,18.21,5.1,0.72,1.61,82.65,30.48,24.59,27.6,4.12
2018,General Emilio Aguinaldo,14.18,120.79,12,14.05,3.43,0.62,6.79,83.92,30.22,24.06,27.09,4.41
2018,General Mariano Alvarez,14.3,121.0,1,12.07,4.61,0.93,7.21,89.05,29.51,20.15,24.41,1.7
2018,General Mariano Alvarez,14.3,121.0,2,16.27,4.61,0.85,3.38,85.13,30.88,19.76,25.1,1.48
2018,General Mariano Alvarez,14.3,121.0,3,18.83,4.44,0.78,3.16,80.83,32.51,20.22,25.85,1.57
2018,General Mariano Alvarez,14.3,121.0,4,21.76,3.55,0.69,2.48,78.33,34.25,21.55,27.79,1.56
2018,General Mariano Alvarez,14.3,121.0,5,21.21,3.08,0.67,4.09,78.95,36.06,23.71,28.66,1.2
2018,General Mariano Alvarez,14.3,121.0,6,16.42,3.72,0.86,12.88,87.0,34.6,23.39,27.03,1.32
2018,General Mariano Alvarez,14.3,121.0,7,15.42,3.69,0.97,14.7,90.73,30.61,23.01,26.24,1.41
2018,General Mariano Alvarez,14.3,121.0,8,15.2,4.29,0.98,8.98,89.5,32.4,23.54,26.2,1.62
2018,General Mariano Alvarez,14.3,121.0,9,17.25,4.24,0.97,10.27,87.15,32.23,23.21,26.6,1.18
2018,General Mariano Alvarez,14.3,121.0,10,18.07,4.73,0.91,5.03,84.9,31.93,19.44,26.47,1.18
2018,General Mariano Alvarez,14.3,121.0,11,15.41,4.54,0.82,4.07,85.93,30.91,21.87,25.87,1.57
2018,General Mariano Alvarez,14.3,121.0,12,11.07,3.99,0.84,15.33,87.91,30.06,21.35,25.23,1.71
2018,General Trias,14.38,120.88,1,15.37,3.3,0.81,2.16,83.86,29.97,21.83,26.74,4.51
2018,General Trias,14.38,120.88,2,20.27,3.18,0.72,1.41,78.21,31.54,22.05,27.76,3.7
2018,General Trias,14.38,120.88,3,22.62,2.51,0.63,1.23,72.28,32.99,22.4,29.25,3.85
2018,General Trias,14.38,120.88,4,24.53,1.36,0.6,1.21,68.96,35.32,24.42,31.52,3.53
2018,General Trias,14.38,120.88,5,23.64,2.2,0.63,3.95,71.53,34.8,26.45,31.48,2.85
2018,General Trias,14.38,120.88,6,15.56,3.4,0.91,21.99,83.93,33.09,25.58,28.89,3.91
2018,General Trias,14.38,120.88,7,12.8,3.21,1.0,22.42,88.13,28.68,25.1,27.84,4.33
2018,General Trias,14.38,120.88,8,14.11,3.99,0.99,13.89,86.69,29.4,25.74,27.73,5.19
2018,General Trias,14.38,120.88,9,18.68,3.74,0.99,10.69,85.49,30.27,25.38,28.04,3.14
2018,General Trias,14.38,120.88,10,20.34,4.28,0.9,3.51,79.04,31.54,22.62,28.77,2.99
2018,General Trias,14.38,120.88,11,18.21,3.48,0.77,1.23,79.82,31.2,23.71,28.26,4.15
2018,General Trias,14.38,120.88,12,14.05,2.4,0.7,4.63,80.67,31.6,23.33,27.74,4.57
2018,Imus City,14.43,120.93,1,15.37,3.3,0.81,2.16,83.86,29.97,21.83,26.74,4.51
2018,Imus City,14.43,120.93,2,20.27,3.18,0.72,1.41,78.21,31.54,22.05,27.76,3.7
2018,Imus City,14.43,120.93,3,22.62,2.51,0.63,1.23,72.28,32.99,22.4,29.25,3.85
2018,Imus City,14.43,120.93,4,24.53,1.36,0.6,1.21,68.96,35.32,24.42,31.52,3.53
2018,Imus City,14.43,120.93,5,23.64,2.2,0.63,3.95,71.53,34.8,26.45,31.48,2.85
2018,Imus City,14.43,120.93,6,15.56,3.4,0.91,21.99,83.93,33.09,25.58,28.89,3.91
2018,Imus City,14.43,120.93,7,12.8,3.21,1.0,22.42,88.13,28.68,25.1,27.84,4.33
2018,Imus City,14.43,120.93,8,14.11,3.99,0.99,13.89,86.69,29.4,25.74,27.73,5.19
2018,Imus City,14.43,120.93,9,18.68,3.74,0.99,10.69,85.49,30.27,25.38,28.04,3.14
2018,Imus City,14.43,120.93,10,20.34,4.28,0.9,3.51,79.04,31.54,22.62,28.77,2.99
2018,Imus City,14.43,120.93,11,18.21,3.48,0.77,1.23,79.82,31.2,23.71,28.26,4.15
2018,Imus City,14.43,120.93,12,14.05,2.4,0.7,4.63,80.67,31.6,23.33,27.74,4.57
2018,Indang,14.19,120.87,1,15.37,4.67,0.79,2.22,85.92,29.08,22.7,26.3,4.42
2018,Indang,14.19,120.87,2,20.27,4.06,0.65,0.94,81.59,29.91,22.79,26.54,3.57
2018,Indang,14.19,120.87,3,22.62,2.93,0.53,1.18,76.98,32.3,23.25,27.49,3.66
2018,Indang,14.19,120.87,4,24.53,1.5,0.47,0.82,72.81,34.8,24.33,29.2,3.16
2018,Indang,14.19,120.87,5,23.64,2.25,0.49,4.5,73.83,34.51,26.37,30.11,2.65
2018,Indang,14.19,120.87,6,15.56,3.93,0.84,17.36,84.43,31.74,25.92,28.66,3.42
2018,Indang,14.19,120.87,7,12.8,3.56,0.98,21.64,88.97,28.78,25.6,27.89,3.95
2018,Indang,14.19,120.87,8,14.11,4.54,0.98,10.31,87.67,29.47,25.58,27.58,4.44
2018,Indang,14.19,120.87,9,18.68,4.21,0.98,9.3,85.52,30.09,25.53,27.82,2.94
2018,Indang,14.19,120.87,10,20.34,4.99,0.89,3.81,80.61,30.92,23.77,28.21,2.99
2018,Indang,14.19,120.87,11,18.21,5.1,0.72,1.61,82.65,30.48,24.59,27.6,4.12
2018,Indang,14.19,120.87,12,14.05,3.43,0.62,6.79,83.92,30.22,24.06,27.09,4.41
2018,Kawit,14.44,120.9,1,15.37,3.3,0.81,2.16,83.86,29.97,21.83,26.74,4.51
2018,Kawit,14.44,120.9,2,20.27,3.18,0.72,1.41,78.21,31.54,22.05,27.76,3.7
2018,Kawit,14.44,120.9,3,22.62,2.51,0.63,1.23,72.28,32.99,22.4,29.25,3.85
2018,Kawit,14.44,120.9,4,24.53,1.36,0.6,1.21,68.96,35.32,24.42,31.52,3.53
2018,Kawit,14.44,120.9,5,23.64,2.2,0.63,3.95,71.53,34.8,26.45,31.48,2.85
2018,Kawit,14.44,120.9,6,15.56,3.4,0.91,21.99,83.93,33.09,25.58,28.89,3.91
2018,Kawit,14.44,120.9,7,12.8,3.21,1.0,22.42,88.13,28.68,25.1,27.84,4.33
2018,Kawit,14.44,120.9,8,14.11,3.99,0.99,13.89,86.69,29.4,25.74,27.73,5.19
2018,Kawit,14.44,120.9,9,18.68,3.74,0.99,10.69,85.49,30.27,25.38,28.04,3.14
2018,Kawit,14.44,120.9,10,20.34,4.28,0.9,3.51,79.04,31.54,22.62,28.77,2.99
2018,Kawit,14.44,120.9,11,18.21,3.48,0.77,1.23,79.82,31.2,23.71,28.26,4.15
2018,Kawit,14.44,120.9,12,14.05,2.4,0.7,4.63,80.67,31.6,23.33,27.74,4.57
2018,Magallanes,14.19,120.73,1,15.37,4.67,0.79,2.22,85.92,29.08,22.7,26.3,4.42
2018,Magallanes,14.19,120.73,2,20.27,4.06,0.65,0.94,81.59,29.91,22.79,26.54,3.57
2018,Magallanes,14.19,120.73,3,22.62,2.93,0.53,1.18,76.98,32.3,23.25,27.49,3.66
2018,Magallanes,14.19,120.73,4,24.53,1.5,0.47,0.82,72.81,34.8,24.33,29.2,3.16
2018,Magallanes,14.19,120.73,5,23.64,2.25,0.49,4.5,73.83,34.51,26.37,30.11,2.65
2018,Magallanes,14.19,120.73,6,15.56,3.93,0.84,17.36,84.43,31.74,25.92,28.66,3.42
2018,Magallanes,14.19,120.73,7,12.8,3.56,0.98,21.64,88.97,28.78,25.6,27.89,3.95
2018,Magallanes,14.19,120.73,8,14.11,4.54,0.98,10.31,87.67,29.47,25.58,27.58,4.44
2018,Magallanes,14.19,120.73,9,18.68,4.21,0.98,9.3,85.52,30.09,25.53,27.82,2.94
2018,Magallanes,14.19,120.73,10,20.34,4.99,0.89,3.81,80.61,30.92,23.77,28.21,2.99
2018,Magallanes,14.19,120.73,11,18.21,5.1,0.72,1.61,82.65,30.48,24.59,27.6,4.12
2018,Magallanes,14.19,120.73,12,14.05,3.43,0.62,6.79,83.92,30.22,24.06,27.09,4.41
2018,Maragondon,14.27,120.73,1,15.37,3.3,0.81,2.16,83.86,29.97,21.83,26.74,4.51
2018,Maragondon,14.27,120.73,2,20.27,3.18,0.72,1.41,78.21,31.54,22.05,27.76,3.7
2018,Maragondon,14.27,120.73,3,22.62,2.51,0.63,1.23,72.28,32.99,22.4,29.25,3.85
2018,Maragondon,14.27,120.73,4,24.53,1.36,0.6,1.21,68.96,35.32,24.42,31.52,3.53
2018,Maragondon,14.27,120.73,5,23.64,2.2,0.63,3.95,71.53,34.8,26.45,31.48,2.85
2018,Maragondon,14.27,120.73,6,15.56,3.4,0.91,21.99,83.93,33.09,25.58,28.89,3.91
2018,Maragondon,14.27,120.73,7,12.8,3.21,1.0,22.42,88.13,28.68,25.1,27.84,4.33
2018,Maragondon,14.27,120.73,8,14.11,3.99,0.99,13.89,86.69,29.4,25.74,27.73,5.19
2018,Maragondon,14.27,120.73,9,18.68,3.74,0.99,10.69,85.49,30.27,25.38,28.04,3.14
2018,Maragondon,14.27,120.73,10,20.34,4.28,0.9,3.51,79.04,31.54,22.62,28.77,2.99
2018,Maragondon,14.27,120.73,11,18.21,3.48,0.77,1.23,79.82,31.2,23.71,28.26,4.15
2018,Maragondon,14.27,120.73,12,14.05,2.4,0.7,4.63,80.67,31.6,23.33,27.74,4.57
2018,Mendez,14.13,120.9,1,15.37,4.67,0.79,2.22,85.92,29.08,22.7,26.3,4.42
2018,Mendez,14.13,120.9,2,20.27,4.06,0.65,0.94,81.59,29.91,22.79,26.54,3.57
2018,Mendez,14.13,120.9,3,22.62,2.93,0.53,1.18,76.98,32.3,23.25,27.49,3.66
2018,Mendez,14.13,120.9,4,24.53,1.5,0.47,0.82,72.81,34.8,24.33,29.2,3.16
2018,Mendez,14.13,120.9,5,23.64,2.25,0.49,4.5,73.83,34.51,26.37,30.11,2.65
2018,Mendez,14.13,120.9,6,15.56,3.93,0.84,17.36,84.43,31.74,25.92,28.66,3.42
2018,Mendez,14.13,120.9,7,12.8,3.56,0.98,21.64,88.97,28.78,25.6,27.89,3.95
2018,Mendez,14.13,120.9,8,14.11,4.54,0.98,10.31,87.67,29.47,25.58,27.58,4.44
2018,Mendez,14.13,120.9,9,18.68,4.21,0.98,9.3,85.52,30.09,25.53,27.82,2.94
2018,Mendez,14.13,120.9,10,20.34,4.99,0.89,3.81,80.61,30.92,23.77,28.21,2.99
2018,Mendez,14.13,120.9,11,18.21,5.1,0.72,1.61,82.65,30.48,24.59,27.6,4.12
2018,Mendez,14.13,120.9,12,14.05,3.43,0.62,6.79,83.92,30.22,24.06,27.09,4.41
2018,Naic,14.32,120.77,1,15.37,3.3,0.81,2.16,83.86,29.97,21.83,26.74,4.51
2018,Naic,14.32,120.77,2,20.27,3.18,0.72,1.41,78.21,31.54,22.05,27.76,3.7
2018,Naic,14.32,120.77,3,22.62,2.51,0.63,1.23,72.28,32.99,22.4,29.25,3.85
2018,Naic,14.32,120.77,4,24.53,1.36,0.6,1.21,68.96,35.32,24.42,31.52,3.53
2018,Naic,14.32,120.77,5,23.64,2.2,0.63,3.95,71.53,34.8,26.45,31.48,2.85
2018,Naic,14.32,120.77,6,15.56,3.4,0.91,21.99,83.93,33.09,25.58,28.89,3.91
2018,Naic,14.32,120.77,7,12.8,3.21,1.0,22.42,88.13,28.68,25.1,27.84,4.33
2018,Naic,14.32,120.77,8,14.11,3.99,0.99,13.89,86.69,29.4,25.74,27.73,5.19
2018,Naic,14.32,120.77,9,18.68,3.74,0.99,10.69,85.49,30.27,25.38,28.04,3.14
2018,Naic,14.32,120.77,10,20.34,4.28,0.9,3.51,79.04,31.54,22.62,28.77,2.99
2018,Naic,14.32,120.77,11,18.21,3.48,0.77,1.23,79.82,31.2,23.71,28.26,4.15
2018,Naic,14.32,120.77,12,14.05,2.4,0.7,4.63,80.67,31.6,23.33,27.74,4.57
2018,Noveleta,14.43,120.88,1,15.37,3.3,0.81,2.16,83.86,29.97,21.83,26.74,4.51
2018,Noveleta,14.43,120.88,2,20.27,3.18,0.72,1.41,78.21,31.54,22.05,27.76,3.7
2018,Noveleta,14.43,120.88,3,22.62,2.51,0.63,1.23,72.28,32.99,22.4,29.25,3.85
2018,Noveleta,14.43,120.88,4,24.53,1.36,0.6,1.21,68.96,35.32,24.42,31.52,3.53
2018,Noveleta,14.43,120.88,5,23.64,2.2,0.63,3.95,71.53,34.8,26.45,31.48,2.85
2018,Noveleta,14.43,120.88,6,15.56,3.4,0.91,21.99,83.93,33.09,25.58,28.89,3.91
2018,Noveleta,14.43,120.88,7,12.8,3.21,1.0,22.42,88.13,28.68,25.1,27.84,4.33
2018,Noveleta,14.43,120.88,8,14.11,3.99,0.99,13.89,86.69,29.4,25.74,27.73,5.19
2018,Noveleta,14.43,120.88,9,18.68,3.74,0.99,10.69,85.49,30.27,25.38,28.04,3.14
2018,Noveleta,14.43,120.88,10,20.34,4.28,0.9,3.51,79.04,31.54,22.62,28.77,2.99
2018,Noveleta,14.43,120.88,11,18.21,3.48,0.77,1.23,79.82,31.2,23.71,28.26,4.15
2018,Noveleta,14.43,120.88,12,14.05,2.4,0.7,4.63,80.67,31.6,23.33,27.74,4.57
2018,Rosario,14.41,120.85,1,15.37,3.3,0.81,2.16,83.86,29.97,21.83,26.74,4.51
2018,Rosario,14.41,120.85,2,20.27,3.18,0.72,1.41,78.21,31.54,22.05,27.76,3.7
2018,Rosario,14.41,120.85,3,22.62,2.51,0.63,1.23,72.28,32.99,22.4,29.25,3.85
2018,Rosario,14.41,120.85,4,24.53,1.36,0.6,1.21,68.96,35.32,24.42,31.52,3.53
2018,Rosario,14.41,120.85,5,23.64,2.2,0.63,3.95,71.53,34.8,26.45,31.48,2.85
2018,Rosario,14.41,120.85,6,15.56,3.4,0.91,21.99,83.93,33.09,25.58,28.89,3.91
2018,Rosario,14.41,120.85,7,12.8,3.21,1.0,22.42,88.13,28.68,25.1,27.84,4.33
2018,Rosario,14.41,120.85,8,14.11,3.99,0.99,13.89,86.69,29.4,25.74,27.73,5.19
2018,Rosario,14.41,120.85,9,18.68,3.74,0.99,10.69,85.49,30.27,25.38,28.04,3.14
2018,Rosario,14.41,120.85,10,20.34,4.28,0.9,3.51,79.04,31.54,22.62,28.77,2.99
2018,Rosario,14.41,120.85,11,18.21,3.48,0.77,1.23,79.82,31.2,23.71,28.26,4.15
2018,Rosario,14.41,120.85,12,14.05,2.4,0.7,4.63,80.67,31.6,23.33,27.74,4.57
2018,Silang,14.23,120.97,1,15.37,4.33,0.95,7.11,90.42,29.48,20.44,24.59,1.67
2018,Silang,14.23,120.97,2,20.27,4.82,0.88,3.34,87.22,30.4,19.83,24.95,1.43
2018,Silang,14.23,120.97,3,22.62,4.99,0.78,2.95,83.69,31.96,19.69,25.57,1.49
2018,Silang,14.23,120.97,4,24.53,4.01,0.67,2.47,79.7,34.68,21.42,27.62,1.52
2018,Silang,14.23,120.97,5,23.64,3.08,0.64,4.87,79.76,35.71,23.57,28.7,1.23
2018,Silang,14.23,120.97,6,15.56,3.62,0.85,10.83,87.17,33.92,23.75,27.2,1.28
2018,Silang,14.23,120.97,7,12.8,3.49,0.96,13.16,90.77,30.45,23.09,26.46,1.41
2018,Silang,14.23,120.97,8,14.11,4.16,0.97,6.04,88.4,31.98,23.28,26.42,1.55
2018,Silang,14.23,120.97,9,18.68,4.14,0.96,8.29,87.21,32.23,23.35,26.72,1.22
2018,Silang,14.23,120.97,10,20.34,4.44,0.91,4.53,85.88,32.2,20.98,26.56,1.17
2018,Silang,14.23,120.97,11,18.21,4.7,0.84,5.66,87.95,30.93,21.88,25.9,1.54
2018,Silang,14.23,120.97,12,14.05,4.07,0.87,16.07,90.49,29.72,21.28,25.15,1.65
2018,Tagaytay City,14.11,120.96,1,15.37,4.33,0.95,7.11,90.42,29.48,20.44,24.59,1.67
2018,Tagaytay City,14.11,120.96,2,20.27,4.82,0.88,3.34,87.22,30.4,19.83,24.95,1.43
2018,Tagaytay City,14.11,120.96,3,22.62,4.99,0.78,2.95,83.69,31.96,19.69,25.57,1.49
2018,Tagaytay City,14.11,120.96,4,24.53,4.01,0.67,2.47,79.7,34.68,21.42,27.62,1.52
2018,Tagaytay City,14.11,120.96,5,23.64,3.08,0.64,4.87,79.76,35.71,23.57,28.7,1.23
2018,Tagaytay City,14.11,120.96,6,15.56,3.62,0.85,10.83,87.17,33.92,23.75,27.2,1.28
2018,Tagaytay City,14.11,120.96,7,12.8,3.49,0.96,13.16,90.77,30.45,23.09,26.46,1.41
2018,Tagaytay City,14.11,120.96,8,14.11,4.16,0.97,6.04,88.4,31.98,23.28,26.42,1.55
2018,Tagaytay City,14.11,120.96,9,18.68,4.14,0.96,8.29,87.21,32.23,23.35,26.72,1.22
2018,Tagaytay City,14.11,120.96,10,20.34,4.44,0.91,4.53,85.88,32.2,20.98,26.56,1.17
2018,Tagaytay City,14.11,120.96,11,18.21,4.7,0.84,5.66,87.95,30.93,21.88,25.9,1.54
2018,Tagaytay City,14.11,120.96,12,14.05,4.07,0.87,16.07,90.49,29.72,21.28,25.15,1.65
2018,Tanza,14.36,120.85,1,15.37,3.3,0.81,2.16,83.86,29.97,21.83,26.74,4.51
2018,Tanza,14.36,120.85,2,20.27,3.18,0.72,1.41,78.21,31.54,22.05,27.76,3.7
2018,Tanza,14.36,120.85,3,22.62,2.51,0.63,1.23,72.28,32.99,22.4,29.25,3.85
2018,Tanza,14.36,120.85,4,24.53,1.36,0.6,1.21,68.96,35.32,24.42,31.52,3.53
2018,Tanza,14.36,120.85,5,23.64,2.2,0.63,3.95,71.53,34.8,26.45,31.48,2.85
2018,Tanza,14.36,120.85,6,15.56,3.4,0.91,21.99,83.93,33.09,25.58,28.89,3.91
2018,Tanza,14.36,120.85,7,12.8,3.21,1.0,22.42,88.13,28.68,25.1,27.84,4.33
2018,Tanza,14.36,120.85,8,14.11,3.99,0.99,13.89,86.69,29.4,25.74,27.73,5.19
2018,Tanza,14.36,120.85,9,18.68,3.74,0.99,10.69,85.49,30.27,25.38,28.04,3.14
2018,Tanza,14.36,120.85,10,20.34,4.28,0.9,3.51,79.04,31.54,22.62,28.77,2.99
2018,Tanza,14.36,120.85,11,18.21,3.48,0.77,1.23,79.82,31.2,23.71,28.26,4.15
2018,Tanza,14.36,120.85,12,14.05,2.4,0.7,4.63,80.67,31.6,23.33,27.74,4.57
2018,Ternate,14.28,120.7,1,15.37,3.3,0.81,2.16,83.86,29.97,21.83,26.74,4.51
2018,Ternate,14.28,120.7,2,20.27,3.18,0.72,1.41,78.21,31.54,22.05,27.76,3.7
2018,Ternate,14.28,120.7,3,22.62,2.51,0.63,1.23,72.28,32.99,22.4,29.25,3.85
2018,Ternate,14.28,120.7,4,24.53,1.36,0.6,1.21,68.96,35.32,24.42,31.52,3.53
2018,Ternate,14.28,120.7,5,23.64,2.2,0.63,3.95,71.53,34.8,26.45,31.48,2.85
2018,Ternate,14.28,120.7,6,15.56,3.4,0.91,21.99,83.93,33.09,25.58,28.89,3.91
2018,Ternate,14.28,120.7,7,12.8,3.21,1.0,22.42,88.13,28.68,25.1,27.84,4.33
2018,Ternate,14.28,120.7,8,14.11,3.99,0.99,13.89,86.69,29.4,25.74,27.73,5.19
2018,Ternate,14.28,120.7,9,18.68,3.74,0.99,10.69,85.49,30.27,25.38,28.04,3.14
2018,Ternate,14.28,120.7,10,20.34,4.28,0.9,3.51,79.04,31.54,22.62,28.77,2.99
2018,Ternate,14.28,120.7,11,18.21,3.48,0.77,1.23,79.82,31.2,23.71,28.26,4.15
2018,Ternate,14.28,120.7,12,14.05,2.4,0.7,4.63,80.67,31.6,23.33,27.74,4.57
2018,Trece Martires City,14.28,120.86,1,15.37,3.3,0.81,2.16,83.86,29.97,21.83,26.74,4.51
2018,Trece Martires City,14.28,120.86,2,20.27,3.18,0.72,1.41,78.21,31.54,22.05,27.76,3.7
2018,Trece Martires City,14.28,120.86,3,22.62,2.51,0.63,1.23,72.28,32.99,22.4,29.25,3.85
2018,Trece Martires City,14.28,120.86,4,24.53,1.36,0.6,1.21,68.96,35.32,24.42,31.52,3.53
2018,Trece Martires City,14.28,120.86,5,23.64,2.2,0.63,3.95,71.53,34.8,26.45,31.48,2.85
2018,Trece Martires City,14.28,120.86,6,15.56,3.4,0.91,21.99,83.93,33.09,25.58,28.89,3.91
2018,Trece Martires City,14.28,120.86,7,12.8,3.21,1.0,22.42,88.13,28.68,25.1,27.84,4.33
2018,Trece Martires City,14.28,120.86,8,14.11,3.99,0.99,13.89,86.69,29.4,25.74,27.73,5.19
2018,Trece Martires City,14.28,120.86,9,18.68,3.74,0.99,10.69,85.49,30.27,25.38,28.04,3.14
2018,Trece Martires City,14.28,120.86,10,20.34,4.28,0.9,3.51,79.04,31.54,22.62,28.77,2.99
2018,Trece Martires City,14.28,120.86,11,18.21,3.48,0.77,1.23,79.82,31.2,23.71,28.26,4.15
2018,Trece Martires City,14.28,120.86,12,14.05,2.4,0.7,4.63,80.67,31.6,23.33,27.74,4.57
2019,Alfonso,14.14,120.85,1,17.4,4.46,0.69,1.31,81.55,29.01,21.44,25.87,4.67
2019,Alfonso,14.14,120.85,2,21.52,2.59,0.53,0.25,76.59,30.02,22.36,26.18,4.02
2019,Alfonso,14.14,120.85,3,24.25,0.81,0.46,0.1,69.61,33.96,22.67,28.4,2.95
2019,Alfonso,14.14,120.85,4,24.96,0.86,0.45,0.75,66.95,34.68,24.62,30.24,2.65
2019,Alfonso,14.14,120.85,5,21.36,2.28,0.5,5.16,74.71,34.45,27.21,30.11,2.18
2019,Alfonso,14.14,120.85,6,20.74,3.55,0.62,7.91,81.17,33.16,26.53,29.66,2.92
2019,Alfonso,14.14,120.85,7,17.3,3.79,0.83,10.09,84.07,30.54,25.98,28.5,3.12
2019,Alfonso,14.14,120.85,8,13.76,4.47,0.97,14.85,87.85,29.36,25.17,27.9,4.6
2019,Alfonso,14.14,120.85,9,15.88,4.65,0.97,10.98,85.81,30.9,25.4,27.78,3.64
2019,Alfonso,14.14,120.85,10,20.42,4.86,0.87,3.19,81.59,30.8,25.44,28.18,2.99
2019,Alfonso,14.14,120.85,11,15.29,3.92,0.88,5.62,84.22,30.02,23.99,27.72,3.24
2019,Alfonso,14.14,120.85,12,15.76,4.91,0.83,6.96,85.38,29.72,23.82,26.65,4.29
2019,Amadeo,14.17,120.92,1,17.4,4.46,0.69,1.31,81.55,29.01,21.44,25.87,4.67
2019,Amadeo,14.17,120.92,2,21.52,2.59,0.53,0.25,76.59,30.02,22.36,26.18,4.02
2019,Amadeo,14.17,120.92,3,24.25,0.81,0.46,0.1,69.61,33.96,22.67,28.4,2.95
2019,Amadeo,14.17,120.92,4,24.96,0.86,0.45,0.75,66.95,34.68,24.62,30.24,2.65
2019,Amadeo,14.17,120.92,5,21.36,2.28,0.5,5.16,74.71,34.45,27.21,30.11,2.18
2019,Amadeo,14.17,120.92,6,20.74,3.55,0.62,7.91,81.17,33.16,26.53,29.66,2.92
2019,Amadeo,14.17,120.92,7,17.3,3.79,0.83,10.09,84.07,30.54,25.98,28.5,3.12
2019,Amadeo,14.17,120.92,8,13.76,4.47,0.97,14.85,87.85,29.36,25.17,27.9,4.6
2019,Amadeo,14.17,120.92,9,15.88,4.65,0.97,10.98,85.81,30.9,25.4,27.78,3.64
2019,Amadeo,14.17,120.92,10,20.42,4.86,0.87,3.19,81.59,30.8,25.44,28.18,2.99
2019,Amadeo,14.17,120.92,11,15.29,3.92,0.88,5.62,84.22,30.02,23.99,27.72,3.24
2019,Amadeo,14.17,120.92,12,15.76,4.91,0.83,6.96,85.38,29.72,23.82,26.65,4.29
2019,Bacoor City,14.46,120.94,1,17.4,4.98,0.89,3.4,85.84,28.07,17.69,23.73,1.75
2019,Bacoor City,14.46,120.94,2,21.52,3.59,0.74,1.02,80.24,30.72,18.91,24.35,1.63
2019,Bacoor City,14.46,120.94,3,24.25,1.83,0.63,0.57,72.17,34.73,19.13,27.2,1.45
2019,Bacoor City,14.46,120.94,4,24.96,1.79,0.61,1.7,70.43,37.1,21.25,29.16,1.36
2019,Bacoor City,14.46,120.94,5,21.36,3.17,0.68,6.73,76.73,37.57,23.59,28.97,0.94
2019,Bacoor City,14.46,120.94,6,20.74,3.69,0.76,6.26,83.82,36.08,24.29,28.41,1.17
2019,Bacoor City,14.46,120.94,7,17.3,3.53,0.86,7.89,86.55,32.74,23.63,26.86,1.16
2019,Bacoor City,14.46,120.94,8,13.76,4.1,0.95,10.4,90.26,29.95,22.99,26.43,1.76
2019,Bacoor City,14.46,120.94,9,15.88,4.29,0.97,9.23,87.91,32.58,22.82,26.4,1.36
2019,Bacoor City,14.46,120.94,10,20.42,4.83,0.91,5.43,85.4,33.6,22.54,26.68,1.16
2019,Bacoor City,14.46,120.94,11,15.29,3.74,0.93,6.62,88.62,31.31,21.07,25.8,1.21
2019,Bacoor City,14.46,120.94,12,15.76,4.73,0.91,10.35,88.34,30.45,20.78,25.13,1.66
2019,Carmona,14.31,121.05,1,14.2,4.98,0.89,3.4,85.84,28.07,17.69,23.73,1.75
2019,Carmona,14.31,121.05,2,18.87,3.59,0.74,1.02,80.24,30.72,18.91,24.35,1.63
2019,Carmona,14.31,121.05,3,21.77,1.83,0.63,0.57,72.17,34.73,19.13,27.2,1.45
2019,Carmona,14.31,121.05,4,23.45,1.79,0.61,1.7,70.43,37.1,21.25,29.16,1.36
2019,Carmona,14.31,121.05,5,20.81,3.17,0.68,6.73,76.73,37.57,23.59,28.97,0.94
2019,Carmona,14.31,121.05,6,20.46,3.69,0.76,6.26,83.82,36.08,24.29,28.41,1.17
2019,Carmona,14.31,121.05,7,17.88,3.53,0.86,7.89,86.55,32.74,23.63,26.86,1.16
2019,Carmona,14.31,121.05,8,14.76,4.1,0.95,10.4,90.26,29.95,22.99,26.43,1.76
2019,Carmona,14.31,121.05,9,15.57,4.29,0.97,9.23,87.91,32.58,22.82,26.4,1.36
2019,Carmona,14.31,121.05,10,17.05,4.83,0.91,5.43,85.4,33.6,22.54,26.68,1.16
2019,Carmona,14.31,121.05,11,13.48,3.74,0.93,6.62,88.62,31.31,21.07,25.8,1.21
2019,Carmona,14.31,121.05,12,13.3,4.73,0.91,10.35,88.34,30.45,20.78,25.13,1.66
2019,Cavite City,14.48,120.9,1,17.4,3.04,0.74,0.77,79.13,29.78,20.4,26.5,4.72
2019,Cavite City,14.48,120.9,2,21.52,1.59,0.62,0.17,72.18,31.3,21.67,27.92,4.2
2019,Cavite City,14.48,120.9,3,24.25,0.3,0.59,0.23,65.13,34.63,22.97,31.09,3.38
2019,Cavite City,14.48,120.9,4,24.96,1.15,0.6,1.19,64.94,35.67,25.08,32.32,3.15
2019,Cavite City,14.48,120.9,5,21.36,2.46,0.68,6.99,75.51,34.08,26.61,30.92,2.5
2019,Cavite City,14.48,120.9,6,20.74,3.28,0.81,9.71,80.94,33.26,26.42,30.14,3.23
2019,Cavite City,14.48,120.9,7,17.3,3.36,0.96,11.23,84.12,30.24,25.87,28.56,3.49
2019,Cavite City,14.48,120.9,8,13.76,3.92,0.99,16.93,87.15,29.28,25.07,27.91,5.35
2019,Cavite City,14.48,120.9,9,15.88,4.08,0.99,12.28,85.26,31.17,25.25,27.96,4.02
2019,Cavite City,14.48,120.9,10,20.42,4.06,0.91,3.58,80.4,31.22,24.88,28.64,2.93
2019,Cavite City,14.48,120.9,11,15.29,3.2,0.92,4.99,83.92,30.28,22.78,27.8,3.27
2019,Cavite City,14.48,120.9,12,15.76,3.69,0.84,4.57,83.49,29.97,22.81,27.1,4.38
2019,Dasmarinas City,14.33,120.93,1,17.4,3.04,0.74,0.77,79.13,29.78,20.4,26.5,4.72
2019,Dasmarinas City,14.33,120.93,2,21.52,1.59,0.62,0.17,72.18,31.3,21.67,27.92,4.2
2019,Dasmarinas City,14.33,120.93,3,24.25,0.3,0.59,0.23,65.13,34.63,22.97,31.09,3.38
2019,Dasmarinas City,14.33,120.93,4,24.96,1.15,0.6,1.19,64.94,35.67,25.08,32.32,3.15
2019,Dasmarinas City,14.33,120.93,5,21.36,2.46,0.68,6.99,75.51,34.08,26.61,30.92,2.5
2019,Dasmarinas City,14.33,120.93,6,20.74,3.28,0.81,9.71,80.94,33.26,26.42,30.14,3.23
2019,Dasmarinas City,14.33,120.93,7,17.3,3.36,0.96,11.23,84.12,30.24,25.87,28.56,3.49
2019,Dasmarinas City,14.33,120.93,8,13.76,3.92,0.99,16.93,87.15,29.28,25.07,27.91,5.35
2019,Dasmarinas City,14.33,120.93,9,15.88,4.08,0.99,12.28,85.26,31.17,25.25,27.96,4.02
2019,Dasmarinas City,14.33,120.93,10,20.42,4.06,0.91,3.58,80.4,31.22,24.88,28.64,2.93
2019,Dasmarinas City,14.33,120.93,11,15.29,3.2,0.92,4.99,83.92,30.28,22.78,27.8,3.27
2019,Dasmarinas City,14.33,120.93,12,15.76,3.69,0.84,4.57,83.49,29.97,22.81,27.1,4.38
2019,General Emilio Aguinaldo,14.18,120.79,1,17.4,4.46,0.69,1.31,81.55,29.01,21.44,25.87,4.67
2019,General Emilio Aguinaldo,14.18,120.79,2,21.52,2.59,0.53,0.25,76.59,30.02,22.36,26.18,4.02
2019,General Emilio Aguinaldo,14.18,120.79,3,24.25,0.81,0.46,0.1,69.61,33.96,22.67,28.4,2.95
2019,General Emilio Aguinaldo,14.18,120.79,4,24.96,0.86,0.45,0.75,66.95,34.68,24.62,30.24,2.65
2019,General Emilio Aguinaldo,14.18,120.79,5,21.36,2.28,0.5,5.16,74.71,34.45,27.21,30.11,2.18
2019,General Emilio Aguinaldo,14.18,120.79,6,20.74,3.55,0.62,7.91,81.17,33.16,26.53,29.66,2.92
2019,General Emilio Aguinaldo,14.18,120.79,7,17.3,3.79,0.83,10.09,84.07,30.54,25.98,28.5,3.12
2019,General Emilio Aguinaldo,14.18,120.79,8,13.76,4.47,0.97,14.85,87.85,29.36,25.17,27.9,4.6
2019,General Emilio Aguinaldo,14.18,120.79,9,15.88,4.65,0.97,10.98,85.81,30.9,25.4,27.78,3.64
2019,General Emilio Aguinaldo,14.18,120.79,10,20.42,4.86,0.87,3.19,81.59,30.8,25.44,28.18,2.99
2019,General Emilio Aguinaldo,14.18,120.79,11,15.29,3.92,0.88,5.62,84.22,30.02,23.99,27.72,3.24
2019,General Emilio Aguinaldo,14.18,120.79,12,15.76,4.91,0.83,6.96,85.38,29.72,23.82,26.65,4.29
2019,General Mariano Alvarez,14.3,121.0,1,14.2,4.98,0.89,3.4,85.84,28.07,17.69,23.73,1.75
2019,General Mariano Alvarez,14.3,121.0,2,18.87,3.59,0.74,1.02,80.24,30.72,18.91,24.35,1.63
2019,General Mariano Alvarez,14.3,121.0,3,21.77,1.83,0.63,0.57,72.17,34.73,19.13,27.2,1.45
2019,General Mariano Alvarez,14.3,121.0,4,23.45,1.79,0.61,1.7,70.43,37.1,21.25,29.16,1.36
2019,General Mariano Alvarez,14.3,121.0,5,20.81,3.17,0.68,6.73,76.73,37.57,23.59,28.97,0.94
2019,General Mariano Alvarez,14.3,121.0,6,20.46,3.69,0.76,6.26,83.82,36.08,24.29,28.41,1.17
2019,General Mariano Alvarez,14.3,121.0,7,17.88,3.53,0.86,7.89,86.55,32.74,23.63,26.86,1.16
2019,General Mariano Alvarez,14.3,121.0,8,14.76,4.1,0.95,10.4,90.26,29.95,22.99,26.43,1.76
2019,General Mariano Alvarez,14.3,121.0,9,15.57,4.29,0.97,9.23,87.91,32.58,22.82,26.4,1.36
2019,General Mariano Alvarez,14.3,121.0,10,17.05,4.83,0.91,5.43,85.4,33.6,22.54,26.68,1.16
2019,General Mariano Alvarez,14.3,121.0,11,13.48,3.74,0.93,6.62,88.62,31.31,21.07,25.8,1.21
2019,General Mariano Alvarez,14.3,121.0,12,13.3,4.73,0.91,10.35,88.34,30.45,20.78,25.13,1.66
2019,General Trias,14.38,120.88,1,17.4,3.04,0.74,0.77,79.13,29.78,20.4,26.5,4.72
2019,General Trias,14.38,120.88,2,21.52,1.59,0.62,0.17,72.18,31.3,21.67,27.92,4.2
2019,General Trias,14.38,120.88,3,24.25,0.3,0.59,0.23,65.13,34.63,22.97,31.09,3.38
2019,General Trias,14.38,120.88,4,24.96,1.15,0.6,1.19,64.94,35.67,25.08,32.32,3.15
2019,General Trias,14.38,120.88,5,21.36,2.46,0.68,6.99,75.51,34.08,26.61,30.92,2.5
2019,General Trias,14.38,120.88,6,20.74,3.28,0.81,9.71,80.94,33.26,26.42,30.14,3.23
2019,General Trias,14.38,120.88,7,17.3,3.36,0.96,11.23,84.12,30.24,25.87,28.56,3.49
2019,General Trias,14.38,120.88,8,13.76,3.92,0.99,16.93,87.15,29.28,25.07,27.91,5.35
2019,General Trias,14.38,120.88,9,15.88,4.08,0.99,12.28,85.26,31.17,25.25,27.96,4.02
2019,General Trias,14.38,120.88,10,20.42,4.06,0.91,3.58,80.4,31.22,24.88,28.64,2.93
2019,General Trias,14.38,120.88,11,15.29,3.2,0.92,4.99,83.92,30.28,22.78,27.8,3.27
2019,General Trias,14.38,120.88,12,15.76,3.69,0.84,4.57,83.49,29.97,22.81,27.1,4.38
2019,Imus City,14.43,120.93,1,17.4,3.04,0.74,0.77,79.13,29.78,20.4,26.5,4.72
2019,Imus City,14.43,120.93,2,21.52,1.59,0.62,0.17,72.18,31.3,21.67,27.92,4.2
2019,Imus City,14.43,120.93,3,24.25,0.3,0.59,0.23,65.13,34.63,22.97,31.09,3.38
2019,Imus City,14.43,120.93,4,24.96,1.15,0.6,1.19,64.94,35.67,25.08,32.32,3.15
2019,Imus City,14.43,120.93,5,21.36,2.46,0.68,6.99,75.51,34.08,26.61,30.92,2.5
2019,Imus City,14.43,120.93,6,20.74,3.28,0.81,9.71,80.94,33.26,26.42,30.14,3.23
2019,Imus City,14.43,120.93,7,17.3,3.36,0.96,11.23,84.12,30.24,25.87,28.56,3.49
2019,Imus City,14.43,120.93,8,13.76,3.92,0.99,16.93,87.15,29.28,25.07,27.91,5.35
2019,Imus City,14.43,120.93,9,15.88,4.08,0.99,12.28,85.26,31.17,25.25,27.96,4.02
2019,Imus City,14.43,120.93,10,20.42,4.06,0.91,3.58,80.4,31.22,24.88,28.64,2.93
2019,Imus City,14.43,120.93,11,15.29,3.2,0.92,4.99,83.92,30.28,22.78,27.8,3.27
2019,Imus City,14.43,120.93,12,15.76,3.69,0.84,4.57,83.49,29.97,22.81,27.1,4.38
2019,Indang,14.19,120.87,1,17.4,4.46,0.69,1.31,81.55,29.01,21.44,25.87,4.67
2019,Indang,14.19,120.87,2,21.52,2.59,0.53,0.25,76.59,30.02,22.36,26.18,4.02
2019,Indang,14.19,120.87,3,24.25,0.81,0.46,0.1,69.61,33.96,22.67,28.4,2.95
2019,Indang,14.19,120.87,4,24.96,0.86,0.45,0.75,66.95,34.68,24.62,30.24,2.65
2019,Indang,14.19,120.87,5,21.36,2.28,0.5,5.16,74.71,34.45,27.21,30.11,2.18
2019,Indang,14.19,120.87,6,20.74,3.55,0.62,7.91,81.17,33.16,26.53,29.66,2.92
2019,Indang,14.19,120.87,7,17.3,3.79,0.83,10.09,84.07,30.54,25.98,28.5,3.12
2019,Indang,14.19,120.87,8,13.76,4.47,0.97,14.85,87.85,29.36,25.17,27.9,4.6
2019,Indang,14.19,120.87,9,15.88,4.65,0.97,10.98,85.81,30.9,25.4,27.78,3.64
2019,Indang,14.19,120.87,10,20.42,4.86,0.87,3.19,81.59,30.8,25.44,28.18,2.99
2019,Indang,14.19,120.87,11,15.29,3.92,0.88,5.62,84.22,30.02,23.99,27.72,3.24
2019,Indang,14.19,120.87,12,15.76,4.91,0.83,6.96,85.38,29.72,23.82,26.65,4.29
2019,Kawit,14.44,120.9,1,17.4,3.04,0.74,0.77,79.13,29.78,20.4,26.5,4.72
2019,Kawit,14.44,120.9,2,21.52,1.59,0.62,0.17,72.18,31.3,21.67,27.92,4.2
2019,Kawit,14.44,120.9,3,24.25,0.3,0.59,0.23,65.13,34.63,22.97,31.09,3.38
2019,Kawit,14.44,120.9,4,24.96,1.15,0.6,1.19,64.94,35.67,25.08,32.32,3.15
2019,Kawit,14.44,120.9,5,21.36,2.46,0.68,6.99,75.51,34.08,26.61,30.92,2.5
2019,Kawit,14.44,120.9,6,20.74,3.28,0.81,9.71,80.94,33.26,26.42,30.14,3.23
2019,Kawit,14.44,120.9,7,17.3,3.36,0.96,11.23,84.12,30.24,25.87,28.56,3.49
2019,Kawit,14.44,120.9,8,13.76,3.92,0.99,16.93,87.15,29.28,25.07,27.91,5.35
2019,Kawit,14.44,120.9,9,15.88,4.08,0.99,12.28,85.26,31.17,25.25,27.96,4.02
2019,Kawit,14.44,120.9,10,20.42,4.06,0.91,3.58,80.4,31.22,24.88,28.64,2.93
2019,Kawit,14.44,120.9,11,15.29,3.2,0.92,4.99,83.92,30.28,22.78,27.8,3.27
2019,Kawit,14.44,120.9,12,15.76,3.69,0.84,4.57,83.49,29.97,22.81,27.1,4.38
2019,Magallanes,14.19,120.73,1,17.4,4.46,0.69,1.31,81.55,29.01,21.44,25.87,4.67
2019,Magallanes,14.19,120.73,2,21.52,2.59,0.53,0.25,76.59,30.02,22.36,26.18,4.02
2019,Magallanes,14.19,120.73,3,24.25,0.81,0.46,0.1,69.61,33.96,22.67,28.4,2.95
2019,Magallanes,14.19,120.73,4,24.96,0.86,0.45,0.75,66.95,34.68,24.62,30.24,2.65
2019,Magallanes,14.19,120.73,5,21.36,2.28,0.5,5.16,74.71,34.45,27.21,30.11,2.18
2019,Magallanes,14.19,120.73,6,20.74,3.55,0.62,7.91,81.17,33.16,26.53,29.66,2.92
2019,Magallanes,14.19,120.73,7,17.3,3.79,0.83,10.09,84.07,30.54,25.98,28.5,3.12
2019,Magallanes,14.19,120.73,8,13.76,4.47,0.97,14.85,87.85,29.36,25.17,27.9,4.6
2019,Magallanes,14.19,120.73,9,15.88,4.65,0.97,10.98,85.81,30.9,25.4,27.78,3.64
2019,Magallanes,14.19,120.73,10,20.42,4.86,0.87,3.19,81.59,30.8,25.44,28.18,2.99
2019,Magallanes,14.19,120.73,11,15.29,3.92,0.88,5.62,84.22,30.02,23.99,27.72,3.24
2019,Magallanes,14.19,120.73,12,15.76,4.91,0.83,6.96,85.38,29.72,23.82,26.65,4.29
2019,Maragondon,14.27,120.73,1,17.4,3.04,0.74,0.77,79.13,29.78,20.4,26.5,4.72
2019,Maragondon,14.27,120.73,2,21.52,1.59,0.62,0.17,72.18,31.3,21.67,27.92,4.2
2019,Maragondon,14.27,120.73,3,24.25,0.3,0.59,0.23,65.13,34.63,22.97,31.09,3.38
2019,Maragondon,14.27,120.73,4,24.96,1.15,0.6,1.19,64.94,35.67,25.08,32.32,3.15
2019,Maragondon,14.27,120.73,5,21.36,2.46,0.68,6.99,75.51,34.08,26.61,30.92,2.5
2019,Maragondon,14.27,120.73,6,20.74,3.28,0.81,9.71,80.94,33.26,26.42,30.14,3.23
2019,Maragondon,14.27,120.73,7,17.3,3.36,0.96,11.23,84.12,30.24,25.87,28.56,3.49
2019,Maragondon,14.27,120.73,8,13.76,3.92,0.99,16.93,87.15,29.28,25.07,27.91,5.35
2019,Maragondon,14.27,120.73,9,15.88,4.08,0.99,12.28,85.26,31.17,25.25,27.96,4.02
2019,Maragondon,14.27,120.73,10,20.42,4.06,0.91,3.58,80.4,31.22,24.88,28.64,2.93
2019,Maragondon,14.27,120.73,11,15.29,3.2,0.92,4.99,83.92,30.28,22.78,27.8,3.27
2019,Maragondon,14.27,120.73,12,15.76,3.69,0.84,4.57,83.49,29.97,22.81,27.1,4.38
2019,Mendez,14.13,120.9,1,17.4,4.46,0.69,1.31,81.55,29.01,21.44,25.87,4.67
2019,Mendez,14.13,120.9,2,21.52,2.59,0.53,0.25,76.59,30.02,22.36,26.18,4.02
2019,Mendez,14.13,120.9,3,24.25,0.81,0.46,0.1,69.61,33.96,22.67,28.4,2.95
2019,Mendez,14.13,120.9,4,24.96,0.86,0.45,0.75,66.95,34.68,24.62,30.24,2.65
2019,Mendez,14.13,120.9,5,21.36,2.28,0.5,5.16,74.71,34.45,27.21,30.11,2.18
2019,Mendez,14.13,120.9,6,20.74,3.55,0.62,7.91,81.17,33.16,26.53,29.66,2.92
2019,Mendez,14.13,120.9,7,17.3,3.79,0.83,10.09,84.07,30.54,25.98,28.5,3.12
2019,Mendez,14.13,120.9,8,13.76,4.47,0.97,14.85,87.85,29.36,25.17,27.9,4.6
2019,Mendez,14.13,120.9,9,15.88,4.65,0.97,10.98,85.81,30.9,25.4,27.78,3.64
2019,Mendez,14.13,120.9,10,20.42,4.86,0.87,3.19,81.59,30.8,25.44,28.18,2.99
2019,Mendez,14.13,120.9,11,15.29,3.92,0.88,5.62,84.22,30.02,23.99,27.72,3.24
2019,Mendez,14.13,120.9,12,15.76,4.91,0.83,6.96,85.38,29.72,23.82,26.65,4.29
2019,Naic,14.32,120.77,1,17.4,3.04,0.74,0.77,79.13,29.78,20.4,26.5,4.72
2019,Naic,14.32,120.77,2,21.52,1.59,0.62,0.17,72.18,31.3,21.67,27.92,4.2
2019,Naic,14.32,120.77,3,24.25,0.3,0.59,0.23,65.13,34.63,22.97,31.09,3.38
2019,Naic,14.32,120.77,4,24.96,1.15,0.6,1.19,64.94,35.67,25.08,32.32,3.15
2019,Naic,14.32,120.77,5,21.36,2.46,0.68,6.99,75.51,34.08,26.61,30.92,2.5
2019,Naic,14.32,120.77,6,20.74,3.28,0.81,9.71,80.94,33.26,26.42,30.14,3.23
2019,Naic,14.32,120.77,7,17.3,3.36,0.96,11.23,84.12,30.24,25.87,28.56,3.49
2019,Naic,14.32,120.77,8,13.76,3.92,0.99,16.93,87.15,29.28,25.07,27.91,5.35
2019,Naic,14.32,120.77,9,15.88,4.08,0.99,12.28,85.26,31.17,25.25,27.96,4.02
2019,Naic,14.32,120.77,10,20.42,4.06,0.91,3.58,80.4,31.22,24.88,28.64,2.93
2019,Naic,14.32,120.77,11,15.29,3.2,0.92,4.99,83.92,30.28,22.78,27.8,3.27
2019,Naic,14.32,120.77,12,15.76,3.69,0.84,4.57,83.49,29.97,22.81,27.1,4.38
2019,Noveleta,14.43,120.88,1,17.4,3.04,0.74,0.77,79.13,29.78,20.4,26.5,4.72
2019,Noveleta,14.43,120.88,2,21.52,1.59,0.62,0.17,72.18,31.3,21.67,27.92,4.2
2019,Noveleta,14.43,120.88,3,24.25,0.3,0.59,0.23,65.13,34.63,22.97,31.09,3.38
2019,Noveleta,14.43,120.88,4,24.96,1.15,0.6,1.19,64.94,35.67,25.08,32.32,3.15
2019,Noveleta,14.43,120.88,5,21.36,2.46,0.68,6.99,75.51,34.08,26.61,30.92,2.5
2019,Noveleta,14.43,120.88,6,20.74,3.28,0.81,9.71,80.94,33.26,26.42,30.14,3.23
2019,Noveleta,14.43,120.88,7,17.3,3.36,0.96,11.23,84.12,30.24,25.87,28.56,3.49
2019,Noveleta,14.43,120.88,8,13.76,3.92,0.99,16.93,87.15,29.28,25.07,27.91,5.35
2019,Noveleta,14.43,120.88,9,15.88,4.08,0.99,12.28,85.26,31.17,25.25,27.96,4.02
2019,Noveleta,14.43,120.88,10,20.42,4.06,0.91,3.58,80.4,31.22,24.88,28.64,2.93
2019,Noveleta,14.43,120.88,11,15.29,3.2,0.92,4.99,83.92,30.28,22.78,27.8,3.27
2019,Noveleta,14.43,120.88,12,15.76,3.69,0.84,4.57,83.49,29.97,22.81,27.1,4.38
2019,Rosario,14.41,120.85,1,17.4,3.04,0.74,0.77,79.13,29.78,20.4,26.5,4.72
2019,Rosario,14.41,120.85,2,21.52,1.59,0.62,0.17,72.18,31.3,21.67,27.92,4.2
2019,Rosario,14.41,120.85,3,24.25,0.3,0.59,0.23,65.13,34.63,22.97,31.09,3.38
2019,Rosario,14.41,120.85,4,24.96,1.15,0.6,1.19,64.94,35.67,25.08,32.32,3.15
2019,Rosario,14.41,120.85,5,21.36,2.46,0.68,6.99,75.51,34.08,26.61,30.92,2.5
2019,Rosario,14.41,120.85,6,20.74,3.28,0.81,9.71,80.94,33.26,26.42,30.14,3.23
2019,Rosario,14.41,120.85,7,17.3,3.36,0.96,11.23,84.12,30.24,25.87,28.56,3.49
2019,Rosario,14.41,120.85,8,13.76,3.92,0.99,16.93,87.15,29.28,25.07,27.91,5.35
2019,Rosario,14.41,120.85,9,15.88,4.08,0.99,12.28,85.26,31.17,25.25,27.96,4.02
2019,Rosario,14.41,120.85,10,20.42,4.06,0.91,3.58,80.4,31.22,24.88,28.64,2.93
2019,Rosario,14.41,120.85,11,15.29,3.2,0.92,4.99,83.92,30.28,22.78,27.8,3.27
2019,Rosario,14.41,120.85,12,15.76,3.69,0.84,4.57,83.49,29.97,22.81,27.1,4.38
2019,Silang,14.23,120.97,1,17.4,5.07,0.9,3.1,87.35,28.22,17.47,23.83,1.74
2019,Silang,14.23,120.97,2,21.52,4.37,0.73,0.76,82.18,30.51,18.82,24.14,1.59
2019,Silang,14.23,120.97,3,24.25,2.01,0.6,0.27,72.62,34.17,18.99,27.22,1.4
2019,Silang,14.23,120.97,4,24.96,1.66,0.56,1.3,68.75,36.42,21.67,29.38,1.39
2019,Silang,14.23,120.97,5,21.36,2.54,0.6,5.22,73.87,37.77,23.93,29.53,0.97
2019,Silang,14.23,120.97,6,20.74,3.32,0.69,5.3,83.14,35.7,24.53,28.67,1.17
2019,Silang,14.23,120.97,7,17.3,3.42,0.78,6.96,85.52,33.64,23.67,27.2,1.13
2019,Silang,14.23,120.97,8,13.76,4.02,0.91,8.92,89.16,30.73,23.33,26.75,1.73
2019,Silang,14.23,120.97,9,15.88,4.19,0.94,7.73,87.3,33.31,23.01,26.63,1.35
2019,Silang,14.23,120.97,10,20.42,4.41,0.91,6.24,86.34,32.17,23.01,26.74,1.15
2019,Silang,14.23,120.97,11,15.29,3.61,0.95,7.03,89.16,31.45,21.3,26.09,1.21
2019,Silang,14.23,120.97,12,15.76,4.63,0.93,10.39,89.27,31.03,20.72,25.27,1.67
2019,Tagaytay City,14.11,120.96,1,17.4,5.07,0.9,3.1,87.35,28.22,17.47,23.83,1.74
2019,Tagaytay City,14.11,120.96,2,21.52,4.37,0.73,0.76,82.18,30.51,18.82,24.14,1.59
2019,Tagaytay City,14.11,120.96,3,24.25,2.01,0.6,0.27,72.62,34.17,18.99,27.22,1.4
2019,Tagaytay City,14.11,120.96,4,24.96,1.66,0.56,1.3,68.75,36.42,21.67,29.38,1.39
2019,Tagaytay City,14.11,120.96,5,21.36,2.54,0.6,5.22,73.87,37.77,23.93,29.53,0.97
2019,Tagaytay City,14.11,120.96,6,20.74,3.32,0.69,5.3,83.14,35.7,24.53,28.67,1.17
2019,Tagaytay City,14.11,120.96,7,17.3,3.42,0.78,6.96,85.52,33.64,23.67,27.2,1.13
2019,Tagaytay City,14.11,120.96,8,13.76,4.02,0.91,8.92,89.16,30.73,23.33,26.75,1.73
2019,Tagaytay City,14.11,120.96,9,15.88,4.19,0.94,7.73,87.3,33.31,23.01,26.63,1.35
2019,Tagaytay City,14.11,120.96,10,20.42,4.41,0.91,6.24,86.34,32.17,23.01,26.74,1.15
2019,Tagaytay City,14.11,120.96,11,15.29,3.61,0.95,7.03,89.16,31.45,21.3,26.09,1.21
2019,Tagaytay City,14.11,120.96,12,15.76,4.63,0.93,10.39,89.27,31.03,20.72,25.27,1.67
2019,Tanza,14.36,120.85,1,17.4,3.04,0.74,0.77,79.13,29.78,20.4,26.5,4.72
2019,Tanza,14.36,120.85,2,21.52,1.59,0.62,0.17,72.18,31.3,21.67,27.92,4.2
2019,Tanza,14.36,120.85,3,24.25,0.3,0.59,0.23,65.13,34.63,22.97,31.09,3.38
2019,Tanza,14.36,120.85,4,24.96,1.15,0.6,1.19,64.94,35.67,25.08,32.32,3.15
2019,Tanza,14.36,120.85,5,21.36,2.46,0.68,6.99,75.51,34.08,26.61,30.92,2.5
2019,Tanza,14.36,120.85,6,20.74,3.28,0.81,9.71,80.94,33.26,26.42,30.14,3.23
2019,Tanza,14.36,120.85,7,17.3,3.36,0.96,11.23,84.12,30.24,25.87,28.56,3.49
2019,Tanza,14.36,120.85,8,13.76,3.92,0.99,16.93,87.15,29.28,25.07,27.91,5.35
2019,Tanza,14.36,120.85,9,15.88,4.08,0.99,12.28,85.26,31.17,25.25,27.96,4.02
2019,Tanza,14.36,120.85,10,20.42,4.06,0.91,3.58,80.4,31.22,24.88,28.64,2.93
2019,Tanza,14.36,120.85,11,15.29,3.2,0.92,4.99,83.92,30.28,22.78,27.8,3.27
2019,Tanza,14.36,120.85,12,15.76,3.69,0.84,4.57,83.49,29.97,22.81,27.1,4.38
2019,Ternate,14.28,120.7,1,17.4,3.04,0.74,0.77,79.13,29.78,20.4,26.5,4.72
2019,Ternate,14.28,120.7,2,21.52,1.59,0.62,0.17,72.18,31.3,21.67,27.92,4.2
2019,Ternate,14.28,120.7,3,24.25,0.3,0.59,0.23,65.13,34.63,22.97,31.09,3.38
2019,Ternate,14.28,120.7,4,24.96,1.15,0.6,1.19,64.94,35.67,25.08,32.32,3.15
2019,Ternate,14.28,120.7,5,21.36,2.46,0.68,6.99,75.51,34.08,26.61,30.92,2.5
2019,Ternate,14.28,120.7,6,20.74,3.28,0.81,9.71,80.94,33.26,26.42,30.14,3.23
2019,Ternate,14.28,120.7,7,17.3,3.36,0.96,11.23,84.12,30.24,25.87,28.56,3.49
2019,Ternate,14.28,120.7,8,13.76,3.92,0.99,16.93,87.15,29.28,25.07,27.91,5.35
2019,Ternate,14.28,120.7,9,15.88,4.08,0.99,12.28,85.26,31.17,25.25,27.96,4.02
2019,Ternate,14.28,120.7,10,20.42,4.06,0.91,3.58,80.4,31.22,24.88,28.64,2.93
2019,Ternate,14.28,120.7,11,15.29,3.2,0.92,4.99,83.92,30.28,22.78,27.8,3.27
2019,Ternate,14.28,120.7,12,15.76,3.69,0.84,4.57,83.49,29.97,22.81,27.1,4.38
2019,Trece Martires City,14.28,120.86,1,17.4,3.04,0.74,0.77,79.13,29.78,20.4,26.5,4.72
2019,Trece Martires City,14.28,120.86,2,21.52,1.59,0.62,0.17,72.18,31.3,21.67,27.92,4.2
2019,Trece Martires City,14.28,120.86,3,24.25,0.3,0.59,0.23,65.13,34.63,22.97,31.09,3.38
2019,Trece Martires City,14.28,120.86,4,24.96,1.15,0.6,1.19,64.94,35.67,25.08,32.32,3.15
2019,Trece Martires City,14.28,120.86,5,21.36,2.46,0.68,6.99,75.51,34.08,26.61,30.92,2.5
2019,Trece Martires City,14.28,120.86,6,20.74,3.28,0.81,9.71,80.94,33.26,26.42,30.14,3.23
2019,Trece Martires City,14.28,120.86,7,17.3,3.36,0.96,11.23,84.12,30.24,25.87,28.56,3.49
2019,Trece Martires City,14.28,120.86,8,13.76,3.92,0.99,16.93,87.15,29.28,25.07,27.91,5.35
2019,Trece Martires City,14.28,120.86,9,15.88,4.08,0.99,12.28,85.26,31.17,25.25,27.96,4.02
2019,Trece Martires City,14.28,120.86,10,20.42,4.06,0.91,3.58,80.4,31.22,24.88,28.64,2.93
2019,Trece Martires City,14.28,120.86,11,15.29,3.2,0.92,4.99,83.92,30.28,22.78,27.8,3.27
2019,Trece Martires City,14.28,120.86,12,15.76,3.69,0.84,4.57,83.49,29.97,22.81,27.1,4.38
2020,Alfonso,14.14,120.85,1,17.35,4.67,0.69,1.66,82.64,29.81,22.6,26.21,4.01
2020,Alfonso,14.14,120.85,2,19.87,3.63,0.59,3.65,81.16,29.2,21.78,25.77,4.87
2020,Alfonso,14.14,120.85,3,24.03,2.98,0.56,2.54,80.11,31.8,23.35,27.43,3.27
2020,Alfonso,14.14,120.85,4,23.88,2.98,0.54,3.5,78.94,32.19,24.54,28.75,3.22
2020,Alfonso,14.14,120.85,5,23.06,2.9,0.56,4.01,77.7,33.16,25.99,30.09,2.21
2020,Alfonso,14.14,120.85,6,21.32,4.24,0.76,13.97,79.43,33.36,26.09,29.54,2.42
2020,Alfonso,14.14,120.85,7,20.27,4.12,0.9,9.43,80.8,31.45,26.41,29.07,2.23
2020,Alfonso,14.14,120.85,8,16.84,4.1,0.98,7.87,83.48,30.87,25.79,28.44,2.83
2020,Alfonso,14.14,120.85,9,20.28,3.99,0.93,6.78,82.22,31.29,25.42,28.71,2.24
2020,Alfonso,14.14,120.85,10,14.9,3.6,0.99,26.41,86.14,29.9,25.14,28.34,3.12
2020,Alfonso,14.14,120.85,11,15.35,4.41,0.98,21.12,86.65,30.04,24.37,27.6,4.15
2020,Alfonso,14.14,120.85,12,14.37,3.78,0.97,9.04,87.19,29.41,24.04,27.19,3.8
2020,Amadeo,14.17,120.92,1,17.35,4.67,0.69,1.66,82.64,29.81,22.6,26.21,4.01
2020,Amadeo,14.17,120.92,2,19.87,3.63,0.59,3.65,81.16,29.2,21.78,25.77,4.87
2020,Amadeo,14.17,120.92,3,24.03,2.98,0.56,2.54,80.11,31.8,23.35,27.43,3.27
2020,Amadeo,14.17,120.92,4,23.88,2.98,0.54,3.5,78.94,32.19,24.54,28.75,3.22
2020,Amadeo,14.17,120.92,5,23.06,2.9,0.56,4.01,77.7,33.16,25.99,30.09,2.21
2020,Amadeo,14.17,120.92,6,21.32,4.24,0.76,13.97,79.43,33.36,26.09,29.54,2.42
2020,Amadeo,14.17,120.92,7,20.27,4.12,0.9,9.43,80.8,31.45,26.41,29.07,2.23
2020,Amadeo,14.17,120.92,8,16.84,4.1,0.98,7.87,83.48,30.87,25.79,28.44,2.83
2020,Amadeo,14.17,120.92,9,20.28,3.99,0.93,6.78,82.22,31.29,25.42,28.71,2.24
2020,Amadeo,14.17,120.92,10,14.9,3.6,0.99,26.41,86.14,29.9,25.14,28.34,3.12
2020,Amadeo,14.17,120.92,11,15.35,4.41,0.98,21.12,86.65,30.04,24.37,27.6,4.15
2020,Amadeo,14.17,120.92,12,14.37,3.78,0.97,9.04,87.19,29.41,24.04,27.19,3.8
2020,Bacoor City,14.46,120.94,1,17.35,4.64,0.84,4.39,83.86,31.67,19.66,24.85,1.59
2020,Bacoor City,14.46,120.94,2,19.87,5.3,0.86,25.43,84.98,29.75,18.46,23.87,1.9
2020,Bacoor City,14.46,120.94,3,24.03,5.91,0.91,18.56,84.8,32.72,20.62,25.92,1.36
2020,Bacoor City,14.46,120.94,4,23.88,5.95,0.87,20.18,84.18,34.23,21.79,27.15,1.31
2020,Bacoor City,14.46,120.94,5,23.06,4.79,0.89,7.92,82.99,33.8,23.21,28.43,0.97
2020,Bacoor City,14.46,120.94,6,21.32,4.47,0.93,19.95,84.01,34.33,23.6,27.84,1.0
2020,Bacoor City,14.46,120.94,7,20.27,3.9,0.95,8.15,84.77,31.97,24.03,27.32,0.93
2020,Bacoor City,14.46,120.94,8,16.84,4.23,0.98,7.98,86.05,31.59,23.56,26.89,1.05
2020,Bacoor City,14.46,120.94,9,20.28,4.12,0.94,9.02,85.03,33.08,22.99,27.39,0.93
2020,Bacoor City,14.46,120.94,10,14.9,3.78,1.0,33.88,90.1,31.66,22.34,26.48,1.19
2020,Bacoor City,14.46,120.94,11,15.35,4.53,1.0,35.85,90.68,30.9,22.01,25.72,1.6
2020,Bacoor City,14.46,120.94,12,14.37,3.9,1.0,27.74,91.48,29.76,21.56,25.27,1.43
2020,Carmona,14.31,121.05,1,14.15,4.64,0.84,4.39,83.86,31.67,19.66,24.85,1.59
2020,Carmona,14.31,121.05,2,15.71,5.3,0.86,25.43,84.98,29.75,18.46,23.87,1.9
2020,Carmona,14.31,121.05,3,21.4,5.91,0.91,18.56,84.8,32.72,20.62,25.92,1.36
2020,Carmona,14.31,121.05,4,21.21,5.95,0.87,20.18,84.18,34.23,21.79,27.15,1.31
2020,Carmona,14.31,121.05,5,21.22,4.79,0.89,7.92,82.99,33.8,23.21,28.43,0.97
2020,Carmona,14.31,121.05,6,20.24,4.47,0.93,19.95,84.01,34.33,23.6,27.84,1.0
2020,Carmona,14.31,121.05,7,19.06,3.9,0.95,8.15,84.77,31.97,24.03,27.32,0.93
2020,Carmona,14.31,121.05,8,16.74,4.23,0.98,7.98,86.05,31.59,23.56,26.89,1.05
2020,Carmona,14.31,121.05,9,18.47,4.12,0.94,9.02,85.03,33.08,22.99,27.39,0.93
2020,Carmona,14.31,121.05,10,12.97,3.78,1.0,33.88,90.1,31.66,22.34,26.48,1.19
2020,Carmona,14.31,121.05,11,12.7,4.53,1.0,35.85,90.68,30.9,22.01,25.72,1.6
2020,Carmona,14.31,121.05,12,11.8,3.9,1.0,27.74,91.48,29.76,21.56,25.27,1.43
2020,Cavite City,14.48,120.9,1,17.35,3.01,0.72,1.13,78.6,30.77,21.91,27.28,4.19
2020,Cavite City,14.48,120.9,2,19.87,2.79,0.67,4.27,77.66,30.89,20.72,26.82,5.13
2020,Cavite City,14.48,120.9,3,24.03,3.18,0.69,5.52,77.03,31.7,23.09,29.27,3.61
2020,Cavite City,14.48,120.9,4,23.88,3.85,0.7,6.44,77.81,32.16,24.38,29.86,3.52
2020,Cavite City,14.48,120.9,5,23.06,3.35,0.75,3.87,77.59,32.84,25.71,30.78,2.49
2020,Cavite City,14.48,120.9,6,21.32,3.97,0.9,18.38,79.64,33.12,26.15,30.0,2.53
2020,Cavite City,14.48,120.9,7,20.27,3.53,0.97,9.09,80.99,31.34,26.08,29.32,2.31
2020,Cavite City,14.48,120.9,8,16.84,3.62,0.99,9.13,83.86,30.85,25.46,28.48,3.06
2020,Cavite City,14.48,120.9,9,20.28,3.54,0.96,10.06,82.46,31.71,25.33,28.93,2.36
2020,Cavite City,14.48,120.9,10,14.9,3.27,1.0,26.07,85.89,31.0,25.35,28.37,3.33
2020,Cavite City,14.48,120.9,11,15.35,3.73,0.99,20.68,86.65,29.96,23.35,27.5,4.22
2020,Cavite City,14.48,120.9,12,14.37,3.17,0.98,10.17,87.07,29.58,23.07,27.09,3.68
2020,Dasmarinas City,14.33,120.93,1,17.35,3.01,0.72,1.13,78.6,30.77,21.91,27.28,4.19
2020,Dasmarinas City,14.33,120.93,2,19.87,2.79,0.67,4.27,77.66,30.89,20.72,26.82,5.13
2020,Dasmarinas City,14.33,120.93,3,24.03,3.18,0.69,5.52,77.03,31.7,23.09,29.27,3.61
2020,Dasmarinas City,14.33,120.93,4,23.88,3.85,0.7,6.44,77.81,32.16,24.38,29.86,3.52
2020,Dasmarinas City,14.33,120.93,5,23.06,3.35,0.75,3.87,77.59,32.84,25.71,30.78,2.49
2020,Dasmarinas City,14.33,120.93,6,21.32,3.97,0.9,18.38,79.64,33.12,26.15,30.0,2.53
2020,Dasmarinas City,14.33,120.93,7,20.27,3.53,0.97,9.09,80.99,31.34,26.08,29.32,2.31
2020,Dasmarinas City,14.33,120.93,8,16.84,3.62,0.99,9.13,83.86,30.85,25.46,28.48,3.06
2020,Dasmarinas City,14.33,120.93,9,20.28,3.54,0.96,10.06,82.46,31.71,25.33,28.93,2.36
2020,Dasmarinas City,14.33,120.93,10,14.9,3.27,1.0,26.07,85.89,31.0,25.35,28.37,3.33
2020,Dasmarinas City,14.33,120.93,11,15.35,3.73,0.99,20.68,86.65,29.96,23.35,27.5,4.22
2020,Dasmarinas City,14.33,120.93,12,14.37,3.17,0.98,10.17,87.07,29.58,23.07,27.09,3.68
2020,General Emilio Aguinaldo,14.18,120.79,1,17.35,4.67,0.69,1.66,82.64,29.81,22.6,26.21,4.01
2020,General Emilio Aguinaldo,14.18,120.79,2,19.87,3.63,0.59,3.65,81.16,29.2,21.78,25.77,4.87
2020,General Emilio Aguinaldo,14.18,120.79,3,24.03,2.98,0.56,2.54,80.11,31.8,23.35,27.43,3.27
2020,General Emilio Aguinaldo,14.18,120.79,4,23.88,2.98,0.54,3.5,78.94,32.19,24.54,28.75,3.22
2020,General Emilio Aguinaldo,14.18,120.79,5,23.06,2.9,0.56,4.01,77.7,33.16,25.99,30.09,2.21
2020,General Emilio Aguinaldo,14.18,120.79,6,21.32,4.24,0.76,13.97,79.43,33.36,26.09,29.54,2.42
2020,General Emilio Aguinaldo,14.18,120.79,7,20.27,4.12,0.9,9.43,80.8,31.45,26.41,29.07,2.23
2020,General Emilio Aguinaldo,14.18,120.79,8,16.84,4.1,0.98,7.87,83.48,30.87,25.79,28.44,2.83
2020,General Emilio Aguinaldo,14.18,120.79,9,20.28,3.99,0.93,6.78,82.22,31.29,25.42,28.71,2.24
2020,General Emilio Aguinaldo,14.18,120.79,10,14.9,3.6,0.99,26.41,86.14,29.9,25.14,28.34,3.12
2020,General Emilio Aguinaldo,14.18,120.79,11,15.35,4.41,0.98,21.12,86.65,30.04,24.37,27.6,4.15
2020,General Emilio Aguinaldo,14.18,120.79,12,14.37,3.78,0.97,9.04,87.19,29.41,24.04,27.19,3.8
2020,General Mariano Alvarez,14.3,121.0,1,14.15,4.64,0.84,4.39,83.86,31.67,19.66,24.85,1.59
2020,General Mariano Alvarez,14.3,121.0,2,15.71,5.3,0.86,25.43,84.98,29.75,18.46,23.87,1.9
2020,General Mariano Alvarez,14.3,121.0,3,21.4,5.91,0.91,18.56,84.8,32.72,20.62,25.92,1.36
2020,General Mariano Alvarez,14.3,121.0,4,21.21,5.95,0.87,20.18,84.18,34.23,21.79,27.15,1.31
2020,General Mariano Alvarez,14.3,121.0,5,21.22,4.79,0.89,7.92,82.99,33.8,23.21,28.43,0.97
2020,General Mariano Alvarez,14.3,121.0,6,20.24,4.47,0.93,19.95,84.01,34.33,23.6,27.84,1.0
2020,General Mariano Alvarez,14.3,121.0,7,19.06,3.9,0.95,8.15,84.77,31.97,24.03,27.32,0.93
2020,General Mariano Alvarez,14.3,121.0,8,16.74,4.23,0.98,7.98,86.05,31.59,23.56,26.89,1.05
2020,General Mariano Alvarez,14.3,121.0,9,18.47,4.12,0.94,9.02,85.03,33.08,22.99,27.39,0.93
2020,General Mariano Alvarez,14.3,121.0,10,12.97,3.78,1.0,33.88,90.1,31.66,22.34,26.48,1.19
2020,General Mariano Alvarez,14.3,121.0,11,12.7,4.53,1.0,35.85,90.68,30.9,22.01,25.72,1.6
2020,General Mariano Alvarez,14.3,121.0,12,11.8,3.9,1.0,27.74,91.48,29.76,21.56,25.27,1.43
2020,General Trias,14.38,120.88,1,17.35,3.01,0.72,1.13,78.6,30.77,21.91,27.28,4.19
2020,General Trias,14.38,120.88,2,19.87,2.79,0.67,4.27,77.66,30.89,20.72,26.82,5.13
2020,General Trias,14.38,120.88,3,24.03,3.18,0.69,5.52,77.03,31.7,23.09,29.27,3.61
2020,General Trias,14.38,120.88,4,23.88,3.85,0.7,6.44,77.81,32.16,24.38,29.86,3.52
2020,General Trias,14.38,120.88,5,23.06,3.35,0.75,3.87,77.59,32.84,25.71,30.78,2.49
2020,General Trias,14.38,120.88,6,21.32,3.97,0.9,18.38,79.64,33.12,26.15,30.0,2.53
2020,General Trias,14.38,120.88,7,20.27,3.53,0.97,9.09,80.99,31.34,26.08,29.32,2.31
2020,General Trias,14.38,120.88,8,16.84,3.62,0.99,9.13,83.86,30.85,25.46,28.48,3.06
2020,General Trias,14.38,120.88,9,20.28,3.54,0.96,10.06,82.46,31.71,25.33,28.93,2.36
2020,General Trias,14.38,120.88,10,14.9,3.27,1.0,26.07,85.89,31.0,25.35,28.37,3.33
2020,General Trias,14.38,120.88,11,15.35,3.73,0.99,20.68,86.65,29.96,23.35,27.5,4.22
2020,General Trias,14.38,120.88,12,14.37,3.17,0.98,10.17,87.07,29.58,23.07,27.09,3.68
2020,Imus City,14.43,120.93,1,17.35,3.01,0.72,1.13,78.6,30.77,21.91,27.28,4.19
2020,Imus City,14.43,120.93,2,19.87,2.79,0.67,4.27,77.66,30.89,20.72,26.82,5.13
2020,Imus City,14.43,120.93,3,24.03,3.18,0.69,5.52,77.03,31.7,23.09,29.27,3.61
2020,Imus City,14.43,120.93,4,23.88,3.85,0.7,6.44,77.81,32.16,24.38,29.86,3.52
2020,Imus City,14.43,120.93,5,23.06,3.35,0.75,3.87,77.59,32.84,25.71,30.78,2.49
2020,Imus City,14.43,120.93,6,21.32,3.97,0.9,18.38,79.64,33.12,26.15,30.0,2.53
2020,Imus City,14.43,120.93,7,20.27,3.53,0.97,9.09,80.99,31.34,26.08,29.32,2.31
2020,Imus City,14.43,120.93,8,16.84,3.62,0.99,9.13,83.86,30.85,25.46,28.48,3.06
2020,Imus City,14.43,120.93,9,20.28,3.54,0.96,10.06,82.46,31.71,25.33,28.93,2.36
2020,Imus City,14.43,120.93,10,14.9,3.27,1.0,26.07,85.89,31.0,25.35,28.37,3.33
2020,Imus City,14.43,120.93,11,15.35,3.73,0.99,20.68,86.65,29.96,23.35,27.5,4.22
2020,Imus City,14.43,120.93,12,14.37,3.17,0.98,10.17,87.07,29.58,23.07,27.09,3.68
2020,Indang,14.19,120.87,1,17.35,4.67,0.69,1.66,82.64,29.81,22.6,26.21,4.01
2020,Indang,14.19,120.87,2,19.87,3.63,0.59,3.65,81.16,29.2,21.78,25.77,4.87
2020,Indang,14.19,120.87,3,24.03,2.98,0.56,2.54,80.11,31.8,23.35,27.43,3.27
2020,Indang,14.19,120.87,4,23.88,2.98,0.54,3.5,78.94,32.19,24.54,28.75,3.22
2020,Indang,14.19,120.87,5,23.06,2.9,0.56,4.01,77.7,33.16,25.99,30.09,2.21
2020,Indang,14.19,120.87,6,21.32,4.24,0.76,13.97,79.43,33.36,26.09,29.54,2.42
2020,Indang,14.19,120.87,7,20.27,4.12,0.9,9.43,80.8,31.45,26.41,29.07,2.23
2020,Indang,14.19,120.87,8,16.84,4.1,0.98,7.87,83.48,30.87,25.79,28.44,2.83
2020,Indang,14.19,120.87,9,20.28,3.99,0.93,6.78,82.22,31.29,25.42,28.71,2.24
2020,Indang,14.19,120.87,10,14.9,3.6,0.99,26.41,86.14,29.9,25.14,28.34,3.12
2020,Indang,14.19,120.87,11,15.35,4.41,0.98,21.12,86.65,30.04,24.37,27.6,4.15
2020,Indang,14.19,120.87,12,14.37,3.78,0.97,9.04,87.19,29.41,24.04,27.19,3.8
2020,Kawit,14.44,120.9,1,17.35,3.01,0.72,1.13,78.6,30.77,21.91,27.28,4.19
2020,Kawit,14.44,120.9,2,19.87,2.79,0.67,4.27,77.66,30.89,20.72,26.82,5.13
2020,Kawit,14.44,120.9,3,24.03,3.18,0.69,5.52,77.03,31.7,23.09,29.27,3.61
2020,Kawit,14.44,120.9,4,23.88,3.85,0.7,6.44,77.81,32.16,24.38,29.86,3.52
2020,Kawit,14.44,120.9,5,23.06,3.35,0.75,3.87,77.59,32.84,25.71,30.78,2.49
2020,Kawit,14.44,120.9,6,21.32,3.97,0.9,18.38,79.64,33.12,26.15,30.0,2.53
2020,Kawit,14.44,120.9,7,20.27,3.53,0.97,9.09,80.99,31.34,26.08,29.32,2.31
2020,Kawit,14.44,120.9,8,16.84,3.62,0.99,9.13,83.86,30.85,25.46,28.48,3.06
2020,Kawit,14.44,120.9,9,20.28,3.54,0.96,10.06,82.46,31.71,25.33,28.93,2.36
2020,Kawit,14.44,120.9,10,14.9,3.27,1.0,26.07,85.89,31.0,25.35,28.37,3.33
2020,Kawit,14.44,120.9,11,15.35,3.73,0.99,20.68,86.65,29.96,23.35,27.5,4.22
2020,Kawit,14.44,120.9,12,14.37,3.17,0.98,10.17,87.07,29.58,23.07,27.09,3.68
2020,Magallanes,14.19,120.73,1,17.35,4.67,0.69,1.66,82.64,29.81,22.6,26.21,4.01
2020,Magallanes,14.19,120.73,2,19.87,3.63,0.59,3.65,81.16,29.2,21.78,25.77,4.87
2020,Magallanes,14.19,120.73,3,24.03,2.98,0.56,2.54,80.11,31.8,23.35,27.43,3.27
2020,Magallanes,14.19,120.73,4,23.88,2.98,0.54,3.5,78.94,32.19,24.54,28.75,3.22
2020,Magallanes,14.19,120.73,5,23.06,2.9,0.56,4.01,77.7,33.16,25.99,30.09,2.21
2020,Magallanes,14.19,120.73,6,21.32,4.24,0.76,13.97,79.43,33.36,26.09,29.54,2.42
2020,Magallanes,14.19,120.73,7,20.27,4.12,0.9,9.43,80.8,31.45,26.41,29.07,2.23
2020,Magallanes,14.19,120.73,8,16.84,4.1,0.98,7.87,83.48,30.87,25.79,28.44,2.83
2020,Magallanes,14.19,120.73,9,20.28,3.99,0.93,6.78,82.22,31.29,25.42,28.71,2.24
2020,Magallanes,14.19,120.73,10,14.9,3.6,0.99,26.41,86.14,29.9,25.14,28.34,3.12
2020,Magallanes,14.19,120.73,11,15.35,4.41,0.98,21.12,86.65,30.04,24.37,27.6,4.15
2020,Magallanes,14.19,120.73,12,14.37,3.78,0.97,9.04,87.19,29.41,24.04,27.19,3.8
2020,Maragondon,14.27,120.73,1,17.35,3.01,0.72,1.13,78.6,30.77,21.91,27.28,4.19
2020,Maragondon,14.27,120.73,2,19.87,2.79,0.67,4.27,77.66,30.89,20.72,26.82,5.13
2020,Maragondon,14.27,120.73,3,24.03,3.18,0.69,5.52,77.03,31.7,23.09,29.27,3.61
2020,Maragondon,14.27,120.73,4,23.88,3.85,0.7,6.44,77.81,32.16,24.38,29.86,3.52
2020,Maragondon,14.27,120.73,5,23.06,3.35,0.75,3.87,77.59,32.84,25.71,30.78,2.49
2020,Maragondon,14.27,120.73,6,21.32,3.97,0.9,18.38,79.64,33.12,26.15,30.0,2.53
2020,Maragondon,14.27,120.73,7,20.27,3.53,0.97,9.09,80.99,31.34,26.08,29.32,2.31
2020,Maragondon,14.27,120.73,8,16.84,3.62,0.99,9.13,83.86,30.85,25.46,28.48,3.06
2020,Maragondon,14.27,120.73,9,20.28,3.54,0.96,10.06,82.46,31.71,25.33,28.93,2.36
2020,Maragondon,14.27,120.73,10,14.9,3.27,1.0,26.07,85.89,31.0,25.35,28.37,3.33
2020,Maragondon,14.27,120.73,11,15.35,3.73,0.99,20.68,86.65,29.96,23.35,27.5,4.22
2020,Maragondon,14.27,120.73,12,14.37,3.17,0.98,10.17,87.07,29.58,23.07,27.09,3.68
2020,Mendez,14.13,120.9,1,17.35,4.67,0.69,1.66,82.64,29.81,22.6,26.21,4.01
2020,Mendez,14.13,120.9,2,19.87,3.63,0.59,3.65,81.16,29.2,21.78,25.77,4.87
2020,Mendez,14.13,120.9,3,24.03,2.98,0.56,2.54,80.11,31.8,23.35,27.43,3.27
2020,Mendez,14.13,120.9,4,23.88,2.98,0.54,3.5,78.94,32.19,24.54,28.75,3.22
2020,Mendez,14.13,120.9,5,23.06,2.9,0.56,4.01,77.7,33.16,25.99,30.09,2.21
2020,Mendez,14.13,120.9,6,21.32,4.24,0.76,13.97,79.43,33.36,26.09,29.54,2.42
2020,Mendez,14.13,120.9,7,20.27,4.12,0.9,9.43,80.8,31.45,26.41,29.07,2.23
2020,Mendez,14.13,120.9,8,16.84,4.1,0.98,7.87,83.48,30.87,25.79,28.44,2.83
2020,Mendez,14.13,120.9,9,20.28,3.99,0.93,6.78,82.22,31.29,25.42,28.71,2.24
2020,Mendez,14.13,120.9,10,14.9,3.6,0.99,26.41,86.14,29.9,25.14,28.34,3.12
2020,Mendez,14.13,120.9,11,15.35,4.41,0.98,21.12,86.65,30.04,24.37,27.6,4.15
2020,Mendez,14.13,120.9,12,14.37,3.78,0.97,9.04,87.19,29.41,24.04,27.19,3.8
2020,Naic,14.32,120.77,1,17.35,3.01,0.72,1.13,78.6,30.77,21.91,27.28,4.19
2020,Naic,14.32,120.77,2,19.87,2.79,0.67,4.27,77.66,30.89,20.72,26.82,5.13
2020,Naic,14.32,120.77,3,24.03,3.18,0.69,5.52,77.03,31.7,23.09,29.27,3.61
2020,Naic,14.32,120.77,4,23.88,3.85,0.7,6.44,77.81,32.16,24.38,29.86,3.52
2020,Naic,14.32,120.77,5,23.06,3.35,0.75,3.87,77.59,32.84,25.71,30.78,2.49
2020,Naic,14.32,120.77,6,21.32,3.97,0.9,18.38,79.64,33.12,26.15,30.0,2.53
2020,Naic,14.32,120.77,7,20.27,3.53,0.97,9.09,80.99,31.34,26.08,29.32,2.31
2020,Naic,14.32,120.77,8,16.84,3.62,0.99,9.13,83.86,30.85,25.46,28.48,3.06
2020,Naic,14.32,120.77,9,20.28,3.54,0.96,10.06,82.46,31.71,25.33,28.93,2.36
2020,Naic,14.32,120.77,10,14.9,3.27,1.0,26.07,85.89,31.0,25.35,28.37,3.33
2020,Naic,14.32,120.77,11,15.35,3.73,0.99,20.68,86.65,29.96,23.35,27.5,4.22
2020,Naic,14.32,120.77,12,14.37,3.17,0.98,10.17,87.07,29.58,23.07,27.09,3.68
2020,Noveleta,14.43,120.88,1,17.35,3.01,0.72,1.13,78.6,30.77,21.91,27.28,4.19
2020,Noveleta,14.43,120.88,2,19.87,2.79,0.67,4.27,77.66,30.89,20.72,26.82,5.13
2020,Noveleta,14.43,120.88,3,24.03,3.18,0.69,5.52,77.03,31.7,23.09,29.27,3.61
2020,Noveleta,14.43,120.88,4,23.88,3.85,0.7,6.44,77.81,32.16,24.38,29.86,3.52
2020,Noveleta,14.43,120.88,5,23.06,3.35,0.75,3.87,77.59,32.84,25.71,30.78,2.49
2020,Noveleta,14.43,120.88,6,21.32,3.97,0.9,18.38,79.64,33.12,26.15,30.0,2.53
2020,Noveleta,14.43,120.88,7,20.27,3.53,0.97,9.09,80.99,31.34,26.08,29.32,2.31
2020,Noveleta,14.43,120.88,8,16.84,3.62,0.99,9.13,83.86,30.85,25.46,28.48,3.06
2020,Noveleta,14.43,120.88,9,20.28,3.54,0.96,10.06,82.46,31.71,25.33,28.93,2.36
2020,Noveleta,14.43,120.88,10,14.9,3.27,1.0,26.07,85.89,31.0,25.35,28.37,3.33
2020,Noveleta,14.43,120.88,11,15.35,3.73,0.99,20.68,86.65,29.96,23.35,27.5,4.22
2020,Noveleta,14.43,120.88,12,14.37,3.17,0.98,10.17,87.07,29.58,23.07,27.09,3.68
2020,Rosario,14.41,120.85,1,17.35,3.01,0.72,1.13,78.6,30.77,21.91,27.28,4.19
2020,Rosario,14.41,120.85,2,19.87,2.79,0.67,4.27,77.66,30.89,20.72,26.82,5.13
2020,Rosario,14.41,120.85,3,24.03,3.18,0.69,5.52,77.03,31.7,23.09,29.27,3.61
2020,Rosario,14.41,120.85,4,23.88,3.85,0.7,6.44,77.81,32.16,24.38,29.86,3.52
2020,Rosario,14.41,120.85,5,23.06,3.35,0.75,3.87,77.59,32.84,25.71,30.78,2.49
2020,Rosario,14.41,120.85,6,21.32,3.97,0.9,18.38,79.64,33.12,26.15,30.0,2.53
2020,Rosario,14.41,120.85,7,20.27,3.53,0.97,9.09,80.99,31.34,26.08,29.32,2.31
2020,Rosario,14.41,120.85,8,16.84,3.62,0.99,9.13,83.86,30.85,25.46,28.48,3.06
2020,Rosario,14.41,120.85,9,20.28,3.54,0.96,10.06,82.46,31.71,25.33,28.93,2.36
2020,Rosario,14.41,120.85,10,14.9,3.27,1.0,26.07,85.89,31.0,25.35,28.37,3.33
2020,Rosario,14.41,120.85,11,15.35,3.73,0.99,20.68,86.65,29.96,23.35,27.5,4.22
2020,Rosario,14.41,120.85,12,14.37,3.17,0.98,10.17,87.07,29.58,23.07,27.09,3.68
2020,Silang,14.23,120.97,1,17.35,4.87,0.87,4.81,86.36,31.21,19.86,24.79,1.57
2020,Silang,14.23,120.97,2,19.87,5.52,0.86,19.6,87.12,29.55,18.94,23.96,1.85
2020,Silang,14.23,120.97,3,24.03,5.78,0.89,12.63,85.52,32.39,20.78,25.91,1.37
2020,Silang,14.23,120.97,4,23.88,5.76,0.84,13.49,83.79,37.55,21.88,27.38,1.3
2020,Silang,14.23,120.97,5,23.06,4.58,0.83,7.07,83.1,33.92,23.0,28.56,0.99
2020,Silang,14.23,120.97,6,21.32,4.27,0.91,24.05,84.62,34.37,23.75,27.91,1.02
2020,Silang,14.23,120.97,7,20.27,3.84,0.96,8.31,85.35,32.74,24.19,27.5,0.95
2020,Silang,14.23,120.97,8,16.84,4.01,0.98,6.72,85.82,31.85,23.8,27.15,1.06
2020,Silang,14.23,120.97,9,20.28,3.93,0.93,6.5,85.02,33.04,22.74,27.54,0.94
2020,Silang,14.23,120.97,10,14.9,3.48,0.99,30.04,90.42,31.73,22.82,26.72,1.17
2020,Silang,14.23,120.97,11,15.35,4.27,1.0,28.29,91.16,30.68,22.2,25.97,1.59
2020,Silang,14.23,120.97,12,14.37,3.6,0.99,20.58,91.96,29.91,22.06,25.55,1.43
2020,Tagaytay City,14.11,120.96,1,17.35,4.87,0.87,4.81,86.36,31.21,19.86,24.79,1.57
2020,Tagaytay City,14.11,120.96,2,19.87,5.52,0.86,19.6,87.12,29.55,18.94,23.96,1.85
2020,Tagaytay City,14.11,120.96,3,24.03,5.78,0.89,12.63,85.52,32.39,20.78,25.91,1.37
2020,Tagaytay City,14.11,120.96,4,23.88,5.76,0.84,13.49,83.79,37.55,21.88,27.38,1.3
2020,Tagaytay City,14.11,120.96,5,23.06,4.58,0.83,7.07,83.1,33.92,23.0,28.56,0.99
2020,Tagaytay City,14.11,120.96,6,21.32,4.27,0.91,24.05,84.62,34.37,23.75,27.91,1.02
2020,Tagaytay City,14.11,120.96,7,20.27,3.84,0.96,8.31,85.35,32.74,24.19,27.5,0.95
2020,Tagaytay City,14.11,120.96,8,16.84,4.01,0.98,6.72,85.82,31.85,23.8,27.15,1.06
2020,Tagaytay City,14.11,120.96,9,20.28,3.93,0.93,6.5,85.02,33.04,22.74,27.54,0.94
2020,Tagaytay City,14.11,120.96,10,14.9,3.48,0.99,30.04,90.42,31.73,22.82,26.72,1.17
2020,Tagaytay City,14.11,120.96,11,15.35,4.27,1.0,28.29,91.16,30.68,22.2,25.97,1.59
2020,Tagaytay City,14.11,120.96,12,14.37,3.6,0.99,20.58,91.96,29.91,22.06,25.55,1.43
2020,Tanza,14.36,120.85,1,17.35,3.01,0.72,1.13,78.6,30.77,21.91,27.28,4.19
2020,Tanza,14.36,120.85,2,19.87,2.79,0.67,4.27,77.66,30.89,20.72,26.82,5.13
2020,Tanza,14.36,120.85,3,24.03,3.18,0.69,5.52,77.03,31.7,23.09,29.27,3.61
2020,Tanza,14.36,120.85,4,23.88,3.85,0.7,6.44,77.81,32.16,24.38,29.86,3.52
2020,Tanza,14.36,120.85,5,23.06,3.35,0.75,3.87,77.59,32.84,25.71,30.78,2.49
2020,Tanza,14.36,120.85,6,21.32,3.97,0.9,18.38,79.64,33.12,26.15,30.0,2.53
2020,Tanza,14.36,120.85,7,20.27,3.53,0.97,9.09,80.99,31.34,26.08,29.32,2.31
2020,Tanza,14.36,120.85,8,16.84,3.62,0.99,9.13,83.86,30.85,25.46,28.48,3.06
2020,Tanza,14.36,120.85,9,20.28,3.54,0.96,10.06,82.46,31.71,25.33,28.93,2.36
2020,Tanza,14.36,120.85,10,14.9,3.27,1.0,26.07,85.89,31.0,25.35,28.37,3.33
2020,Tanza,14.36,120.85,11,15.35,3.73,0.99,20.68,86.65,29.96,23.35,27.5,4.22
2020,Tanza,14.36,120.85,12,14.37,3.17,0.98,10.17,87.07,29.58,23.07,27.09,3.68
2020,Ternate,14.28,120.7,1,17.35,3.01,0.72,1.13,78.6,30.77,21.91,27.28,4.19
2020,Ternate,14.28,120.7,2,19.87,2.79,0.67,4.27,77.66,30.89,20.72,26.82,5.13
2020,Ternate,14.28,120.7,3,24.03,3.18,0.69,5.52,77.03,31.7,23.09,29.27,3.61
2020,Ternate,14.28,120.7,4,23.88,3.85,0.7,6.44,77.81,32.16,24.38,29.86,3.52
2020,Ternate,14.28,120.7,5,23.06,3.35,0.75,3.87,77.59,32.84,25.71,30.78,2.49
2020,Ternate,14.28,120.7,6,21.32,3.97,0.9,18.38,79.64,33.12,26.15,30.0,2.53
2020,Ternate,14.28,120.7,7,20.27,3.53,0.97,9.09,80.99,31.34,26.08,29.32,2.31
2020,Ternate,14.28,120.7,8,16.84,3.62,0.99,9.13,83.86,30.85,25.46,28.48,3.06
2020,Ternate,14.28,120.7,9,20.28,3.54,0.96,10.06,82.46,31.71,25.33,28.93,2.36
2020,Ternate,14.28,120.7,10,14.9,3.27,1.0,26.07,85.89,31.0,25.35,28.37,3.33
2020,Ternate,14.28,120.7,11,15.35,3.73,0.99,20.68,86.65,29.96,23.35,27.5,4.22
2020,Ternate,14.28,120.7,12,14.37,3.17,0.98,10.17,87.07,29.58,23.07,27.09,3.68
2020,Trece Martires City,14.28,120.86,1,17.35,3.01,0.72,1.13,78.6,30.77,21.91,27.28,4.19
2020,Trece Martires City,14.28,120.86,2,19.87,2.79,0.67,4.27,77.66,30.89,20.72,26.82,5.13
2020,Trece Martires City,14.28,120.86,3,24.03,3.18,0.69,5.52,77.03,31.7,23.09,29.27,3.61
2020,Trece Martires City,14.28,120.86,4,23.88,3.85,0.7,6.44,77.81,32.16,24.38,29.86,3.52
2020,Trece Martires City,14.28,120.86,5,23.06,3.35,0.75,3.87,77.59,32.84,25.71,30.78,2.49
2020,Trece Martires City,14.28,120.86,6,21.32,3.97,0.9,18.38,79.64,33.12,26.15,30.0,2.53
2020,Trece Martires City,14.28,120.86,7,20.27,3.53,0.97,9.09,80.99,31.34,26.08,29.32,2.31
2020,Trece Martires City,14.28,120.86,8,16.84,3.62,0.99,9.13,83.86,30.85,25.46,28.48,3.06
2020,Trece Martires City,14.28,120.86,9,20.28,3.54,0.96,10.06,82.46,31.71,25.33,28.93,2.36
2020,Trece Martires City,14.28,120.86,10,14.9,3.27,1.0,26.07,85.89,31.0,25.35,28.37,3.33
2020,Trece Martires City,14.28,120.86,11,15.35,3.73,0.99,20.68,86.65,29.96,23.35,27.5,4.22
2020,Trece Martires City,14.28,120.86,12,14.37,3.17,0.98,10.17,87.07,29.58,23.07,27.09,3.68
2021,Alfonso,14.14,120.85,1,15.11,4.9,0.9,3.18,85.58,29.41,22.08,26.4,4.72
2021,Alfonso,14.14,120.85,2,18.97,5.32,0.74,1.98,83.66,30.03,21.61,26.26,3.85
2021,Alfonso,14.14,120.85,3,21.71,3.9,0.59,1.63,81.51,31.4,23.85,27.55,3.77
2021,Alfonso,14.14,120.85,4,23.23,2.14,0.49,0.62,74.0,33.19,24.63,28.94,3.27
2021,Alfonso,14.14,120.85,5,23.86,1.58,0.47,2.18,75.08,34.67,26.01,30.06,3.06
2021,Alfonso,14.14,120.85,6,19.15,3.44,0.65,7.69,82.48,31.82,26.13,29.0,2.75
2021,Alfonso,14.14,120.85,7,14.79,4.23,0.84,20.48,86.31,31.62,26.33,28.6,4.14
2021,Alfonso,14.14,120.85,8,18.43,4.27,0.95,6.8,83.82,30.94,25.98,28.41,2.94
2021,Alfonso,14.14,120.85,9,17.9,3.85,0.98,12.42,84.31,30.61,25.91,28.36,2.67
2021,Alfonso,14.14,120.85,10,15.78,4.18,0.98,9.04,86.15,30.3,25.38,28.15,3.57
2021,Alfonso,14.14,120.85,11,17.23,4.29,0.88,2.46,85.89,30.18,24.93,27.99,3.75
2021,Alfonso,14.14,120.85,12,15.61,4.74,0.76,2.94,84.37,29.65,23.17,26.81,4.99
2021,Amadeo,14.17,120.92,1,15.11,4.9,0.9,3.18,85.58,29.41,22.08,26.4,4.72
2021,Amadeo,14.17,120.92,2,18.97,5.32,0.74,1.98,83.66,30.03,21.61,26.26,3.85
2021,Amadeo,14.17,120.92,3,21.71,3.9,0.59,1.63,81.51,31.4,23.85,27.55,3.77
2021,Amadeo,14.17,120.92,4,23.23,2.14,0.49,0.62,74.0,33.19,24.63,28.94,3.27
2021,Amadeo,14.17,120.92,5,23.86,1.58,0.47,2.18,75.08,34.67,26.01,30.06,3.06
2021,Amadeo,14.17,120.92,6,19.15,3.44,0.65,7.69,82.48,31.82,26.13,29.0,2.75
2021,Amadeo,14.17,120.92,7,14.79,4.23,0.84,20.48,86.31,31.62,26.33,28.6,4.14
2021,Amadeo,14.17,120.92,8,18.43,4.27,0.95,6.8,83.82,30.94,25.98,28.41,2.94
2021,Amadeo,14.17,120.92,9,17.9,3.85,0.98,12.42,84.31,30.61,25.91,28.36,2.67
2021,Amadeo,14.17,120.92,10,15.78,4.18,0.98,9.04,86.15,30.3,25.38,28.15,3.57
2021,Amadeo,14.17,120.92,11,17.23,4.29,0.88,2.46,85.89,30.18,24.93,27.99,3.75
2021,Amadeo,14.17,120.92,12,15.61,4.74,0.76,2.94,84.37,29.65,23.17,26.81,4.99
2021,Bacoor City,14.46,120.94,1,15.11,4.9,0.97,9.01,88.84,29.14,19.37,24.1,1.77
2021,Bacoor City,14.46,120.94,2,18.97,5.08,0.9,5.71,86.48,30.88,18.71,24.57,1.5
2021,Bacoor City,14.46,120.94,3,21.71,5.01,0.85,5.25,84.99,32.33,21.35,26.21,1.54
2021,Bacoor City,14.46,120.94,4,23.23,4.23,0.73,1.95,76.85,35.71,21.44,27.66,1.4
2021,Bacoor City,14.46,120.94,5,23.86,2.71,0.66,2.37,77.44,36.41,22.86,29.17,1.35
2021,Bacoor City,14.46,120.94,6,19.15,3.2,0.74,5.79,83.09,34.49,24.08,27.65,1.08
2021,Bacoor City,14.46,120.94,7,14.79,4.03,0.89,15.34,88.97,32.2,23.7,27.02,1.54
2021,Bacoor City,14.46,120.94,8,18.43,4.18,0.94,6.25,85.4,31.75,24.01,27.18,1.17
2021,Bacoor City,14.46,120.94,9,17.9,3.9,0.98,13.65,87.97,31.75,23.16,26.87,1.03
2021,Bacoor City,14.46,120.94,10,15.78,4.24,0.98,9.46,89.23,31.46,22.33,26.37,1.32
2021,Bacoor City,14.46,120.94,11,17.23,4.19,0.94,7.52,90.0,30.81,21.78,26.12,1.35
2021,Bacoor City,14.46,120.94,12,15.61,4.7,0.9,5.87,87.28,29.65,20.27,24.43,1.88
2021,Carmona,14.31,121.05,1,11.75,4.9,0.97,9.01,88.84,29.14,19.37,24.1,1.77
2021,Carmona,14.31,121.05,2,15.04,5.08,0.9,5.71,86.48,30.88,18.71,24.57,1.5
2021,Carmona,14.31,121.05,3,18.56,5.01,0.85,5.25,84.99,32.33,21.35,26.21,1.54
2021,Carmona,14.31,121.05,4,20.46,4.23,0.73,1.95,76.85,35.71,21.44,27.66,1.4
2021,Carmona,14.31,121.05,5,21.99,2.71,0.66,2.37,77.44,36.41,22.86,29.17,1.35
2021,Carmona,14.31,121.05,6,19.46,3.2,0.74,5.79,83.09,34.49,24.08,27.65,1.08
2021,Carmona,14.31,121.05,7,14.72,4.03,0.89,15.34,88.97,32.2,23.7,27.02,1.54
2021,Carmona,14.31,121.05,8,17.21,4.18,0.94,6.25,85.4,31.75,24.01,27.18,1.17
2021,Carmona,14.31,121.05,9,15.71,3.9,0.98,13.65,87.97,31.75,23.16,26.87,1.03
2021,Carmona,14.31,121.05,10,13.46,4.24,0.98,9.46,89.23,31.46,22.33,26.37,1.32
2021,Carmona,14.31,121.05,11,14.11,4.19,0.94,7.52,90.0,30.81,21.78,26.12,1.35
2021,Carmona,14.31,121.05,12,12.11,4.7,0.9,5.87,87.28,29.65,20.27,24.43,1.88
2021,Cavite City,14.48,120.9,1,15.11,3.82,0.92,2.73,84.71,29.63,21.17,26.35,4.73
2021,Cavite City,14.48,120.9,2,18.97,3.85,0.79,1.45,81.12,30.61,20.79,27.15,3.99
2021,Cavite City,14.48,120.9,3,21.71,3.04,0.67,1.27,77.09,33.25,23.44,29.06,3.94
2021,Cavite City,14.48,120.9,4,23.23,1.57,0.6,1.01,68.29,34.23,24.35,31.46,3.51
2021,Cavite City,14.48,120.9,5,23.86,1.28,0.6,1.57,71.48,35.21,26.2,31.9,3.54
2021,Cavite City,14.48,120.9,6,19.15,2.66,0.76,8.28,81.89,32.19,25.93,29.46,3.08
2021,Cavite City,14.48,120.9,7,14.79,3.62,0.94,20.66,85.37,31.52,25.81,28.7,4.54
2021,Cavite City,14.48,120.9,8,18.43,3.78,0.98,7.3,83.69,30.77,25.64,28.54,3.27
2021,Cavite City,14.48,120.9,9,17.9,3.34,0.99,14.88,84.09,30.58,25.63,28.51,2.7
2021,Cavite City,14.48,120.9,10,15.78,3.65,0.99,11.54,85.73,30.5,24.52,28.13,3.65
2021,Cavite City,14.48,120.9,11,17.23,3.42,0.9,2.57,85.12,30.58,24.07,28.19,3.6
2021,Cavite City,14.48,120.9,12,15.61,3.31,0.81,2.12,82.34,30.02,22.15,26.88,5.08
2021,Dasmarinas City,14.33,120.93,1,15.11,3.82,0.92,2.73,84.71,29.63,21.17,26.35,4.73
2021,Dasmarinas City,14.33,120.93,2,18.97,3.85,0.79,1.45,81.12,30.61,20.79,27.15,3.99
2021,Dasmarinas City,14.33,120.93,3,21.71,3.04,0.67,1.27,77.09,33.25,23.44,29.06,3.94
2021,Dasmarinas City,14.33,120.93,4,23.23,1.57,0.6,1.01,68.29,34.23,24.35,31.46,3.51
2021,Dasmarinas City,14.33,120.93,5,23.86,1.28,0.6,1.57,71.48,35.21,26.2,31.9,3.54
2021,Dasmarinas City,14.33,120.93,6,19.15,2.66,0.76,8.28,81.89,32.19,25.93,29.46,3.08
2021,Dasmarinas City,14.33,120.93,7,14.79,3.62,0.94,20.66,85.37,31.52,25.81,28.7,4.54
2021,Dasmarinas City,14.33,120.93,8,18.43,3.78,0.98,7.3,83.69,30.77,25.64,28.54,3.27
2021,Dasmarinas City,14.33,120.93,9,17.9,3.34,0.99,14.88,84.09,30.58,25.63,28.51,2.7
2021,Dasmarinas City,14.33,120.93,10,15.78,3.65,0.99,11.54,85.73,30.5,24.52,28.13,3.65
2021,Dasmarinas City,14.33,120.93,11,17.23,3.42,0.9,2.57,85.12,30.58,24.07,28.19,3.6
2021,Dasmarinas City,14.33,120.93,12,15.61,3.31,0.81,2.12,82.34,30.02,22.15,26.88,5.08
2021,General Emilio Aguinaldo,14.18,120.79,1,15.11,4.9,0.9,3.18,85.58,29.41,22.08,26.4,4.72
2021,General Emilio Aguinaldo,14.18,120.79,2,18.97,5.32,0.74,1.98,83.66,30.03,21.61,26.26,3.85
2021,General Emilio Aguinaldo,14.18,120.79,3,21.71,3.9,0.59,1.63,81.51,31.4,23.85,27.55,3.77
2021,General Emilio Aguinaldo,14.18,120.79,4,23.23,2.14,0.49,0.62,74.0,33.19,24.63,28.94,3.27
2021,General Emilio Aguinaldo,14.18,120.79,5,23.86,1.58,0.47,2.18,75.08,34.67,26.01,30.06,3.06
2021,General Emilio Aguinaldo,14.18,120.79,6,19.15,3.44,0.65,7.69,82.48,31.82,26.13,29.0,2.75
2021,General Emilio Aguinaldo,14.18,120.79,7,14.79,4.23,0.84,20.48,86.31,31.62,26.33,28.6,4.14
2021,General Emilio Aguinaldo,14.18,120.79,8,18.43,4.27,0.95,6.8,83.82,30.94,25.98,28.41,2.94
2021,General Emilio Aguinaldo,14.18,120.79,9,17.9,3.85,0.98,12.42,84.31,30.61,25.91,28.36,2.67
2021,General Emilio Aguinaldo,14.18,120.79,10,15.78,4.18,0.98,9.04,86.15,30.3,25.38,28.15,3.57
2021,General Emilio Aguinaldo,14.18,120.79,11,17.23,4.29,0.88,2.46,85.89,30.18,24.93,27.99,3.75
2021,General Emilio Aguinaldo,14.18,120.79,12,15.61,4.74,0.76,2.94,84.37,29.65,23.17,26.81,4.99
2021,General Mariano Alvarez,14.3,121.0,1,11.75,4.9,0.97,9.01,88.84,29.14,19.37,24.1,1.77
2021,General Mariano Alvarez,14.3,121.0,2,15.04,5.08,0.9,5.71,86.48,30.88,18.71,24.57,1.5
2021,General Mariano Alvarez,14.3,121.0,3,18.56,5.01,0.85,5.25,84.99,32.33,21.35,26.21,1.54
2021,General Mariano Alvarez,14.3,121.0,4,20.46,4.23,0.73,1.95,76.85,35.71,21.44,27.66,1.4
2021,General Mariano Alvarez,14.3,121.0,5,21.99,2.71,0.66,2.37,77.44,36.41,22.86,29.17,1.35
2021,General Mariano Alvarez,14.3,121.0,6,19.46,3.2,0.74,5.79,83.09,34.49,24.08,27.65,1.08
2021,General Mariano Alvarez,14.3,121.0,7,14.72,4.03,0.89,15.34,88.97,32.2,23.7,27.02,1.54
2021,General Mariano Alvarez,14.3,121.0,8,17.21,4.18,0.94,6.25,85.4,31.75,24.01,27.18,1.17
2021,General Mariano Alvarez,14.3,121.0,9,15.71,3.9,0.98,13.65,87.97,31.75,23.16,26.87,1.03
2021,General Mariano Alvarez,14.3,121.0,10,13.46,4.24,0.98,9.46,89.23,31.46,22.33,26.37,1.32
2021,General Mariano Alvarez,14.3,121.0,11,14.11,4.19,0.94,7.52,90.0,30.81,21.78,26.12,1.35
2021,General Mariano Alvarez,14.3,121.0,12,12.11,4.7,0.9,5.87,87.28,29.65,20.27,24.43,1.88
2021,General Trias,14.38,120.88,1,15.11,3.82,0.92,2.73,84.71,29.63,21.17,26.35,4.73
2021,General Trias,14.38,120.88,2,18.97,3.85,0.79,1.45,81.12,30.61,20.79,27.15,3.99
2021,General Trias,14.38,120.88,3,21.71,3.04,0.67,1.27,77.09,33.25,23.44,29.06,3.94
2021,General Trias,14.38,120.88,4,23.23,1.57,0.6,1.01,68.29,34.23,24.35,31.46,3.51
2021,General Trias,14.38,120.88,5,23.86,1.28,0.6,1.57,71.48,35.21,26.2,31.9,3.54
2021,General Trias,14.38,120.88,6,19.15,2.66,0.76,8.28,81.89,32.19,25.93,29.46,3.08
2021,General Trias,14.38,120.88,7,14.79,3.62,0.94,20.66,85.37,31.52,25.81,28.7,4.54
2021,General Trias,14.38,120.88,8,18.43,3.78,0.98,7.3,83.69,30.77,25.64,28.54,3.27
2021,General Trias,14.38,120.88,9,17.9,3.34,0.99,14.88,84.09,30.58,25.63,28.51,2.7
2021,General Trias,14.38,120.88,10,15.78,3.65,0.99,11.54,85.73,30.5,24.52,28.13,3.65
2021,General Trias,14.38,120.88,11,17.23,3.42,0.9,2.57,85.12,30.58,24.07,28.19,3.6
2021,General Trias,14.38,120.88,12,15.61,3.31,0.81,2.12,82.34,30.02,22.15,26.88,5.08
2021,Imus City,14.43,120.93,1,15.11,3.82,0.92,2.73,84.71,29.63,21.17,26.35,4.73
2021,Imus City,14.43,120.93,2,18.97,3.85,0.79,1.45,81.12,30.61,20.79,27.15,3.99
2021,Imus City,14.43,120.93,3,21.71,3.04,0.67,1.27,77.09,33.25,23.44,29.06,3.94
2021,Imus City,14.43,120.93,4,23.23,1.57,0.6,1.01,68.29,34.23,24.35,31.46,3.51
2021,Imus City,14.43,120.93,5,23.86,1.28,0.6,1.57,71.48,35.21,26.2,31.9,3.54
2021,Imus City,14.43,120.93,6,19.15,2.66,0.76,8.28,81.89,32.19,25.93,29.46,3.08
2021,Imus City,14.43,120.93,7,14.79,3.62,0.94,20.66,85.37,31.52,25.81,28.7,4.54
2021,Imus City,14.43,120.93,8,18.43,3.78,0.98,7.3,83.69,30.77,25.64,28.54,3.27
2021,Imus City,14.43,120.93,9,17.9,3.34,0.99,14.88,84.09,30.58,25.63,28.51,2.7
2021,Imus City,14.43,120.93,10,15.78,3.65,0.99,11.54,85.73,30.5,24.52,28.13,3.65
2021,Imus City,14.43,120.93,11,17.23,3.42,0.9,2.57,85.12,30.58,24.07,28.19,3.6
2021,Imus City,14.43,120.93,12,15.61,3.31,0.81,2.12,82.34,30.02,22.15,26.88,5.08
2021,Indang,14.19,120.87,1,15.11,4.9,0.9,3.18,85.58,29.41,22.08,26.4,4.72
2021,Indang,14.19,120.87,2,18.97,5.32,0.74,1.98,83.66,30.03,21.61,26.26,3.85
2021,Indang,14.19,120.87,3,21.71,3.9,0.59,1.63,81.51,31.4,23.85,27.55,3.77
2021,Indang,14.19,120.87,4,23.23,2.14,0.49,0.62,74.0,33.19,24.63,28.94,3.27
2021,Indang,14.19,120.87,5,23.86,1.58,0.47,2.18,75.08,34.67,26.01,30.06,3.06
2021,Indang,14.19,120.87,6,19.15,3.44,0.65,7.69,82.48,31.82,26.13,29.0,2.75
2021,Indang,14.19,120.87,7,14.79,4.23,0.84,20.48,86.31,31.62,26.33,28.6,4.14
2021,Indang,14.19,120.87,8,18.43,4.27,0.95,6.8,83.82,30.94,25.98,28.41,2.94
2021,Indang,14.19,120.87,9,17.9,3.85,0.98,12.42,84.31,30.61,25.91,28.36,2.67
2021,Indang,14.19,120.87,10,15.78,4.18,0.98,9.04,86.15,30.3,25.38,28.15,3.57
2021,Indang,14.19,120.87,11,17.23,4.29,0.88,2.46,85.89,30.18,24.93,27.99,3.75
2021,Indang,14.19,120.87,12,15.61,4.74,0.76,2.94,84.37,29.65,23.17,26.81,4.99
2021,Kawit,14.44,120.9,1,15.11,3.82,0.92,2.73,84.71,29.63,21.17,26.35,4.73
2021,Kawit,14.44,120.9,2,18.97,3.85,0.79,1.45,81.12,30.61,20.79,27.15,3.99
2021,Kawit,14.44,120.9,3,21.71,3.04,0.67,1.27,77.09,33.25,23.44,29.06,3.94
2021,Kawit,14.44,120.9,4,23.23,1.57,0.6,1.01,68.29,34.23,24.35,31.46,3.51
2021,Kawit,14.44,120.9,5,23.86,1.28,0.6,1.57,71.48,35.21,26.2,31.9,3.54
2021,Kawit,14.44,120.9,6,19.15,2.66,0.76,8.28,81.89,32.19,25.93,29.46,3.08
2021,Kawit,14.44,120.9,7,14.79,3.62,0.94,20.66,85.37,31.52,25.81,28.7,4.54
2021,Kawit,14.44,120.9,8,18.43,3.78,0.98,7.3,83.69,30.77,25.64,28.54,3.27
2021,Kawit,14.44,120.9,9,17.9,3.34,0.99,14.88,84.09,30.58,25.63,28.51,2.7
2021,Kawit,14.44,120.9,10,15.78,3.65,0.99,11.54,85.73,30.5,24.52,28.13,3.65
2021,Kawit,14.44,120.9,11,17.23,3.42,0.9,2.57,85.12,30.58,24.07,28.19,3.6
2021,Kawit,14.44,120.9,12,15.61,3.31,0.81,2.12,82.34,30.02,22.15,26.88,5.08
2021,Magallanes,14.19,120.73,1,15.11,4.9,0.9,3.18,85.58,29.41,22.08,26.4,4.72
2021,Magallanes,14.19,120.73,2,18.97,5.32,0.74,1.98,83.66,30.03,21.61,26.26,3.85
2021,Magallanes,14.19,120.73,3,21.71,3.9,0.59,1.63,81.51,31.4,23.85,27.55,3.77
2021,Magallanes,14.19,120.73,4,23.23,2.14,0.49,0.62,74.0,33.19,24.63,28.94,3.27
2021,Magallanes,14.19,120.73,5,23.86,1.58,0.47,2.18,75.08,34.67,26.01,30.06,3.06
2021,Magallanes,14.19,120.73,6,19.15,3.44,0.65,7.69,82.48,31.82,26.13,29.0,2.75
2021,Magallanes,14.19,120.73,7,14.79,4.23,0.84,20.48,86.31,31.62,26.33,28.6,4.14
2021,Magallanes,14.19,120.73,8,18.43,4.27,0.95,6.8,83.82,30.94,25.98,28.41,2.94
2021,Magallanes,14.19,120.73,9,17.9,3.85,0.98,12.42,84.31,30.61,25.91,28.36,2.67
2021,Magallanes,14.19,120.73,10,15.78,4.18,0.98,9.04,86.15,30.3,25.38,28.15,3.57
2021,Magallanes,14.19,120.73,11,17.23,4.29,0.88,2.46,85.89,30.18,24.93,27.99,3.75
2021,Magallanes,14.19,120.73,12,15.61,4.74,0.76,2.94,84.37,29.65,23.17,26.81,4.99
2021,Maragondon,14.27,120.73,1,15.11,3.82,0.92,2.73,84.71,29.63,21.17,26.35,4.73
2021,Maragondon,14.27,120.73,2,18.97,3.85,0.79,1.45,81.12,30.61,20.79,27.15,3.99
2021,Maragondon,14.27,120.73,3,21.71,3.04,0.67,1.27,77.09,33.25,23.44,29.06,3.94
2021,Maragondon,14.27,120.73,4,23.23,1.57,0.6,1.01,68.29,34.23,24.35,31.46,3.51
2021,Maragondon,14.27,120.73,5,23.86,1.28,0.6,1.57,71.48,35.21,26.2,31.9,3.54
2021,Maragondon,14.27,120.73,6,19.15,2.66,0.76,8.28,81.89,32.19,25.93,29.46,3.08
2021,Maragondon,14.27,120.73,7,14.79,3.62,0.94,20.66,85.37,31.52,25.81,28.7,4.54
2021,Maragondon,14.27,120.73,8,18.43,3.78,0.98,7.3,83.69,30.77,25.64,28.54,3.27
2021,Maragondon,14.27,120.73,9,17.9,3.34,0.99,14.88,84.09,30.58,25.63,28.51,2.7
2021,Maragondon,14.27,120.73,10,15.78,3.65,0.99,11.54,85.73,30.5,24.52,28.13,3.65
2021,Maragondon,14.27,120.73,11,17.23,3.42,0.9,2.57,85.12,30.58,24.07,28.19,3.6
2021,Maragondon,14.27,120.73,12,15.61,3.31,0.81,2.12,82.34,30.02,22.15,26.88,5.08
2021,Mendez,14.13,120.9,1,15.11,4.9,0.9,3.18,85.58,29.41,22.08,26.4,4.72
2021,Mendez,14.13,120.9,2,18.97,5.32,0.74,1.98,83.66,30.03,21.61,26.26,3.85
2021,Mendez,14.13,120.9,3,21.71,3.9,0.59,1.63,81.51,31.4,23.85,27.55,3.77
2021,Mendez,14.13,120.9,4,23.23,2.14,0.49,0.62,74.0,33.19,24.63,28.94,3.27
2021,Mendez,14.13,120.9,5,23.86,1.58,0.47,2.18,75.08,34.67,26.01,30.06,3.06
2021,Mendez,14.13,120.9,6,19.15,3.44,0.65,7.69,82.48,31.82,26.13,29.0,2.75
2021,Mendez,14.13,120.9,7,14.79,4.23,0.84,20.48,86.31,31.62,26.33,28.6,4.14
2021,Mendez,14.13,120.9,8,18.43,4.27,0.95,6.8,83.82,30.94,25.98,28.41,2.94
2021,Mendez,14.13,120.9,9,17.9,3.85,0.98,12.42,84.31,30.61,25.91,28.36,2.67
2021,Mendez,14.13,120.9,10,15.78,4.18,0.98,9.04,86.15,30.3,25.38,28.15,3.57
2021,Mendez,14.13,120.9,11,17.23,4.29,0.88,2.46,85.89,30.18,24.93,27.99,3.75
2021,Mendez,14.13,120.9,12,15.61,4.74,0.76,2.94,84.37,29.65,23.17,26.81,4.99
2021,Naic,14.32,120.77,1,15.11,3.82,0.92,2.73,84.71,29.63,21.17,26.35,4.73
2021,Naic,14.32,120.77,2,18.97,3.85,0.79,1.45,81.12,30.61,20.79,27.15,3.99
2021,Naic,14.32,120.77,3,21.71,3.04,0.67,1.27,77.09,33.25,23.44,29.06,3.94
2021,Naic,14.32,120.77,4,23.23,1.57,0.6,1.01,68.29,34.23,24.35,31.46,3.51
2021,Naic,14.32,120.77,5,23.86,1.28,0.6,1.57,71.48,35.21,26.2,31.9,3.54
2021,Naic,14.32,120.77,6,19.15,2.66,0.76,8.28,81.89,32.19,25.93,29.46,3.08
2021,Naic,14.32,120.77,7,14.79,3.62,0.94,20.66,85.37,31.52,25.81,28.7,4.54
2021,Naic,14.32,120.77,8,18.43,3.78,0.98,7.3,83.69,30.77,25.64,28.54,3.27
2021,Naic,14.32,120.77,9,17.9,3.34,0.99,14.88,84.09,30.58,25.63,28.51,2.7
2021,Naic,14.32,120.77,10,15.78,3.65,0.99,11.54,85.73,30.5,24.52,28.13,3.65
2021,Naic,14.32,120.77,11,17.23,3.42,0.9,2.57,85.12,30.58,24.07,28.19,3.6
2021,Naic,14.32,120.77,12,15.61,3.31,0.81,2.12,82.34,30.02,22.15,26.88,5.08
2021,Noveleta,14.43,120.88,1,15.11,3.82,0.92,2.73,84.71,29.63,21.17,26.35,4.73
2021,Noveleta,14.43,120.88,2,18.97,3.85,0.79,1.45,81.12,30.61,20.79,27.15,3.99
2021,Noveleta,14.43,120.88,3,21.71,3.04,0.67,1.27,77.09,33.25,23.44,29.06,3.94
2021,Noveleta,14.43,120.88,4,23.23,1.57,0.6,1.01,68.29,34.23,24.35,31.46,3.51
2021,Noveleta,14.43,120.88,5,23.86,1.28,0.6,1.57,71.48,35.21,26.2,31.9,3.54
2021,Noveleta,14.43,120.88,6,19.15,2.66,0.76,8.28,81.89,32.19,25.93,29.46,3.08
2021,Noveleta,14.43,120.88,7,14.79,3.62,0.94,20.66,85.37,31.52,25.81,28.7,4.54
2021,Noveleta,14.43,120.88,8,18.43,3.78,0.98,7.3,83.69,30.77,25.64,28.54,3.27
2021,Noveleta,14.43,120.88,9,17.9,3.34,0.99,14.88,84.09,30.58,25.63,28.51,2.7
2021,Noveleta,14.43,120.88,10,15.78,3.65,0.99,11.54,85.73,30.5,24.52,28.13,3.65
2021,Noveleta,14.43,120.88,11,17.23,3.42,0.9,2.57,85.12,30.58,24.07,28.19,3.6
2021,Noveleta,14.43,120.88,12,15.61,3.31,0.81,2.12,82.34,30.02,22.15,26.88,5.08
2021,Rosario,14.41,120.85,1,15.11,3.82,0.92,2.73,84.71,29.63,21.17,26.35,4.73
2021,Rosario,14.41,120.85,2,18.97,3.85,0.79,1.45,81.12,30.61,20.79,27.15,3.99
2021,Rosario,14.41,120.85,3,21.71,3.04,0.67,1.27,77.09,33.25,23.44,29.06,3.94
2021,Rosario,14.41,120.85,4,23.23,1.57,0.6,1.01,68.29,34.23,24.35,31.46,3.51
2021,Rosario,14.41,120.85,5,23.86,1.28,0.6,1.57,71.48,35.21,26.2,31.9,3.54
2021,Rosario,14.41,120.85,6,19.15,2.66,0.76,8.28,81.89,32.19,25.93,29.46,3.08
2021,Rosario,14.41,120.85,7,14.79,3.62,0.94,20.66,85.37,31.52,25.81,28.7,4.54
2021,Rosario,14.41,120.85,8,18.43,3.78,0.98,7.3,83.69,30.77,25.64,28.54,3.27
2021,Rosario,14.41,120.85,9,17.9,3.34,0.99,14.88,84.09,30.58,25.63,28.51,2.7
2021,Rosario,14.41,120.85,10,15.78,3.65,0.99,11.54,85.73,30.5,24.52,28.13,3.65
2021,Rosario,14.41,120.85,11,17.23,3.42,0.9,2.57,85.12,30.58,24.07,28.19,3.6
2021,Rosario,14.41,120.85,12,15.61,3.31,0.81,2.12,82.34,30.02,22.15,26.88,5.08
2021,Silang,14.23,120.97,1,15.11,4.59,0.97,7.77,89.69,29.76,19.94,24.47,1.76
2021,Silang,14.23,120.97,2,18.97,4.95,0.91,6.42,87.66,31.43,19.1,24.72,1.47
2021,Silang,14.23,120.97,3,21.71,5.3,0.86,6.14,87.29,31.8,21.41,25.98,1.5
2021,Silang,14.23,120.97,4,23.23,4.74,0.73,1.76,79.66,34.78,21.52,27.22,1.41
2021,Silang,14.23,120.97,5,23.86,3.12,0.65,2.91,79.66,35.87,22.95,28.87,1.34
2021,Silang,14.23,120.97,6,19.15,3.35,0.73,5.58,83.76,35.35,24.07,27.77,1.07
2021,Silang,14.23,120.97,7,14.79,3.89,0.87,15.17,88.79,32.52,23.84,27.27,1.55
2021,Silang,14.23,120.97,8,18.43,4.06,0.93,5.8,84.78,32.44,23.95,27.41,1.11
2021,Silang,14.23,120.97,9,17.9,3.73,0.98,13.59,88.02,31.98,23.76,27.03,1.02
2021,Silang,14.23,120.97,10,15.78,3.91,0.99,11.24,90.08,31.27,22.75,26.56,1.3
2021,Silang,14.23,120.97,11,17.23,3.9,0.96,7.19,91.1,31.24,21.98,26.28,1.35
2021,Silang,14.23,120.97,12,15.61,4.58,0.92,7.2,89.08,30.4,20.25,24.68,1.82
2021,Tagaytay City,14.11,120.96,1,15.11,4.59,0.97,7.77,89.69,29.76,19.94,24.47,1.76
2021,Tagaytay City,14.11,120.96,2,18.97,4.95,0.91,6.42,87.66,31.43,19.1,24.72,1.47
2021,Tagaytay City,14.11,120.96,3,21.71,5.3,0.86,6.14,87.29,31.8,21.41,25.98,1.5
2021,Tagaytay City,14.11,120.96,4,23.23,4.74,0.73,1.76,79.66,34.78,21.52,27.22,1.41
2021,Tagaytay City,14.11,120.96,5,23.86,3.12,0.65,2.91,79.66,35.87,22.95,28.87,1.34
2021,Tagaytay City,14.11,120.96,6,19.15,3.35,0.73,5.58,83.76,35.35,24.07,27.77,1.07
2021,Tagaytay City,14.11,120.96,7,14.79,3.89,0.87,15.17,88.79,32.52,23.84,27.27,1.55
2021,Tagaytay City,14.11,120.96,8,18.43,4.06,0.93,5.8,84.78,32.44,23.95,27.41,1.11
2021,Tagaytay City,14.11,120.96,9,17.9,3.73,0.98,13.59,88.02,31.98,23.76,27.03,1.02
2021,Tagaytay City,14.11,120.96,10,15.78,3.91,0.99,11.24,90.08,31.27,22.75,26.56,1.3
2021,Tagaytay City,14.11,120.96,11,17.23,3.9,0.96,7.19,91.1,31.24,21.98,26.28,1.35
2021,Tagaytay City,14.11,120.96,12,15.61,4.58,0.92,7.2,89.08,30.4,20.25,24.68,1.82
2021,Tanza,14.36,120.85,1,15.11,3.82,0.92,2.73,84.71,29.63,21.17,26.35,4.73
2021,Tanza,14.36,120.85,2,18.97,3.85,0.79,1.45,81.12,30.61,20.79,27.15,3.99
2021,Tanza,14.36,120.85,3,21.71,3.04,0.67,1.27,77.09,33.25,23.44,29.06,3.94
2021,Tanza,14.36,120.85,4,23.23,1.57,0.6,1.01,68.29,34.23,24.35,31.46,3.51
2021,Tanza,14.36,120.85,5,23.86,1.28,0.6,1.57,71.48,35.21,26.2,31.9,3.54
2021,Tanza,14.36,120.85,6,19.15,2.66,0.76,8.28,81.89,32.19,25.93,29.46,3.08
2021,Tanza,14.36,120.85,7,14.79,3.62,0.94,20.66,85.37,31.52,25.81,28.7,4.54
2021,Tanza,14.36,120.85,8,18.43,3.78,0.98,7.3,83.69,30.77,25.64,28.54,3.27
2021,Tanza,14.36,120.85,9,17.9,3.34,0.99,14.88,84.09,30.58,25.63,28.51,2.7
2021,Tanza,14.36,120.85,10,15.78,3.65,0.99,11.54,85.73,30.5,24.52,28.13,3.65
2021,Tanza,14.36,120.85,11,17.23,3.42,0.9,2.57,85.12,30.58,24.07,28.19,3.6
2021,Tanza,14.36,120.85,12,15.61,3.31,0.81,2.12,82.34,30.02,22.15,26.88,5.08
2021,Ternate,14.28,120.7,1,15.11,3.82,0.92,2.73,84.71,29.63,21.17,26.35,4.73
2021,Ternate,14.28,120.7,2,18.97,3.85,0.79,1.45,81.12,30.61,20.79,27.15,3.99
2021,Ternate,14.28,120.7,3,21.71,3.04,0.67,1.27,77.09,33.25,23.44,29.06,3.94
2021,Ternate,14.28,120.7,4,23.23,1.57,0.6,1.01,68.29,34.23,24.35,31.46,3.51
2021,Ternate,14.28,120.7,5,23.86,1.28,0.6,1.57,71.48,35.21,26.2,31.9,3.54
2021,Ternate,14.28,120.7,6,19.15,2.66,0.76,8.28,81.89,32.19,25.93,29.46,3.08
2021,Ternate,14.28,120.7,7,14.79,3.62,0.94,20.66,85.37,31.52,25.81,28.7,4.54
2021,Ternate,14.28,120.7,8,18.43,3.78,0.98,7.3,83.69,30.77,25.64,28.54,3.27
2021,Ternate,14.28,120.7,9,17.9,3.34,0.99,14.88,84.09,30.58,25.63,28.51,2.7
2021,Ternate,14.28,120.7,10,15.78,3.65,0.99,11.54,85.73,30.5,24.52,28.13,3.65
2021,Ternate,14.28,120.7,11,17.23,3.42,0.9,2.57,85.12,30.58,24.07,28.19,3.6
2021,Ternate,14.28,120.7,12,15.61,3.31,0.81,2.12,82.34,30.02,22.15,26.88,5.08
2021,Trece Martires City,14.28,120.86,1,15.11,3.82,0.92,2.73,84.71,29.63,21.17,26.35,4.73
2021,Trece Martires City,14.28,120.86,2,18.97,3.85,0.79,1.45,81.12,30.61,20.79,27.15,3.99
2021,Trece Martires City,14.28,120.86,3,21.71,3.04,0.67,1.27,77.09,33.25,23.44,29.06,3.94
2021,Trece Martires City,14.28,120.86,4,23.23,1.57,0.6,1.01,68.29,34.23,24.35,31.46,3.51
2021,Trece Martires City,14.28,120.86,5,23.86,1.28,0.6,1.57,71.48,35.21,26.2,31.9,3.54
2021,Trece Martires City,14.28,120.86,6,19.15,2.66,0.76,8.28,81.89,32.19,25.93,29.46,3.08
2021,Trece Martires City,14.28,120.86,7,14.79,3.62,0.94,20.66,85.37,31.52,25.81,28.7,4.54
2021,Trece Martires City,14.28,120.86,8,18.43,3.78,0.98,7.3,83.69,30.77,25.64,28.54,3.27
2021,Trece Martires City,14.28,120.86,9,17.9,3.34,0.99,14.88,84.09,30.58,25.63,28.51,2.7
2021,Trece Martires City,14.28,120.86,10,15.78,3.65,0.99,11.54,85.73,30.5,24.52,28.13,3.65
2021,Trece Martires City,14.28,120.86,11,17.23,3.42,0.9,2.57,85.12,30.58,24.07,28.19,3.6
2021,Trece Martires City,14.28,120.86,12,15.61,3.31,0.81,2.12,82.34,30.02,22.15,26.88,5.08
2022,Alfonso,14.14,120.85,1,17.8,3.67,0.63,1.09,81.61,30.01,22.23,26.42,4.22
2022,Alfonso,14.14,120.85,2,18.11,2.91,0.54,1.71,81.5,30.58,23.84,27.02,4.43
2022,Alfonso,14.14,120.85,3,22.98,2.48,0.51,2.08,78.68,32.34,23.94,28.27,3.53
2022,Alfonso,14.14,120.85,4,21.41,3.03,0.53,3.9,78.66,32.66,24.7,28.46,3.52
2022,Alfonso,14.14,120.85,5,22.26,3.5,0.59,8.05,77.73,33.54,26.13,29.41,2.4
2022,Alfonso,14.14,120.85,6,21.09,4.08,0.78,9.95,79.69,31.34,26.13,29.16,2.06
2022,Alfonso,14.14,120.85,7,17.8,3.97,0.94,9.28,83.64,31.15,25.94,28.9,2.41
2022,Alfonso,14.14,120.85,8,16.01,3.93,0.98,12.03,84.13,30.67,25.77,28.26,2.75
2022,Alfonso,14.14,120.85,9,16.05,3.85,0.99,13.41,86.1,30.99,25.84,28.12,3.31
2022,Alfonso,14.14,120.85,10,16.83,3.98,0.97,15.11,85.49,30.38,26.05,28.31,3.47
2022,Alfonso,14.14,120.85,11,16.85,3.91,0.97,3.85,86.88,29.88,25.01,27.81,3.66
2022,Alfonso,14.14,120.85,12,14.3,4.15,0.89,3.75,85.7,29.69,22.74,27.0,4.2
2022,Amadeo,14.17,120.92,1,17.8,3.67,0.63,1.09,81.61,30.01,22.23,26.42,4.22
2022,Amadeo,14.17,120.92,2,18.11,2.91,0.54,1.71,81.5,30.58,23.84,27.02,4.43
2022,Amadeo,14.17,120.92,3,22.98,2.48,0.51,2.08,78.68,32.34,23.94,28.27,3.53
2022,Amadeo,14.17,120.92,4,21.41,3.03,0.53,3.9,78.66,32.66,24.7,28.46,3.52
2022,Amadeo,14.17,120.92,5,22.26,3.5,0.59,8.05,77.73,33.54,26.13,29.41,2.4
2022,Amadeo,14.17,120.92,6,21.09,4.08,0.78,9.95,79.69,31.34,26.13,29.16,2.06
2022,Amadeo,14.17,120.92,7,17.8,3.97,0.94,9.28,83.64,31.15,25.94,28.9,2.41
2022,Amadeo,14.17,120.92,8,16.01,3.93,0.98,12.03,84.13,30.67,25.77,28.26,2.75
2022,Amadeo,14.17,120.92,9,16.05,3.85,0.99,13.41,86.1,30.99,25.84,28.12,3.31
2022,Amadeo,14.17,120.92,10,16.83,3.98,0.97,15.11,85.49,30.38,26.05,28.31,3.47
2022,Amadeo,14.17,120.92,11,16.85,3.91,0.97,3.85,86.88,29.88,25.01,27.81,3.66
2022,Amadeo,14.17,120.92,12,14.3,4.15,0.89,3.75,85.7,29.69,22.74,27.0,4.2
2022,Bacoor City,14.46,120.94,1,17.8,4.02,0.83,3.5,85.02,31.26,19.1,24.36,1.56
2022,Bacoor City,14.46,120.94,2,18.11,4.27,0.8,5.03,85.35,30.64,21.7,25.4,1.77
2022,Bacoor City,14.46,120.94,3,22.98,3.92,0.76,3.24,83.08,32.71,20.7,26.79,1.49
2022,Bacoor City,14.46,120.94,4,21.41,4.48,0.8,7.67,84.3,32.19,22.06,26.89,1.45
2022,Bacoor City,14.46,120.94,5,22.26,4.3,0.79,5.93,80.5,34.8,23.57,28.24,1.11
2022,Bacoor City,14.46,120.94,6,21.09,3.97,0.85,8.16,83.05,33.23,23.8,27.63,0.92
2022,Bacoor City,14.46,120.94,7,17.8,4.1,0.95,9.52,85.84,32.97,24.18,27.55,0.91
2022,Bacoor City,14.46,120.94,8,16.01,3.78,0.99,11.01,87.48,31.72,23.49,26.61,1.07
2022,Bacoor City,14.46,120.94,9,16.05,3.79,0.98,12.3,89.38,32.46,23.33,26.51,1.27
2022,Bacoor City,14.46,120.94,10,16.83,3.93,0.99,18.09,89.77,31.85,23.32,26.54,1.31
2022,Bacoor City,14.46,120.94,11,16.85,3.81,0.99,7.97,91.03,29.98,22.0,25.99,1.32
2022,Bacoor City,14.46,120.94,12,14.3,4.17,0.96,10.21,89.68,30.33,19.65,24.77,1.51
2022,Carmona,14.31,121.05,1,14.51,4.02,0.83,3.5,85.02,31.26,19.1,24.36,1.56
2022,Carmona,14.31,121.05,2,14.83,4.27,0.8,5.03,85.35,30.64,21.7,25.4,1.77
2022,Carmona,14.31,121.05,3,19.27,3.92,0.76,3.24,83.08,32.71,20.7,26.79,1.49
2022,Carmona,14.31,121.05,4,18.15,4.48,0.8,7.67,84.3,32.19,22.06,26.89,1.45
2022,Carmona,14.31,121.05,5,20.75,4.3,0.79,5.93,80.5,34.8,23.57,28.24,1.11
2022,Carmona,14.31,121.05,6,19.62,3.97,0.85,8.16,83.05,33.23,23.8,27.63,0.92
2022,Carmona,14.31,121.05,7,17.12,4.1,0.95,9.52,85.84,32.97,24.18,27.55,0.91
2022,Carmona,14.31,121.05,8,15.23,3.78,0.99,11.01,87.48,31.72,23.49,26.61,1.07
2022,Carmona,14.31,121.05,9,16.49,3.79,0.98,12.3,89.38,32.46,23.33,26.51,1.27
2022,Carmona,14.31,121.05,10,14.79,3.93,0.99,18.09,89.77,31.85,23.32,26.54,1.31
2022,Carmona,14.31,121.05,11,13.68,3.81,0.99,7.97,91.03,29.98,22.0,25.99,1.32
2022,Carmona,14.31,121.05,12,10.93,4.17,0.96,10.21,89.68,30.33,19.65,24.77,1.51
2022,Cavite City,14.48,120.9,1,17.8,2.71,0.71,0.95,78.67,30.79,21.54,27.13,4.24
2022,Cavite City,14.48,120.9,2,18.11,2.4,0.64,1.12,77.6,32.0,23.44,28.28,4.61
2022,Cavite City,14.48,120.9,3,22.98,1.78,0.61,1.74,74.57,33.7,23.71,30.06,3.79
2022,Cavite City,14.48,120.9,4,21.41,2.64,0.64,3.21,75.99,33.55,24.59,29.84,3.88
2022,Cavite City,14.48,120.9,5,22.26,2.66,0.7,6.77,75.43,34.35,26.33,30.81,2.75
2022,Cavite City,14.48,120.9,6,21.09,3.4,0.87,9.02,79.26,31.23,26.06,29.67,2.21
2022,Cavite City,14.48,120.9,7,17.8,3.57,0.98,10.8,83.6,30.85,26.13,29.13,2.49
2022,Cavite City,14.48,120.9,8,16.01,3.38,1.0,20.59,84.72,30.49,25.58,28.26,3.09
2022,Cavite City,14.48,120.9,9,16.05,3.41,0.99,13.73,85.79,31.15,25.68,28.17,3.59
2022,Cavite City,14.48,120.9,10,16.83,3.21,0.99,19.19,85.72,30.48,25.26,28.29,3.56
2022,Cavite City,14.48,120.9,11,16.85,3.34,0.97,3.74,86.63,30.28,24.19,27.78,3.57
2022,Cavite City,14.48,120.9,12,14.3,3.17,0.91,2.94,84.94,29.97,21.73,27.01,4.15
2022,Dasmarinas City,14.33,120.93,1,17.8,2.71,0.71,0.95,78.67,30.79,21.54,27.13,4.24
2022,Dasmarinas City,14.33,120.93,2,18.11,2.4,0.64,1.12,77.6,32.0,23.44,28.28,4.61
2022,Dasmarinas City,14.33,120.93,3,22.98,1.78,0.61,1.74,74.57,33.7,23.71,30.06,3.79
2022,Dasmarinas City,14.33,120.93,4,21.41,2.64,0.64,3.21,75.99,33.55,24.59,29.84,3.88
2022,Dasmarinas City,14.33,120.93,5,22.26,2.66,0.7,6.77,75.43,34.35,26.33,30.81,2.75
2022,Dasmarinas City,14.33,120.93,6,21.09,3.4,0.87,9.02,79.26,31.23,26.06,29.67,2.21
2022,Dasmarinas City,14.33,120.93,7,17.8,3.57,0.98,10.8,83.6,30.85,26.13,29.13,2.49
2022,Dasmarinas City,14.33,120.93,8,16.01,3.38,1.0,20.59,84.72,30.49,25.58,28.26,3.09
2022,Dasmarinas City,14.33,120.93,9,16.05,3.41,0.99,13.73,85.79,31.15,25.68,28.17,3.59
2022,Dasmarinas City,14.33,120.93,10,16.83,3.21,0.99,19.19,85.72,30.48,25.26,28.29,3.56
2022,Dasmarinas City,14.33,120.93,11,16.85,3.34,0.97,3.74,86.63,30.28,24.19,27.78,3.57
2022,Dasmarinas City,14.33,120.93,12,14.3,3.17,0.91,2.94,84.94,29.97,21.73,27.01,4.15
2022,General Emilio Aguinaldo,14.18,120.79,1,17.8,3.67,0.63,1.09,81.61,30.01,22.23,26.42,4.22
2022,General Emilio Aguinaldo,14.18,120.79,2,18.11,2.91,0.54,1.71,81.5,30.58,23.84,27.02,4.43
2022,General Emilio Aguinaldo,14.18,120.79,3,22.98,2.48,0.51,2.08,78.68,32.34,23.94,28.27,3.53
2022,General Emilio Aguinaldo,14.18,120.79,4,21.41,3.03,0.53,3.9,78.66,32.66,24.7,28.46,3.52
2022,General Emilio Aguinaldo,14.18,120.79,5,22.26,3.5,0.59,8.05,77.73,33.54,26.13,29.41,2.4
2022,General Emilio Aguinaldo,14.18,120.79,6,21.09,4.08,0.78,9.95,79.69,31.34,26.13,29.16,2.06
2022,General Emilio Aguinaldo,14.18,120.79,7,17.8,3.97,0.94,9.28,83.64,31.15,25.94,28.9,2.41
2022,General Emilio Aguinaldo,14.18,120.79,8,16.01,3.93,0.98,12.03,84.13,30.67,25.77,28.26,2.75
2022,General Emilio Aguinaldo,14.18,120.79,9,16.05,3.85,0.99,13.41,86.1,30.99,25.84,28.12,3.31
2022,General Emilio Aguinaldo,14.18,120.79,10,16.83,3.98,0.97,15.11,85.49,30.38,26.05,28.31,3.47
2022,General Emilio Aguinaldo,14.18,120.79,11,16.85,3.91,0.97,3.85,86.88,29.88,25.01,27.81,3.66
2022,General Emilio Aguinaldo,14.18,120.79,12,14.3,4.15,0.89,3.75,85.7,29.69,22.74,27.0,4.2
2022,General Mariano Alvarez,14.3,121.0,1,14.51,4.02,0.83,3.5,85.02,31.26,19.1,24.36,1.56
2022,General Mariano Alvarez,14.3,121.0,2,14.83,4.27,0.8,5.03,85.35,30.64,21.7,25.4,1.77
2022,General Mariano Alvarez,14.3,121.0,3,19.27,3.92,0.76,3.24,83.08,32.71,20.7,26.79,1.49
2022,General Mariano Alvarez,14.3,121.0,4,18.15,4.48,0.8,7.67,84.3,32.19,22.06,26.89,1.45
2022,General Mariano Alvarez,14.3,121.0,5,20.75,4.3,0.79,5.93,80.5,34.8,23.57,28.24,1.11
2022,General Mariano Alvarez,14.3,121.0,6,19.62,3.97,0.85,8.16,83.05,33.23,23.8,27.63,0.92
2022,General Mariano Alvarez,14.3,121.0,7,17.12,4.1,0.95,9.52,85.84,32.97,24.18,27.55,0.91
2022,General Mariano Alvarez,14.3,121.0,8,15.23,3.78,0.99,11.01,87.48,31.72,23.49,26.61,1.07
2022,General Mariano Alvarez,14.3,121.0,9,16.49,3.79,0.98,12.3,89.38,32.46,23.33,26.51,1.27
2022,General Mariano Alvarez,14.3,121.0,10,14.79,3.93,0.99,18.09,89.77,31.85,23.32,26.54,1.31
2022,General Mariano Alvarez,14.3,121.0,11,13.68,3.81,0.99,7.97,91.03,29.98,22.0,25.99,1.32
2022,General Mariano Alvarez,14.3,121.0,12,10.93,4.17,0.96,10.21,89.68,30.33,19.65,24.77,1.51
2022,General Trias,14.38,120.88,1,17.8,2.71,0.71,0.95,78.67,30.79,21.54,27.13,4.24
2022,General Trias,14.38,120.88,2,18.11,2.4,0.64,1.12,77.6,32.0,23.44,28.28,4.61
2022,General Trias,14.38,120.88,3,22.98,1.78,0.61,1.74,74.57,33.7,23.71,30.06,3.79
2022,General Trias,14.38,120.88,4,21.41,2.64,0.64,3.21,75.99,33.55,24.59,29.84,3.88
2022,General Trias,14.38,120.88,5,22.26,2.66,0.7,6.77,75.43,34.35,26.33,30.81,2.75
2022,General Trias,14.38,120.88,6,21.09,3.4,0.87,9.02,79.26,31.23,26.06,29.67,2.21
2022,General Trias,14.38,120.88,7,17.8,3.57,0.98,10.8,83.6,30.85,26.13,29.13,2.49
2022,General Trias,14.38,120.88,8,16.01,3.38,1.0,20.59,84.72,30.49,25.58,28.26,3.09
2022,General Trias,14.38,120.88,9,16.05,3.41,0.99,13.73,85.79,31.15,25.68,28.17,3.59
2022,General Trias,14.38,120.88,10,16.83,3.21,0.99,19.19,85.72,30.48,25.26,28.29,3.56
2022,General Trias,14.38,120.88,11,16.85,3.34,0.97,3.74,86.63,30.28,24.19,27.78,3.57
2022,General Trias,14.38,120.88,12,14.3,3.17,0.91,2.94,84.94,29.97,21.73,27.01,4.15
2022,Imus City,14.43,120.93,1,17.8,2.71,0.71,0.95,78.67,30.79,21.54,27.13,4.24
2022,Imus City,14.43,120.93,2,18.11,2.4,0.64,1.12,77.6,32.0,23.44,28.28,4.61
2022,Imus City,14.43,120.93,3,22.98,1.78,0.61,1.74,74.57,33.7,23.71,30.06,3.79
2022,Imus City,14.43,120.93,4,21.41,2.64,0.64,3.21,75.99,33.55,24.59,29.84,3.88
2022,Imus City,14.43,120.93,5,22.26,2.66,0.7,6.77,75.43,34.35,26.33,30.81,2.75
2022,Imus City,14.43,120.93,6,21.09,3.4,0.87,9.02,79.26,31.23,26.06,29.67,2.21
2022,Imus City,14.43,120.93,7,17.8,3.57,0.98,10.8,83.6,30.85,26.13,29.13,2.49
2022,Imus City,14.43,120.93,8,16.01,3.38,1.0,20.59,84.72,30.49,25.58,28.26,3.09
2022,Imus City,14.43,120.93,9,16.05,3.41,0.99,13.73,85.79,31.15,25.68,28.17,3.59
2022,Imus City,14.43,120.93,10,16.83,3.21,0.99,19.19,85.72,30.48,25.26,28.29,3.56
2022,Imus City,14.43,120.93,11,16.85,3.34,0.97,3.74,86.63,30.28,24.19,27.78,3.57
2022,Imus City,14.43,120.93,12,14.3,3.17,0.91,2.94,84.94,29.97,21.73,27.01,4.15
2022,Indang,14.19,120.87,1,17.8,3.67,0.63,1.09,81.61,30.01,22.23,26.42,4.22
2022,Indang,14.19,120.87,2,18.11,2.91,0.54,1.71,81.5,30.58,23.84,27.02,4.43
2022,Indang,14.19,120.87,3,22.98,2.48,0.51,2.08,78.68,32.34,23.94,28.27,3.53
2022,Indang,14.19,120.87,4,21.41,3.03,0.53,3.9,78.66,32.66,24.7,28.46,3.52
2022,Indang,14.19,120.87,5,22.26,3.5,0.59,8.05,77.73,33.54,26.13,29.41,2.4
2022,Indang,14.19,120.87,6,21.09,4.08,0.78,9.95,79.69,31.34,26.13,29.16,2.06
2022,Indang,14.19,120.87,7,17.8,3.97,0.94,9.28,83.64,31.15,25.94,28.9,2.41
2022,Indang,14.19,120.87,8,16.01,3.93,0.98,12.03,84.13,30.67,25.77,28.26,2.75
2022,Indang,14.19,120.87,9,16.05,3.85,0.99,13.41,86.1,30.99,25.84,28.12,3.31
2022,Indang,14.19,120.87,10,16.83,3.98,0.97,15.11,85.49,30.38,26.05,28.31,3.47
2022,Indang,14.19,120.87,11,16.85,3.91,0.97,3.85,86.88,29.88,25.01,27.81,3.66
2022,Indang,14.19,120.87,12,14.3,4.15,0.89,3.75,85.7,29.69,22.74,27.0,4.2
2022,Kawit,14.44,120.9,1,17.8,2.71,0.71,0.95,78.67,30.79,21.54,27.13,4.24
2022,Kawit,14.44,120.9,2,18.11,2.4,0.64,1.12,77.6,32.0,23.44,28.28,4.61
2022,Kawit,14.44,120.9,3,22.98,1.78,0.61,1.74,74.57,33.7,23.71,30.06,3.79
2022,Kawit,14.44,120.9,4,21.41,2.64,0.64,3.21,75.99,33.55,24.59,29.84,3.88
2022,Kawit,14.44,120.9,5,22.26,2.66,0.7,6.77,75.43,34.35,26.33,30.81,2.75
2022,Kawit,14.44,120.9,6,21.09,3.4,0.87,9.02,79.26,31.23,26.06,29.67,2.21
2022,Kawit,14.44,120.9,7,17.8,3.57,0.98,10.8,83.6,30.85,26.13,29.13,2.49
2022,Kawit,14.44,120.9,8,16.01,3.38,1.0,20.59,84.72,30.49,25.58,28.26,3.09
2022,Kawit,14.44,120.9,9,16.05,3.41,0.99,13.73,85.79,31.15,25.68,28.17,3.59
2022,Kawit,14.44,120.9,10,16.83,3.21,0.99,19.19,85.72,30.48,25.26,28.29,3.56
2022,Kawit,14.44,120.9,11,16.85,3.34,0.97,3.74,86.63,30.28,24.19,27.78,3.57
2022,Kawit,14.44,120.9,12,14.3,3.17,0.91,2.94,84.94,29.97,21.73,27.01,4.15
2022,Magallanes,14.19,120.73,1,17.8,3.67,0.63,1.09,81.61,30.01,22.23,26.42,4.22
2022,Magallanes,14.19,120.73,2,18.11,2.91,0.54,1.71,81.5,30.58,23.84,27.02,4.43
2022,Magallanes,14.19,120.73,3,22.98,2.48,0.51,2.08,78.68,32.34,23.94,28.27,3.53
2022,Magallanes,14.19,120.73,4,21.41,3.03,0.53,3.9,78.66,32.66,24.7,28.46,3.52
2022,Magallanes,14.19,120.73,5,22.26,3.5,0.59,8.05,77.73,33.54,26.13,29.41,2.4
2022,Magallanes,14.19,120.73,6,21.09,4.08,0.78,9.95,79.69,31.34,26.13,29.16,2.06
2022,Magallanes,14.19,120.73,7,17.8,3.97,0.94,9.28,83.64,31.15,25.94,28.9,2.41
2022,Magallanes,14.19,120.73,8,16.01,3.93,0.98,12.03,84.13,30.67,25.77,28.26,2.75
2022,Magallanes,14.19,120.73,9,16.05,3.85,0.99,13.41,86.1,30.99,25.84,28.12,3.31
2022,Magallanes,14.19,120.73,10,16.83,3.98,0.97,15.11,85.49,30.38,26.05,28.31,3.47
2022,Magallanes,14.19,120.73,11,16.85,3.91,0.97,3.85,86.88,29.88,25.01,27.81,3.66
2022,Magallanes,14.19,120.73,12,14.3,4.15,0.89,3.75,85.7,29.69,22.74,27.0,4.2
2022,Maragondon,14.27,120.73,1,17.8,2.71,0.71,0.95,78.67,30.79,21.54,27.13,4.24
2022,Maragondon,14.27,120.73,2,18.11,2.4,0.64,1.12,77.6,32.0,23.44,28.28,4.61
2022,Maragondon,14.27,120.73,3,22.98,1.78,0.61,1.74,74.57,33.7,23.71,30.06,3.79
2022,Maragondon,14.27,120.73,4,21.41,2.64,0.64,3.21,75.99,33.55,24.59,29.84,3.88
2022,Maragondon,14.27,120.73,5,22.26,2.66,0.7,6.77,75.43,34.35,26.33,30.81,2.75
2022,Maragondon,14.27,120.73,6,21.09,3.4,0.87,9.02,79.26,31.23,26.06,29.67,2.21
2022,Maragondon,14.27,120.73,7,17.8,3.57,0.98,10.8,83.6,30.85,26.13,29.13,2.49
2022,Maragondon,14.27,120.73,8,16.01,3.38,1.0,20.59,84.72,30.49,25.58,28.26,3.09
2022,Maragondon,14.27,120.73,9,16.05,3.41,0.99,13.73,85.79,31.15,25.68,28.17,3.59
2022,Maragondon,14.27,120.73,10,16.83,3.21,0.99,19.19,85.72,30.48,25.26,28.29,3.56
2022,Maragondon,14.27,120.73,11,16.85,3.34,0.97,3.74,86.63,30.28,24.19,27.78,3.57
2022,Maragondon,14.27,120.73,12,14.3,3.17,0.91,2.94,84.94,29.97,21.73,27.01,4.15
2022,Mendez,14.13,120.9,1,17.8,3.67,0.63,1.09,81.61,30.01,22.23,26.42,4.22
2022,Mendez,14.13,120.9,2,18.11,2.91,0.54,1.71,81.5,30.58,23.84,27.02,4.43
2022,Mendez,14.13,120.9,3,22.98,2.48,0.51,2.08,78.68,32.34,23.94,28.27,3.53
2022,Mendez,14.13,120.9,4,21.41,3.03,0.53,3.9,78.66,32.66,24.7,28.46,3.52
2022,Mendez,14.13,120.9,5,22.26,3.5,0.59,8.05,77.73,33.54,26.13,29.41,2.4
2022,Mendez,14.13,120.9,6,21.09,4.08,0.78,9.95,79.69,31.34,26.13,29.16,2.06
2022,Mendez,14.13,120.9,7,17.8,3.97,0.94,9.28,83.64,31.15,25.94,28.9,2.41
2022,Mendez,14.13,120.9,8,16.01,3.93,0.98,12.03,84.13,30.67,25.77,28.26,2.75
2022,Mendez,14.13,120.9,9,16.05,3.85,0.99,13.41,86.1,30.99,25.84,28.12,3.31
2022,Mendez,14.13,120.9,10,16.83,3.98,0.97,15.11,85.49,30.38,26.05,28.31,3.47
2022,Mendez,14.13,120.9,11,16.85,3.91,0.97,3.85,86.88,29.88,25.01,27.81,3.66
2022,Mendez,14.13,120.9,12,14.3,4.15,0.89,3.75,85.7,29.69,22.74,27.0,4.2
2022,Naic,14.32,120.77,1,17.8,2.71,0.71,0.95,78.67,30.79,21.54,27.13,4.24
2022,Naic,14.32,120.77,2,18.11,2.4,0.64,1.12,77.6,32.0,23.44,28.28,4.61
2022,Naic,14.32,120.77,3,22.98,1.78,0.61,1.74,74.57,33.7,23.71,30.06,3.79
2022,Naic,14.32,120.77,4,21.41,2.64,0.64,3.21,75.99,33.55,24.59,29.84,3.88
2022,Naic,14.32,120.77,5,22.26,2.66,0.7,6.77,75.43,34.35,26.33,30.81,2.75
2022,Naic,14.32,120.77,6,21.09,3.4,0.87,9.02,79.26,31.23,26.06,29.67,2.21
2022,Naic,14.32,120.77,7,17.8,3.57,0.98,10.8,83.6,30.85,26.13,29.13,2.49
2022,Naic,14.32,120.77,8,16.01,3.38,1.0,20.59,84.72,30.49,25.58,28.26,3.09
2022,Naic,14.32,120.77,9,16.05,3.41,0.99,13.73,85.79,31.15,25.68,28.17,3.59
2022,Naic,14.32,120.77,10,16.83,3.21,0.99,19.19,85.72,30.48,25.26,28.29,3.56
2022,Naic,14.32,120.77,11,16.85,3.34,0.97,3.74,86.63,30.28,24.19,27.78,3.57
2022,Naic,14.32,120.77,12,14.3,3.17,0.91,2.94,84.94,29.97,21.73,27.01,4.15
2022,Noveleta,14.43,120.88,1,17.8,2.71,0.71,0.95,78.67,30.79,21.54,27.13,4.24
2022,Noveleta,14.43,120.88,2,18.11,2.4,0.64,1.12,77.6,32.0,23.44,28.28,4.61
2022,Noveleta,14.43,120.88,3,22.98,1.78,0.61,1.74,74.57,33.7,23.71,30.06,3.79
2022,Noveleta,14.43,120.88,4,21.41,2.64,0.64,3.21,75.99,33.55,24.59,29.84,3.88
2022,Noveleta,14.43,120.88,5,22.26,2.66,0.7,6.77,75.43,34.35,26.33,30.81,2.75
2022,Noveleta,14.43,120.88,6,21.09,3.4,0.87,9.02,79.26,31.23,26.06,29.67,2.21
2022,Noveleta,14.43,120.88,7,17.8,3.57,0.98,10.8,83.6,30.85,26.13,29.13,2.49
2022,Noveleta,14.43,120.88,8,16.01,3.38,1.0,20.59,84.72,30.49,25.58,28.26,3.09
2022,Noveleta,14.43,120.88,9,16.05,3.41,0.99,13.73,85.79,31.15,25.68,28.17,3.59
2022,Noveleta,14.43,120.88,10,16.83,3.21,0.99,19.19,85.72,30.48,25.26,28.29,3.56
2022,Noveleta,14.43,120.88,11,16.85,3.34,0.97,3.74,86.63,30.28,24.19,27.78,3.57
2022,Noveleta,14.43,120.88,12,14.3,3.17,0.91,2.94,84.94,29.97,21.73,27.01,4.15
2022,Rosario,14.41,120.85,1,17.8,2.71,0.71,0.95,78.67,30.79,21.54,27.13,4.24
2022,Rosario,14.41,120.85,2,18.11,2.4,0.64,1.12,77.6,32.0,23.44,28.28,4.61
2022,Rosario,14.41,120.85,3,22.98,1.78,0.61,1.74,74.57,33.7,23.71,30.06,3.79
2022,Rosario,14.41,120.85,4,21.41,2.64,0.64,3.21,75.99,33.55,24.59,29.84,3.88
2022,Rosario,14.41,120.85,5,22.26,2.66,0.7,6.77,75.43,34.35,26.33,30.81,2.75
2022,Rosario,14.41,120.85,6,21.09,3.4,0.87,9.02,79.26,31.23,26.06,29.67,2.21
2022,Rosario,14.41,120.85,7,17.8,3.57,0.98,10.8,83.6,30.85,26.13,29.13,2.49
2022,Rosario,14.41,120.85,8,16.01,3.38,1.0,20.59,84.72,30.49,25.58,28.26,3.09
2022,Rosario,14.41,120.85,9,16.05,3.41,0.99,13.73,85.79,31.15,25.68,28.17,3.59
2022,Rosario,14.41,120.85,10,16.83,3.21,0.99,19.19,85.72,30.48,25.26,28.29,3.56
2022,Rosario,14.41,120.85,11,16.85,3.34,0.97,3.74,86.63,30.28,24.19,27.78,3.57
2022,Rosario,14.41,120.85,12,14.3,3.17,0.91,2.94,84.94,29.97,21.73,27.01,4.15
2022,Silang,14.23,120.97,1,17.8,4.36,0.85,3.25,87.47,30.27,18.88,24.32,1.52
2022,Silang,14.23,120.97,2,18.11,4.76,0.81,5.29,88.21,30.35,21.4,25.13,1.7
2022,Silang,14.23,120.97,3,22.98,4.22,0.76,3.3,85.09,32.21,20.46,26.64,1.47
2022,Silang,14.23,120.97,4,21.41,4.6,0.79,8.12,85.8,32.81,21.7,26.79,1.41
2022,Silang,14.23,120.97,5,22.26,4.44,0.78,6.23,81.46,34.48,23.72,28.2,1.1
2022,Silang,14.23,120.97,6,21.09,4.06,0.85,8.48,83.45,32.93,24.0,27.71,0.92
2022,Silang,14.23,120.97,7,17.8,4.07,0.94,8.02,85.68,33.58,24.35,27.75,0.92
2022,Silang,14.23,120.97,8,16.01,3.79,0.98,9.97,86.68,31.52,23.6,26.91,1.04
2022,Silang,14.23,120.97,9,16.05,3.76,0.98,11.11,89.14,32.77,23.28,26.74,1.29
2022,Silang,14.23,120.97,10,16.83,3.9,0.99,17.01,89.48,32.66,23.78,26.87,1.31
2022,Silang,14.23,120.97,11,16.85,3.56,0.99,8.24,91.8,30.88,22.09,26.23,1.32
2022,Silang,14.23,120.97,12,14.3,3.97,0.97,10.86,90.6,30.2,20.14,25.07,1.5
2022,Tagaytay City,14.11,120.96,1,17.8,4.36,0.85,3.25,87.47,30.27,18.88,24.32,1.52
2022,Tagaytay City,14.11,120.96,2,18.11,4.76,0.81,5.29,88.21,30.35,21.4,25.13,1.7
2022,Tagaytay City,14.11,120.96,3,22.98,4.22,0.76,3.3,85.09,32.21,20.46,26.64,1.47
2022,Tagaytay City,14.11,120.96,4,21.41,4.6,0.79,8.12,85.8,32.81,21.7,26.79,1.41
2022,Tagaytay City,14.11,120.96,5,22.26,4.44,0.78,6.23,81.46,34.48,23.72,28.2,1.1
2022,Tagaytay City,14.11,120.96,6,21.09,4.06,0.85,8.48,83.45,32.93,24.0,27.71,0.92
2022,Tagaytay City,14.11,120.96,7,17.8,4.07,0.94,8.02,85.68,33.58,24.35,27.75,0.92
2022,Tagaytay City,14.11,120.96,8,16.01,3.79,0.98,9.97,86.68,31.52,23.6,26.91,1.04
2022,Tagaytay City,14.11,120.96,9,16.05,3.76,0.98,11.11,89.14,32.77,23.28,26.74,1.29
2022,Tagaytay City,14.11,120.96,10,16.83,3.9,0.99,17.01,89.48,32.66,23.78,26.87,1.31
2022,Tagaytay City,14.11,120.96,11,16.85,3.56,0.99,8.24,91.8,30.88,22.09,26.23,1.32
2022,Tagaytay City,14.11,120.96,12,14.3,3.97,0.97,10.86,90.6,30.2,20.14,25.07,1.5
2022,Tanza,14.36,120.85,1,17.8,2.71,0.71,0.95,78.67,30.79,21.54,27.13,4.24
2022,Tanza,14.36,120.85,2,18.11,2.4,0.64,1.12,77.6,32.0,23.44,28.28,4.61
2022,Tanza,14.36,120.85,3,22.98,1.78,0.61,1.74,74.57,33.7,23.71,30.06,3.79
2022,Tanza,14.36,120.85,4,21.41,2.64,0.64,3.21,75.99,33.55,24.59,29.84,3.88
2022,Tanza,14.36,120.85,5,22.26,2.66,0.7,6.77,75.43,34.35,26.33,30.81,2.75
2022,Tanza,14.36,120.85,6,21.09,3.4,0.87,9.02,79.26,31.23,26.06,29.67,2.21
2022,Tanza,14.36,120.85,7,17.8,3.57,0.98,10.8,83.6,30.85,26.13,29.13,2.49
2022,Tanza,14.36,120.85,8,16.01,3.38,1.0,20.59,84.72,30.49,25.58,28.26,3.09
2022,Tanza,14.36,120.85,9,16.05,3.41,0.99,13.73,85.79,31.15,25.68,28.17,3.59
2022,Tanza,14.36,120.85,10,16.83,3.21,0.99,19.19,85.72,30.48,25.26,28.29,3.56
2022,Tanza,14.36,120.85,11,16.85,3.34,0.97,3.74,86.63,30.28,24.19,27.78,3.57
2022,Tanza,14.36,120.85,12,14.3,3.17,0.91,2.94,84.94,29.97,21.73,27.01,4.15
2022,Ternate,14.28,120.7,1,17.8,2.71,0.71,0.95,78.67,30.79,21.54,27.13,4.24
2022,Ternate,14.28,120.7,2,18.11,2.4,0.64,1.12,77.6,32.0,23.44,28.28,4.61
2022,Ternate,14.28,120.7,3,22.98,1.78,0.61,1.74,74.57,33.7,23.71,30.06,3.79
2022,Ternate,14.28,120.7,4,21.41,2.64,0.64,3.21,75.99,33.55,24.59,29.84,3.88
2022,Ternate,14.28,120.7,5,22.26,2.66,0.7,6.77,75.43,34.35,26.33,30.81,2.75
2022,Ternate,14.28,120.7,6,21.09,3.4,0.87,9.02,79.26,31.23,26.06,29.67,2.21
2022,Ternate,14.28,120.7,7,17.8,3.57,0.98,10.8,83.6,30.85,26.13,29.13,2.49
2022,Ternate,14.28,120.7,8,16.01,3.38,1.0,20.59,84.72,30.49,25.58,28.26,3.09
2022,Ternate,14.28,120.7,9,16.05,3.41,0.99,13.73,85.79,31.15,25.68,28.17,3.59
2022,Ternate,14.28,120.7,10,16.83,3.21,0.99,19.19,85.72,30.48,25.26,28.29,3.56
2022,Ternate,14.28,120.7,11,16.85,3.34,0.97,3.74,86.63,30.28,24.19,27.78,3.57
2022,Ternate,14.28,120.7,12,14.3,3.17,0.91,2.94,84.94,29.97,21.73,27.01,4.15
2022,Trece Martires City,14.28,120.86,1,17.8,2.71,0.71,0.95,78.67,30.79,21.54,27.13,4.24
2022,Trece Martires City,14.28,120.86,2,18.11,2.4,0.64,1.12,77.6,32.0,23.44,28.28,4.61
2022,Trece Martires City,14.28,120.86,3,22.98,1.78,0.61,1.74,74.57,33.7,23.71,30.06,3.79
2022,Trece Martires City,14.28,120.86,4,21.41,2.64,0.64,3.21,75.99,33.55,24.59,29.84,3.88
2022,Trece Martires City,14.28,120.86,5,22.26,2.66,0.7,6.77,75.43,34.35,26.33,30.81,2.75
2022,Trece Martires City,14.28,120.86,6,21.09,3.4,0.87,9.02,79.26,31.23,26.06,29.67,2.21
2022,Trece Martires City,14.28,120.86,7,17.8,3.57,0.98,10.8,83.6,30.85,26.13,29.13,2.49
2022,Trece Martires City,14.28,120.86,8,16.01,3.38,1.0,20.59,84.72,30.49,25.58,28.26,3.09
2022,Trece Martires City,14.28,120.86,9,16.05,3.41,0.99,13.73,85.79,31.15,25.68,28.17,3.59
2022,Trece Martires City,14.28,120.86,10,16.83,3.21,0.99,19.19,85.72,30.48,25.26,28.29,3.56
2022,Trece Martires City,14.28,120.86,11,16.85,3.34,0.97,3.74,86.63,30.28,24.19,27.78,3.57
2022,Trece Martires City,14.28,120.86,12,14.3,3.17,0.91,2.94,84.94,29.97,21.73,27.01,4.15
2023,Alfonso,14.14,120.85,1,15.11,4.7,0.86,5.12,86.18,28.82,22.48,26.03,4.75
2023,Alfonso,14.14,120.85,2,18.84,4.68,0.68,1.03,82.89,29.75,22.68,26.23,4.28
2023,Alfonso,14.14,120.85,3,23.78,2.81,0.53,0.37,77.29,32.44,22.27,27.08,3.63
2023,Alfonso,14.14,120.85,4,22.27,2.75,0.51,3.33,74.7,33.55,24.32,29.04,2.65
2023,Alfonso,14.14,120.85,5,21.85,2.81,0.51,4.0,77.03,34.04,26.39,29.93,2.8
2023,Alfonso,14.14,120.85,6,19.16,3.84,0.68,9.41,83.19,31.63,26.53,29.04,2.66
2023,Alfonso,14.14,120.85,7,16.42,4.58,0.86,15.09,83.15,31.77,26.55,28.81,3.39
2023,Alfonso,14.14,120.85,8,17.57,4.74,0.94,8.14,86.37,30.16,26.83,28.45,4.18
2023,Alfonso,14.14,120.85,9,16.95,4.06,0.97,8.09,84.06,31.25,26.31,28.58,2.53
2023,Alfonso,14.14,120.85,10,16.61,4.18,0.96,6.78,84.37,30.92,25.93,28.49,2.79
2023,Alfonso,14.14,120.85,11,17.18,4.6,0.91,5.38,85.43,30.72,25.09,28.11,3.98
2023,Alfonso,14.14,120.85,12,15.74,4.76,0.81,3.27,86.21,29.92,24.47,27.29,3.98
2023,Amadeo,14.17,120.92,1,15.11,4.7,0.86,5.12,86.18,28.82,22.48,26.03,4.75
2023,Amadeo,14.17,120.92,2,18.84,4.68,0.68,1.03,82.89,29.75,22.68,26.23,4.28
2023,Amadeo,14.17,120.92,3,23.78,2.81,0.53,0.37,77.29,32.44,22.27,27.08,3.63
2023,Amadeo,14.17,120.92,4,22.27,2.75,0.51,3.33,74.7,33.55,24.32,29.04,2.65
2023,Amadeo,14.17,120.92,5,21.85,2.81,0.51,4.0,77.03,34.04,26.39,29.93,2.8
2023,Amadeo,14.17,120.92,6,19.16,3.84,0.68,9.41,83.19,31.63,26.53,29.04,2.66
2023,Amadeo,14.17,120.92,7,16.42,4.58,0.86,15.09,83.15,31.77,26.55,28.81,3.39
2023,Amadeo,14.17,120.92,8,17.57,4.74,0.94,8.14,86.37,30.16,26.83,28.45,4.18
2023,Amadeo,14.17,120.92,9,16.95,4.06,0.97,8.09,84.06,31.25,26.31,28.58,2.53
2023,Amadeo,14.17,120.92,10,16.61,4.18,0.96,6.78,84.37,30.92,25.93,28.49,2.79
2023,Amadeo,14.17,120.92,11,17.18,4.6,0.91,5.38,85.43,30.72,25.09,28.11,3.98
2023,Amadeo,14.17,120.92,12,15.74,4.76,0.81,3.27,86.21,29.92,24.47,27.29,3.98
2023,Bacoor City,14.46,120.94,1,15.11,4.82,0.97,13.04,90.04,28.14,19.93,23.96,1.8
2023,Bacoor City,14.46,120.94,2,18.84,5.03,0.87,4.2,85.72,31.37,20.14,24.64,1.7
2023,Bacoor City,14.46,120.94,3,23.78,3.81,0.74,0.75,79.74,32.62,19.11,25.69,1.62
2023,Bacoor City,14.46,120.94,4,22.27,3.08,0.67,3.16,75.72,35.61,21.49,28.27,1.29
2023,Bacoor City,14.46,120.94,5,21.85,3.65,0.68,4.85,78.41,37.93,23.94,29.03,1.22
2023,Bacoor City,14.46,120.94,6,19.16,3.84,0.79,9.07,84.51,34.1,24.6,28.01,1.04
2023,Bacoor City,14.46,120.94,7,16.42,4.45,0.93,13.84,86.6,32.79,24.37,27.41,1.38
2023,Bacoor City,14.46,120.94,8,17.57,4.46,0.94,6.07,88.84,31.38,24.3,27.13,1.67
2023,Bacoor City,14.46,120.94,9,16.95,4.23,0.94,7.9,85.28,32.86,24.0,27.71,0.98
2023,Bacoor City,14.46,120.94,10,16.61,4.23,0.96,8.25,88.52,32.29,23.63,26.9,1.15
2023,Bacoor City,14.46,120.94,11,17.18,4.59,0.95,10.79,89.7,30.71,22.58,26.17,1.49
2023,Bacoor City,14.46,120.94,12,15.74,4.89,0.93,10.93,89.69,30.48,22.15,25.75,1.57
2023,Carmona,14.31,121.05,1,11.17,4.82,0.97,13.04,90.04,28.14,19.93,23.96,1.8
2023,Carmona,14.31,121.05,2,15.64,5.03,0.87,4.2,85.72,31.37,20.14,24.64,1.7
2023,Carmona,14.31,121.05,3,20.47,3.81,0.74,0.75,79.74,32.62,19.11,25.69,1.62
2023,Carmona,14.31,121.05,4,19.73,3.08,0.67,3.16,75.72,35.61,21.49,28.27,1.29
2023,Carmona,14.31,121.05,5,19.87,3.65,0.68,4.85,78.41,37.93,23.94,29.03,1.22
2023,Carmona,14.31,121.05,6,19.18,3.84,0.79,9.07,84.51,34.1,24.6,28.01,1.04
2023,Carmona,14.31,121.05,7,16.72,4.45,0.93,13.84,86.6,32.79,24.37,27.41,1.38
2023,Carmona,14.31,121.05,8,18.37,4.46,0.94,6.07,88.84,31.38,24.3,27.13,1.67
2023,Carmona,14.31,121.05,9,16.69,4.23,0.94,7.9,85.28,32.86,24.0,27.71,0.98
2023,Carmona,14.31,121.05,10,14.38,4.23,0.96,8.25,88.52,32.29,23.63,26.9,1.15
2023,Carmona,14.31,121.05,11,13.23,4.59,0.95,10.79,89.7,30.71,22.58,26.17,1.49
2023,Carmona,14.31,121.05,12,12.93,4.89,0.93,10.93,89.69,30.48,22.15,25.75,1.57
2023,Cavite City,14.48,120.9,1,15.11,3.44,0.87,3.63,84.5,29.14,21.66,26.18,4.83
2023,Cavite City,14.48,120.9,2,18.84,3.29,0.73,0.71,79.48,30.83,21.9,27.25,4.5
2023,Cavite City,14.48,120.9,3,23.78,1.69,0.62,0.37,70.66,34.18,21.68,29.39,3.94
2023,Cavite City,14.48,120.9,4,22.27,2.81,0.64,4.02,71.58,34.09,24.55,30.78,2.89
2023,Cavite City,14.48,120.9,5,21.85,2.73,0.65,3.79,76.21,34.27,26.02,30.98,3.18
2023,Cavite City,14.48,120.9,6,19.16,3.29,0.84,10.08,82.27,32.09,26.66,29.63,2.97
2023,Cavite City,14.48,120.9,7,16.42,4.04,0.96,17.34,82.36,32.25,26.54,29.09,3.87
2023,Cavite City,14.48,120.9,8,17.57,4.19,0.97,9.1,85.83,29.8,26.5,28.63,4.77
2023,Cavite City,14.48,120.9,9,16.95,3.67,0.99,10.09,83.72,31.4,26.14,28.86,2.8
2023,Cavite City,14.48,120.9,10,16.61,3.85,0.98,6.28,83.6,31.27,25.48,28.7,2.91
2023,Cavite City,14.48,120.9,11,17.18,3.71,0.9,3.5,84.11,30.97,24.11,28.26,3.98
2023,Cavite City,14.48,120.9,12,15.74,3.5,0.82,2.48,83.58,30.69,23.87,27.94,4.18
2023,Dasmarinas City,14.33,120.93,1,15.11,3.44,0.87,3.63,84.5,29.14,21.66,26.18,4.83
2023,Dasmarinas City,14.33,120.93,2,18.84,3.29,0.73,0.71,79.48,30.83,21.9,27.25,4.5
2023,Dasmarinas City,14.33,120.93,3,23.78,1.69,0.62,0.37,70.66,34.18,21.68,29.39,3.94
2023,Dasmarinas City,14.33,120.93,4,22.27,2.81,0.64,4.02,71.58,34.09,24.55,30.78,2.89
2023,Dasmarinas City,14.33,120.93,5,21.85,2.73,0.65,3.79,76.21,34.27,26.02,30.98,3.18
2023,Dasmarinas City,14.33,120.93,6,19.16,3.29,0.84,10.08,82.27,32.09,26.66,29.63,2.97
2023,Dasmarinas City,14.33,120.93,7,16.42,4.04,0.96,17.34,82.36,32.25,26.54,29.09,3.87
2023,Dasmarinas City,14.33,120.93,8,17.57,4.19,0.97,9.1,85.83,29.8,26.5,28.63,4.77
2023,Dasmarinas City,14.33,120.93,9,16.95,3.67,0.99,10.09,83.72,31.4,26.14,28.86,2.8
2023,Dasmarinas City,14.33,120.93,10,16.61,3.85,0.98,6.28,83.6,31.27,25.48,28.7,2.91
2023,Dasmarinas City,14.33,120.93,11,17.18,3.71,0.9,3.5,84.11,30.97,24.11,28.26,3.98
2023,Dasmarinas City,14.33,120.93,12,15.74,3.5,0.82,2.48,83.58,30.69,23.87,27.94,4.18
2023,General Emilio Aguinaldo,14.18,120.79,1,15.11,4.7,0.86,5.12,86.18,28.82,22.48,26.03,4.75
2023,General Emilio Aguinaldo,14.18,120.79,2,18.84,4.68,0.68,1.03,82.89,29.75,22.68,26.23,4.28
2023,General Emilio Aguinaldo,14.18,120.79,3,23.78,2.81,0.53,0.37,77.29,32.44,22.27,27.08,3.63
2023,General Emilio Aguinaldo,14.18,120.79,4,22.27,2.75,0.51,3.33,74.7,33.55,24.32,29.04,2.65
2023,General Emilio Aguinaldo,14.18,120.79,5,21.85,2.81,0.51,4.0,77.03,34.04,26.39,29.93,2.8
2023,General Emilio Aguinaldo,14.18,120.79,6,19.16,3.84,0.68,9.41,83.19,31.63,26.53,29.04,2.66
2023,General Emilio Aguinaldo,14.18,120.79,7,16.42,4.58,0.86,15.09,83.15,31.77,26.55,28.81,3.39
2023,General Emilio Aguinaldo,14.18,120.79,8,17.57,4.74,0.94,8.14,86.37,30.16,26.83,28.45,4.18
2023,General Emilio Aguinaldo,14.18,120.79,9,16.95,4.06,0.97,8.09,84.06,31.25,26.31,28.58,2.53
2023,General Emilio Aguinaldo,14.18,120.79,10,16.61,4.18,0.96,6.78,84.37,30.92,25.93,28.49,2.79
2023,General Emilio Aguinaldo,14.18,120.79,11,17.18,4.6,0.91,5.38,85.43,30.72,25.09,28.11,3.98
2023,General Emilio Aguinaldo,14.18,120.79,12,15.74,4.76,0.81,3.27,86.21,29.92,24.47,27.29,3.98
2023,General Mariano Alvarez,14.3,121.0,1,11.17,4.82,0.97,13.04,90.04,28.14,19.93,23.96,1.8
2023,General Mariano Alvarez,14.3,121.0,2,15.64,5.03,0.87,4.2,85.72,31.37,20.14,24.64,1.7
2023,General Mariano Alvarez,14.3,121.0,3,20.47,3.81,0.74,0.75,79.74,32.62,19.11,25.69,1.62
2023,General Mariano Alvarez,14.3,121.0,4,19.73,3.08,0.67,3.16,75.72,35.61,21.49,28.27,1.29
2023,General Mariano Alvarez,14.3,121.0,5,19.87,3.65,0.68,4.85,78.41,37.93,23.94,29.03,1.22
2023,General Mariano Alvarez,14.3,121.0,6,19.18,3.84,0.79,9.07,84.51,34.1,24.6,28.01,1.04
2023,General Mariano Alvarez,14.3,121.0,7,16.72,4.45,0.93,13.84,86.6,32.79,24.37,27.41,1.38
2023,General Mariano Alvarez,14.3,121.0,8,18.37,4.46,0.94,6.07,88.84,31.38,24.3,27.13,1.67
2023,General Mariano Alvarez,14.3,121.0,9,16.69,4.23,0.94,7.9,85.28,32.86,24.0,27.71,0.98
2023,General Mariano Alvarez,14.3,121.0,10,14.38,4.23,0.96,8.25,88.52,32.29,23.63,26.9,1.15
2023,General Mariano Alvarez,14.3,121.0,11,13.23,4.59,0.95,10.79,89.7,30.71,22.58,26.17,1.49
2023,General Mariano Alvarez,14.3,121.0,12,12.93,4.89,0.93,10.93,89.69,30.48,22.15,25.75,1.57
2023,General Trias,14.38,120.88,1,15.11,3.44,0.87,3.63,84.5,29.14,21.66,26.18,4.83
2023,General Trias,14.38,120.88,2,18.84,3.29,0.73,0.71,79.48,30.83,21.9,27.25,4.5
2023,General Trias,14.38,120.88,3,23.78,1.69,0.62,0.37,70.66,34.18,21.68,29.39,3.94
2023,General Trias,14.38,120.88,4,22.27,2.81,0.64,4.02,71.58,34.09,24.55,30.78,2.89
2023,General Trias,14.38,120.88,5,21.85,2.73,0.65,3.79,76.21,34.27,26.02,30.98,3.18
2023,General Trias,14.38,120.88,6,19.16,3.29,0.84,10.08,82.27,32.09,26.66,29.63,2.97
2023,General Trias,14.38,120.88,7,16.42,4.04,0.96,17.34,82.36,32.25,26.54,29.09,3.87
2023,General Trias,14.38,120.88,8,17.57,4.19,0.97,9.1,85.83,29.8,26.5,28.63,4.77
2023,General Trias,14.38,120.88,9,16.95,3.67,0.99,10.09,83.72,31.4,26.14,28.86,2.8
2023,General Trias,14.38,120.88,10,16.61,3.85,0.98,6.28,83.6,31.27,25.48,28.7,2.91
2023,General Trias,14.38,120.88,11,17.18,3.71,0.9,3.5,84.11,30.97,24.11,28.26,3.98
2023,General Trias,14.38,120.88,12,15.74,3.5,0.82,2.48,83.58,30.69,23.87,27.94,4.18
2023,Imus City,14.43,120.93,1,15.11,3.44,0.87,3.63,84.5,29.14,21.66,26.18,4.83
2023,Imus City,14.43,120.93,2,18.84,3.29,0.73,0.71,79.48,30.83,21.9,27.25,4.5
2023,Imus City,14.43,120.93,3,23.78,1.69,0.62,0.37,70.66,34.18,21.68,29.39,3.94
2023,Imus City,14.43,120.93,4,22.27,2.81,0.64,4.02,71.58,34.09,24.55,30.78,2.89
2023,Imus City,14.43,120.93,5,21.85,2.73,0.65,3.79,76.21,34.27,26.02,30.98,3.18
2023,Imus City,14.43,120.93,6,19.16,3.29,0.84,10.08,82.27,32.09,26.66,29.63,2.97
2023,Imus City,14.43,120.93,7,16.42,4.04,0.96,17.34,82.36,32.25,26.54,29.09,3.87
2023,Imus City,14.43,120.93,8,17.57,4.19,0.97,9.1,85.83,29.8,26.5,28.63,4.77
2023,Imus City,14.43,120.93,9,16.95,3.67,0.99,10.09,83.72,31.4,26.14,28.86,2.8
2023,Imus City,14.43,120.93,10,16.61,3.85,0.98,6.28,83.6,31.27,25.48,28.7,2.91
2023,Imus City,14.43,120.93,11,17.18,3.71,0.9,3.5,84.11,30.97,24.11,28.26,3.98
2023,Imus City,14.43,120.93,12,15.74,3.5,0.82,2.48,83.58,30.69,23.87,27.94,4.18
2023,Indang,14.19,120.87,1,15.11,4.7,0.86,5.12,86.18,28.82,22.48,26.03,4.75
2023,Indang,14.19,120.87,2,18.84,4.68,0.68,1.03,82.89,29.75,22.68,26.23,4.28
2023,Indang,14.19,120.87,3,23.78,2.81,0.53,0.37,77.29,32.44,22.27,27.08,3.63
2023,Indang,14.19,120.87,4,22.27,2.75,0.51,3.33,74.7,33.55,24.32,29.04,2.65
2023,Indang,14.19,120.87,5,21.85,2.81,0.51,4.0,77.03,34.04,26.39,29.93,2.8
2023,Indang,14.19,120.87,6,19.16,3.84,0.68,9.41,83.19,31.63,26.53,29.04,2.66
2023,Indang,14.19,120.87,7,16.42,4.58,0.86,15.09,83.15,31.77,26.55,28.81,3.39
2023,Indang,14.19,120.87,8,17.57,4.74,0.94,8.14,86.37,30.16,26.83,28.45,4.18
2023,Indang,14.19,120.87,9,16.95,4.06,0.97,8.09,84.06,31.25,26.31,28.58,2.53
2023,Indang,14.19,120.87,10,16.61,4.18,0.96,6.78,84.37,30.92,25.93,28.49,2.79
2023,Indang,14.19,120.87,11,17.18,4.6,0.91,5.38,85.43,30.72,25.09,28.11,3.98
2023,Indang,14.19,120.87,12,15.74,4.76,0.81,3.27,86.21,29.92,24.47,27.29,3.98
2023,Kawit,14.44,120.9,1,15.11,3.44,0.87,3.63,84.5,29.14,21.66,26.18,4.83
2023,Kawit,14.44,120.9,2,18.84,3.29,0.73,0.71,79.48,30.83,21.9,27.25,4.5
2023,Kawit,14.44,120.9,3,23.78,1.69,0.62,0.37,70.66,34.18,21.68,29.39,3.94
2023,Kawit,14.44,120.9,4,22.27,2.81,0.64,4.02,71.58,34.09,24.55,30.78,2.89
2023,Kawit,14.44,120.9,5,21.85,2.73,0.65,3.79,76.21,34.27,26.02,30.98,3.18
2023,Kawit,14.44,120.9,6,19.16,3.29,0.84,10.08,82.27,32.09,26.66,29.63,2.97
2023,Kawit,14.44,120.9,7,16.42,4.04,0.96,17.34,82.36,32.25,26.54,29.09,3.87
2023,Kawit,14.44,120.9,8,17.57,4.19,0.97,9.1,85.83,29.8,26.5,28.63,4.77
2023,Kawit,14.44,120.9,9,16.95,3.67,0.99,10.09,83.72,31.4,26.14,28.86,2.8
2023,Kawit,14.44,120.9,10,16.61,3.85,0.98,6.28,83.6,31.27,25.48,28.7,2.91
2023,Kawit,14.44,120.9,11,17.18,3.71,0.9,3.5,84.11,30.97,24.11,28.26,3.98
2023,Kawit,14.44,120.9,12,15.74,3.5,0.82,2.48,83.58,30.69,23.87,27.94,4.18
2023,Magallanes,14.19,120.73,1,15.11,4.7,0.86,5.12,86.18,28.82,22.48,26.03,4.75
2023,Magallanes,14.19,120.73,2,18.84,4.68,0.68,1.03,82.89,29.75,22.68,26.23,4.28
2023,Magallanes,14.19,120.73,3,23.78,2.81,0.53,0.37,77.29,32.44,22.27,27.08,3.63
2023,Magallanes,14.19,120.73,4,22.27,2.75,0.51,3.33,74.7,33.55,24.32,29.04,2.65
2023,Magallanes,14.19,120.73,5,21.85,2.81,0.51,4.0,77.03,34.04,26.39,29.93,2.8
2023,Magallanes,14.19,120.73,6,19.16,3.84,0.68,9.41,83.19,31.63,26.53,29.04,2.66
2023,Magallanes,14.19,120.73,7,16.42,4.58,0.86,15.09,83.15,31.77,26.55,28.81,3.39
2023,Magallanes,14.19,120.73,8,17.57,4.74,0.94,8.14,86.37,30.16,26.83,28.45,4.18
2023,Magallanes,14.19,120.73,9,16.95,4.06,0.97,8.09,84.06,31.25,26.31,28.58,2.53
2023,Magallanes,14.19,120.73,10,16.61,4.18,0.96,6.78,84.37,30.92,25.93,28.49,2.79
2023,Magallanes,14.19,120.73,11,17.18,4.6,0.91,5.38,85.43,30.72,25.09,28.11,3.98
2023,Magallanes,14.19,120.73,12,15.74,4.76,0.81,3.27,86.21,29.92,24.47,27.29,3.98
2023,Maragondon,14.27,120.73,1,15.11,3.44,0.87,3.63,84.5,29.14,21.66,26.18,4.83
2023,Maragondon,14.27,120.73,2,18.84,3.29,0.73,0.71,79.48,30.83,21.9,27.25,4.5
2023,Maragondon,14.27,120.73,3,23.78,1.69,0.62,0.37,70.66,34.18,21.68,29.39,3.94
2023,Maragondon,14.27,120.73,4,22.27,2.81,0.64,4.02,71.58,34.09,24.55,30.78,2.89
2023,Maragondon,14.27,120.73,5,21.85,2.73,0.65,3.79,76.21,34.27,26.02,30.98,3.18
2023,Maragondon,14.27,120.73,6,19.16,3.29,0.84,10.08,82.27,32.09,26.66,29.63,2.97
2023,Maragondon,14.27,120.73,7,16.42,4.04,0.96,17.34,82.36,32.25,26.54,29.09,3.87
2023,Maragondon,14.27,120.73,8,17.57,4.19,0.97,9.1,85.83,29.8,26.5,28.63,4.77
2023,Maragondon,14.27,120.73,9,16.95,3.67,0.99,10.09,83.72,31.4,26.14,28.86,2.8
2023,Maragondon,14.27,120.73,10,16.61,3.85,0.98,6.28,83.6,31.27,25.48,28.7,2.91
2023,Maragondon,14.27,120.73,11,17.18,3.71,0.9,3.5,84.11,30.97,24.11,28.26,3.98
2023,Maragondon,14.27,120.73,12,15.74,3.5,0.82,2.48,83.58,30.69,23.87,27.94,4.18
2023,Mendez,14.13,120.9,1,15.11,4.7,0.86,5.12,86.18,28.82,22.48,26.03,4.75
2023,Mendez,14.13,120.9,2,18.84,4.68,0.68,1.03,82.89,29.75,22.68,26.23,4.28
2023,Mendez,14.13,120.9,3,23.78,2.81,0.53,0.37,77.29,32.44,22.27,27.08,3.63
2023,Mendez,14.13,120.9,4,22.27,2.75,0.51,3.33,74.7,33.55,24.32,29.04,2.65
2023,Mendez,14.13,120.9,5,21.85,2.81,0.51,4.0,77.03,34.04,26.39,29.93,2.8
2023,Mendez,14.13,120.9,6,19.16,3.84,0.68,9.41,83.19,31.63,26.53,29.04,2.66
2023,Mendez,14.13,120.9,7,16.42,4.58,0.86,15.09,83.15,31.77,26.55,28.81,3.39
2023,Mendez,14.13,120.9,8,17.57,4.74,0.94,8.14,86.37,30.16,26.83,28.45,4.18
2023,Mendez,14.13,120.9,9,16.95,4.06,0.97,8.09,84.06,31.25,26.31,28.58,2.53
2023,Mendez,14.13,120.9,10,16.61,4.18,0.96,6.78,84.37,30.92,25.93,28.49,2.79
2023,Mendez,14.13,120.9,11,17.18,4.6,0.91,5.38,85.43,30.72,25.09,28.11,3.98
2023,Mendez,14.13,120.9,12,15.74,4.76,0.81,3.27,86.21,29.92,24.47,27.29,3.98
2023,Naic,14.32,120.77,1,15.11,3.44,0.87,3.63,84.5,29.14,21.66,26.18,4.83
2023,Naic,14.32,120.77,2,18.84,3.29,0.73,0.71,79.48,30.83,21.9,27.25,4.5
2023,Naic,14.32,120.77,3,23.78,1.69,0.62,0.37,70.66,34.18,21.68,29.39,3.94
2023,Naic,14.32,120.77,4,22.27,2.81,0.64,4.02,71.58,34.09,24.55,30.78,2.89
2023,Naic,14.32,120.77,5,21.85,2.73,0.65,3.79,76.21,34.27,26.02,30.98,3.18
2023,Naic,14.32,120.77,6,19.16,3.29,0.84,10.08,82.27,32.09,26.66,29.63,2.97
2023,Naic,14.32,120.77,7,16.42,4.04,0.96,17.34,82.36,32.25,26.54,29.09,3.87
2023,Naic,14.32,120.77,8,17.57,4.19,0.97,9.1,85.83,29.8,26.5,28.63,4.77
2023,Naic,14.32,120.77,9,16.95,3.67,0.99,10.09,83.72,31.4,26.14,28.86,2.8
2023,Naic,14.32,120.77,10,16.61,3.85,0.98,6.28,83.6,31.27,25.48,28.7,2.91
2023,Naic,14.32,120.77,11,17.18,3.71,0.9,3.5,84.11,30.97,24.11,28.26,3.98
2023,Naic,14.32,120.77,12,15.74,3.5,0.82,2.48,83.58,30.69,23.87,27.94,4.18
2023,Noveleta,14.43,120.88,1,15.11,3.44,0.87,3.63,84.5,29.14,21.66,26.18,4.83
2023,Noveleta,14.43,120.88,2,18.84,3.29,0.73,0.71,79.48,30.83,21.9,27.25,4.5
2023,Noveleta,14.43,120.88,3,23.78,1.69,0.62,0.37,70.66,34.18,21.68,29.39,3.94
2023,Noveleta,14.43,120.88,4,22.27,2.81,0.64,4.02,71.58,34.09,24.55,30.78,2.89
2023,Noveleta,14.43,120.88,5,21.85,2.73,0.65,3.79,76.21,34.27,26.02,30.98,3.18
2023,Noveleta,14.43,120.88,6,19.16,3.29,0.84,10.08,82.27,32.09,26.66,29.63,2.97
2023,Noveleta,14.43,120.88,7,16.42,4.04,0.96,17.34,82.36,32.25,26.54,29.09,3.87
2023,Noveleta,14.43,120.88,8,17.57,4.19,0.97,9.1,85.83,29.8,26.5,28.63,4.77
2023,Noveleta,14.43,120.88,9,16.95,3.67,0.99,10.09,83.72,31.4,26.14,28.86,2.8
2023,Noveleta,14.43,120.88,10,16.61,3.85,0.98,6.28,83.6,31.27,25.48,28.7,2.91
2023,Noveleta,14.43,120.88,11,17.18,3.71,0.9,3.5,84.11,30.97,24.11,28.26,3.98
2023,Noveleta,14.43,120.88,12,15.74,3.5,0.82,2.48,83.58,30.69,23.87,27.94,4.18
2023,Rosario,14.41,120.85,1,15.11,3.44,0.87,3.63,84.5,29.14,21.66,26.18,4.83
2023,Rosario,14.41,120.85,2,18.84,3.29,0.73,0.71,79.48,30.83,21.9,27.25,4.5
2023,Rosario,14.41,120.85,3,23.78,1.69,0.62,0.37,70.66,34.18,21.68,29.39,3.94
2023,Rosario,14.41,120.85,4,22.27,2.81,0.64,4.02,71.58,34.09,24.55,30.78,2.89
2023,Rosario,14.41,120.85,5,21.85,2.73,0.65,3.79,76.21,34.27,26.02,30.98,3.18
2023,Rosario,14.41,120.85,6,19.16,3.29,0.84,10.08,82.27,32.09,26.66,29.63,2.97
2023,Rosario,14.41,120.85,7,16.42,4.04,0.96,17.34,82.36,32.25,26.54,29.09,3.87
2023,Rosario,14.41,120.85,8,17.57,4.19,0.97,9.1,85.83,29.8,26.5,28.63,4.77
2023,Rosario,14.41,120.85,9,16.95,3.67,0.99,10.09,83.72,31.4,26.14,28.86,2.8
2023,Rosario,14.41,120.85,10,16.61,3.85,0.98,6.28,83.6,31.27,25.48,28.7,2.91
2023,Rosario,14.41,120.85,11,17.18,3.71,0.9,3.5,84.11,30.97,24.11,28.26,3.98
2023,Rosario,14.41,120.85,12,15.74,3.5,0.82,2.48,83.58,30.69,23.87,27.94,4.18
2023,Silang,14.23,120.97,1,15.11,4.48,0.98,12.48,91.48,28.38,19.97,24.21,1.78
2023,Silang,14.23,120.97,2,18.84,5.13,0.9,4.18,87.47,30.99,20.22,24.67,1.64
2023,Silang,14.23,120.97,3,23.78,4.74,0.75,0.9,83.36,32.29,18.85,25.17,1.51
2023,Silang,14.23,120.97,4,22.27,3.53,0.65,3.21,77.57,35.39,20.91,27.94,1.25
2023,Silang,14.23,120.97,5,21.85,3.71,0.65,4.37,78.32,36.38,23.8,29.09,1.23
2023,Silang,14.23,120.97,6,19.16,3.71,0.73,7.57,84.26,34.01,24.81,28.07,1.01
2023,Silang,14.23,120.97,7,16.42,4.4,0.87,11.64,86.04,38.39,24.55,27.7,1.35
2023,Silang,14.23,120.97,8,17.57,4.2,0.91,4.56,87.98,32.21,24.25,27.35,1.63
2023,Silang,14.23,120.97,9,16.95,3.95,0.91,6.45,85.31,33.29,23.8,27.81,0.98
2023,Silang,14.23,120.97,10,16.61,3.81,0.95,8.75,89.28,32.92,23.87,27.02,1.12
2023,Silang,14.23,120.97,11,17.18,4.18,0.97,13.73,91.12,31.13,22.92,26.33,1.46
2023,Silang,14.23,120.97,12,15.74,4.58,0.95,10.53,90.78,30.11,22.3,25.86,1.52
2023,Tagaytay City,14.11,120.96,1,15.11,4.48,0.98,12.48,91.48,28.38,19.97,24.21,1.78
2023,Tagaytay City,14.11,120.96,2,18.84,5.13,0.9,4.18,87.47,30.99,20.22,24.67,1.64
2023,Tagaytay City,14.11,120.96,3,23.78,4.74,0.75,0.9,83.36,32.29,18.85,25.17,1.51
2023,Tagaytay City,14.11,120.96,4,22.27,3.53,0.65,3.21,77.57,35.39,20.91,27.94,1.25
2023,Tagaytay City,14.11,120.96,5,21.85,3.71,0.65,4.37,78.32,36.38,23.8,29.09,1.23
2023,Tagaytay City,14.11,120.96,6,19.16,3.71,0.73,7.57,84.26,34.01,24.81,28.07,1.01
2023,Tagaytay City,14.11,120.96,7,16.42,4.4,0.87,11.64,86.04,38.39,24.55,27.7,1.35
2023,Tagaytay City,14.11,120.96,8,17.57,4.2,0.91,4.56,87.98,32.21,24.25,27.35,1.63
2023,Tagaytay City,14.11,120.96,9,16.95,3.95,0.91,6.45,85.31,33.29,23.8,27.81,0.98
2023,Tagaytay City,14.11,120.96,10,16.61,3.81,0.95,8.75,89.28,32.92,23.87,27.02,1.12
2023,Tagaytay City,14.11,120.96,11,17.18,4.18,0.97,13.73,91.12,31.13,22.92,26.33,1.46
2023,Tagaytay City,14.11,120.96,12,15.74,4.58,0.95,10.53,90.78,30.11,22.3,25.86,1.52
2023,Tanza,14.36,120.85,1,15.11,3.44,0.87,3.63,84.5,29.14,21.66,26.18,4.83
2023,Tanza,14.36,120.85,2,18.84,3.29,0.73,0.71,79.48,30.83,21.9,27.25,4.5
2023,Tanza,14.36,120.85,3,23.78,1.69,0.62,0.37,70.66,34.18,21.68,29.39,3.94
2023,Tanza,14.36,120.85,4,22.27,2.81,0.64,4.02,71.58,34.09,24.55,30.78,2.89
2023,Tanza,14.36,120.85,5,21.85,2.73,0.65,3.79,76.21,34.27,26.02,30.98,3.18
2023,Tanza,14.36,120.85,6,19.16,3.29,0.84,10.08,82.27,32.09,26.66,29.63,2.97
2023,Tanza,14.36,120.85,7,16.42,4.04,0.96,17.34,82.36,32.25,26.54,29.09,3.87
2023,Tanza,14.36,120.85,8,17.57,4.19,0.97,9.1,85.83,29.8,26.5,28.63,4.77
2023,Tanza,14.36,120.85,9,16.95,3.67,0.99,10.09,83.72,31.4,26.14,28.86,2.8
2023,Tanza,14.36,120.85,10,16.61,3.85,0.98,6.28,83.6,31.27,25.48,28.7,2.91
2023,Tanza,14.36,120.85,11,17.18,3.71,0.9,3.5,84.11,30.97,24.11,28.26,3.98
2023,Tanza,14.36,120.85,12,15.74,3.5,0.82,2.48,83.58,30.69,23.87,27.94,4.18
2023,Ternate,14.28,120.7,1,15.11,3.44,0.87,3.63,84.5,29.14,21.66,26.18,4.83
2023,Ternate,14.28,120.7,2,18.84,3.29,0.73,0.71,79.48,30.83,21.9,27.25,4.5
2023,Ternate,14.28,120.7,3,23.78,1.69,0.62,0.37,70.66,34.18,21.68,29.39,3.94
2023,Ternate,14.28,120.7,4,22.27,2.81,0.64,4.02,71.58,34.09,24.55,30.78,2.89
2023,Ternate,14.28,120.7,5,21.85,2.73,0.65,3.79,76.21,34.27,26.02,30.98,3.18
2023,Ternate,14.28,120.7,6,19.16,3.29,0.84,10.08,82.27,32.09,26.66,29.63,2.97
2023,Ternate,14.28,120.7,7,16.42,4.04,0.96,17.34,82.36,32.25,26.54,29.09,3.87
2023,Ternate,14.28,120.7,8,17.57,4.19,0.97,9.1,85.83,29.8,26.5,28.63,4.77
2023,Ternate,14.28,120.7,9,16.95,3.67,0.99,10.09,83.72,31.4,26.14,28.86,2.8
2023,Ternate,14.28,120.7,10,16.61,3.85,0.98,6.28,83.6,31.27,25.48,28.7,2.91
2023,Ternate,14.28,120.7,11,17.18,3.71,0.9,3.5,84.11,30.97,24.11,28.26,3.98
2023,Ternate,14.28,120.7,12,15.74,3.5,0.82,2.48,83.58,30.69,23.87,27.94,4.18
2023,Trece Martires City,14.28,120.86,1,15.11,3.44,0.87,3.63,84.5,29.14,21.66,26.18,4.83
2023,Trece Martires City,14.28,120.86,2,18.84,3.29,0.73,0.71,79.48,30.83,21.9,27.25,4.5
2023,Trece Martires City,14.28,120.86,3,23.78,1.69,0.62,0.37,70.66,34.18,21.68,29.39,3.94
2023,Trece Martires City,14.28,120.86,4,22.27,2.81,0.64,4.02,71.58,34.09,24.55,30.78,2.89
2023,Trece Martires City,14.28,120.86,5,21.85,2.73,0.65,3.79,76.21,34.27,26.02,30.98,3.18
2023,Trece Martires City,14.28,120.86,6,19.16,3.29,0.84,10.08,82.27,32.09,26.66,29.63,2.97
2023,Trece Martires City,14.28,120.86,7,16.42,4.04,0.96,17.34,82.36,32.25,26.54,29.09,3.87
2023,Trece Martires City,14.28,120.86,8,17.57,4.19,0.97,9.1,85.83,29.8,26.5,28.63,4.77
2023,Trece Martires City,14.28,120.86,9,16.95,3.67,0.99,10.09,83.72,31.4,26.14,28.86,2.8
2023,Trece Martires City,14.28,120.86,10,16.61,3.85,0.98,6.28,83.6,31.27,25.48,28.7,2.91
2023,Trece Martires City,14.28,120.86,11,17.18,3.71,0.9,3.5,84.11,30.97,24.11,28.26,3.98
2023,Trece Martires City,14.28,120.86,12,15.74,3.5,0.82,2.48,83.58,30.69,23.87,27.94,4.18
2024,Alfonso,14.14,120.85,1,17.12,4.11,0.66,0.69,81.97,29.7,22.7,26.57,4.58
2024,Alfonso,14.14,120.85,2,21.06,2.45,0.52,0.33,77.97,30.85,23.17,26.86,4.4
2024,Alfonso,14.14,120.85,3,22.14,1.08,0.46,0.66,74.06,32.82,23.45,28.11,3.65
2024,Alfonso,14.14,120.85,4,25.92,0.81,0.45,0.58,68.44,36.89,25.63,30.38,3.07
2024,Alfonso,14.14,120.85,5,22.92,2.0,0.48,5.84,71.7,36.38,27.24,31.01,2.68
2024,Alfonso,14.14,120.85,6,20.66,4.36,0.7,7.98,79.61,32.9,27.2,29.83,2.15
2024,Alfonso,14.14,120.85,7,15.12,4.14,0.89,17.54,83.76,31.26,26.59,28.88,3.16
2024,Alfonso,14.14,120.85,8,19.55,4.19,0.96,8.33,83.12,31.67,26.48,29.02,2.67
2024,Alfonso,14.14,120.85,9,14.06,4.17,0.98,12.51,86.67,31.23,26.26,28.52,3.73
2024,Alfonso,14.14,120.85,10,15.79,4.13,0.97,16.15,83.65,30.95,26.07,28.54,3.15
2024,Alfonso,14.14,120.85,11,17.45,4.78,0.92,2.65,83.27,30.67,25.72,28.16,3.2
2024,Alfonso,14.14,120.85,12,13.07,4.48,0.83,6.42,86.79,30.24,24.99,27.41,4.26
2024,Amadeo,14.17,120.92,1,17.12,4.11,0.66,0.69,81.97,29.7,22.7,26.57,4.58
2024,Amadeo,14.17,120.92,2,21.06,2.45,0.52,0.33,77.97,30.85,23.17,26.86,4.4
2024,Amadeo,14.17,120.92,3,22.14,1.08,0.46,0.66,74.06,32.82,23.45,28.11,3.65
2024,Amadeo,14.17,120.92,4,25.92,0.81,0.45,0.58,68.44,36.89,25.63,30.38,3.07
2024,Amadeo,14.17,120.92,5,22.92,2.0,0.48,5.84,71.7,36.38,27.24,31.01,2.68
2024,Amadeo,14.17,120.92,6,20.66,4.36,0.7,7.98,79.61,32.9,27.2,29.83,2.15
2024,Amadeo,14.17,120.92,7,15.12,4.14,0.89,17.54,83.76,31.26,26.59,28.88,3.16
2024,Amadeo,14.17,120.92,8,19.55,4.19,0.96,8.33,83.12,31.67,26.48,29.02,2.67
2024,Amadeo,14.17,120.92,9,14.06,4.17,0.98,12.51,86.67,31.23,26.26,28.52,3.73
2024,Amadeo,14.17,120.92,10,15.79,4.13,0.97,16.15,83.65,30.95,26.07,28.54,3.15
2024,Amadeo,14.17,120.92,11,17.45,4.78,0.92,2.65,83.27,30.67,25.72,28.16,3.2
2024,Amadeo,14.17,120.92,12,13.07,4.48,0.83,6.42,86.79,30.24,24.99,27.41,4.26
2024,Bacoor City,14.46,120.94,1,17.12,4.65,0.87,3.0,85.65,31.09,19.32,24.52,1.76
2024,Bacoor City,14.46,120.94,2,21.06,3.7,0.74,1.32,81.01,31.05,20.29,25.34,1.8
2024,Bacoor City,14.46,120.94,3,22.14,2.63,0.65,2.26,78.2,35.32,20.72,26.82,1.67
2024,Bacoor City,14.46,120.94,4,25.92,1.64,0.61,0.4,70.49,38.09,22.77,29.62,1.56
2024,Bacoor City,14.46,120.94,5,22.92,2.37,0.64,8.65,75.29,36.28,24.76,29.91,1.35
2024,Bacoor City,14.46,120.94,6,20.66,4.42,0.84,7.95,82.27,36.33,24.04,28.54,0.88
2024,Bacoor City,14.46,120.94,7,15.12,4.24,0.96,17.04,87.61,31.93,23.95,27.23,1.25
2024,Bacoor City,14.46,120.94,8,19.55,4.03,0.97,7.06,85.62,33.11,24.21,27.66,1.04
2024,Bacoor City,14.46,120.94,9,14.06,3.8,0.98,12.85,89.28,33.61,23.71,26.97,1.33
2024,Bacoor City,14.46,120.94,10,15.79,4.16,0.98,16.27,88.54,33.21,23.35,26.87,1.32
2024,Bacoor City,14.46,120.94,11,17.45,4.53,0.95,5.52,87.13,31.63,22.77,26.5,1.29
2024,Bacoor City,14.46,120.94,12,13.07,4.58,0.95,18.5,90.96,30.14,22.64,25.52,1.66
2024,Carmona,14.31,121.05,1,13.35,4.65,0.87,3.0,85.65,31.09,19.32,24.52,1.76
2024,Carmona,14.31,121.05,2,17.85,3.7,0.74,1.32,81.01,31.05,20.29,25.34,1.8
2024,Carmona,14.31,121.05,3,18.98,2.63,0.65,2.26,78.2,35.32,20.72,26.82,1.67
2024,Carmona,14.31,121.05,4,24.25,1.64,0.61,0.4,70.49,38.09,22.77,29.62,1.56
2024,Carmona,14.31,121.05,5,20.81,2.37,0.64,8.65,75.29,36.28,24.76,29.91,1.35
2024,Carmona,14.31,121.05,6,19.49,4.42,0.84,7.95,82.27,36.33,24.04,28.54,0.88
2024,Carmona,14.31,121.05,7,14.37,4.24,0.96,17.04,87.61,31.93,23.95,27.23,1.25
2024,Carmona,14.31,121.05,8,19.07,4.03,0.97,7.06,85.62,33.11,24.21,27.66,1.04
2024,Carmona,14.31,121.05,9,14.54,3.8,0.98,12.85,89.28,33.61,23.71,26.97,1.33
2024,Carmona,14.31,121.05,10,14.02,4.16,0.98,16.27,88.54,33.21,23.35,26.87,1.32
2024,Carmona,14.31,121.05,11,15.33,4.53,0.95,5.52,87.13,31.63,22.77,26.5,1.29
2024,Carmona,14.31,121.05,12,9.66,4.58,0.95,18.5,90.96,30.14,22.64,25.52,1.66
2024,Cavite City,14.48,120.9,1,17.12,2.81,0.71,0.59,78.46,30.83,21.89,27.4,4.74
2024,Cavite City,14.48,120.9,2,21.06,1.24,0.61,0.2,72.99,32.38,22.88,28.65,4.74
2024,Cavite City,14.48,120.9,3,22.14,0.9,0.59,1.04,70.33,33.74,23.7,30.1,4.16
2024,Cavite City,14.48,120.9,4,25.92,0.63,0.59,0.48,64.46,37.57,25.55,32.92,3.61
2024,Cavite City,14.48,120.9,5,22.92,1.94,0.62,5.8,69.99,36.77,27.02,32.61,3.17
2024,Cavite City,14.48,120.9,6,20.66,3.4,0.81,7.82,79.13,33.33,26.97,30.51,2.34
2024,Cavite City,14.48,120.9,7,15.12,3.73,0.96,21.17,83.46,31.4,26.24,29.06,3.47
2024,Cavite City,14.48,120.9,8,19.55,3.74,0.98,10.51,82.94,32.31,26.29,29.2,2.87
2024,Cavite City,14.48,120.9,9,14.06,3.57,0.99,16.09,86.17,31.39,25.83,28.56,4.03
2024,Cavite City,14.48,120.9,10,15.79,3.56,0.98,16.3,82.98,31.17,25.52,28.6,3.47
2024,Cavite City,14.48,120.9,11,17.45,4.05,0.94,2.74,82.48,30.81,24.79,28.36,3.29
2024,Cavite City,14.48,120.9,12,13.07,3.34,0.85,5.0,85.35,30.73,24.26,27.62,4.41
2024,Dasmarinas City,14.33,120.93,1,17.12,2.81,0.71,0.59,78.46,30.83,21.89,27.4,4.74
2024,Dasmarinas City,14.33,120.93,2,21.06,1.24,0.61,0.2,72.99,32.38,22.88,28.65,4.74
2024,Dasmarinas City,14.33,120.93,3,22.14,0.9,0.59,1.04,70.33,33.74,23.7,30.1,4.16
2024,Dasmarinas City,14.33,120.93,4,25.92,0.63,0.59,0.48,64.46,37.57,25.55,32.92,3.61
2024,Dasmarinas City,14.33,120.93,5,22.92,1.94,0.62,5.8,69.99,36.77,27.02,32.61,3.17
2024,Dasmarinas City,14.33,120.93,6,20.66,3.4,0.81,7.82,79.13,33.33,26.97,30.51,2.34
2024,Dasmarinas City,14.33,120.93,7,15.12,3.73,0.96,21.17,83.46,31.4,26.24,29.06,3.47
2024,Dasmarinas City,14.33,120.93,8,19.55,3.74,0.98,10.51,82.94,32.31,26.29,29.2,2.87
2024,Dasmarinas City,14.33,120.93,9,14.06,3.57,0.99,16.09,86.17,31.39,25.83,28.56,4.03
2024,Dasmarinas City,14.33,120.93,10,15.79,3.56,0.98,16.3,82.98,31.17,25.52,28.6,3.47
2024,Dasmarinas City,14.33,120.93,11,17.45,4.05,0.94,2.74,82.48,30.81,24.79,28.36,3.29
2024,Dasmarinas City,14.33,120.93,12,13.07,3.34,0.85,5.0,85.35,30.73,24.26,27.62,4.41
2024,General Emilio Aguinaldo,14.18,120.79,1,17.12,4.11,0.66,0.69,81.97,29.7,22.7,26.57,4.58
2024,General Emilio Aguinaldo,14.18,120.79,2,21.06,2.45,0.52,0.33,77.97,30.85,23.17,26.86,4.4
2024,General Emilio Aguinaldo,14.18,120.79,3,22.14,1.08,0.46,0.66,74.06,32.82,23.45,28.11,3.65
2024,General Emilio Aguinaldo,14.18,120.79,4,25.92,0.81,0.45,0.58,68.44,36.89,25.63,30.38,3.07
2024,General Emilio Aguinaldo,14.18,120.79,5,22.92,2.0,0.48,5.84,71.7,36.38,27.24,31.01,2.68
2024,General Emilio Aguinaldo,14.18,120.79,6,20.66,4.36,0.7,7.98,79.61,32.9,27.2,29.83,2.15
2024,General Emilio Aguinaldo,14.18,120.79,7,15.12,4.14,0.89,17.54,83.76,31.26,26.59,28.88,3.16
2024,General Emilio Aguinaldo,14.18,120.79,8,19.55,4.19,0.96,8.33,83.12,31.67,26.48,29.02,2.67
2024,General Emilio Aguinaldo,14.18,120.79,9,14.06,4.17,0.98,12.51,86.67,31.23,26.26,28.52,3.73
2024,General Emilio Aguinaldo,14.18,120.79,10,15.79,4.13,0.97,16.15,83.65,30.95,26.07,28.54,3.15
2024,General Emilio Aguinaldo,14.18,120.79,11,17.45,4.78,0.92,2.65,83.27,30.67,25.72,28.16,3.2
2024,General Emilio Aguinaldo,14.18,120.79,12,13.07,4.48,0.83,6.42,86.79,30.24,24.99,27.41,4.26
2024,General Mariano Alvarez,14.3,121.0,1,13.35,4.65,0.87,3.0,85.65,31.09,19.32,24.52,1.76
2024,General Mariano Alvarez,14.3,121.0,2,17.85,3.7,0.74,1.32,81.01,31.05,20.29,25.34,1.8
2024,General Mariano Alvarez,14.3,121.0,3,18.98,2.63,0.65,2.26,78.2,35.32,20.72,26.82,1.67
2024,General Mariano Alvarez,14.3,121.0,4,24.25,1.64,0.61,0.4,70.49,38.09,22.77,29.62,1.56
2024,General Mariano Alvarez,14.3,121.0,5,20.81,2.37,0.64,8.65,75.29,36.28,24.76,29.91,1.35
2024,General Mariano Alvarez,14.3,121.0,6,19.49,4.42,0.84,7.95,82.27,36.33,24.04,28.54,0.88
2024,General Mariano Alvarez,14.3,121.0,7,14.37,4.24,0.96,17.04,87.61,31.93,23.95,27.23,1.25
2024,General Mariano Alvarez,14.3,121.0,8,19.07,4.03,0.97,7.06,85.62,33.11,24.21,27.66,1.04
2024,General Mariano Alvarez,14.3,121.0,9,14.54,3.8,0.98,12.85,89.28,33.61,23.71,26.97,1.33
2024,General Mariano Alvarez,14.3,121.0,10,14.02,4.16,0.98,16.27,88.54,33.21,23.35,26.87,1.32
2024,General Mariano Alvarez,14.3,121.0,11,15.33,4.53,0.95,5.52,87.13,31.63,22.77,26.5,1.29
2024,General Mariano Alvarez,14.3,121.0,12,9.66,4.58,0.95,18.5,90.96,30.14,22.64,25.52,1.66
2024,General Trias,14.38,120.88,1,17.12,2.81,0.71,0.59,78.46,30.83,21.89,27.4,4.74
2024,General Trias,14.38,120.88,2,21.06,1.24,0.61,0.2,72.99,32.38,22.88,28.65,4.74
2024,General Trias,14.38,120.88,3,22.14,0.9,0.59,1.04,70.33,33.74,23.7,30.1,4.16
2024,General Trias,14.38,120.88,4,25.92,0.63,0.59,0.48,64.46,37.57,25.55,32.92,3.61
2024,General Trias,14.38,120.88,5,22.92,1.94,0.62,5.8,69.99,36.77,27.02,32.61,3.17
2024,General Trias,14.38,120.88,6,20.66,3.4,0.81,7.82,79.13,33.33,26.97,30.51,2.34
2024,General Trias,14.38,120.88,7,15.12,3.73,0.96,21.17,83.46,31.4,26.24,29.06,3.47
2024,General Trias,14.38,120.88,8,19.55,3.74,0.98,10.51,82.94,32.31,26.29,29.2,2.87
2024,General Trias,14.38,120.88,9,14.06,3.57,0.99,16.09,86.17,31.39,25.83,28.56,4.03
2024,General Trias,14.38,120.88,10,15.79,3.56,0.98,16.3,82.98,31.17,25.52,28.6,3.47
2024,General Trias,14.38,120.88,11,17.45,4.05,0.94,2.74,82.48,30.81,24.79,28.36,3.29
2024,General Trias,14.38,120.88,12,13.07,3.34,0.85,5.0,85.35,30.73,24.26,27.62,4.41
2024,Imus City,14.43,120.93,1,17.12,2.81,0.71,0.59,78.46,30.83,21.89,27.4,4.74
2024,Imus City,14.43,120.93,2,21.06,1.24,0.61,0.2,72.99,32.38,22.88,28.65,4.74
2024,Imus City,14.43,120.93,3,22.14,0.9,0.59,1.04,70.33,33.74,23.7,30.1,4.16
2024,Imus City,14.43,120.93,4,25.92,0.63,0.59,0.48,64.46,37.57,25.55,32.92,3.61
2024,Imus City,14.43,120.93,5,22.92,1.94,0.62,5.8,69.99,36.77,27.02,32.61,3.17
2024,Imus City,14.43,120.93,6,20.66,3.4,0.81,7.82,79.13,33.33,26.97,30.51,2.34
2024,Imus City,14.43,120.93,7,15.12,3.73,0.96,21.17,83.46,31.4,26.24,29.06,3.47
2024,Imus City,14.43,120.93,8,19.55,3.74,0.98,10.51,82.94,32.31,26.29,29.2,2.87
2024,Imus City,14.43,120.93,9,14.06,3.57,0.99,16.09,86.17,31.39,25.83,28.56,4.03
2024,Imus City,14.43,120.93,10,15.79,3.56,0.98,16.3,82.98,31.17,25.52,28.6,3.47
2024,Imus City,14.43,120.93,11,17.45,4.05,0.94,2.74,82.48,30.81,24.79,28.36,3.29
2024,Imus City,14.43,120.93,12,13.07,3.34,0.85,5.0,85.35,30.73,24.26,27.62,4.41
2024,Indang,14.19,120.87,1,17.12,4.11,0.66,0.69,81.97,29.7,22.7,26.57,4.58
2024,Indang,14.19,120.87,2,21.06,2.45,0.52,0.33,77.97,30.85,23.17,26.86,4.4
2024,Indang,14.19,120.87,3,22.14,1.08,0.46,0.66,74.06,32.82,23.45,28.11,3.65
2024,Indang,14.19,120.87,4,25.92,0.81,0.45,0.58,68.44,36.89,25.63,30.38,3.07
2024,Indang,14.19,120.87,5,22.92,2.0,0.48,5.84,71.7,36.38,27.24,31.01,2.68
2024,Indang,14.19,120.87,6,20.66,4.36,0.7,7.98,79.61,32.9,27.2,29.83,2.15
2024,Indang,14.19,120.87,7,15.12,4.14,0.89,17.54,83.76,31.26,26.59,28.88,3.16
2024,Indang,14.19,120.87,8,19.55,4.19,0.96,8.33,83.12,31.67,26.48,29.02,2.67
2024,Indang,14.19,120.87,9,14.06,4.17,0.98,12.51,86.67,31.23,26.26,28.52,3.73
2024,Indang,14.19,120.87,10,15.79,4.13,0.97,16.15,83.65,30.95,26.07,28.54,3.15
2024,Indang,14.19,120.87,11,17.45,4.78,0.92,2.65,83.27,30.67,25.72,28.16,3.2
2024,Indang,14.19,120.87,12,13.07,4.48,0.83,6.42,86.79,30.24,24.99,27.41,4.26
2024,Kawit,14.44,120.9,1,17.12,2.81,0.71,0.59,78.46,30.83,21.89,27.4,4.74
2024,Kawit,14.44,120.9,2,21.06,1.24,0.61,0.2,72.99,32.38,22.88,28.65,4.74
2024,Kawit,14.44,120.9,3,22.14,0.9,0.59,1.04,70.33,33.74,23.7,30.1,4.16
2024,Kawit,14.44,120.9,4,25.92,0.63,0.59,0.48,64.46,37.57,25.55,32.92,3.61
2024,Kawit,14.44,120.9,5,22.92,1.94,0.62,5.8,69.99,36.77,27.02,32.61,3.17
2024,Kawit,14.44,120.9,6,20.66,3.4,0.81,7.82,79.13,33.33,26.97,30.51,2.34
2024,Kawit,14.44,120.9,7,15.12,3.73,0.96,21.17,83.46,31.4,26.24,29.06,3.47
2024,Kawit,14.44,120.9,8,19.55,3.74,0.98,10.51,82.94,32.31,26.29,29.2,2.87
2024,Kawit,14.44,120.9,9,14.06,3.57,0.99,16.09,86.17,31.39,25.83,28.56,4.03
2024,Kawit,14.44,120.9,10,15.79,3.56,0.98,16.3,82.98,31.17,25.52,28.6,3.47
2024,Kawit,14.44,120.9,11,17.45,4.05,0.94,2.74,82.48,30.81,24.79,28.36,3.29
2024,Kawit,14.44,120.9,12,13.07,3.34,0.85,5.0,85.35,30.73,24.26,27.62,4.41
2024,Magallanes,14.19,120.73,1,17.12,4.11,0.66,0.69,81.97,29.7,22.7,26.57,4.58
2024,Magallanes,14.19,120.73,2,21.06,2.45,0.52,0.33,77.97,30.85,23.17,26.86,4.4
2024,Magallanes,14.19,120.73,3,22.14,1.08,0.46,0.66,74.06,32.82,23.45,28.11,3.65
2024,Magallanes,14.19,120.73,4,25.92,0.81,0.45,0.58,68.44,36.89,25.63,30.38,3.07
2024,Magallanes,14.19,120.73,5,22.92,2.0,0.48,5.84,71.7,36.38,27.24,31.01,2.68
2024,Magallanes,14.19,120.73,6,20.66,4.36,0.7,7.98,79.61,32.9,27.2,29.83,2.15
2024,Magallanes,14.19,120.73,7,15.12,4.14,0.89,17.54,83.76,31.26,26.59,28.88,3.16
2024,Magallanes,14.19,120.73,8,19.55,4.19,0.96,8.33,83.12,31.67,26.48,29.02,2.67
2024,Magallanes,14.19,120.73,9,14.06,4.17,0.98,12.51,86.67,31.23,26.26,28.52,3.73
2024,Magallanes,14.19,120.73,10,15.79,4.13,0.97,16.15,83.65,30.95,26.07,28.54,3.15
2024,Magallanes,14.19,120.73,11,17.45,4.78,0.92,2.65,83.27,30.67,25.72,28.16,3.2
2024,Magallanes,14.19,120.73,12,13.07,4.48,0.83,6.42,86.79,30.24,24.99,27.41,4.26
2024,Maragondon,14.27,120.73,1,17.12,2.81,0.71,0.59,78.46,30.83,21.89,27.4,4.74
2024,Maragondon,14.27,120.73,2,21.06,1.24,0.61,0.2,72.99,32.38,22.88,28.65,4.74
2024,Maragondon,14.27,120.73,3,22.14,0.9,0.59,1.04,70.33,33.74,23.7,30.1,4.16
2024,Maragondon,14.27,120.73,4,25.92,0.63,0.59,0.48,64.46,37.57,25.55,32.92,3.61
2024,Maragondon,14.27,120.73,5,22.92,1.94,0.62,5.8,69.99,36.77,27.02,32.61,3.17
2024,Maragondon,14.27,120.73,6,20.66,3.4,0.81,7.82,79.13,33.33,26.97,30.51,2.34
2024,Maragondon,14.27,120.73,7,15.12,3.73,0.96,21.17,83.46,31.4,26.24,29.06,3.47
2024,Maragondon,14.27,120.73,8,19.55,3.74,0.98,10.51,82.94,32.31,26.29,29.2,2.87
2024,Maragondon,14.27,120.73,9,14.06,3.57,0.99,16.09,86.17,31.39,25.83,28.56,4.03
2024,Maragondon,14.27,120.73,10,15.79,3.56,0.98,16.3,82.98,31.17,25.52,28.6,3.47
2024,Maragondon,14.27,120.73,11,17.45,4.05,0.94,2.74,82.48,30.81,24.79,28.36,3.29
2024,Maragondon,14.27,120.73,12,13.07,3.34,0.85,5.0,85.35,30.73,24.26,27.62,4.41
2024,Mendez,14.13,120.9,1,17.12,4.11,0.66,0.69,81.97,29.7,22.7,26.57,4.58
2024,Mendez,14.13,120.9,2,21.06,2.45,0.52,0.33,77.97,30.85,23.17,26.86,4.4
2024,Mendez,14.13,120.9,3,22.14,1.08,0.46,0.66,74.06,32.82,23.45,28.11,3.65
2024,Mendez,14.13,120.9,4,25.92,0.81,0.45,0.58,68.44,36.89,25.63,30.38,3.07
2024,Mendez,14.13,120.9,5,22.92,2.0,0.48,5.84,71.7,36.38,27.24,31.01,2.68
2024,Mendez,14.13,120.9,6,20.66,4.36,0.7,7.98,79.61,32.9,27.2,29.83,2.15
2024,Mendez,14.13,120.9,7,15.12,4.14,0.89,17.54,83.76,31.26,26.59,28.88,3.16
2024,Mendez,14.13,120.9,8,19.55,4.19,0.96,8.33,83.12,31.67,26.48,29.02,2.67
2024,Mendez,14.13,120.9,9,14.06,4.17,0.98,12.51,86.67,31.23,26.26,28.52,3.73
2024,Mendez,14.13,120.9,10,15.79,4.13,0.97,16.15,83.65,30.95,26.07,28.54,3.15
2024,Mendez,14.13,120.9,11,17.45,4.78,0.92,2.65,83.27,30.67,25.72,28.16,3.2
2024,Mendez,14.13,120.9,12,13.07,4.48,0.83,6.42,86.79,30.24,24.99,27.41,4.26
2024,Naic,14.32,120.77,1,17.12,2.81,0.71,0.59,78.46,30.83,21.89,27.4,4.74
2024,Naic,14.32,120.77,2,21.06,1.24,0.61,0.2,72.99,32.38,22.88,28.65,4.74
2024,Naic,14.32,120.77,3,22.14,0.9,0.59,1.04,70.33,33.74,23.7,30.1,4.16
2024,Naic,14.32,120.77,4,25.92,0.63,0.59,0.48,64.46,37.57,25.55,32.92,3.61
2024,Naic,14.32,120.77,5,22.92,1.94,0.62,5.8,69.99,36.77,27.02,32.61,3.17
2024,Naic,14.32,120.77,6,20.66,3.4,0.81,7.82,79.13,33.33,26.97,30.51,2.34
2024,Naic,14.32,120.77,7,15.12,3.73,0.96,21.17,83.46,31.4,26.24,29.06,3.47
2024,Naic,14.32,120.77,8,19.55,3.74,0.98,10.51,82.94,32.31,26.29,29.2,2.87
2024,Naic,14.32,120.77,9,14.06,3.57,0.99,16.09,86.17,31.39,25.83,28.56,4.03
2024,Naic,14.32,120.77,10,15.79,3.56,0.98,16.3,82.98,31.17,25.52,28.6,3.47
2024,Naic,14.32,120.77,11,17.45,4.05,0.94,2.74,82.48,30.81,24.79,28.36,3.29
2024,Naic,14.32,120.77,12,13.07,3.34,0.85,5.0,85.35,30.73,24.26,27.62,4.41
2024,Noveleta,14.43,120.88,1,17.12,2.81,0.71,0.59,78.46,30.83,21.89,27.4,4.74
2024,Noveleta,14.43,120.88,2,21.06,1.24,0.61,0.2,72.99,32.38,22.88,28.65,4.74
2024,Noveleta,14.43,120.88,3,22.14,0.9,0.59,1.04,70.33,33.74,23.7,30.1,4.16
2024,Noveleta,14.43,120.88,4,25.92,0.63,0.59,0.48,64.46,37.57,25.55,32.92,3.61
2024,Noveleta,14.43,120.88,5,22.92,1.94,0.62,5.8,69.99,36.77,27.02,32.61,3.17
2024,Noveleta,14.43,120.88,6,20.66,3.4,0.81,7.82,79.13,33.33,26.97,30.51,2.34
2024,Noveleta,14.43,120.88,7,15.12,3.73,0.96,21.17,83.46,31.4,26.24,29.06,3.47
2024,Noveleta,14.43,120.88,8,19.55,3.74,0.98,10.51,82.94,32.31,26.29,29.2,2.87
2024,Noveleta,14.43,120.88,9,14.06,3.57,0.99,16.09,86.17,31.39,25.83,28.56,4.03
2024,Noveleta,14.43,120.88,10,15.79,3.56,0.98,16.3,82.98,31.17,25.52,28.6,3.47
2024,Noveleta,14.43,120.88,11,17.45,4.05,0.94,2.74,82.48,30.81,24.79,28.36,3.29
2024,Noveleta,14.43,120.88,12,13.07,3.34,0.85,5.0,85.35,30.73,24.26,27.62,4.41
2024,Rosario,14.41,120.85,1,17.12,2.81,0.71,0.59,78.46,30.83,21.89,27.4,4.74
2024,Rosario,14.41,120.85,2,21.06,1.24,0.61,0.2,72.99,32.38,22.88,28.65,4.74
2024,Rosario,14.41,120.85,3,22.14,0.9,0.59,1.04,70.33,33.74,23.7,30.1,4.16
2024,Rosario,14.41,120.85,4,25.92,0.63,0.59,0.48,64.46,37.57,25.55,32.92,3.61
2024,Rosario,14.41,120.85,5,22.92,1.94,0.62,5.8,69.99,36.77,27.02,32.61,3.17
2024,Rosario,14.41,120.85,6,20.66,3.4,0.81,7.82,79.13,33.33,26.97,30.51,2.34
2024,Rosario,14.41,120.85,7,15.12,3.73,0.96,21.17,83.46,31.4,26.24,29.06,3.47
2024,Rosario,14.41,120.85,8,19.55,3.74,0.98,10.51,82.94,32.31,26.29,29.2,2.87
2024,Rosario,14.41,120.85,9,14.06,3.57,0.99,16.09,86.17,31.39,25.83,28.56,4.03
2024,Rosario,14.41,120.85,10,15.79,3.56,0.98,16.3,82.98,31.17,25.52,28.6,3.47
2024,Rosario,14.41,120.85,11,17.45,4.05,0.94,2.74,82.48,30.81,24.79,28.36,3.29
2024,Rosario,14.41,120.85,12,13.07,3.34,0.85,5.0,85.35,30.73,24.26,27.62,4.41
2024,Silang,14.23,120.97,1,17.12,4.86,0.9,3.01,88.01,30.89,19.39,24.58,1.69
2024,Silang,14.23,120.97,2,21.06,4.61,0.74,1.23,83.39,30.7,20.58,25.09,1.74
2024,Silang,14.23,120.97,3,22.14,2.82,0.62,1.65,78.56,35.35,19.59,26.86,1.61
2024,Silang,14.23,120.97,4,25.92,1.7,0.57,0.59,70.07,37.5,23.24,29.8,1.56
2024,Silang,14.23,120.97,5,22.92,2.14,0.58,7.75,73.67,36.78,25.08,30.28,1.35
2024,Silang,14.23,120.97,6,20.66,4.2,0.78,7.14,82.27,34.85,23.96,28.68,0.87
2024,Silang,14.23,120.97,7,15.12,4.08,0.92,14.32,87.15,32.21,24.06,27.53,1.24
2024,Silang,14.23,120.97,8,19.55,4.15,0.95,5.9,85.07,34.74,24.35,27.88,1.05
2024,Silang,14.23,120.97,9,14.06,3.73,0.98,10.88,88.95,33.72,24.33,27.24,1.34
2024,Silang,14.23,120.97,10,15.79,4.09,0.98,16.99,88.63,36.0,23.49,27.15,1.29
2024,Silang,14.23,120.97,11,17.45,4.3,0.96,5.89,87.9,32.18,23.16,26.72,1.24
2024,Silang,14.23,120.97,12,13.07,4.21,0.97,19.68,92.03,30.57,22.28,25.76,1.61
2024,Tagaytay City,14.11,120.96,1,17.12,4.86,0.9,3.01,88.01,30.89,19.39,24.58,1.69
2024,Tagaytay City,14.11,120.96,2,21.06,4.61,0.74,1.23,83.39,30.7,20.58,25.09,1.74
2024,Tagaytay City,14.11,120.96,3,22.14,2.82,0.62,1.65,78.56,35.35,19.59,26.86,1.61
2024,Tagaytay City,14.11,120.96,4,25.92,1.7,0.57,0.59,70.07,37.5,23.24,29.8,1.56
2024,Tagaytay City,14.11,120.96,5,22.92,2.14,0.58,7.75,73.67,36.78,25.08,30.28,1.35
2024,Tagaytay City,14.11,120.96,6,20.66,4.2,0.78,7.14,82.27,34.85,23.96,28.68,0.87
2024,Tagaytay City,14.11,120.96,7,15.12,4.08,0.92,14.32,87.15,32.21,24.06,27.53,1.24
2024,Tagaytay City,14.11,120.96,8,19.55,4.15,0.95,5.9,85.07,34.74,24.35,27.88,1.05
2024,Tagaytay City,14.11,120.96,9,14.06,3.73,0.98,10.88,88.95,33.72,24.33,27.24,1.34
2024,Tagaytay City,14.11,120.96,10,15.79,4.09,0.98,16.99,88.63,36.0,23.49,27.15,1.29
2024,Tagaytay City,14.11,120.96,11,17.45,4.3,0.96,5.89,87.9,32.18,23.16,26.72,1.24
2024,Tagaytay City,14.11,120.96,12,13.07,4.21,0.97,19.68,92.03,30.57,22.28,25.76,1.61
2024,Tanza,14.36,120.85,1,17.12,2.81,0.71,0.59,78.46,30.83,21.89,27.4,4.74
2024,Tanza,14.36,120.85,2,21.06,1.24,0.61,0.2,72.99,32.38,22.88,28.65,4.74
2024,Tanza,14.36,120.85,3,22.14,0.9,0.59,1.04,70.33,33.74,23.7,30.1,4.16
2024,Tanza,14.36,120.85,4,25.92,0.63,0.59,0.48,64.46,37.57,25.55,32.92,3.61
2024,Tanza,14.36,120.85,5,22.92,1.94,0.62,5.8,69.99,36.77,27.02,32.61,3.17
2024,Tanza,14.36,120.85,6,20.66,3.4,0.81,7.82,79.13,33.33,26.97,30.51,2.34
2024,Tanza,14.36,120.85,7,15.12,3.73,0.96,21.17,83.46,31.4,26.24,29.06,3.47
2024,Tanza,14.36,120.85,8,19.55,3.74,0.98,10.51,82.94,32.31,26.29,29.2,2.87
2024,Tanza,14.36,120.85,9,14.06,3.57,0.99,16.09,86.17,31.39,25.83,28.56,4.03
2024,Tanza,14.36,120.85,10,15.79,3.56,0.98,16.3,82.98,31.17,25.52,28.6,3.47
2024,Tanza,14.36,120.85,11,17.45,4.05,0.94,2.74,82.48,30.81,24.79,28.36,3.29
2024,Tanza,14.36,120.85,12,13.07,3.34,0.85,5.0,85.35,30.73,24.26,27.62,4.41
2024,Ternate,14.28,120.7,1,17.12,2.81,0.71,0.59,78.46,30.83,21.89,27.4,4.74
2024,Ternate,14.28,120.7,2,21.06,1.24,0.61,0.2,72.99,32.38,22.88,28.65,4.74
2024,Ternate,14.28,120.7,3,22.14,0.9,0.59,1.04,70.33,33.74,23.7,30.1,4.16
2024,Ternate,14.28,120.7,4,25.92,0.63,0.59,0.48,64.46,37.57,25.55,32.92,3.61
2024,Ternate,14.28,120.7,5,22.92,1.94,0.62,5.8,69.99,36.77,27.02,32.61,3.17
2024,Ternate,14.28,120.7,6,20.66,3.4,0.81,7.82,79.13,33.33,26.97,30.51,2.34
2024,Ternate,14.28,120.7,7,15.12,3.73,0.96,21.17,83.46,31.4,26.24,29.06,3.47
2024,Ternate,14.28,120.7,8,19.55,3.74,0.98,10.51,82.94,32.31,26.29,29.2,2.87
2024,Ternate,14.28,120.7,9,14.06,3.57,0.99,16.09,86.17,31.39,25.83,28.56,4.03
2024,Ternate,14.28,120.7,10,15.79,3.56,0.98,16.3,82.98,31.17,25.52,28.6,3.47
2024,Ternate,14.28,120.7,11,17.45,4.05,0.94,2.74,82.48,30.81,24.79,28.36,3.29
2024,Ternate,14.28,120.7,12,13.07,3.34,0.85,5.0,85.35,30.73,24.26,27.62,4.41
2024,Trece Martires City,14.28,120.86,1,17.12,2.81,0.71,0.59,78.46,30.83,21.89,27.4,4.74
2024,Trece Martires City,14.28,120.86,2,21.06,1.24,0.61,0.2,72.99,32.38,22.88,28.65,4.74
2024,Trece Martires City,14.28,120.86,3,22.14,0.9,0.59,1.04,70.33,33.74,23.7,30.1,4.16
2024,Trece Martires City,14.28,120.86,4,25.92,0.63,0.59,0.48,64.46,37.57,25.55,32.92,3.61
2024,Trece Martires City,14.28,120.86,5,22.92,1.94,0.62,5.8,69.99,36.77,27.02,32.61,3.17
2024,Trece Martires City,14.28,120.86,6,20.66,3.4,0.81,7.82,79.13,33.33,26.97,30.51,2.34
2024,Trece Martires City,14.28,120.86,7,15.12,3.73,0.96,21.17,83.46,31.4,26.24,29.06,3.47
2024,Trece Martires City,14.28,120.86,8,19.55,3.74,0.98,10.51,82.94,32.31,26.29,29.2,2.87
2024,Trece Martires City,14.28,120.86,9,14.06,3.57,0.99,16.09,86.17,31.39,25.83,28.56,4.03
2024,Trece Martires City,14.28,120.86,10,15.79,3.56,0.98,16.3,82.98,31.17,25.52,28.6,3.47
2024,Trece Martires City,14.28,120.86,11,17.45,4.05,0.94,2.74,82.48,30.81,24.79,28.36,3.29
2024,Trece Martires City,14.28,120.86,12,13.07,3.34,0.85,5.0,85.35,30.73,24.26,27.62,4.41
2025,Alfonso,14.14,120.85,1,15.93,4.55,0.77,1.58,84.93,29.57,23.24,26.67,4.11
2025,Alfonso,14.14,120.85,2,17.29,4.27,0.66,3.26,83.33,29.8,23.2,26.76,4.28
2025,Alfonso,14.14,120.85,3,21.27,3.31,0.57,1.75,81.17,31.43,23.47,27.55,3.8
2025,Alfonso,14.14,120.85,4,24.49,1.93,0.49,0.94,72.6,35.41,25.26,29.88,2.61
2025,Alfonso,14.14,120.85,5,22.13,3.46,0.54,6.79,76.88,34.06,26.86,29.8,2.79
2025,Alfonso,14.14,120.85,6,17.21,4.09,0.79,12.55,83.99,31.39,26.12,28.82,2.77
2025,Alfonso,14.14,120.85,7,12.27,4.88,0.95,24.54,87.91,29.6,25.97,28.23,4.65
2025,Alfonso,14.14,120.85,8,17.88,4.36,0.94,8.33,83.35,30.58,25.85,28.14,2.49
2025,Alfonso,14.14,120.85,9,14.37,3.93,0.99,13.97,86.17,30.0,25.49,27.78,3.01
2025,Alfonso,14.14,120.85,10,16.12,3.91,0.99,13.44,85.12,30.67,26.03,28.07,2.69
2025,Alfonso,14.14,120.85,11,14.45,4.1,0.98,10.8,86.95,30.07,25.66,27.87,3.85
2025,Alfonso,14.14,120.85,12,15.18,4.47,0.94,3.77,85.35,29.84,24.03,27.16,3.89
2025,Amadeo,14.17,120.92,1,15.93,4.55,0.77,1.58,84.93,29.57,23.24,26.67,4.11
2025,Amadeo,14.17,120.92,2,17.29,4.27,0.66,3.26,83.33,29.8,23.2,26.76,4.28
2025,Amadeo,14.17,120.92,3,21.27,3.31,0.57,1.75,81.17,31.43,23.47,27.55,3.8
2025,Amadeo,14.17,120.92,4,24.49,1.93,0.49,0.94,72.6,35.41,25.26,29.88,2.61
2025,Amadeo,14.17,120.92,5,22.13,3.46,0.54,6.79,76.88,34.06,26.86,29.8,2.79
2025,Amadeo,14.17,120.92,6,17.21,4.09,0.79,12.55,83.99,31.39,26.12,28.82,2.77
2025,Amadeo,14.17,120.92,7,12.27,4.88,0.95,24.54,87.91,29.6,25.97,28.23,4.65
2025,Amadeo,14.17,120.92,8,17.88,4.36,0.94,8.33,83.35,30.58,25.85,28.14,2.49
2025,Amadeo,14.17,120.92,9,14.37,3.93,0.99,13.97,86.17,30.0,25.49,27.78,3.01
2025,Amadeo,14.17,120.92,10,16.12,3.91,0.99,13.44,85.12,30.67,26.03,28.07,2.69
2025,Amadeo,14.17,120.92,11,14.45,4.1,0.98,10.8,86.95,30.07,25.66,27.87,3.85
2025,Amadeo,14.17,120.92,12,15.18,4.47,0.94,3.77,85.35,29.84,24.03,27.16,3.89
2025,Bacoor City,14.46,120.94,1,15.93,4.79,0.94,6.78,88.86,30.5,20.29,24.82,1.64
2025,Bacoor City,14.46,120.94,2,17.29,5.06,0.9,7.86,87.39,31.18,20.16,25.02,1.71
2025,Bacoor City,14.46,120.94,3,21.27,4.65,0.82,4.19,84.31,31.93,20.7,26.29,1.64
2025,Bacoor City,14.46,120.94,4,24.49,3.83,0.73,1.95,76.36,36.24,22.79,28.67,1.3
2025,Bacoor City,14.46,120.94,5,22.13,4.07,0.73,6.62,80.08,35.24,24.08,28.66,1.25
2025,Bacoor City,14.46,120.94,6,17.21,4.0,0.85,10.22,85.39,32.98,24.1,27.5,1.09
2025,Bacoor City,14.46,120.94,7,12.27,4.65,0.96,17.01,89.37,31.07,23.72,26.86,1.74
2025,Bacoor City,14.46,120.94,8,17.88,4.27,0.96,9.83,84.87,32.45,23.07,27.02,0.98
2025,Bacoor City,14.46,120.94,9,14.37,4.11,0.99,15.02,89.34,31.45,22.84,26.37,1.2
2025,Bacoor City,14.46,120.94,10,16.12,3.84,0.99,13.9,89.42,30.7,23.85,26.62,1.06
2025,Bacoor City,14.46,120.94,11,14.45,4.17,0.99,18.19,90.86,31.83,22.41,26.25,1.5
2025,Bacoor City,14.46,120.94,12,15.18,4.44,0.98,10.79,90.02,30.44,21.27,25.17,1.43
2025,Carmona,14.31,121.05,1,12.31,4.79,0.94,6.78,88.86,30.5,20.29,24.82,1.64
2025,Carmona,14.31,121.05,2,14.03,5.06,0.9,7.86,87.39,31.18,20.16,25.02,1.71
2025,Carmona,14.31,121.05,3,17.19,4.65,0.82,4.19,84.31,31.93,20.7,26.29,1.64
2025,Carmona,14.31,121.05,4,22.86,3.83,0.73,1.95,76.36,36.24,22.79,28.67,1.3
2025,Carmona,14.31,121.05,5,20.85,4.07,0.73,6.62,80.08,35.24,24.08,28.66,1.25
2025,Carmona,14.31,121.05,6,17.2,4.0,0.85,10.22,85.39,32.98,24.1,27.5,1.09
2025,Carmona,14.31,121.05,7,13.96,4.65,0.96,17.01,89.37,31.07,23.72,26.86,1.74
2025,Carmona,14.31,121.05,8,16.99,4.27,0.96,9.83,84.87,32.45,23.07,27.02,0.98
2025,Carmona,14.31,121.05,9,13.29,4.11,0.99,15.02,89.34,31.45,22.84,26.37,1.2
2025,Carmona,14.31,121.05,10,13.82,3.84,0.99,13.9,89.42,30.7,23.85,26.62,1.06
2025,Carmona,14.31,121.05,11,12.58,4.17,0.99,18.19,90.86,31.83,22.41,26.25,1.5
2025,Carmona,14.31,121.05,12,11.56,4.44,0.98,10.79,90.02,30.44,21.27,25.17,1.43
2025,Cavite City,14.48,120.9,1,15.93,3.38,0.82,1.56,82.75,30.89,22.81,27.15,4.26
2025,Cavite City,14.48,120.9,2,17.29,3.2,0.73,2.21,80.18,30.58,22.89,27.69,4.56
2025,Cavite City,14.48,120.9,3,21.27,2.5,0.64,1.23,75.3,33.34,22.98,29.34,4.21
2025,Cavite City,14.48,120.9,4,24.49,1.41,0.6,1.27,66.37,36.41,25.54,32.73,2.97
2025,Cavite City,14.48,120.9,5,22.13,3.09,0.68,6.57,74.12,34.8,26.44,31.03,3.11
2025,Cavite City,14.48,120.9,6,17.21,3.51,0.91,18.22,83.76,31.22,26.13,29.09,3.04
2025,Cavite City,14.48,120.9,7,12.27,4.37,0.99,25.72,87.09,29.26,25.92,28.26,5.4
2025,Cavite City,14.48,120.9,8,17.88,3.91,0.97,10.29,82.93,31.19,25.63,28.52,2.68
2025,Cavite City,14.48,120.9,9,14.37,3.55,1.0,16.94,85.95,30.3,25.16,27.97,3.34
2025,Cavite City,14.48,120.9,10,16.12,3.35,0.99,11.12,84.66,30.99,25.1,28.19,2.73
2025,Cavite City,14.48,120.9,11,14.45,3.46,0.98,9.9,86.38,30.32,24.8,27.84,4.0
2025,Cavite City,14.48,120.9,12,15.18,3.66,0.95,3.21,84.54,30.16,22.86,27.27,3.8
2025,Dasmarinas City,14.33,120.93,1,15.93,3.38,0.82,1.56,82.75,30.89,22.81,27.15,4.26
2025,Dasmarinas City,14.33,120.93,2,17.29,3.2,0.73,2.21,80.18,30.58,22.89,27.69,4.56
2025,Dasmarinas City,14.33,120.93,3,21.27,2.5,0.64,1.23,75.3,33.34,22.98,29.34,4.21
2025,Dasmarinas City,14.33,120.93,4,24.49,1.41,0.6,1.27,66.37,36.41,25.54,32.73,2.97
2025,Dasmarinas City,14.33,120.93,5,22.13,3.09,0.68,6.57,74.12,34.8,26.44,31.03,3.11
2025,Dasmarinas City,14.33,120.93,6,17.21,3.51,0.91,18.22,83.76,31.22,26.13,29.09,3.04
2025,Dasmarinas City,14.33,120.93,7,12.27,4.37,0.99,25.72,87.09,29.26,25.92,28.26,5.4
2025,Dasmarinas City,14.33,120.93,8,17.88,3.91,0.97,10.29,82.93,31.19,25.63,28.52,2.68
2025,Dasmarinas City,14.33,120.93,9,14.37,3.55,1.0,16.94,85.95,30.3,25.16,27.97,3.34
2025,Dasmarinas City,14.33,120.93,10,16.12,3.35,0.99,11.12,84.66,30.99,25.1,28.19,2.73
2025,Dasmarinas City,14.33,120.93,11,14.45,3.46,0.98,9.9,86.38,30.32,24.8,27.84,4.0
2025,Dasmarinas City,14.33,120.93,12,15.18,3.66,0.95,3.21,84.54,30.16,22.86,27.27,3.8
2025,General Emilio Aguinaldo,14.18,120.79,1,15.93,4.55,0.77,1.58,84.93,29.57,23.24,26.67,4.11
2025,General Emilio Aguinaldo,14.18,120.79,2,17.29,4.27,0.66,3.26,83.33,29.8,23.2,26.76,4.28
2025,General Emilio Aguinaldo,14.18,120.79,3,21.27,3.31,0.57,1.75,81.17,31.43,23.47,27.55,3.8
2025,General Emilio Aguinaldo,14.18,120.79,4,24.49,1.93,0.49,0.94,72.6,35.41,25.26,29.88,2.61
2025,General Emilio Aguinaldo,14.18,120.79,5,22.13,3.46,0.54,6.79,76.88,34.06,26.86,29.8,2.79
2025,General Emilio Aguinaldo,14.18,120.79,6,17.21,4.09,0.79,12.55,83.99,31.39,26.12,28.82,2.77
2025,General Emilio Aguinaldo,14.18,120.79,7,12.27,4.88,0.95,24.54,87.91,29.6,25.97,28.23,4.65
2025,General Emilio Aguinaldo,14.18,120.79,8,17.88,4.36,0.94,8.33,83.35,30.58,25.85,28.14,2.49
2025,General Emilio Aguinaldo,14.18,120.79,9,14.37,3.93,0.99,13.97,86.17,30.0,25.49,27.78,3.01
2025,General Emilio Aguinaldo,14.18,120.79,10,16.12,3.91,0.99,13.44,85.12,30.67,26.03,28.07,2.69
2025,General Emilio Aguinaldo,14.18,120.79,11,14.45,4.1,0.98,10.8,86.95,30.07,25.66,27.87,3.85
2025,General Emilio Aguinaldo,14.18,120.79,12,15.18,4.47,0.94,3.77,85.35,29.84,24.03,27.16,3.89
2025,General Mariano Alvarez,14.3,121.0,1,12.31,4.79,0.94,6.78,88.86,30.5,20.29,24.82,1.64
2025,General Mariano Alvarez,14.3,121.0,2,14.03,5.06,0.9,7.86,87.39,31.18,20.16,25.02,1.71
2025,General Mariano Alvarez,14.3,121.0,3,17.19,4.65,0.82,4.19,84.31,31.93,20.7,26.29,1.64
2025,General Mariano Alvarez,14.3,121.0,4,22.86,3.83,0.73,1.95,76.36,36.24,22.79,28.67,1.3
2025,General Mariano Alvarez,14.3,121.0,5,20.85,4.07,0.73,6.62,80.08,35.24,24.08,28.66,1.25
2025,General Mariano Alvarez,14.3,121.0,6,17.2,4.0,0.85,10.22,85.39,32.98,24.1,27.5,1.09
2025,General Mariano Alvarez,14.3,121.0,7,13.96,4.65,0.96,17.01,89.37,31.07,23.72,26.86,1.74
2025,General Mariano Alvarez,14.3,121.0,8,16.99,4.27,0.96,9.83,84.87,32.45,23.07,27.02,0.98
2025,General Mariano Alvarez,14.3,121.0,9,13.29,4.11,0.99,15.02,89.34,31.45,22.84,26.37,1.2
2025,General Mariano Alvarez,14.3,121.0,10,13.82,3.84,0.99,13.9,89.42,30.7,23.85,26.62,1.06
2025,General Mariano Alvarez,14.3,121.0,11,12.58,4.17,0.99,18.19,90.86,31.83,22.41,26.25,1.5
2025,General Mariano Alvarez,14.3,121.0,12,11.56,4.44,0.98,10.79,90.02,30.44,21.27,25.17,1.43
2025,General Trias,14.38,120.88,1,15.93,3.38,0.82,1.56,82.75,30.89,22.81,27.15,4.26
2025,General Trias,14.38,120.88,2,17.29,3.2,0.73,2.21,80.18,30.58,22.89,27.69,4.56
2025,General Trias,14.38,120.88,3,21.27,2.5,0.64,1.23,75.3,33.34,22.98,29.34,4.21
2025,General Trias,14.38,120.88,4,24.49,1.41,0.6,1.27,66.37,36.41,25.54,32.73,2.97
2025,General Trias,14.38,120.88,5,22.13,3.09,0.68,6.57,74.12,34.8,26.44,31.03,3.11
2025,General Trias,14.38,120.88,6,17.21,3.51,0.91,18.22,83.76,31.22,26.13,29.09,3.04
2025,General Trias,14.38,120.88,7,12.27,4.37,0.99,25.72,87.09,29.26,25.92,28.26,5.4
2025,General Trias,14.38,120.88,8,17.88,3.91,0.97,10.29,82.93,31.19,25.63,28.52,2.68
2025,General Trias,14.38,120.88,9,14.37,3.55,1.0,16.94,85.95,30.3,25.16,27.97,3.34
2025,General Trias,14.38,120.88,10,16.12,3.35,0.99,11.12,84.66,30.99,25.1,28.19,2.73
2025,General Trias,14.38,120.88,11,14.45,3.46,0.98,9.9,86.38,30.32,24.8,27.84,4.0
2025,General Trias,14.38,120.88,12,15.18,3.66,0.95,3.21,84.54,30.16,22.86,27.27,3.8
2025,Imus City,14.43,120.93,1,15.93,3.38,0.82,1.56,82.75,30.89,22.81,27.15,4.26
2025,Imus City,14.43,120.93,2,17.29,3.2,0.73,2.21,80.18,30.58,22.89,27.69,4.56
2025,Imus City,14.43,120.93,3,21.27,2.5,0.64,1.23,75.3,33.34,22.98,29.34,4.21
2025,Imus City,14.43,120.93,4,24.49,1.41,0.6,1.27,66.37,36.41,25.54,32.73,2.97
2025,Imus City,14.43,120.93,5,22.13,3.09,0.68,6.57,74.12,34.8,26.44,31.03,3.11
2025,Imus City,14.43,120.93,6,17.21,3.51,0.91,18.22,83.76,31.22,26.13,29.09,3.04
2025,Imus City,14.43,120.93,7,12.27,4.37,0.99,25.72,87.09,29.26,25.92,28.26,5.4
2025,Imus City,14.43,120.93,8,17.88,3.91,0.97,10.29,82.93,31.19,25.63,28.52,2.68
2025,Imus City,14.43,120.93,9,14.37,3.55,1.0,16.94,85.95,30.3,25.16,27.97,3.34
2025,Imus City,14.43,120.93,10,16.12,3.35,0.99,11.12,84.66,30.99,25.1,28.19,2.73
2025,Imus City,14.43,120.93,11,14.45,3.46,0.98,9.9,86.38,30.32,24.8,27.84,4.0
2025,Imus City,14.43,120.93,12,15.18,3.66,0.95,3.21,84.54,30.16,22.86,27.27,3.8
2025,Indang,14.19,120.87,1,15.93,4.55,0.77,1.58,84.93,29.57,23.24,26.67,4.11
2025,Indang,14.19,120.87,2,17.29,4.27,0.66,3.26,83.33,29.8,23.2,26.76,4.28
2025,Indang,14.19,120.87,3,21.27,3.31,0.57,1.75,81.17,31.43,23.47,27.55,3.8
2025,Indang,14.19,120.87,4,24.49,1.93,0.49,0.94,72.6,35.41,25.26,29.88,2.61
2025,Indang,14.19,120.87,5,22.13,3.46,0.54,6.79,76.88,34.06,26.86,29.8,2.79
2025,Indang,14.19,120.87,6,17.21,4.09,0.79,12.55,83.99,31.39,26.12,28.82,2.77
2025,Indang,14.19,120.87,7,12.27,4.88,0.95,24.54,87.91,29.6,25.97,28.23,4.65
2025,Indang,14.19,120.87,8,17.88,4.36,0.94,8.33,83.35,30.58,25.85,28.14,2.49
2025,Indang,14.19,120.87,9,14.37,3.93,0.99,13.97,86.17,30.0,25.49,27.78,3.01
2025,Indang,14.19,120.87,10,16.12,3.91,0.99,13.44,85.12,30.67,26.03,28.07,2.69
2025,Indang,14.19,120.87,11,14.45,4.1,0.98,10.8,86.95,30.07,25.66,27.87,3.85
2025,Indang,14.19,120.87,12,15.18,4.47,0.94,3.77,85.35,29.84,24.03,27.16,3.89
2025,Kawit,14.44,120.9,1,15.93,3.38,0.82,1.56,82.75,30.89,22.81,27.15,4.26
2025,Kawit,14.44,120.9,2,17.29,3.2,0.73,2.21,80.18,30.58,22.89,27.69,4.56
2025,Kawit,14.44,120.9,3,21.27,2.5,0.64,1.23,75.3,33.34,22.98,29.34,4.21
2025,Kawit,14.44,120.9,4,24.49,1.41,0.6,1.27,66.37,36.41,25.54,32.73,2.97
2025,Kawit,14.44,120.9,5,22.13,3.09,0.68,6.57,74.12,34.8,26.44,31.03,3.11
2025,Kawit,14.44,120.9,6,17.21,3.51,0.91,18.22,83.76,31.22,26.13,29.09,3.04
2025,Kawit,14.44,120.9,7,12.27,4.37,0.99,25.72,87.09,29.26,25.92,28.26,5.4
2025,Kawit,14.44,120.9,8,17.88,3.91,0.97,10.29,82.93,31.19,25.63,28.52,2.68
2025,Kawit,14.44,120.9,9,14.37,3.55,1.0,16.94,85.95,30.3,25.16,27.97,3.34
2025,Kawit,14.44,120.9,10,16.12,3.35,0.99,11.12,84.66,30.99,25.1,28.19,2.73
2025,Kawit,14.44,120.9,11,14.45,3.46,0.98,9.9,86.38,30.32,24.8,27.84,4.0
2025,Kawit,14.44,120.9,12,15.18,3.66,0.95,3.21,84.54,30.16,22.86,27.27,3.8
2025,Magallanes,14.19,120.73,1,15.93,4.55,0.77,1.58,84.93,29.57,23.24,26.67,4.11
2025,Magallanes,14.19,120.73,2,17.29,4.27,0.66,3.26,83.33,29.8,23.2,26.76,4.28
2025,Magallanes,14.19,120.73,3,21.27,3.31,0.57,1.75,81.17,31.43,23.47,27.55,3.8
2025,Magallanes,14.19,120.73,4,24.49,1.93,0.49,0.94,72.6,35.41,25.26,29.88,2.61
2025,Magallanes,14.19,120.73,5,22.13,3.46,0.54,6.79,76.88,34.06,26.86,29.8,2.79
2025,Magallanes,14.19,120.73,6,17.21,4.09,0.79,12.55,83.99,31.39,26.12,28.82,2.77
2025,Magallanes,14.19,120.73,7,12.27,4.88,0.95,24.54,87.91,29.6,25.97,28.23,4.65
2025,Magallanes,14.19,120.73,8,17.88,4.36,0.94,8.33,83.35,30.58,25.85,28.14,2.49
2025,Magallanes,14.19,120.73,9,14.37,3.93,0.99,13.97,86.17,30.0,25.49,27.78,3.01
2025,Magallanes,14.19,120.73,10,16.12,3.91,0.99,13.44,85.12,30.67,26.03,28.07,2.69
2025,Magallanes,14.19,120.73,11,14.45,4.1,0.98,10.8,86.95,30.07,25.66,27.87,3.85
2025,Magallanes,14.19,120.73,12,15.18,4.47,0.94,3.77,85.35,29.84,24.03,27.16,3.89
2025,Maragondon,14.27,120.73,1,15.93,3.38,0.82,1.56,82.75,30.89,22.81,27.15,4.26
2025,Maragondon,14.27,120.73,2,17.29,3.2,0.73,2.21,80.18,30.58,22.89,27.69,4.56
2025,Maragondon,14.27,120.73,3,21.27,2.5,0.64,1.23,75.3,33.34,22.98,29.34,4.21
2025,Maragondon,14.27,120.73,4,24.49,1.41,0.6,1.27,66.37,36.41,25.54,32.73,2.97
2025,Maragondon,14.27,120.73,5,22.13,3.09,0.68,6.57,74.12,34.8,26.44,31.03,3.11
2025,Maragondon,14.27,120.73,6,17.21,3.51,0.91,18.22,83.76,31.22,26.13,29.09,3.04
2025,Maragondon,14.27,120.73,7,12.27,4.37,0.99,25.72,87.09,29.26,25.92,28.26,5.4
2025,Maragondon,14.27,120.73,8,17.88,3.91,0.97,10.29,82.93,31.19,25.63,28.52,2.68
2025,Maragondon,14.27,120.73,9,14.37,3.55,1.0,16.94,85.95,30.3,25.16,27.97,3.34
2025,Maragondon,14.27,120.73,10,16.12,3.35,0.99,11.12,84.66,30.99,25.1,28.19,2.73
2025,Maragondon,14.27,120.73,11,14.45,3.46,0.98,9.9,86.38,30.32,24.8,27.84,4.0
2025,Maragondon,14.27,120.73,12,15.18,3.66,0.95,3.21,84.54,30.16,22.86,27.27,3.8
2025,Mendez,14.13,120.9,1,15.93,4.55,0.77,1.58,84.93,29.57,23.24,26.67,4.11
2025,Mendez,14.13,120.9,2,17.29,4.27,0.66,3.26,83.33,29.8,23.2,26.76,4.28
2025,Mendez,14.13,120.9,3,21.27,3.31,0.57,1.75,81.17,31.43,23.47,27.55,3.8
2025,Mendez,14.13,120.9,4,24.49,1.93,0.49,0.94,72.6,35.41,25.26,29.88,2.61
2025,Mendez,14.13,120.9,5,22.13,3.46,0.54,6.79,76.88,34.06,26.86,29.8,2.79
2025,Mendez,14.13,120.9,6,17.21,4.09,0.79,12.55,83.99,31.39,26.12,28.82,2.77
2025,Mendez,14.13,120.9,7,12.27,4.88,0.95,24.54,87.91,29.6,25.97,28.23,4.65
2025,Mendez,14.13,120.9,8,17.88,4.36,0.94,8.33,83.35,30.58,25.85,28.14,2.49
2025,Mendez,14.13,120.9,9,14.37,3.93,0.99,13.97,86.17,30.0,25.49,27.78,3.01
2025,Mendez,14.13,120.9,10,16.12,3.91,0.99,13.44,85.12,30.67,26.03,28.07,2.69
2025,Mendez,14.13,120.9,11,14.45,4.1,0.98,10.8,86.95,30.07,25.66,27.87,3.85
2025,Mendez,14.13,120.9,12,15.18,4.47,0.94,3.77,85.35,29.84,24.03,27.16,3.89
2025,Naic,14.32,120.77,1,15.93,3.38,0.82,1.56,82.75,30.89,22.81,27.15,4.26
2025,Naic,14.32,120.77,2,17.29,3.2,0.73,2.21,80.18,30.58,22.89,27.69,4.56
2025,Naic,14.32,120.77,3,21.27,2.5,0.64,1.23,75.3,33.34,22.98,29.34,4.21
2025,Naic,14.32,120.77,4,24.49,1.41,0.6,1.27,66.37,36.41,25.54,32.73,2.97
2025,Naic,14.32,120.77,5,22.13,3.09,0.68,6.57,74.12,34.8,26.44,31.03,3.11
2025,Naic,14.32,120.77,6,17.21,3.51,0.91,18.22,83.76,31.22,26.13,29.09,3.04
2025,Naic,14.32,120.77,7,12.27,4.37,0.99,25.72,87.09,29.26,25.92,28.26,5.4
2025,Naic,14.32,120.77,8,17.88,3.91,0.97,10.29,82.93,31.19,25.63,28.52,2.68
2025,Naic,14.32,120.77,9,14.37,3.55,1.0,16.94,85.95,30.3,25.16,27.97,3.34
2025,Naic,14.32,120.77,10,16.12,3.35,0.99,11.12,84.66,30.99,25.1,28.19,2.73
2025,Naic,14.32,120.77,11,14.45,3.46,0.98,9.9,86.38,30.32,24.8,27.84,4.0
2025,Naic,14.32,120.77,12,15.18,3.66,0.95,3.21,84.54,30.16,22.86,27.27,3.8
2025,Noveleta,14.43,120.88,1,15.93,3.38,0.82,1.56,82.75,30.89,22.81,27.15,4.26
2025,Noveleta,14.43,120.88,2,17.29,3.2,0.73,2.21,80.18,30.58,22.89,27.69,4.56
2025,Noveleta,14.43,120.88,3,21.27,2.5,0.64,1.23,75.3,33.34,22.98,29.34,4.21
2025,Noveleta,14.43,120.88,4,24.49,1.41,0.6,1.27,66.37,36.41,25.54,32.73,2.97
2025,Noveleta,14.43,120.88,5,22.13,3.09,0.68,6.57,74.12,34.8,26.44,31.03,3.11
2025,Noveleta,14.43,120.88,6,17.21,3.51,0.91,18.22,83.76,31.22,26.13,29.09,3.04
2025,Noveleta,14.43,120.88,7,12.27,4.37,0.99,25.72,87.09,29.26,25.92,28.26,5.4
2025,Noveleta,14.43,120.88,8,17.88,3.91,0.97,10.29,82.93,31.19,25.63,28.52,2.68
2025,Noveleta,14.43,120.88,9,14.37,3.55,1.0,16.94,85.95,30.3,25.16,27.97,3.34
2025,Noveleta,14.43,120.88,10,16.12,3.35,0.99,11.12,84.66,30.99,25.1,28.19,2.73
2025,Noveleta,14.43,120.88,11,14.45,3.46,0.98,9.9,86.38,30.32,24.8,27.84,4.0
2025,Noveleta,14.43,120.88,12,15.18,3.66,0.95,3.21,84.54,30.16,22.86,27.27,3.8
2025,Rosario,14.41,120.85,1,15.93,3.38,0.82,1.56,82.75,30.89,22.81,27.15,4.26
2025,Rosario,14.41,120.85,2,17.29,3.2,0.73,2.21,80.18,30.58,22.89,27.69,4.56
2025,Rosario,14.41,120.85,3,21.27,2.5,0.64,1.23,75.3,33.34,22.98,29.34,4.21
2025,Rosario,14.41,120.85,4,24.49,1.41,0.6,1.27,66.37,36.41,25.54,32.73,2.97
2025,Rosario,14.41,120.85,5,22.13,3.09,0.68,6.57,74.12,34.8,26.44,31.03,3.11
2025,Rosario,14.41,120.85,6,17.21,3.51,0.91,18.22,83.76,31.22,26.13,29.09,3.04
2025,Rosario,14.41,120.85,7,12.27,4.37,0.99,25.72,87.09,29.26,25.92,28.26,5.4
2025,Rosario,14.41,120.85,8,17.88,3.91,0.97,10.29,82.93,31.19,25.63,28.52,2.68
2025,Rosario,14.41,120.85,9,14.37,3.55,1.0,16.94,85.95,30.3,25.16,27.97,3.34
2025,Rosario,14.41,120.85,10,16.12,3.35,0.99,11.12,84.66,30.99,25.1,28.19,2.73
2025,Rosario,14.41,120.85,11,14.45,3.46,0.98,9.9,86.38,30.32,24.8,27.84,4.0
2025,Rosario,14.41,120.85,12,15.18,3.66,0.95,3.21,84.54,30.16,22.86,27.27,3.8
2025,Silang,14.23,120.97,1,15.93,4.55,0.96,7.87,90.29,30.56,20.05,24.95,1.57
2025,Silang,14.23,120.97,2,17.29,5.0,0.92,7.88,89.09,30.78,20.04,25.07,1.65
2025,Silang,14.23,120.97,3,21.27,5.08,0.84,4.46,87.24,31.29,20.95,25.98,1.54
2025,Silang,14.23,120.97,4,24.49,4.4,0.72,1.72,78.89,35.6,22.73,28.24,1.3
2025,Silang,14.23,120.97,5,22.13,4.17,0.7,6.93,81.6,34.82,24.13,28.58,1.27
2025,Silang,14.23,120.97,6,17.21,4.11,0.83,9.44,85.67,33.15,24.14,27.67,1.08
2025,Silang,14.23,120.97,7,12.27,4.38,0.93,14.19,88.45,32.38,24.1,27.12,1.67
2025,Silang,14.23,120.97,8,17.88,4.1,0.95,8.35,84.86,32.84,23.46,27.17,0.98
2025,Silang,14.23,120.97,9,14.37,3.86,0.99,13.79,89.26,31.73,23.34,26.56,1.16
2025,Silang,14.23,120.97,10,16.12,3.71,0.99,14.72,89.73,31.74,24.13,26.82,1.06
2025,Silang,14.23,120.97,11,14.45,3.88,0.99,17.96,91.28,31.91,22.85,26.49,1.49
2025,Silang,14.23,120.97,12,15.18,4.09,0.98,9.77,90.98,31.01,21.74,25.45,1.42
2025,Tagaytay City,14.11,120.96,1,15.93,4.55,0.96,7.87,90.29,30.56,20.05,24.95,1.57
2025,Tagaytay City,14.11,120.96,2,17.29,5.0,0.92,7.88,89.09,30.78,20.04,25.07,1.65
2025,Tagaytay City,14.11,120.96,3,21.27,5.08,0.84,4.46,87.24,31.29,20.95,25.98,1.54
2025,Tagaytay City,14.11,120.96,4,24.49,4.4,0.72,1.72,78.89,35.6,22.73,28.24,1.3
2025,Tagaytay City,14.11,120.96,5,22.13,4.17,0.7,6.93,81.6,34.82,24.13,28.58,1.27
2025,Tagaytay City,14.11,120.96,6,17.21,4.11,0.83,9.44,85.67,33.15,24.14,27.67,1.08
2025,Tagaytay City,14.11,120.96,7,12.27,4.38,0.93,14.19,88.45,32.38,24.1,27.12,1.67
2025,Tagaytay City,14.11,120.96,8,17.88,4.1,0.95,8.35,84.86,32.84,23.46,27.17,0.98
2025,Tagaytay City,14.11,120.96,9,14.37,3.86,0.99,13.79,89.26,31.73,23.34,26.56,1.16
2025,Tagaytay City,14.11,120.96,10,16.12,3.71,0.99,14.72,89.73,31.74,24.13,26.82,1.06
2025,Tagaytay City,14.11,120.96,11,14.45,3.88,0.99,17.96,91.28,31.91,22.85,26.49,1.49
2025,Tagaytay City,14.11,120.96,12,15.18,4.09,0.98,9.77,90.98,31.01,21.74,25.45,1.42
2025,Tanza,14.36,120.85,1,15.93,3.38,0.82,1.56,82.75,30.89,22.81,27.15,4.26
2025,Tanza,14.36,120.85,2,17.29,3.2,0.73,2.21,80.18,30.58,22.89,27.69,4.56
2025,Tanza,14.36,120.85,3,21.27,2.5,0.64,1.23,75.3,33.34,22.98,29.34,4.21
2025,Tanza,14.36,120.85,4,24.49,1.41,0.6,1.27,66.37,36.41,25.54,32.73,2.97
2025,Tanza,14.36,120.85,5,22.13,3.09,0.68,6.57,74.12,34.8,26.44,31.03,3.11
2025,Tanza,14.36,120.85,6,17.21,3.51,0.91,18.22,83.76,31.22,26.13,29.09,3.04
2025,Tanza,14.36,120.85,7,12.27,4.37,0.99,25.72,87.09,29.26,25.92,28.26,5.4
2025,Tanza,14.36,120.85,8,17.88,3.91,0.97,10.29,82.93,31.19,25.63,28.52,2.68
2025,Tanza,14.36,120.85,9,14.37,3.55,1.0,16.94,85.95,30.3,25.16,27.97,3.34
2025,Tanza,14.36,120.85,10,16.12,3.35,0.99,11.12,84.66,30.99,25.1,28.19,2.73
2025,Tanza,14.36,120.85,11,14.45,3.46,0.98,9.9,86.38,30.32,24.8,27.84,4.0
2025,Tanza,14.36,120.85,12,15.18,3.66,0.95,3.21,84.54,30.16,22.86,27.27,3.8
2025,Ternate,14.28,120.7,1,15.93,3.38,0.82,1.56,82.75,30.89,22.81,27.15,4.26
2025,Ternate,14.28,120.7,2,17.29,3.2,0.73,2.21,80.18,30.58,22.89,27.69,4.56
2025,Ternate,14.28,120.7,3,21.27,2.5,0.64,1.23,75.3,33.34,22.98,29.34,4.21
2025,Ternate,14.28,120.7,4,24.49,1.41,0.6,1.27,66.37,36.41,25.54,32.73,2.97
2025,Ternate,14.28,120.7,5,22.13,3.09,0.68,6.57,74.12,34.8,26.44,31.03,3.11
2025,Ternate,14.28,120.7,6,17.21,3.51,0.91,18.22,83.76,31.22,26.13,29.09,3.04
2025,Ternate,14.28,120.7,7,12.27,4.37,0.99,25.72,87.09,29.26,25.92,28.26,5.4
2025,Ternate,14.28,120.7,8,17.88,3.91,0.97,10.29,82.93,31.19,25.63,28.52,2.68
2025,Ternate,14.28,120.7,9,14.37,3.55,1.0,16.94,85.95,30.3,25.16,27.97,3.34
2025,Ternate,14.28,120.7,10,16.12,3.35,0.99,11.12,84.66,30.99,25.1,28.19,2.73
2025,Ternate,14.28,120.7,11,14.45,3.46,0.98,9.9,86.38,30.32,24.8,27.84,4.0
2025,Ternate,14.28,120.7,12,15.18,3.66,0.95,3.21,84.54,30.16,22.86,27.27,3.8
2025,Trece Martires City,14.28,120.86,1,15.93,3.38,0.82,1.56,82.75,30.89,22.81,27.15,4.26
2025,Trece Martires City,14.28,120.86,2,17.29,3.2,0.73,2.21,80.18,30.58,22.89,27.69,4.56
2025,Trece Martires City,14.28,120.86,3,21.27,2.5,0.64,1.23,75.3,33.34,22.98,29.34,4.21
2025,Trece Martires City,14.28,120.86,4,24.49,1.41,0.6,1.27,66.37,36.41,25.54,32.73,2.97
2025,Trece Martires City,14.28,120.86,5,22.13,3.09,0.68,6.57,74.12,34.8,26.44,31.03,3.11
2025,Trece Martires City,14.28,120.86,6,17.21,3.51,0.91,18.22,83.76,31.22,26.13,29.09,3.04
2025,Trece Martires City,14.28,120.86,7,12.27,4.37,0.99,25.72,87.09,29.26,25.92,28.26,5.4
2025,Trece Martires City,14.28,120.86,8,17.88,3.91,0.97,10.29,82.93,31.19,25.63,28.52,2.68
2025,Trece Martires City,14.28,120.86,9,14.37,3.55,1.0,16.94,85.95,30.3,25.16,27.97,3.34
2025,Trece Martires City,14.28,120.86,10,16.12,3.35,0.99,11.12,84.66,30.99,25.1,28.19,2.73
2025,Trece Martires City,14.28,120.86,11,14.45,3.46,0.98,9.9,86.38,30.32,24.8,27.84,4.0
2025,Trece Martires City,14.28,120.86,12,15.18,3.66,0.95,3.21,84.54,30.16,22.86,27.27,3.8
