PARAMETER,YEAR,JAN,FEB,MAR,APR,MAY,JUN,JUL,AUG,SEP,OCT,NOV,DEC,ANN,Municipality,LAT,LON
ALLSKY_SFC_SW_DWN,1990,18.17,21.72,22.51,24.96,21.21,17.22,18.27,16.04,17.99,18.14,16.46,16.23,19.05,Bacoor City,14.46,120.94
ALLSKY_SFC_SW_DWN,1991,17.38,19.5,23.2,23.67,23.1,19.18,16.68,12.57,15.47,17.59,16.71,17.17,18.51,Bacoor City,14.46,120.94
ALLSKY_SFC_SW_DWN,1992,17.47,20.64,23.46,23.65,21.92,20.46,17.94,13.29,15.93,17.84,17.48,16.78,18.89,Bacoor City,14.46,120.94
ALLSKY_SFC_SW_DWN,1993,18.42,21.06,22.47,24.08,24.36,20.87,18.04,16.24,15.75,16.89,16.46,14.12,19.04,Bacoor City,14.46,120.94
ALLSKY_SFC_SW_DWN,1994,17.31,20.13,21.72,23.41,21.92,19.63,12.53,18.8,16.86,19.07,19.06,16.68,18.91,Bacoor City,14.46,120.94
ALLSKY_SFC_SW_DWN,1995,17.24,20.14,22.69,25.05,21.19,21.11,17.95,16.67,14.69,16.83,15.28,13.83,18.54,Bacoor City,14.46,120.94
ALLSKY_SFC_SW_DWN,1996,15.56,19.01,21.36,21.13,19.89,20.44,15.7,18.79,16.1,17.37,14.37,15.87,17.96,Bacoor City,14.46,120.94
ALLSKY_SFC_SW_DWN,1997,16.76,18.1,21.75,22.86,20.25,20.3,17.16,15.27,17.7,18.96,17.98,16.66,18.64,Bacoor City,14.46,120.94
ALLSKY_SFC_SW_DWN,1998,16.77,20.22,22.1,23.65,19.57,20.71,19.95,19.22,15.18,14.6,16.26,13.64,18.47,Bacoor City,14.46,120.94
ALLSKY_SFC_SW_DWN,1999,14.94,18.27,19.68,20.95,20.95,17.62,15.91,16.01,16.34,16.77,15.21,13.79,17.19,Bacoor City,14.46,120.94
ALLSKY_SFC_SW_DWN,2000,16.35,16.51,19.4,22.38,17.88,19.72,13.99,17.06,16.84,15.56,14.73,14.19,17.04,Bacoor City,14.46,120.94
ALLSKY_SFC_SW_DWN,2001,16.61,16.75,20.93,23.06,19.93,18.82,17.16,14.25,17.83,17.58,17.12,15.09,17.92,Bacoor City,14.46,120.94
ALLSKY_SFC_SW_DWN,2002,17.65,19.49,22.84,24.71,21.94,20.53,12.71,17.32,16.54,18.36,15.72,16.38,18.67,Bacoor City,14.46,120.94
ALLSKY_SFC_SW_DWN,2003,17.38,20.41,22.8,24.58,19.22,18.83,19.37,16.39,16.2,18.82,16.83,15.54,18.85,Bacoor City,14.46,120.94
ALLSKY_SFC_SW_DWN,2004,17.49,18.76,22.85,24.28,20.54,14.73,20.08,15.69,20.23,18.54,15.33,16.05,18.72,Bacoor City,14.46,120.94
ALLSKY_SFC_SW_DWN,2005,17.14,20.31,21.61,24.0,23.43,18.56,17.22,14.85,15.88,16.95,15.62,12.81,18.18,Bacoor City,14.46,120.94
ALLSKY_SFC_SW_DWN,2006,15.53,18.66,21.98,24.6,20.56,20.85,12.31,14.35,18.09,17.1,17.24,14.39,17.94,Bacoor City,14.46,120.94
ALLSKY_SFC_SW_DWN,2007,16.2,20.45,22.37,23.91,21.06,19.64,19.22,13.51,15.98,15.57,13.82,15.5,18.08,Bacoor City,14.46,120.94
ALLSKY_SFC_SW_DWN,2008,15.49,16.25,21.94,22.61,18.64,20.51,17.34,16.01,16.85,17.15,14.87,14.47,17.67,Bacoor City,14.46,120.94
ALLSKY_SFC_SW_DWN,2009,14.97,18.02,21.28,20.3,20.24,16.46,16.79,17.59,13.23,14.94,17.59,17.24,17.39,Bacoor City,14.46,120.94
ALLSKY_SFC_SW_DWN,2010,17.29,22.02,22.61,24.49,24.41,18.96,18.92,17.62,19.22,15.55,15.31,14.54,19.22,Bacoor City,14.46,120.94
ALLSKY_SFC_SW_DWN,2011,15.04,18.76,19.32,23.29,20.69,16.77,15.28,14.52,15.11,17.38,15.71,13.76,17.12,Bacoor City,14.46,120.94
ALLSKY_SFC_SW_DWN,2012,16.27,18.66,18.76,24.62,20.63,16.81,15.51,13.33,16.23,16.53,18.29,15.5,17.57,Bacoor City,14.46,120.94
ALLSKY_SFC_SW_DWN,2013,15.91,18.42,21.98,24.24,21.14,19.1,18.05,13.75,13.95,17.14,15.75,15.38,17.89,Bacoor City,14.46,120.94
ALLSKY_SFC_SW_DWN,2014,17.17,20.26,21.73,23.91,24.27,17.6,14.99,17.92,16.71,17.75,17.13,13.29,18.54,Bacoor City,14.46,120.94
ALLSKY_SFC_SW_DWN,2015,16.24,20.15,22.29,24.78,23.71,22.45,16.5,18.49,20.68,17.69,18.61,15.53,19.74,Bacoor City,14.46,120.94
ALLSKY_SFC_SW_DWN,2016,18.22,18.92,23.14,25.13,22.41,19.94,18.91,14.1,16.8,16.12,15.82,14.52,18.66,Bacoor City,14.46,120.94
ALLSKY_SFC_SW_DWN,2017,15.21,19.0,22.49,24.15,21.8,21.44,15.93,18.75,17.91,15.8,15.83,14.31,18.53,Bacoor City,14.46,120.94
ALLSKY_SFC_SW_DWN,2018,15.37,20.27,22.62,24.53,23.64,15.56,12.8,14.11,18.68,20.34,18.21,14.05,18.32,Bacoor City,14.46,120.94
ALLSKY_SFC_SW_DWN,2019,17.4,21.52,24.25,24.96,21.36,20.74,17.3,13.76,15.88,20.42,15.29,15.76,19.03,Bacoor City,14.46,120.94
ALLSKY_SFC_SW_DWN,2020,17.35,19.87,24.03,23.88,23.06,21.32,20.27,16.84,20.28,14.9,15.35,14.37,19.28,Bacoor City,14.46,120.94
ALLSKY_SFC_SW_DWN,2021,15.11,18.97,21.71,23.23,23.86,19.15,14.79,18.43,17.9,15.78,17.23,15.61,18.47,Bacoor City,14.46,120.94
ALLSKY_SFC_SW_DWN,2022,17.8,18.11,22.98,21.41,22.26,21.09,17.8,16.01,16.05,16.83,16.85,14.3,18.46,Bacoor City,14.46,120.94
ALLSKY_SFC_SW_DWN,2023,15.11,18.84,23.78,22.27,21.85,19.16,16.42,17.57,16.95,16.61,17.18,15.74,18.45,Bacoor City,14.46,120.94
ALLSKY_SFC_SW_DWN,2024,17.12,21.06,22.14,25.92,22.92,20.66,15.12,19.55,14.06,15.79,17.45,13.07,18.72,Bacoor City,14.46,120.94
ALLSKY_SFC_SW_DWN,2025,15.93,17.29,21.27,24.49,22.13,17.21,12.27,17.88,14.37,16.12,14.45,15.18,17.38,Bacoor City,14.46,120.94
EVLAND,1990,3.38,2.67,2.05,1.01,2.28,3.69,4.09,4.89,4.02,3.98,4.73,5.17,3.5,Bacoor City,14.46,120.94
EVLAND,1991,4.4,4.16,3.81,2.64,2.72,3.52,3.5,3.61,3.77,4.67,4.47,4.8,3.84,Bacoor City,14.46,120.94
EVLAND,1992,3.62,3.19,2.03,1.76,2.18,2.69,3.29,3.9,3.86,4.26,5.29,4.86,3.41,Bacoor City,14.46,120.94
EVLAND,1993,3.87,3.25,2.1,1.53,1.55,2.16,3.34,3.47,3.41,4.52,4.07,5.22,3.21,Bacoor City,14.46,120.94
EVLAND,1994,4.62,4.55,3.72,3.23,2.82,3.4,3.81,3.9,3.63,4.61,4.79,4.02,3.92,Bacoor City,14.46,120.94
EVLAND,1995,4.11,4.07,2.81,1.7,2.46,3.84,3.64,3.53,3.72,4.39,4.23,4.59,3.59,Bacoor City,14.46,120.94
EVLAND,1996,4.58,4.64,3.03,4.06,3.3,3.55,3.38,3.88,3.84,3.72,4.37,5.33,3.97,Bacoor City,14.46,120.94
EVLAND,1997,4.17,4.1,3.27,2.19,2.78,3.51,3.33,3.84,3.8,4.51,4.06,3.65,3.6,Bacoor City,14.46,120.94
EVLAND,1998,2.5,1.68,1.53,0.9,1.94,2.73,3.6,3.63,3.45,3.78,3.34,4.28,2.79,Bacoor City,14.46,120.94
EVLAND,1999,4.99,5.42,4.52,4.77,3.92,3.67,3.52,4.15,3.69,3.81,4.54,4.11,4.25,Bacoor City,14.46,120.94
EVLAND,2000,5.13,4.67,4.31,3.94,3.68,3.56,3.92,3.64,4.19,3.87,4.29,4.11,4.11,Bacoor City,14.46,120.94
EVLAND,2001,4.77,5.29,4.28,3.99,3.47,3.3,4.29,3.77,3.37,3.88,4.94,5.35,4.22,Bacoor City,14.46,120.94
EVLAND,2002,4.28,4.03,3.11,2.42,2.59,3.55,4.14,3.91,3.73,3.85,4.1,4.6,3.69,Bacoor City,14.46,120.94
EVLAND,2003,4.57,3.61,2.15,1.64,2.98,4.22,4.09,3.82,3.88,4.84,4.59,4.76,3.77,Bacoor City,14.46,120.94
EVLAND,2004,3.83,3.51,2.97,2.2,3.4,3.5,3.62,3.8,4.25,4.91,4.84,4.63,3.79,Bacoor City,14.46,120.94
EVLAND,2005,3.97,3.15,2.34,2.31,1.84,3.32,3.48,3.77,3.93,4.2,4.34,4.31,3.41,Bacoor City,14.46,120.94
EVLAND,2006,4.55,5.36,4.38,3.21,2.84,3.68,3.39,3.98,3.91,4.57,3.79,4.56,4.01,Bacoor City,14.46,120.94
EVLAND,2007,4.85,3.76,2.96,2.3,2.84,3.06,3.64,3.8,3.39,4.38,4.56,4.76,3.7,Bacoor City,14.46,120.94
EVLAND,2008,4.79,4.89,4.74,3.9,4.31,4.04,3.87,4.03,3.77,3.93,3.85,4.81,4.24,Bacoor City,14.46,120.94
EVLAND,2009,4.89,4.21,4.2,4.09,4.78,4.19,3.65,4.35,3.82,4.34,4.88,4.11,4.29,Bacoor City,14.46,120.94
EVLAND,2010,3.65,2.34,2.18,1.54,1.8,2.58,3.72,4.03,3.89,3.64,3.51,4.03,3.08,Bacoor City,14.46,120.94
EVLAND,2011,4.69,4.73,4.75,3.42,3.68,4.09,4.21,4.15,3.75,4.06,4.05,4.34,4.16,Bacoor City,14.46,120.94
EVLAND,2012,4.99,4.74,4.95,4.37,4.18,3.73,3.98,4.24,4.16,4.79,4.46,4.22,4.4,Bacoor City,14.46,120.94
EVLAND,2013,4.41,4.46,4.31,2.77,2.55,3.84,4.12,3.65,3.67,4.64,4.68,4.05,3.93,Bacoor City,14.46,120.94
EVLAND,2014,4.51,3.3,2.65,1.87,1.88,2.99,3.6,4.09,4.14,4.2,4.51,4.78,3.55,Bacoor City,14.46,120.94
EVLAND,2015,4.69,3.97,2.95,1.93,1.59,2.75,3.88,3.92,4.36,4.68,4.9,4.51,3.68,Bacoor City,14.46,120.94
EVLAND,2016,4.62,4.39,3.96,2.62,2.81,3.4,4.19,4.0,3.62,4.04,4.62,4.31,3.88,Bacoor City,14.46,120.94
EVLAND,2017,5.04,4.99,4.29,3.69,3.59,3.9,4.01,4.31,4.12,4.13,4.4,4.69,4.26,Bacoor City,14.46,120.94
EVLAND,2018,4.61,4.61,4.44,3.55,3.08,3.72,3.69,4.29,4.24,4.73,4.54,3.99,4.12,Bacoor City,14.46,120.94
EVLAND,2019,4.98,3.59,1.83,1.79,3.17,3.69,3.53,4.1,4.29,4.83,3.74,4.73,3.69,Bacoor City,14.46,120.94
EVLAND,2020,4.64,5.3,5.91,5.95,4.79,4.47,3.9,4.23,4.12,3.78,4.53,3.9,4.62,Bacoor City,14.46,120.94
EVLAND,2021,4.9,5.08,5.01,4.23,2.71,3.2,4.03,4.18,3.9,4.24,4.19,4.7,4.19,Bacoor City,14.46,120.94
EVLAND,2022,4.02,4.27,3.92,4.48,4.3,3.97,4.1,3.78,3.79,3.93,3.81,4.17,4.04,Bacoor City,14.46,120.94
EVLAND,2023,4.82,5.03,3.81,3.08,3.65,3.84,4.45,4.46,4.23,4.23,4.59,4.89,4.25,Bacoor City,14.46,120.94
EVLAND,2024,4.65,3.7,2.63,1.64,2.37,4.42,4.24,4.03,3.8,4.16,4.53,4.58,3.73,Bacoor City,14.46,120.94
EVLAND,2025,4.79,5.06,4.65,3.83,4.07,4.0,4.65,4.27,4.11,3.84,4.17,4.44,4.32,Bacoor City,14.46,120.94
GWETROOT,1990,0.74,0.68,0.63,0.59,0.63,0.84,0.95,0.97,0.96,0.97,0.98,0.93,0.82,Bacoor City,14.46,120.94
GWETROOT,1991,0.85,0.76,0.72,0.65,0.65,0.72,0.87,0.96,0.95,0.89,0.86,0.86,0.81,Bacoor City,14.46,120.94
GWETROOT,1992,0.79,0.71,0.63,0.61,0.62,0.67,0.8,0.95,0.95,0.94,0.95,0.87,0.79,Bacoor City,14.46,120.94
GWETROOT,1993,0.76,0.71,0.64,0.6,0.59,0.62,0.76,0.84,0.92,0.97,0.95,0.97,0.78,Bacoor City,14.46,120.94
GWETROOT,1994,0.93,0.83,0.71,0.68,0.68,0.74,0.88,0.86,0.88,0.9,0.82,0.78,0.81,Bacoor City,14.46,120.94
GWETROOT,1995,0.79,0.8,0.68,0.61,0.65,0.78,0.86,0.93,0.99,0.98,0.97,0.98,0.84,Bacoor City,14.46,120.94
GWETROOT,1996,0.91,0.81,0.69,0.75,0.74,0.81,0.88,0.94,0.92,0.91,0.98,0.95,0.86,Bacoor City,14.46,120.94
GWETROOT,1997,0.82,0.76,0.7,0.63,0.67,0.75,0.88,0.94,0.93,0.87,0.76,0.73,0.79,Bacoor City,14.46,120.94
GWETROOT,1998,0.66,0.63,0.6,0.57,0.6,0.68,0.78,0.84,0.88,0.98,0.98,0.99,0.77,Bacoor City,14.46,120.94
GWETROOT,1999,0.98,0.86,0.82,0.89,0.87,0.88,0.94,0.97,0.98,0.98,0.97,0.99,0.93,Bacoor City,14.46,120.94
GWETROOT,2000,0.93,0.9,0.85,0.79,0.76,0.82,0.97,0.95,0.97,0.98,0.99,0.98,0.91,Bacoor City,14.46,120.94
GWETROOT,2001,0.91,0.87,0.82,0.75,0.74,0.79,0.93,0.95,0.9,0.9,0.93,0.92,0.87,Bacoor City,14.46,120.94
GWETROOT,2002,0.83,0.75,0.68,0.64,0.65,0.71,0.92,0.96,0.96,0.98,0.98,0.94,0.83,Bacoor City,14.46,120.94
GWETROOT,2003,0.85,0.73,0.64,0.6,0.67,0.82,0.88,0.94,0.96,0.94,0.91,0.86,0.82,Bacoor City,14.46,120.94
GWETROOT,2004,0.79,0.73,0.68,0.63,0.7,0.85,0.87,0.96,0.93,0.93,0.92,0.91,0.83,Bacoor City,14.46,120.94
GWETROOT,2005,0.82,0.7,0.64,0.64,0.61,0.76,0.88,0.93,0.97,0.98,0.97,0.98,0.82,Bacoor City,14.46,120.94
GWETROOT,2006,0.94,0.89,0.79,0.7,0.7,0.77,0.89,0.97,0.94,0.96,0.96,0.94,0.87,Bacoor City,14.46,120.94
GWETROOT,2007,0.88,0.76,0.68,0.64,0.68,0.73,0.86,0.91,0.94,0.97,0.98,0.96,0.83,Bacoor City,14.46,120.94
GWETROOT,2008,0.94,0.89,0.86,0.76,0.86,0.88,0.94,0.96,0.95,0.98,0.99,0.97,0.92,Bacoor City,14.46,120.94
GWETROOT,2009,0.93,0.86,0.78,0.82,0.95,0.98,0.97,0.95,0.97,0.97,0.93,0.83,0.91,Bacoor City,14.46,120.94
GWETROOT,2010,0.76,0.67,0.63,0.61,0.61,0.66,0.86,0.97,0.97,0.98,0.99,0.98,0.81,Bacoor City,14.46,120.94
GWETROOT,2011,0.95,0.88,0.84,0.71,0.75,0.91,0.96,0.98,0.97,0.98,0.99,0.99,0.91,Bacoor City,14.46,120.94
GWETROOT,2012,0.95,0.92,0.85,0.83,0.8,0.86,0.96,0.98,0.99,0.97,0.92,0.85,0.91,Bacoor City,14.46,120.94
GWETROOT,2013,0.86,0.79,0.77,0.67,0.66,0.81,0.96,0.99,0.99,0.98,0.97,0.97,0.87,Bacoor City,14.46,120.94
GWETROOT,2014,0.86,0.72,0.66,0.62,0.61,0.7,0.84,0.9,0.98,0.99,0.95,0.96,0.82,Bacoor City,14.46,120.94
GWETROOT,2015,0.89,0.76,0.67,0.63,0.59,0.65,0.79,0.85,0.92,0.95,0.87,0.9,0.79,Bacoor City,14.46,120.94
GWETROOT,2016,0.88,0.8,0.75,0.66,0.65,0.74,0.87,0.95,0.95,0.99,0.97,0.97,0.85,Bacoor City,14.46,120.94
GWETROOT,2017,0.94,0.89,0.78,0.69,0.71,0.79,0.92,0.97,0.97,0.99,0.98,0.98,0.88,Bacoor City,14.46,120.94
GWETROOT,2018,0.93,0.85,0.78,0.69,0.67,0.86,0.97,0.98,0.97,0.91,0.82,0.84,0.86,Bacoor City,14.46,120.94
GWETROOT,2019,0.89,0.74,0.63,0.61,0.68,0.76,0.86,0.95,0.97,0.91,0.93,0.91,0.82,Bacoor City,14.46,120.94
GWETROOT,2020,0.84,0.86,0.91,0.87,0.89,0.93,0.95,0.98,0.94,1.0,1.0,1.0,0.93,Bacoor City,14.46,120.94
GWETROOT,2021,0.97,0.9,0.85,0.73,0.66,0.74,0.89,0.94,0.98,0.98,0.94,0.9,0.87,Bacoor City,14.46,120.94
GWETROOT,2022,0.83,0.8,0.76,0.8,0.79,0.85,0.95,0.99,0.98,0.99,0.99,0.96,0.89,Bacoor City,14.46,120.94
GWETROOT,2023,0.97,0.87,0.74,0.67,0.68,0.79,0.93,0.94,0.94,0.96,0.95,0.93,0.86,Bacoor City,14.46,120.94
GWETROOT,2024,0.87,0.74,0.65,0.61,0.64,0.84,0.96,0.97,0.98,0.98,0.95,0.95,0.85,Bacoor City,14.46,120.94
GWETROOT,2025,0.94,0.9,0.82,0.73,0.73,0.85,0.96,0.96,0.99,0.99,0.99,0.98,0.9,Bacoor City,14.46,120.94
PRECTOTCORR,1990,2.92,1.03,1.48,0.32,5.86,11.11,9.8,11.69,8.7,12.84,11.3,8.5,7.17,Bacoor City,14.46,120.94
PRECTOTCORR,1991,2.28,4.86,2.1,2.2,3.44,7.57,8.37,10.4,5.93,4.29,7.77,5.58,5.4,Bacoor City,14.46,120.94
PRECTOTCORR,1992,2.27,1.79,1.16,1.42,3.25,3.71,10.49,8.72,6.34,7.67,11.36,3.99,5.19,Bacoor City,14.46,120.94
PRECTOTCORR,1993,3.25,1.8,0.96,1.59,1.29,4.53,5.76,7.88,6.32,8.7,8.86,19.07,5.87,Bacoor City,14.46,120.94
PRECTOTCORR,1994,6.26,2.13,2.07,3.51,3.28,8.15,6.65,4.05,6.88,6.57,3.65,7.18,5.05,Bacoor City,14.46,120.94
PRECTOTCORR,1995,3.69,5.19,1.06,1.0,4.99,7.27,7.3,8.43,13.83,10.66,9.65,18.64,7.66,Bacoor City,14.46,120.94
PRECTOTCORR,1996,4.04,1.93,1.64,7.52,4.07,6.71,8.71,3.99,6.88,7.83,15.71,6.05,6.25,Bacoor City,14.46,120.94
PRECTOTCORR,1997,2.37,4.67,1.67,1.5,7.0,3.7,10.26,6.22,6.34,2.27,3.35,3.88,4.44,Bacoor City,14.46,120.94
PRECTOTCORR,1998,1.7,0.55,1.25,0.56,3.7,5.12,5.29,5.91,8.45,14.8,7.89,23.72,6.64,Bacoor City,14.46,120.94
PRECTOTCORR,1999,8.76,3.67,8.43,8.52,4.74,6.78,7.47,12.39,7.29,12.65,13.09,16.58,9.25,Bacoor City,14.46,120.94
PRECTOTCORR,2000,5.48,6.67,5.5,2.73,5.94,6.43,11.16,5.88,10.48,11.62,10.39,14.41,8.07,Bacoor City,14.46,120.94
PRECTOTCORR,2001,2.57,9.14,4.02,2.4,4.57,8.13,7.1,7.42,1.73,9.62,9.62,12.65,6.57,Bacoor City,14.46,120.94
PRECTOTCORR,2002,2.27,3.31,2.36,1.95,3.61,5.78,16.11,8.54,8.75,9.67,13.83,7.08,6.96,Bacoor City,14.46,120.94
PRECTOTCORR,2003,2.81,1.7,0.96,1.69,8.47,5.5,7.84,7.87,8.73,5.6,7.31,5.46,5.35,Bacoor City,14.46,120.94
PRECTOTCORR,2004,2.81,3.59,1.52,1.74,6.85,6.77,8.46,8.33,3.85,9.08,14.48,6.33,6.16,Bacoor City,14.46,120.94
PRECTOTCORR,2005,3.28,1.31,2.09,2.07,2.6,7.35,7.72,7.0,12.77,12.52,8.34,20.22,7.32,Bacoor City,14.46,120.94
PRECTOTCORR,2006,7.14,3.72,4.91,0.58,5.06,7.55,9.99,6.63,11.98,8.32,5.17,12.67,7.01,Bacoor City,14.46,120.94
PRECTOTCORR,2007,4.21,1.61,1.9,2.36,4.91,5.84,5.58,10.26,9.23,9.16,16.12,10.08,6.8,Bacoor City,14.46,120.94
PRECTOTCORR,2008,9.09,9.93,3.31,4.4,9.75,8.87,6.55,8.17,8.79,12.91,13.48,12.08,8.94,Bacoor City,14.46,120.94
PRECTOTCORR,2009,7.47,4.32,3.96,13.3,11.87,9.61,8.71,6.42,17.27,10.79,6.6,2.48,8.57,Bacoor City,14.46,120.94
PRECTOTCORR,2010,3.38,0.43,1.97,1.6,1.57,5.06,14.62,8.11,7.41,9.44,14.34,10.8,6.61,Bacoor City,14.46,120.94
PRECTOTCORR,2011,6.75,3.99,6.37,1.91,7.23,15.79,10.39,9.72,9.5,11.77,15.18,17.23,9.69,Bacoor City,14.46,120.94
PRECTOTCORR,2012,6.57,9.95,8.18,1.76,6.87,4.99,17.05,14.98,13.24,11.79,4.25,6.49,8.87,Bacoor City,14.46,120.94
PRECTOTCORR,2013,5.57,7.15,3.04,0.94,4.19,11.59,13.04,17.24,15.65,8.46,13.9,10.48,9.27,Bacoor City,14.46,120.94
PRECTOTCORR,2014,1.53,1.32,2.47,0.87,2.78,5.39,9.85,9.36,12.54,13.38,7.9,14.72,6.89,Bacoor City,14.46,120.94
PRECTOTCORR,2015,3.6,2.18,1.89,1.14,1.24,4.74,8.24,7.53,7.98,8.96,5.21,20.99,6.19,Bacoor City,14.46,120.94
PRECTOTCORR,2016,2.91,5.05,3.34,1.22,4.28,6.78,7.88,11.43,7.72,12.5,12.18,14.82,7.53,Bacoor City,14.46,120.94
PRECTOTCORR,2017,8.37,6.02,2.12,3.49,5.53,6.4,11.54,9.91,15.21,11.59,15.61,15.66,9.3,Bacoor City,14.46,120.94
PRECTOTCORR,2018,7.21,3.38,3.16,2.48,4.09,12.88,14.7,8.98,10.27,5.03,4.07,15.33,7.67,Bacoor City,14.46,120.94
PRECTOTCORR,2019,3.4,1.02,0.57,1.7,6.73,6.26,7.89,10.4,9.23,5.43,6.62,10.35,5.84,Bacoor City,14.46,120.94
PRECTOTCORR,2020,4.39,25.43,18.56,20.18,7.92,19.95,8.15,7.98,9.02,33.88,35.85,27.74,18.18,Bacoor City,14.46,120.94
PRECTOTCORR,2021,9.01,5.71,5.25,1.95,2.37,5.79,15.34,6.25,13.65,9.46,7.52,5.87,7.36,Bacoor City,14.46,120.94
PRECTOTCORR,2022,3.5,5.03,3.24,7.67,5.93,8.16,9.52,11.01,12.3,18.09,7.97,10.21,8.58,Bacoor City,14.46,120.94
PRECTOTCORR,2023,13.04,4.2,0.75,3.16,4.85,9.07,13.84,6.07,7.9,8.25,10.79,10.93,7.77,Bacoor City,14.46,120.94
PRECTOTCORR,2024,3.0,1.32,2.26,0.4,8.65,7.95,17.04,7.06,12.85,16.27,5.52,18.5,8.46,Bacoor City,14.46,120.94
PRECTOTCORR,2025,6.78,7.86,4.19,1.95,6.62,10.22,17.01,9.83,15.02,13.9,18.19,10.79,10.2,Bacoor City,14.46,120.94
RH2M,1990,83.56,79.16,73.21,67.12,76.19,87.2,88.02,88.87,87.91,89.33,88.71,88.47,83.18,Bacoor City,14.46,120.94
RH2M,1991,85.65,83.4,79.0,74.41,75.52,82.6,86.91,91.29,89.51,84.07,86.89,86.54,83.82,Bacoor City,14.46,120.94
RH2M,1992,83.79,78.43,73.79,68.14,73.32,78.0,85.45,89.75,89.07,88.51,87.17,86.72,81.88,Bacoor City,14.46,120.94
RH2M,1993,82.82,79.86,72.93,70.9,70.05,75.86,85.36,87.51,88.84,89.4,90.81,90.02,82.05,Bacoor City,14.46,120.94
RH2M,1994,88.34,83.68,80.04,76.81,77.99,83.54,90.29,85.98,87.43,85.75,85.24,84.33,84.13,Bacoor City,14.46,120.94
RH2M,1995,84.14,82.94,76.9,71.76,78.45,82.93,86.28,89.37,90.17,89.14,90.75,91.13,84.52,Bacoor City,14.46,120.94
RH2M,1996,88.41,82.95,79.34,83.62,82.21,85.17,87.68,86.73,87.72,87.96,90.89,86.6,85.78,Bacoor City,14.46,120.94
RH2M,1997,84.77,83.46,76.59,71.86,77.48,81.77,89.44,89.75,87.98,84.9,82.92,82.47,82.8,Bacoor City,14.46,120.94
RH2M,1998,77.74,74.41,69.94,66.47,76.04,78.57,81.72,85.6,88.49,90.96,91.48,91.14,81.1,Bacoor City,14.46,120.94
RH2M,1999,89.55,84.51,85.62,86.0,83.84,87.29,89.32,89.28,89.49,90.01,89.65,91.98,88.07,Bacoor City,14.46,120.94
RH2M,2000,87.17,88.36,87.15,82.13,83.92,86.48,89.46,88.37,89.5,90.72,90.87,91.53,87.98,Bacoor City,14.46,120.94
RH2M,2001,87.2,86.38,84.91,79.62,80.74,84.55,88.53,90.16,88.41,89.04,87.77,88.41,86.32,Bacoor City,14.46,120.94
RH2M,2002,84.86,81.99,78.28,73.42,77.19,78.84,89.86,87.8,88.54,88.74,90.52,88.97,84.12,Bacoor City,14.46,120.94
RH2M,2003,84.8,80.87,75.19,69.16,78.5,84.44,85.74,89.17,89.3,85.46,87.92,85.6,83.03,Bacoor City,14.46,120.94
RH2M,2004,84.97,82.18,75.83,72.31,82.95,89.66,85.9,91.35,84.54,84.17,89.1,87.6,84.23,Bacoor City,14.46,120.94
RH2M,2005,84.66,79.28,76.01,72.26,71.76,85.54,88.14,87.31,89.26,88.83,89.27,91.74,83.7,Bacoor City,14.46,120.94
RH2M,2006,88.94,86.2,83.04,75.27,80.22,83.07,89.43,89.54,86.64,86.31,89.13,89.95,85.66,Bacoor City,14.46,120.94
RH2M,2007,86.52,82.15,77.75,72.91,78.09,82.8,84.67,87.33,89.4,89.46,89.62,89.94,84.24,Bacoor City,14.46,120.94
RH2M,2008,89.33,87.65,83.55,83.03,85.05,84.61,87.55,86.04,88.71,89.37,91.53,89.31,87.14,Bacoor City,14.46,120.94
RH2M,2009,88.03,86.92,82.16,84.52,87.35,88.49,88.66,87.31,89.56,87.59,88.23,84.56,86.94,Bacoor City,14.46,120.94
RH2M,2010,83.59,77.6,75.55,72.22,68.92,78.3,83.94,87.58,86.47,89.63,91.09,90.82,82.18,Bacoor City,14.46,120.94
RH2M,2011,88.74,84.9,85.05,76.66,81.54,87.06,87.53,89.24,89.88,88.67,90.21,90.96,86.73,Bacoor City,14.46,120.94
RH2M,2012,88.57,88.26,86.23,82.11,80.41,87.64,88.04,90.4,87.7,85.96,87.85,87.26,86.7,Bacoor City,14.46,120.94
RH2M,2013,85.37,84.01,82.26,72.74,77.23,83.18,86.42,89.62,89.73,86.51,90.28,90.33,84.82,Bacoor City,14.46,120.94
RH2M,2014,83.64,80.17,77.53,71.0,71.16,81.2,88.46,85.82,86.97,87.82,89.15,89.92,82.76,Bacoor City,14.46,120.94
RH2M,2015,85.59,81.79,77.2,73.06,67.78,76.59,84.37,84.79,85.61,86.07,87.48,88.36,81.57,Bacoor City,14.46,120.94
RH2M,2016,86.16,84.47,79.77,72.99,75.35,82.35,82.79,89.97,88.34,89.0,89.75,91.16,84.35,Bacoor City,14.46,120.94
RH2M,2017,88.48,86.44,81.57,75.21,79.7,81.39,87.24,85.69,86.18,87.75,91.1,90.17,85.08,Bacoor City,14.46,120.94
RH2M,2018,89.05,85.13,80.83,78.33,78.95,87.0,90.73,89.5,87.15,84.9,85.93,87.91,85.46,Bacoor City,14.46,120.94
RH2M,2019,85.84,80.24,72.17,70.43,76.73,83.82,86.55,90.26,87.91,85.4,88.62,88.34,83.05,Bacoor City,14.46,120.94
RH2M,2020,83.86,84.98,84.8,84.18,82.99,84.01,84.77,86.05,85.03,90.1,90.68,91.48,86.08,Bacoor City,14.46,120.94
RH2M,2021,88.84,86.48,84.99,76.85,77.44,83.09,88.97,85.4,87.97,89.23,90.0,87.28,85.55,Bacoor City,14.46,120.94
RH2M,2022,85.02,85.35,83.08,84.3,80.5,83.05,85.84,87.48,89.38,89.77,91.03,89.68,86.21,Bacoor City,14.46,120.94
RH2M,2023,90.04,85.72,79.74,75.72,78.41,84.51,86.6,88.84,85.28,88.52,89.7,89.69,85.24,Bacoor City,14.46,120.94
RH2M,2024,85.65,81.01,78.2,70.49,75.29,82.27,87.61,85.62,89.28,88.54,87.13,90.96,83.53,Bacoor City,14.46,120.94
RH2M,2025,88.86,87.39,84.31,76.36,80.08,85.39,89.37,84.87,89.34,89.42,90.86,90.02,86.36,Bacoor City,14.46,120.94
T2M_MAX,1990,30.65,32.41,34.55,38.66,37.36,31.49,31.15,31.41,31.73,31.15,31.01,28.56,38.66,Bacoor City,14.46,120.94
T2M_MAX,1991,28.95,31.06,31.35,35.86,36.36,34.28,32.19,30.22,32.11,31.24,30.31,29.61,36.36,Bacoor City,14.46,120.94
T2M_MAX,1992,31.23,33.0,33.62,37.13,35.46,34.78,32.26,30.68,32.1,31.24,30.0,28.32,37.13,Bacoor City,14.46,120.94
T2M_MAX,1993,30.56,32.2,35.45,35.54,37.11,35.83,32.96,33.27,32.3,30.46,29.13,28.52,37.11,Bacoor City,14.46,120.94
T2M_MAX,1994,29.86,31.96,31.87,34.53,35.49,32.81,30.61,32.69,31.46,30.57,29.65,30.13,35.49,Bacoor City,14.46,120.94
T2M_MAX,1995,29.39,31.49,33.34,34.6,36.48,34.18,33.92,31.19,30.89,30.83,29.72,26.95,36.48,Bacoor City,14.46,120.94
T2M_MAX,1996,28.49,31.5,33.27,32.5,34.0,32.34,31.42,31.91,32.75,30.95,29.84,27.8,34.0,Bacoor City,14.46,120.94
T2M_MAX,1997,29.31,30.58,34.69,34.69,36.51,33.37,32.25,30.1,31.0,31.89,31.58,30.83,36.51,Bacoor City,14.46,120.94
T2M_MAX,1998,33.72,34.94,36.34,37.36,36.16,35.06,35.4,31.88,32.17,30.3,30.23,29.85,37.36,Bacoor City,14.46,120.94
T2M_MAX,1999,29.17,29.71,31.17,32.39,32.62,31.83,30.88,30.72,29.98,30.35,29.69,27.98,32.62,Bacoor City,14.46,120.94
T2M_MAX,2000,28.91,30.73,30.51,33.79,34.28,32.52,29.9,31.35,31.03,30.8,29.23,28.84,34.28,Bacoor City,14.46,120.94
T2M_MAX,2001,30.46,31.74,31.19,34.32,35.42,34.19,30.29,30.16,30.31,31.13,30.02,28.78,35.42,Bacoor City,14.46,120.94
T2M_MAX,2002,30.11,30.98,32.84,35.12,35.46,34.3,33.95,32.57,31.54,31.28,30.56,29.86,35.46,Bacoor City,14.46,120.94
T2M_MAX,2003,29.27,29.69,34.34,37.99,36.48,32.89,32.95,32.29,34.26,31.18,30.46,28.52,37.99,Bacoor City,14.46,120.94
T2M_MAX,2004,30.3,31.04,35.57,36.88,34.37,30.64,32.29,29.51,32.78,33.88,30.62,28.84,36.88,Bacoor City,14.46,120.94
T2M_MAX,2005,29.72,33.31,34.83,36.01,37.38,33.05,31.68,31.93,31.62,31.52,30.28,29.28,37.38,Bacoor City,14.46,120.94
T2M_MAX,2006,29.72,29.9,33.41,35.18,35.53,33.61,31.05,33.65,31.9,31.13,30.88,29.92,35.53,Bacoor City,14.46,120.94
T2M_MAX,2007,30.07,31.42,33.73,37.68,36.24,35.17,32.79,32.98,31.83,29.9,30.02,29.76,37.68,Bacoor City,14.46,120.94
T2M_MAX,2008,28.86,30.11,34.22,33.26,32.59,32.09,31.51,32.95,32.21,30.59,30.06,29.05,34.22,Bacoor City,14.46,120.94
T2M_MAX,2009,29.62,30.5,33.3,33.6,31.6,32.18,31.48,32.87,32.52,31.29,30.6,29.31,33.6,Bacoor City,14.46,120.94
T2M_MAX,2010,30.31,33.5,35.29,36.11,37.33,35.58,34.4,32.5,32.69,31.13,30.0,30.26,37.33,Bacoor City,14.46,120.94
T2M_MAX,2011,28.66,31.03,30.28,35.24,33.65,32.15,32.07,31.32,30.58,31.95,30.61,30.38,35.24,Bacoor City,14.46,120.94
T2M_MAX,2012,29.68,30.19,31.67,33.08,34.47,31.2,32.47,30.58,33.34,31.51,30.43,31.62,34.47,Bacoor City,14.46,120.94
T2M_MAX,2013,29.51,30.67,32.51,37.09,37.41,33.63,32.05,31.28,32.44,30.27,30.05,29.78,37.41,Bacoor City,14.46,120.94
T2M_MAX,2014,29.14,31.46,33.4,36.13,37.3,36.84,32.08,32.5,33.05,31.96,30.82,29.31,37.3,Bacoor City,14.46,120.94
T2M_MAX,2015,30.56,30.56,33.38,37.37,37.47,37.24,33.57,33.93,32.67,32.68,30.15,30.98,37.47,Bacoor City,14.46,120.94
T2M_MAX,2016,31.07,31.39,34.07,36.47,36.08,33.56,33.36,33.9,32.02,31.59,30.1,29.37,36.47,Bacoor City,14.46,120.94
T2M_MAX,2017,28.36,30.08,33.5,37.3,34.84,33.56,34.13,33.84,34.09,31.76,29.85,29.68,37.3,Bacoor City,14.46,120.94
T2M_MAX,2018,29.51,30.88,32.51,34.25,36.06,34.6,30.61,32.4,32.23,31.93,30.91,30.06,36.06,Bacoor City,14.46,120.94
T2M_MAX,2019,28.07,30.72,34.73,37.1,37.57,36.08,32.74,29.95,32.58,33.6,31.31,30.45,37.57,Bacoor City,14.46,120.94
T2M_MAX,2020,31.67,29.75,32.72,34.23,33.8,34.33,31.97,31.59,33.08,31.66,30.9,29.76,34.33,Bacoor City,14.46,120.94
T2M_MAX,2021,29.14,30.88,32.33,35.71,36.41,34.49,32.2,31.75,31.75,31.46,30.81,29.65,36.41,Bacoor City,14.46,120.94
T2M_MAX,2022,31.26,30.64,32.71,32.19,34.8,33.23,32.97,31.72,32.46,31.85,29.98,30.33,34.8,Bacoor City,14.46,120.94
T2M_MAX,2023,28.14,31.37,32.62,35.61,37.93,34.1,32.79,31.38,32.86,32.29,30.71,30.48,37.93,Bacoor City,14.46,120.94
T2M_MAX,2024,31.09,31.05,35.32,38.09,36.28,36.33,31.93,33.11,33.61,33.21,31.63,30.14,38.09,Bacoor City,14.46,120.94
T2M_MAX,2025,30.5,31.18,31.93,36.24,35.24,32.98,31.07,32.45,31.45,30.7,31.83,30.44,36.24,Bacoor City,14.46,120.94
T2M_MIN,1990,18.85,19.91,19.95,21.55,22.72,23.46,22.85,23.36,23.26,22.61,21.01,19.75,18.85,Bacoor City,14.46,120.94
T2M_MIN,1991,19.43,20.04,19.12,20.84,22.56,23.33,23.39,23.38,22.97,21.13,19.75,19.27,19.12,Bacoor City,14.46,120.94
T2M_MIN,1992,18.93,18.74,19.59,21.36,21.92,23.8,23.21,23.34,22.79,21.83,18.87,19.02,18.74,Bacoor City,14.46,120.94
T2M_MIN,1993,18.34,19.08,19.3,19.45,22.79,23.84,23.52,23.09,22.42,22.05,21.85,20.17,18.34,Bacoor City,14.46,120.94
T2M_MIN,1994,19.31,19.36,20.43,20.7,24.23,23.4,23.18,22.78,22.79,21.26,20.73,19.77,19.31,Bacoor City,14.46,120.94
T2M_MIN,1995,18.78,19.05,19.56,21.23,22.89,23.93,23.22,23.39,23.28,22.92,22.38,18.59,18.59,Bacoor City,14.46,120.94
T2M_MIN,1996,18.36,18.76,21.09,22.22,23.29,23.1,23.46,23.26,23.3,22.88,21.87,17.83,17.83,Bacoor City,14.46,120.94
T2M_MIN,1997,18.24,18.3,18.74,21.24,21.61,23.64,23.0,23.38,23.15,21.46,20.41,19.29,18.24,Bacoor City,14.46,120.94
T2M_MIN,1998,18.66,19.25,19.39,21.83,24.12,23.48,23.87,23.74,23.59,23.75,23.17,22.51,18.66,Bacoor City,14.46,120.94
T2M_MIN,1999,20.65,18.28,20.95,22.31,23.21,23.17,23.2,22.42,23.18,22.73,19.86,19.0,18.28,Bacoor City,14.46,120.94
T2M_MIN,2000,18.76,20.41,21.52,22.04,22.96,23.33,22.77,23.07,22.99,22.69,22.18,21.63,18.76,Bacoor City,14.46,120.94
T2M_MIN,2001,18.95,19.81,21.31,23.06,23.61,23.79,22.93,23.55,22.24,22.74,18.14,18.37,18.14,Bacoor City,14.46,120.94
T2M_MIN,2002,17.99,17.91,18.55,20.49,22.59,24.32,23.11,23.28,22.77,23.09,21.1,21.0,17.91,Bacoor City,14.46,120.94
T2M_MIN,2003,18.33,19.03,19.46,21.44,23.23,23.18,23.26,23.36,22.94,21.04,20.03,18.96,18.33,Bacoor City,14.46,120.94
T2M_MIN,2004,19.55,18.2,21.03,22.09,23.28,22.94,23.17,23.37,22.96,20.69,21.44,19.91,18.2,Bacoor City,14.46,120.94
T2M_MIN,2005,18.76,19.64,19.79,20.88,23.24,23.59,23.44,23.31,23.11,23.36,21.24,19.75,18.76,Bacoor City,14.46,120.94
T2M_MIN,2006,19.72,20.08,21.15,21.25,22.59,23.82,22.92,23.08,23.22,21.31,21.84,21.71,19.72,Bacoor City,14.46,120.94
T2M_MIN,2007,18.5,18.35,20.48,22.13,22.63,24.08,23.66,22.84,23.09,22.56,19.86,19.83,18.35,Bacoor City,14.46,120.94
T2M_MIN,2008,19.44,19.46,19.73,22.29,23.03,22.56,23.25,22.59,22.98,23.39,22.07,19.41,19.41,Bacoor City,14.46,120.94
T2M_MIN,2009,17.74,19.61,21.04,22.48,22.74,23.51,23.11,23.73,23.2,19.58,21.5,19.33,17.74,Bacoor City,14.46,120.94
T2M_MIN,2010,18.79,19.3,19.49,21.41,24.05,24.51,22.89,23.16,22.84,22.25,22.03,21.36,18.79,Bacoor City,14.46,120.94
T2M_MIN,2011,19.28,19.04,20.7,20.18,22.64,23.56,23.36,23.38,23.02,22.54,22.37,21.33,19.04,Bacoor City,14.46,120.94
T2M_MIN,2012,20.92,20.21,20.11,20.91,23.38,23.2,23.53,23.04,22.93,21.94,20.8,21.45,20.11,Bacoor City,14.46,120.94
T2M_MIN,2013,18.77,20.83,20.08,22.1,24.2,23.68,22.83,23.37,23.73,21.16,22.05,20.94,18.77,Bacoor City,14.46,120.94
T2M_MIN,2014,16.0,19.32,19.01,21.93,24.16,24.21,23.55,23.07,23.15,22.15,19.95,20.66,16.0,Bacoor City,14.46,120.94
T2M_MIN,2015,19.33,18.68,18.52,21.21,22.31,24.32,22.82,22.45,23.58,22.41,22.22,20.64,18.52,Bacoor City,14.46,120.94
T2M_MIN,2016,19.78,19.94,21.52,22.06,24.33,23.94,23.58,23.53,23.19,22.1,21.17,20.78,19.78,Bacoor City,14.46,120.94
T2M_MIN,2017,19.77,17.94,20.18,21.03,24.14,23.69,23.64,23.39,23.16,22.83,22.29,20.92,17.94,Bacoor City,14.46,120.94
T2M_MIN,2018,20.15,19.76,20.22,21.55,23.71,23.39,23.01,23.54,23.21,19.44,21.87,21.35,19.44,Bacoor City,14.46,120.94
T2M_MIN,2019,17.69,18.91,19.13,21.25,23.59,24.29,23.63,22.99,22.82,22.54,21.07,20.78,17.69,Bacoor City,14.46,120.94
T2M_MIN,2020,19.66,18.46,20.62,21.79,23.21,23.6,24.03,23.56,22.99,22.34,22.01,21.56,18.46,Bacoor City,14.46,120.94
T2M_MIN,2021,19.37,18.71,21.35,21.44,22.86,24.08,23.7,24.01,23.16,22.33,21.78,20.27,18.71,Bacoor City,14.46,120.94
T2M_MIN,2022,19.1,21.7,20.7,22.06,23.57,23.8,24.18,23.49,23.33,23.32,22.0,19.65,19.1,Bacoor City,14.46,120.94
T2M_MIN,2023,19.93,20.14,19.11,21.49,23.94,24.6,24.37,24.3,24.0,23.63,22.58,22.15,19.11,Bacoor City,14.46,120.94
T2M_MIN,2024,19.32,20.29,20.72,22.77,24.76,24.04,23.95,24.21,23.71,23.35,22.77,22.64,19.32,Bacoor City,14.46,120.94
T2M_MIN,2025,20.29,20.16,20.7,22.79,24.08,24.1,23.72,23.07,22.84,23.85,22.41,21.27,20.16,Bacoor City,14.46,120.94
TS,1990,24.31,25.21,26.37,29.47,28.65,26.75,26.26,26.3,26.19,25.77,25.38,24.09,26.23,Bacoor City,14.46,120.94
TS,1991,23.74,24.75,25.33,28.0,28.5,27.36,26.38,25.97,25.99,26.01,24.66,23.87,25.88,Bacoor City,14.46,120.94
TS,1992,24.08,24.92,26.81,29.07,28.6,28.29,26.61,26.17,25.83,25.84,24.27,23.95,26.2,Bacoor City,14.46,120.94
TS,1993,23.64,24.67,26.15,28.15,28.95,28.79,27.0,26.17,25.86,25.46,25.27,24.2,26.2,Bacoor City,14.46,120.94
TS,1994,23.89,24.61,25.89,27.86,28.58,27.39,25.78,26.34,26.18,25.73,24.8,24.2,25.94,Bacoor City,14.46,120.94
TS,1995,23.86,24.3,25.68,27.95,27.8,27.82,26.6,26.56,26.38,26.22,25.62,23.43,26.02,Bacoor City,14.46,120.94
TS,1996,23.34,23.75,26.08,26.7,27.7,27.12,26.68,26.51,26.59,26.38,25.45,23.3,25.8,Bacoor City,14.46,120.94
TS,1997,22.92,24.37,25.44,28.18,27.82,27.43,26.29,25.86,26.13,26.5,25.96,24.81,25.98,Bacoor City,14.46,120.94
TS,1998,25.0,26.6,27.02,28.99,28.96,28.59,27.73,27.13,26.62,26.29,25.83,25.27,27.0,Bacoor City,14.46,120.94
TS,1999,24.42,23.46,26.0,26.63,27.16,26.42,26.04,25.8,25.92,25.89,25.06,24.21,25.6,Bacoor City,14.46,120.94
TS,2000,23.89,24.46,25.64,27.51,27.41,26.78,25.78,26.31,25.83,25.95,25.49,24.84,25.83,Bacoor City,14.46,120.94
TS,2001,24.57,24.95,25.86,27.95,28.23,27.2,26.15,26.35,26.0,26.06,24.86,23.93,26.01,Bacoor City,14.46,120.94
TS,2002,23.68,23.98,25.87,27.87,28.27,28.36,26.39,26.42,26.13,26.33,25.16,25.02,26.13,Bacoor City,14.46,120.94
TS,2003,23.5,24.32,26.49,29.38,28.62,26.75,26.87,26.3,26.13,26.11,25.77,23.41,26.14,Bacoor City,14.46,120.94
TS,2004,24.5,24.75,27.22,29.0,27.68,26.24,26.46,25.79,26.57,25.77,25.38,24.25,26.13,Bacoor City,14.46,120.94
TS,2005,23.58,25.38,26.39,27.99,29.65,27.15,26.63,26.55,26.32,26.35,25.8,24.25,26.34,Bacoor City,14.46,120.94
TS,2006,24.53,24.67,26.07,27.87,27.81,27.62,26.3,26.09,26.62,26.2,25.74,24.95,26.21,Bacoor City,14.46,120.94
TS,2007,24.37,24.74,26.36,28.61,28.44,27.87,27.28,26.59,26.35,25.92,25.15,24.74,26.37,Bacoor City,14.46,120.94
TS,2008,24.06,24.14,25.74,27.15,26.91,26.96,26.28,26.31,26.32,26.49,25.53,24.05,25.83,Bacoor City,14.46,120.94
TS,2009,23.11,24.76,26.56,26.9,26.78,26.56,26.45,26.99,26.34,25.68,25.7,23.91,25.81,Bacoor City,14.46,120.94
TS,2010,24.43,25.81,27.09,28.81,30.34,28.61,27.21,26.62,26.63,26.1,25.54,24.62,26.82,Bacoor City,14.46,120.94
TS,2011,23.49,24.25,24.93,26.48,27.7,26.81,26.52,26.32,26.16,25.99,25.59,24.95,25.77,Bacoor City,14.46,120.94
TS,2012,24.6,24.72,25.41,27.23,28.1,26.68,26.43,25.94,26.66,26.02,25.7,25.38,26.07,Bacoor City,14.46,120.94
TS,2013,24.04,25.16,26.33,29.21,28.77,27.69,26.68,26.09,26.3,25.86,25.46,25.1,26.39,Bacoor City,14.46,120.94
TS,2014,22.55,24.72,26.18,28.74,29.94,28.17,26.6,26.64,26.61,26.3,25.52,24.48,26.37,Bacoor City,14.46,120.94
TS,2015,23.3,24.03,25.72,28.23,30.08,28.98,27.02,27.27,27.3,26.66,26.0,25.26,26.67,Bacoor City,14.46,120.94
TS,2016,24.98,24.72,26.91,29.19,29.45,27.99,27.53,26.6,26.69,26.4,25.57,25.13,26.77,Bacoor City,14.46,120.94
TS,2017,24.06,23.88,25.84,28.4,28.66,28.11,26.83,27.21,27.15,26.52,25.94,24.9,26.47,Bacoor City,14.46,120.94
TS,2018,24.41,25.1,25.85,27.79,28.66,27.03,26.24,26.2,26.6,26.47,25.87,25.23,26.29,Bacoor City,14.46,120.94
TS,2019,23.73,24.35,27.2,29.16,28.97,28.41,26.86,26.43,26.4,26.68,25.8,25.13,26.6,Bacoor City,14.46,120.94
TS,2020,24.85,23.87,25.92,27.15,28.43,27.84,27.32,26.89,27.39,26.48,25.72,25.27,26.43,Bacoor City,14.46,120.94
TS,2021,24.1,24.57,26.21,27.66,29.17,27.65,27.02,27.18,26.87,26.37,26.12,24.43,26.45,Bacoor City,14.46,120.94
TS,2022,24.36,25.4,26.79,26.89,28.24,27.63,27.55,26.61,26.51,26.54,25.99,24.77,26.45,Bacoor City,14.46,120.94
TS,2023,23.96,24.64,25.69,28.27,29.03,28.01,27.41,27.13,27.71,26.9,26.17,25.75,26.73,Bacoor City,14.46,120.94
TS,2024,24.52,25.34,26.82,29.62,29.91,28.54,27.23,27.66,26.97,26.87,26.5,25.52,27.13,Bacoor City,14.46,120.94
TS,2025,24.82,25.02,26.29,28.67,28.66,27.5,26.86,27.02,26.37,26.62,26.25,25.17,26.61,Bacoor City,14.46,120.94
WS2M,1990,1.69,1.75,1.65,1.47,1.26,1.29,1.23,1.85,1.24,1.21,1.48,1.84,1.5,Bacoor City,14.46,120.94
WS2M,1991,1.73,1.68,1.75,1.5,1.41,1.54,1.27,1.56,1.46,1.3,1.6,1.99,1.57,Bacoor City,14.46,120.94
WS2M,1992,1.54,1.67,1.64,1.31,1.23,1.18,1.17,1.68,1.36,1.35,1.74,1.88,1.48,Bacoor City,14.46,120.94
WS2M,1993,1.76,1.78,1.81,1.53,1.35,1.01,1.18,1.29,1.09,1.62,1.67,2.18,1.52,Bacoor City,14.46,120.94
WS2M,1994,1.6,1.64,1.9,1.41,0.97,1.1,1.82,1.23,1.12,1.35,1.87,1.99,1.5,Bacoor City,14.46,120.94
WS2M,1995,1.92,1.71,1.74,1.79,1.15,1.11,1.07,1.12,1.29,1.31,1.58,2.1,1.49,Bacoor City,14.46,120.94
WS2M,1996,1.83,2.1,1.89,1.51,1.11,1.12,1.42,1.1,1.2,1.11,1.72,1.96,1.5,Bacoor City,14.46,120.94
WS2M,1997,1.66,1.93,1.56,1.34,1.49,1.09,1.08,1.68,1.04,1.28,1.51,1.73,1.45,Bacoor City,14.46,120.94
WS2M,1998,1.74,1.47,1.75,1.62,1.5,1.01,0.87,0.98,1.28,1.53,1.27,1.8,1.4,Bacoor City,14.46,120.94
WS2M,1999,1.88,1.93,1.55,1.18,0.95,1.13,1.43,1.42,1.24,1.28,1.58,1.86,1.45,Bacoor City,14.46,120.94
WS2M,2000,1.8,1.77,1.58,1.26,1.21,1.03,1.52,1.25,1.49,1.39,1.6,1.74,1.47,Bacoor City,14.46,120.94
WS2M,2001,1.64,1.83,1.61,1.3,1.1,1.02,1.49,1.57,1.32,1.27,1.84,2.12,1.51,Bacoor City,14.46,120.94
WS2M,2002,1.77,1.82,1.76,1.62,1.33,1.01,1.8,1.18,1.09,1.08,1.51,1.52,1.46,Bacoor City,14.46,120.94
WS2M,2003,1.79,1.84,1.71,1.37,1.52,1.23,1.14,1.32,1.2,1.18,1.51,2.05,1.49,Bacoor City,14.46,120.94
WS2M,2004,1.66,1.66,1.47,1.28,1.51,1.55,1.0,1.73,1.04,1.21,1.8,1.75,1.47,Bacoor City,14.46,120.94
WS2M,2005,1.51,1.53,1.75,1.44,0.89,1.05,1.16,1.32,1.18,1.14,1.32,1.91,1.35,Bacoor City,14.46,120.94
WS2M,2006,1.51,1.82,1.45,1.47,1.36,1.09,1.5,1.4,1.03,1.14,1.23,1.9,1.41,Bacoor City,14.46,120.94
WS2M,2007,1.82,1.63,1.64,1.47,1.08,0.96,1.01,1.31,1.18,1.42,1.63,1.76,1.41,Bacoor City,14.46,120.94
WS2M,2008,1.76,1.92,1.48,1.53,1.14,1.08,1.16,1.09,1.28,1.14,1.38,1.8,1.39,Bacoor City,14.46,120.94
WS2M,2009,1.91,1.59,1.39,1.18,1.15,1.33,1.22,1.46,1.43,1.44,1.4,1.54,1.42,Bacoor City,14.46,120.94
WS2M,2010,1.75,1.46,1.73,1.5,1.13,0.89,0.86,1.16,0.97,1.24,1.22,1.44,1.28,Bacoor City,14.46,120.94
WS2M,2011,1.75,1.52,1.93,1.53,1.12,1.19,1.29,1.42,1.39,1.2,1.44,1.58,1.45,Bacoor City,14.46,120.94
WS2M,2012,1.53,1.56,1.66,1.19,0.86,1.44,1.24,1.68,0.96,1.24,1.34,1.55,1.35,Bacoor City,14.46,120.94
WS2M,2013,1.73,1.87,1.41,1.14,0.93,1.03,0.96,1.31,1.26,1.17,1.57,1.3,1.3,Bacoor City,14.46,120.94
WS2M,2014,1.72,1.42,1.66,1.25,1.03,1.12,1.4,1.18,1.21,1.06,1.38,1.93,1.36,Bacoor City,14.46,120.94
WS2M,2015,1.68,1.58,1.61,1.43,1.03,1.05,1.42,1.22,1.0,1.43,1.53,1.68,1.39,Bacoor City,14.46,120.94
WS2M,2016,1.54,1.68,1.36,1.38,1.09,1.03,1.02,1.52,1.13,1.22,1.48,1.65,1.34,Bacoor City,14.46,120.94
WS2M,2017,1.79,1.68,1.56,1.26,1.08,0.88,1.21,1.13,0.99,1.12,1.52,1.74,1.33,Bacoor City,14.46,120.94
WS2M,2018,1.7,1.48,1.57,1.56,1.2,1.32,1.41,1.62,1.18,1.18,1.57,1.71,1.46,Bacoor City,14.46,120.94
WS2M,2019,1.75,1.63,1.45,1.36,0.94,1.17,1.16,1.76,1.36,1.16,1.21,1.66,1.38,Bacoor City,14.46,120.94
WS2M,2020,1.59,1.9,1.36,1.31,0.97,1.0,0.93,1.05,0.93,1.19,1.6,1.43,1.27,Bacoor City,14.46,120.94
WS2M,2021,1.77,1.5,1.54,1.4,1.35,1.08,1.54,1.17,1.03,1.32,1.35,1.88,1.41,Bacoor City,14.46,120.94
WS2M,2022,1.56,1.77,1.49,1.45,1.11,0.92,0.91,1.07,1.27,1.31,1.32,1.51,1.3,Bacoor City,14.46,120.94
WS2M,2023,1.8,1.7,1.62,1.29,1.22,1.04,1.38,1.67,0.98,1.15,1.49,1.57,1.41,Bacoor City,14.46,120.94
WS2M,2024,1.76,1.8,1.67,1.56,1.35,0.88,1.25,1.04,1.33,1.32,1.29,1.66,1.41,Bacoor City,14.46,120.94
WS2M,2025,1.64,1.71,1.64,1.3,1.25,1.09,1.74,0.98,1.2,1.06,1.5,1.43,1.38,Bacoor City,14.46,120.94
ALLSKY_SFC_SW_DWN,1990,18.17,21.72,22.51,24.96,21.21,17.22,18.27,16.04,17.99,18.14,16.46,16.23,19.05,Imus City,14.43,120.93
ALLSKY_SFC_SW_DWN,1991,17.38,19.5,23.2,23.67,23.1,19.18,16.68,12.57,15.47,17.59,16.71,17.17,18.51,Imus City,14.43,120.93
ALLSKY_SFC_SW_DWN,1992,17.47,20.64,23.46,23.65,21.92,20.46,17.94,13.29,15.93,17.84,17.48,16.78,18.89,Imus City,14.43,120.93
ALLSKY_SFC_SW_DWN,1993,18.42,21.06,22.47,24.08,24.36,20.87,18.04,16.24,15.75,16.89,16.46,14.12,19.04,Imus City,14.43,120.93
ALLSKY_SFC_SW_DWN,1994,17.31,20.13,21.72,23.41,21.92,19.63,12.53,18.8,16.86,19.07,19.06,16.68,18.91,Imus City,14.43,120.93
ALLSKY_SFC_SW_DWN,1995,17.24,20.14,22.69,25.05,21.19,21.11,17.95,16.67,14.69,16.83,15.28,13.83,18.54,Imus City,14.43,120.93
ALLSKY_SFC_SW_DWN,1996,15.56,19.01,21.36,21.13,19.89,20.44,15.7,18.79,16.1,17.37,14.37,15.87,17.96,Imus City,14.43,120.93
ALLSKY_SFC_SW_DWN,1997,16.76,18.1,21.75,22.86,20.25,20.3,17.16,15.27,17.7,18.96,17.98,16.66,18.64,Imus City,14.43,120.93
ALLSKY_SFC_SW_DWN,1998,16.77,20.22,22.1,23.65,19.57,20.71,19.95,19.22,15.18,14.6,16.26,13.64,18.47,Imus City,14.43,120.93
ALLSKY_SFC_SW_DWN,1999,14.94,18.27,19.68,20.95,20.95,17.62,15.91,16.01,16.34,16.77,15.21,13.79,17.19,Imus City,14.43,120.93
ALLSKY_SFC_SW_DWN,2000,16.35,16.51,19.4,22.38,17.88,19.72,13.99,17.06,16.84,15.56,14.73,14.19,17.04,Imus City,14.43,120.93
ALLSKY_SFC_SW_DWN,2001,16.61,16.75,20.93,23.06,19.93,18.82,17.16,14.25,17.83,17.58,17.12,15.09,17.92,Imus City,14.43,120.93
ALLSKY_SFC_SW_DWN,2002,17.65,19.49,22.84,24.71,21.94,20.53,12.71,17.32,16.54,18.36,15.72,16.38,18.67,Imus City,14.43,120.93
ALLSKY_SFC_SW_DWN,2003,17.38,20.41,22.8,24.58,19.22,18.83,19.37,16.39,16.2,18.82,16.83,15.54,18.85,Imus City,14.43,120.93
ALLSKY_SFC_SW_DWN,2004,17.49,18.76,22.85,24.28,20.54,14.73,20.08,15.69,20.23,18.54,15.33,16.05,18.72,Imus City,14.43,120.93
ALLSKY_SFC_SW_DWN,2005,17.14,20.31,21.61,24.0,23.43,18.56,17.22,14.85,15.88,16.95,15.62,12.81,18.18,Imus City,14.43,120.93
ALLSKY_SFC_SW_DWN,2006,15.53,18.66,21.98,24.6,20.56,20.85,12.31,14.35,18.09,17.1,17.24,14.39,17.94,Imus City,14.43,120.93
ALLSKY_SFC_SW_DWN,2007,16.2,20.45,22.37,23.91,21.06,19.64,19.22,13.51,15.98,15.57,13.82,15.5,18.08,Imus City,14.43,120.93
ALLSKY_SFC_SW_DWN,2008,15.49,16.25,21.94,22.61,18.64,20.51,17.34,16.01,16.85,17.15,14.87,14.47,17.67,Imus City,14.43,120.93
ALLSKY_SFC_SW_DWN,2009,14.97,18.02,21.28,20.3,20.24,16.46,16.79,17.59,13.23,14.94,17.59,17.24,17.39,Imus City,14.43,120.93
ALLSKY_SFC_SW_DWN,2010,17.29,22.02,22.61,24.49,24.41,18.96,18.92,17.62,19.22,15.55,15.31,14.54,19.22,Imus City,14.43,120.93
ALLSKY_SFC_SW_DWN,2011,15.04,18.76,19.32,23.29,20.69,16.77,15.28,14.52,15.11,17.38,15.71,13.76,17.12,Imus City,14.43,120.93
ALLSKY_SFC_SW_DWN,2012,16.27,18.66,18.76,24.62,20.63,16.81,15.51,13.33,16.23,16.53,18.29,15.5,17.57,Imus City,14.43,120.93
ALLSKY_SFC_SW_DWN,2013,15.91,18.42,21.98,24.24,21.14,19.1,18.05,13.75,13.95,17.14,15.75,15.38,17.89,Imus City,14.43,120.93
ALLSKY_SFC_SW_DWN,2014,17.17,20.26,21.73,23.91,24.27,17.6,14.99,17.92,16.71,17.75,17.13,13.29,18.54,Imus City,14.43,120.93
ALLSKY_SFC_SW_DWN,2015,16.24,20.15,22.29,24.78,23.71,22.45,16.5,18.49,20.68,17.69,18.61,15.53,19.74,Imus City,14.43,120.93
ALLSKY_SFC_SW_DWN,2016,18.22,18.92,23.14,25.13,22.41,19.94,18.91,14.1,16.8,16.12,15.82,14.52,18.66,Imus City,14.43,120.93
ALLSKY_SFC_SW_DWN,2017,15.21,19.0,22.49,24.15,21.8,21.44,15.93,18.75,17.91,15.8,15.83,14.31,18.53,Imus City,14.43,120.93
ALLSKY_SFC_SW_DWN,2018,15.37,20.27,22.62,24.53,23.64,15.56,12.8,14.11,18.68,20.34,18.21,14.05,18.32,Imus City,14.43,120.93
ALLSKY_SFC_SW_DWN,2019,17.4,21.52,24.25,24.96,21.36,20.74,17.3,13.76,15.88,20.42,15.29,15.76,19.03,Imus City,14.43,120.93
ALLSKY_SFC_SW_DWN,2020,17.35,19.87,24.03,23.88,23.06,21.32,20.27,16.84,20.28,14.9,15.35,14.37,19.28,Imus City,14.43,120.93
ALLSKY_SFC_SW_DWN,2021,15.11,18.97,21.71,23.23,23.86,19.15,14.79,18.43,17.9,15.78,17.23,15.61,18.47,Imus City,14.43,120.93
ALLSKY_SFC_SW_DWN,2022,17.8,18.11,22.98,21.41,22.26,21.09,17.8,16.01,16.05,16.83,16.85,14.3,18.46,Imus City,14.43,120.93
ALLSKY_SFC_SW_DWN,2023,15.11,18.84,23.78,22.27,21.85,19.16,16.42,17.57,16.95,16.61,17.18,15.74,18.45,Imus City,14.43,120.93
ALLSKY_SFC_SW_DWN,2024,17.12,21.06,22.14,25.92,22.92,20.66,15.12,19.55,14.06,15.79,17.45,13.07,18.72,Imus City,14.43,120.93
ALLSKY_SFC_SW_DWN,2025,15.93,17.29,21.27,24.49,22.13,17.21,12.27,17.88,14.37,16.12,14.45,15.18,17.38,Imus City,14.43,120.93
EVLAND,1990,1.12,0.28,0.35,0.12,1.78,3.64,3.79,4.49,3.57,3.42,3.63,3.15,2.46,Imus City,14.43,120.93
EVLAND,1991,2.19,0.93,0.93,0.49,2.32,2.84,3.25,3.16,3.56,4.34,3.58,2.93,2.56,Imus City,14.43,120.93
EVLAND,1992,1.68,0.78,0.23,0.56,1.22,2.7,3.05,3.44,3.44,3.58,3.95,2.83,2.29,Imus City,14.43,120.93
EVLAND,1993,1.49,0.53,0.19,0.59,1.32,2.21,3.26,3.52,3.08,3.82,3.08,3.41,2.22,Imus City,14.43,120.93
EVLAND,1994,3.05,2.52,0.77,1.34,2.0,2.81,3.68,3.9,3.35,4.17,3.36,2.17,2.76,Imus City,14.43,120.93
EVLAND,1995,1.42,0.99,0.26,0.14,1.34,3.43,2.77,3.12,3.17,3.72,3.31,2.84,2.22,Imus City,14.43,120.93
EVLAND,1996,2.93,2.24,0.57,1.4,1.8,2.77,2.73,3.39,3.56,3.06,3.48,3.76,2.64,Imus City,14.43,120.93
EVLAND,1997,2.65,1.68,0.56,0.71,1.7,3.85,3.13,3.63,3.2,4.01,3.16,1.65,2.5,Imus City,14.43,120.93
EVLAND,1998,0.42,0.29,0.22,0.91,1.57,3.2,3.2,3.18,3.34,3.21,2.67,2.99,2.11,Imus City,14.43,120.93
EVLAND,1999,3.59,3.3,2.72,2.92,2.29,3.22,3.19,3.84,3.44,3.2,3.54,2.77,3.17,Imus City,14.43,120.93
EVLAND,2000,3.41,2.94,2.57,2.32,2.26,3.08,3.66,3.5,3.85,3.23,3.34,2.82,3.08,Imus City,14.43,120.93
EVLAND,2001,3.34,3.07,2.58,2.22,2.52,2.93,4.1,3.49,3.17,3.19,3.67,3.23,3.13,Imus City,14.43,120.93
EVLAND,2002,2.43,1.12,0.47,0.59,1.31,3.55,3.94,3.63,3.26,3.29,3.16,3.11,2.5,Imus City,14.43,120.93
EVLAND,2003,2.46,0.72,0.51,0.25,1.93,4.35,3.77,3.61,3.29,4.27,3.52,2.68,2.63,Imus City,14.43,120.93
EVLAND,2004,1.55,0.86,0.43,0.77,2.87,3.48,3.44,3.6,3.97,3.99,2.98,3.29,2.61,Imus City,14.43,120.93
EVLAND,2005,2.33,0.77,0.54,0.57,1.27,3.05,3.26,3.47,3.46,3.49,3.49,2.85,2.39,Imus City,14.43,120.93
EVLAND,2006,3.01,3.07,1.81,0.63,1.58,3.0,2.99,3.72,3.39,4.13,3.05,3.25,2.8,Imus City,14.43,120.93
EVLAND,2007,2.97,1.47,0.51,0.38,1.58,2.57,3.23,3.65,3.25,3.84,3.62,3.66,2.57,Imus City,14.43,120.93
EVLAND,2008,3.12,2.68,2.06,0.89,3.02,3.64,3.49,3.76,3.5,3.32,3.08,3.39,3.0,Imus City,14.43,120.93
EVLAND,2009,2.74,2.23,1.2,1.78,4.12,3.93,3.33,4.01,3.51,3.96,3.95,2.64,3.12,Imus City,14.43,120.93
EVLAND,2010,1.13,0.22,0.31,0.25,0.96,2.57,3.2,3.75,3.22,3.32,2.8,3.08,2.08,Imus City,14.43,120.93
EVLAND,2011,3.0,2.94,1.74,0.5,2.65,3.59,4.0,3.82,3.49,3.74,3.26,3.16,2.99,Imus City,14.43,120.93
EVLAND,2012,3.39,2.82,2.47,1.86,2.77,3.66,3.54,4.04,3.43,4.24,3.48,2.47,3.18,Imus City,14.43,120.93
EVLAND,2013,1.96,1.42,2.66,0.75,1.5,3.27,3.56,3.37,3.23,4.51,3.55,2.6,2.71,Imus City,14.43,120.93
EVLAND,2014,2.57,0.94,0.42,0.58,1.51,3.33,3.53,3.98,3.8,3.65,3.64,3.22,2.61,Imus City,14.43,120.93
EVLAND,2015,3.11,2.03,0.56,0.57,1.08,2.83,3.86,3.68,3.84,4.35,3.93,3.26,2.76,Imus City,14.43,120.93
EVLAND,2016,3.27,2.37,1.21,0.68,1.89,3.07,3.77,3.72,3.24,3.58,3.79,3.28,2.83,Imus City,14.43,120.93
EVLAND,2017,3.72,3.3,2.38,1.64,2.54,3.48,3.52,4.07,3.73,3.78,3.63,3.48,3.27,Imus City,14.43,120.93
EVLAND,2018,3.3,3.18,2.51,1.36,2.2,3.4,3.21,3.99,3.74,4.28,3.48,2.4,3.09,Imus City,14.43,120.93
EVLAND,2019,3.04,1.59,0.3,1.15,2.46,3.28,3.36,3.92,4.08,4.06,3.2,3.69,2.85,Imus City,14.43,120.93
EVLAND,2020,3.01,2.79,3.18,3.85,3.35,3.97,3.53,3.62,3.54,3.27,3.73,3.17,3.42,Imus City,14.43,120.93
EVLAND,2021,3.82,3.85,3.04,1.57,1.28,2.66,3.62,3.78,3.34,3.65,3.42,3.31,3.11,Imus City,14.43,120.93
EVLAND,2022,2.71,2.4,1.78,2.64,2.66,3.4,3.57,3.38,3.41,3.21,3.34,3.17,2.97,Imus City,14.43,120.93
EVLAND,2023,3.44,3.29,1.69,2.81,2.73,3.29,4.04,4.19,3.67,3.85,3.71,3.5,3.35,Imus City,14.43,120.93
EVLAND,2024,2.81,1.24,0.9,0.63,1.94,3.4,3.73,3.74,3.57,3.56,4.05,3.34,2.75,Imus City,14.43,120.93
EVLAND,2025,3.38,3.2,2.5,1.41,3.09,3.51,4.37,3.91,3.55,3.35,3.46,3.66,3.29,Imus City,14.43,120.93
GWETROOT,1990,0.61,0.59,0.59,0.58,0.64,0.93,0.99,0.99,0.98,0.95,0.89,0.77,0.79,Imus City,14.43,120.93
GWETROOT,1991,0.66,0.6,0.6,0.59,0.62,0.7,0.9,0.99,1.0,0.93,0.82,0.73,0.76,Imus City,14.43,120.93
GWETROOT,1992,0.63,0.6,0.59,0.59,0.6,0.72,0.87,0.98,0.99,0.92,0.86,0.73,0.76,Imus City,14.43,120.93
GWETROOT,1993,0.62,0.59,0.59,0.59,0.6,0.69,0.88,0.97,0.99,0.96,0.9,0.86,0.77,Imus City,14.43,120.93
GWETROOT,1994,0.78,0.66,0.6,0.6,0.63,0.79,0.96,0.96,0.97,0.91,0.75,0.66,0.77,Imus City,14.43,120.93
GWETROOT,1995,0.62,0.61,0.59,0.58,0.64,0.81,0.89,0.96,0.99,0.97,0.94,0.87,0.79,Imus City,14.43,120.93
GWETROOT,1996,0.78,0.65,0.59,0.61,0.65,0.77,0.87,0.98,0.98,0.95,0.96,0.86,0.8,Imus City,14.43,120.93
GWETROOT,1997,0.7,0.62,0.6,0.59,0.66,0.91,0.98,1.0,0.97,0.88,0.72,0.62,0.77,Imus City,14.43,120.93
GWETROOT,1998,0.59,0.59,0.59,0.6,0.64,0.83,0.87,0.94,0.97,0.99,0.96,0.94,0.79,Imus City,14.43,120.93
GWETROOT,1999,0.89,0.73,0.66,0.68,0.7,0.87,0.99,0.99,0.99,0.98,0.93,0.9,0.86,Imus City,14.43,120.93
GWETROOT,2000,0.8,0.75,0.68,0.62,0.74,0.91,0.99,0.99,0.99,0.97,0.97,0.9,0.86,Imus City,14.43,120.93
GWETROOT,2001,0.79,0.7,0.66,0.62,0.69,0.85,0.98,0.99,0.96,0.9,0.85,0.78,0.82,Imus City,14.43,120.93
GWETROOT,2002,0.67,0.61,0.59,0.59,0.63,0.81,0.98,0.99,0.98,0.96,0.92,0.79,0.79,Imus City,14.43,120.93
GWETROOT,2003,0.67,0.6,0.59,0.59,0.66,0.94,0.94,0.99,0.99,0.93,0.83,0.72,0.79,Imus City,14.43,120.93
GWETROOT,2004,0.62,0.6,0.59,0.59,0.76,0.97,0.98,1.0,0.96,0.86,0.75,0.8,0.79,Imus City,14.43,120.93
GWETROOT,2005,0.66,0.6,0.59,0.59,0.61,0.88,0.97,0.99,0.99,0.96,0.92,0.87,0.8,Imus City,14.43,120.93
GWETROOT,2006,0.78,0.7,0.62,0.59,0.66,0.76,0.95,1.0,0.98,0.94,0.92,0.85,0.81,Imus City,14.43,120.93
GWETROOT,2007,0.73,0.62,0.59,0.59,0.64,0.77,0.89,0.97,0.99,0.97,0.94,0.89,0.8,Imus City,14.43,120.93
GWETROOT,2008,0.79,0.69,0.64,0.6,0.77,0.88,0.97,0.99,0.99,0.98,0.96,0.86,0.84,Imus City,14.43,120.93
GWETROOT,2009,0.75,0.65,0.61,0.67,0.91,0.99,0.99,0.98,0.99,0.97,0.86,0.7,0.84,Imus City,14.43,120.93
GWETROOT,2010,0.61,0.59,0.59,0.59,0.6,0.74,0.9,0.99,0.98,0.98,0.98,0.9,0.79,Imus City,14.43,120.93
GWETROOT,2011,0.81,0.7,0.63,0.59,0.73,0.94,0.99,1.0,0.99,0.98,0.95,0.92,0.85,Imus City,14.43,120.93
GWETROOT,2012,0.8,0.71,0.65,0.63,0.71,0.95,0.99,1.0,1.0,0.96,0.83,0.7,0.83,Imus City,14.43,120.93
GWETROOT,2013,0.64,0.62,0.64,0.59,0.62,0.85,0.98,1.0,1.0,0.97,0.89,0.81,0.8,Imus City,14.43,120.93
GWETROOT,2014,0.69,0.6,0.59,0.59,0.61,0.83,0.98,0.98,0.99,0.98,0.87,0.83,0.8,Imus City,14.43,120.93
GWETROOT,2015,0.76,0.63,0.59,0.59,0.6,0.68,0.92,0.97,0.99,0.97,0.83,0.8,0.78,Imus City,14.43,120.93
GWETROOT,2016,0.76,0.65,0.6,0.59,0.63,0.8,0.96,0.99,0.99,0.99,0.94,0.92,0.82,Imus City,14.43,120.93
GWETROOT,2017,0.85,0.75,0.64,0.6,0.68,0.85,0.96,0.99,0.98,0.98,0.96,0.9,0.85,Imus City,14.43,120.93
GWETROOT,2018,0.81,0.72,0.63,0.6,0.63,0.91,1.0,0.99,0.99,0.9,0.77,0.7,0.8,Imus City,14.43,120.93
GWETROOT,2019,0.74,0.62,0.59,0.6,0.68,0.81,0.96,0.99,0.99,0.91,0.92,0.84,0.81,Imus City,14.43,120.93
GWETROOT,2020,0.72,0.67,0.69,0.7,0.75,0.9,0.97,0.99,0.96,1.0,0.99,0.98,0.86,Imus City,14.43,120.93
GWETROOT,2021,0.92,0.79,0.67,0.6,0.6,0.76,0.94,0.98,0.99,0.99,0.9,0.81,0.83,Imus City,14.43,120.93
GWETROOT,2022,0.71,0.64,0.61,0.64,0.7,0.87,0.98,1.0,0.99,0.99,0.97,0.91,0.84,Imus City,14.43,120.93
GWETROOT,2023,0.87,0.73,0.62,0.64,0.65,0.84,0.96,0.97,0.99,0.98,0.9,0.82,0.83,Imus City,14.43,120.93
GWETROOT,2024,0.71,0.61,0.59,0.59,0.62,0.81,0.96,0.98,0.99,0.98,0.94,0.85,0.8,Imus City,14.43,120.93
GWETROOT,2025,0.82,0.73,0.64,0.6,0.68,0.91,0.99,0.97,1.0,0.99,0.98,0.95,0.86,Imus City,14.43,120.93
PRECTOTCORR,1990,0.46,0.11,0.34,0.11,6.32,20.15,15.81,23.75,14.23,4.62,3.58,1.33,7.61,Imus City,14.43,120.93
PRECTOTCORR,1991,0.36,0.8,0.66,0.51,2.95,6.62,16.03,24.88,14.87,2.47,3.28,0.77,6.23,Imus City,14.43,120.93
PRECTOTCORR,1992,0.32,0.6,0.19,0.58,2.41,5.69,9.09,20.77,10.79,4.34,2.74,0.67,4.87,Imus City,14.43,120.93
PRECTOTCORR,1993,0.45,0.21,0.17,0.79,1.28,6.87,10.15,16.21,7.57,4.79,4.05,4.57,4.8,Imus City,14.43,120.93
PRECTOTCORR,1994,1.2,0.47,0.36,1.47,2.87,9.64,18.07,9.2,6.33,3.08,0.58,1.84,4.63,Imus City,14.43,120.93
PRECTOTCORR,1995,0.44,0.87,0.14,0.15,4.18,6.09,7.03,15.15,14.91,6.05,3.37,3.68,5.2,Imus City,14.43,120.93
PRECTOTCORR,1996,0.49,0.24,0.35,1.59,4.49,5.02,13.39,7.63,12.42,3.71,6.92,0.81,4.76,Imus City,14.43,120.93
PRECTOTCORR,1997,0.32,1.04,0.27,0.75,11.66,8.27,12.5,21.06,4.3,1.49,0.88,0.56,5.31,Imus City,14.43,120.93
PRECTOTCORR,1998,0.42,0.06,0.28,1.01,6.4,5.29,4.47,9.06,16.14,11.0,2.68,6.77,5.33,Imus City,14.43,120.93
PRECTOTCORR,1999,1.29,0.62,2.96,3.59,3.09,11.07,17.22,22.36,11.48,9.64,3.73,4.5,7.69,Imus City,14.43,120.93
PRECTOTCORR,2000,1.07,2.53,1.73,1.71,8.62,6.94,20.84,12.94,14.73,8.46,3.37,3.55,7.24,Imus City,14.43,120.93
PRECTOTCORR,2001,0.58,3.59,1.1,1.52,5.53,11.88,11.31,13.48,2.72,3.45,3.28,3.05,5.14,Imus City,14.43,120.93
PRECTOTCORR,2002,0.3,0.66,0.39,0.62,3.7,7.49,29.46,9.42,9.58,4.37,3.13,1.04,5.9,Imus City,14.43,120.93
PRECTOTCORR,2003,0.5,0.25,0.47,0.29,13.6,8.28,8.09,19.14,14.0,2.39,3.03,0.7,5.94,Imus City,14.43,120.93
PRECTOTCORR,2004,0.4,0.91,0.21,0.79,12.33,16.51,11.69,16.16,3.47,2.59,5.21,2.2,6.06,Imus City,14.43,120.93
PRECTOTCORR,2005,0.5,0.38,0.58,0.51,2.6,11.65,12.92,15.89,11.53,6.71,2.5,3.91,5.84,Imus City,14.43,120.93
PRECTOTCORR,2006,2.15,0.55,1.46,0.21,3.74,8.06,18.88,17.03,11.99,5.27,1.75,4.23,6.33,Imus City,14.43,120.93
PRECTOTCORR,2007,0.62,0.23,0.42,0.38,5.19,3.2,8.6,25.52,19.93,7.67,7.71,1.74,6.81,Imus City,14.43,120.93
PRECTOTCORR,2008,2.03,1.43,0.88,1.05,9.37,10.86,10.42,14.67,22.03,5.66,6.53,1.7,7.22,Imus City,14.43,120.93
PRECTOTCORR,2009,0.95,0.98,1.15,6.56,11.37,20.57,17.6,9.33,28.22,7.32,1.62,0.29,8.84,Imus City,14.43,120.93
PRECTOTCORR,2010,0.39,0.04,0.34,0.57,1.24,6.84,12.07,12.0,8.27,11.45,4.89,2.44,5.09,Imus City,14.43,120.93
PRECTOTCORR,2011,1.5,0.43,1.33,0.33,8.71,30.88,19.75,22.99,23.66,8.1,5.3,4.77,10.68,Imus City,14.43,120.93
PRECTOTCORR,2012,1.27,2.4,2.24,0.65,7.32,17.53,25.28,40.15,17.06,9.48,0.73,0.99,10.48,Imus City,14.43,120.93
PRECTOTCORR,2013,1.14,2.57,1.78,0.5,2.95,15.36,11.6,34.83,29.91,7.44,3.91,1.77,9.5,Imus City,14.43,120.93
PRECTOTCORR,2014,0.13,0.23,0.41,0.71,2.55,12.91,20.18,14.43,20.05,7.29,1.72,4.68,7.14,Imus City,14.43,120.93
PRECTOTCORR,2015,0.91,0.3,0.4,0.58,1.24,6.17,14.1,12.91,9.04,8.32,1.24,9.62,5.46,Imus City,14.43,120.93
PRECTOTCORR,2016,0.53,1.51,0.56,0.81,3.88,7.97,12.41,18.46,8.93,10.36,4.63,5.54,6.33,Imus City,14.43,120.93
PRECTOTCORR,2017,2.3,1.33,0.65,2.28,5.97,7.69,13.84,11.71,10.81,8.81,6.83,3.61,6.35,Imus City,14.43,120.93
PRECTOTCORR,2018,2.16,1.41,1.23,1.21,3.95,21.99,22.42,13.89,10.69,3.51,1.23,4.63,7.39,Imus City,14.43,120.93
PRECTOTCORR,2019,0.77,0.17,0.23,1.19,6.99,9.71,11.23,16.93,12.28,3.58,4.99,4.57,6.09,Imus City,14.43,120.93
PRECTOTCORR,2020,1.13,4.27,5.52,6.44,3.87,18.38,9.09,9.13,10.06,26.07,20.68,10.17,10.4,Imus City,14.43,120.93
PRECTOTCORR,2021,2.73,1.45,1.27,1.01,1.57,8.28,20.66,7.3,14.88,11.54,2.57,2.12,6.32,Imus City,14.43,120.93
PRECTOTCORR,2022,0.95,1.12,1.74,3.21,6.77,9.02,10.8,20.59,13.73,19.19,3.74,2.94,7.88,Imus City,14.43,120.93
PRECTOTCORR,2023,3.63,0.71,0.37,4.02,3.79,10.08,17.34,9.1,10.09,6.28,3.5,2.48,5.98,Imus City,14.43,120.93
PRECTOTCORR,2024,0.59,0.2,1.04,0.48,5.8,7.82,21.17,10.51,16.09,16.3,2.74,5.0,7.36,Imus City,14.43,120.93
PRECTOTCORR,2025,1.56,2.21,1.23,1.27,6.57,18.22,25.72,10.29,16.94,11.12,9.9,3.21,9.05,Imus City,14.43,120.93
RH2M,1990,75.13,70.66,65.84,64.51,73.34,84.32,86.0,86.92,86.15,85.1,83.74,82.31,78.72,Imus City,14.43,120.93
RH2M,1991,77.82,73.52,69.65,66.99,71.77,78.44,83.42,89.52,88.22,80.87,81.73,80.11,78.54,Imus City,14.43,120.93
RH2M,1992,75.21,70.91,66.97,64.52,69.46,76.22,83.34,87.25,87.11,84.01,82.06,80.49,77.33,Imus City,14.43,120.93
RH2M,1993,74.33,70.82,66.4,64.36,66.6,77.62,84.56,86.32,87.37,85.58,86.41,85.33,78.02,Imus City,14.43,120.93
RH2M,1994,82.66,76.92,71.69,70.43,75.81,82.5,88.34,86.18,86.0,81.6,79.63,77.95,80.0,Imus City,14.43,120.93
RH2M,1995,76.1,73.72,68.17,64.77,75.31,80.54,83.81,86.46,87.46,84.87,86.38,86.08,79.52,Imus City,14.43,120.93
RH2M,1996,82.75,76.03,72.03,75.08,78.38,80.26,84.0,85.49,85.53,84.11,86.45,81.52,80.99,Imus City,14.43,120.93
RH2M,1997,77.94,76.15,68.61,65.12,72.8,83.22,86.98,88.39,85.14,80.81,76.99,74.56,78.08,Imus City,14.43,120.93
RH2M,1998,71.75,67.7,64.91,64.9,72.92,79.76,80.3,84.22,85.98,87.13,87.18,87.28,77.9,Imus City,14.43,120.93
RH2M,1999,85.1,77.82,78.45,78.91,78.93,83.74,87.6,86.76,86.59,86.61,84.77,87.65,83.63,Imus City,14.43,120.93
RH2M,2000,82.19,82.84,80.11,74.03,78.76,83.07,87.28,86.0,85.9,86.64,87.47,87.24,83.47,Imus City,14.43,120.93
RH2M,2001,81.95,80.98,78.27,72.1,77.02,82.44,87.06,88.74,86.72,84.15,82.82,82.58,82.09,Imus City,14.43,120.93
RH2M,2002,78.35,73.66,69.98,66.24,73.38,79.8,87.44,87.05,86.41,84.12,85.35,82.97,79.61,Imus City,14.43,120.93
RH2M,2003,77.03,72.15,67.65,64.47,74.05,83.34,82.41,87.88,87.31,80.34,82.27,78.8,78.18,Imus City,14.43,120.93
RH2M,2004,76.53,73.12,67.87,65.55,78.55,88.0,84.18,89.15,81.98,78.38,81.93,81.83,78.95,Imus City,14.43,120.93
RH2M,2005,76.83,71.03,68.25,64.14,70.41,84.25,85.29,85.7,86.05,84.15,83.82,86.75,78.95,Imus City,14.43,120.93
RH2M,2006,83.37,79.55,73.84,65.68,74.04,79.6,87.63,87.54,85.37,81.91,84.6,85.47,80.75,Imus City,14.43,120.93
RH2M,2007,80.61,74.27,69.19,67.01,74.96,79.83,82.47,85.46,86.89,85.31,85.02,86.16,79.81,Imus City,14.43,120.93
RH2M,2008,83.65,80.39,75.96,72.89,82.68,81.1,85.67,85.3,86.42,84.94,87.08,83.64,82.49,Imus City,14.43,120.93
RH2M,2009,81.72,79.46,72.59,78.6,83.54,86.29,86.63,85.49,87.75,83.54,83.32,76.78,82.14,Imus City,14.43,120.93
RH2M,2010,74.47,69.2,68.41,65.88,66.92,79.07,81.97,84.84,83.63,84.95,86.79,85.41,77.68,Imus City,14.43,120.93
RH2M,2011,82.8,78.31,76.98,68.11,77.53,83.37,84.9,85.85,88.07,84.76,86.12,86.78,82.0,Imus City,14.43,120.93
RH2M,2012,82.53,81.74,78.07,72.35,77.28,85.57,85.65,87.49,86.63,82.86,82.6,80.48,81.94,Imus City,14.43,120.93
RH2M,2013,77.11,75.6,74.94,65.61,73.82,80.74,82.61,86.23,86.6,81.79,84.85,84.12,79.53,Imus City,14.43,120.93
RH2M,2014,75.25,71.06,68.48,64.22,67.52,82.18,86.98,84.32,84.66,83.17,83.69,84.52,78.05,Imus City,14.43,120.93
RH2M,2015,79.98,74.24,68.27,67.03,66.95,75.24,83.58,83.6,83.1,82.12,82.15,82.99,77.47,Imus City,14.43,120.93
RH2M,2016,80.61,76.9,70.99,66.07,71.97,80.18,81.96,87.5,86.14,85.89,84.75,86.3,79.96,Imus City,14.43,120.93
RH2M,2017,83.35,80.22,73.84,69.96,76.79,79.32,84.14,83.17,82.46,82.8,86.77,84.94,80.66,Imus City,14.43,120.93
RH2M,2018,83.86,78.21,72.28,68.96,71.53,83.93,88.13,86.69,85.49,79.04,79.82,80.67,79.9,Imus City,14.43,120.93
RH2M,2019,79.13,72.18,65.13,64.94,75.51,80.94,84.12,87.15,85.26,80.4,83.92,83.49,78.56,Imus City,14.43,120.93
RH2M,2020,78.6,77.66,77.03,77.81,77.59,79.64,80.99,83.86,82.46,85.89,86.65,87.07,81.29,Imus City,14.43,120.93
RH2M,2021,84.71,81.12,77.09,68.29,71.48,81.89,85.37,83.69,84.09,85.73,85.12,82.34,80.92,Imus City,14.43,120.93
RH2M,2022,78.67,77.6,74.57,75.99,75.43,79.26,83.6,84.72,85.79,85.72,86.63,84.94,81.1,Imus City,14.43,120.93
RH2M,2023,84.5,79.48,70.66,71.58,76.21,82.27,82.36,85.83,83.72,83.6,84.11,83.58,80.67,Imus City,14.43,120.93
RH2M,2024,78.46,72.99,70.33,64.46,69.99,79.13,83.46,82.94,86.17,82.98,82.48,85.35,78.26,Imus City,14.43,120.93
RH2M,2025,82.75,80.18,75.3,66.37,74.12,83.76,87.09,82.93,85.95,84.66,86.38,84.54,81.18,Imus City,14.43,120.93
T2M_MAX,1990,31.46,32.4,33.89,35.47,35.21,31.14,30.08,29.94,29.92,30.22,30.0,30.11,35.47,Imus City,14.43,120.93
T2M_MAX,1991,30.06,31.5,32.91,35.34,34.28,33.65,31.66,29.81,29.42,30.1,29.79,29.78,35.34,Imus City,14.43,120.93
T2M_MAX,1992,30.86,32.06,33.58,34.98,34.87,33.63,32.31,29.34,30.33,30.51,29.66,29.54,34.98,Imus City,14.43,120.93
T2M_MAX,1993,31.15,32.91,34.43,35.45,35.42,33.52,31.44,30.1,30.77,29.73,29.66,29.42,35.45,Imus City,14.43,120.93
T2M_MAX,1994,29.41,30.78,32.56,35.92,33.31,32.18,29.66,30.32,29.18,30.31,30.86,30.84,35.92,Imus City,14.43,120.93
T2M_MAX,1995,30.54,32.02,34.64,34.85,34.57,33.19,31.18,30.25,29.65,30.41,30.23,28.38,34.85,Imus City,14.43,120.93
T2M_MAX,1996,29.59,31.55,33.84,32.89,33.55,33.01,30.8,30.15,30.7,30.81,30.15,29.07,33.84,Imus City,14.43,120.93
T2M_MAX,1997,29.48,31.07,32.98,34.56,35.04,31.12,29.55,28.69,30.66,31.15,31.79,31.27,35.04,Imus City,14.43,120.93
T2M_MAX,1998,32.04,33.48,34.19,35.09,35.0,33.45,31.7,31.12,30.29,30.73,30.21,29.44,35.09,Imus City,14.43,120.93
T2M_MAX,1999,29.88,30.77,32.56,32.78,32.14,31.26,29.07,29.53,29.49,30.13,30.1,29.29,32.78,Imus City,14.43,120.93
T2M_MAX,2000,29.46,30.76,31.58,34.92,35.13,31.16,28.79,29.79,30.27,30.44,29.74,29.71,35.13,Imus City,14.43,120.93
T2M_MAX,2001,30.33,30.43,32.7,34.64,34.75,31.67,28.81,29.51,29.74,30.89,30.64,30.02,34.75,Imus City,14.43,120.93
T2M_MAX,2002,30.59,31.22,33.67,34.49,35.1,32.62,30.61,30.14,29.5,30.5,30.51,30.21,35.1,Imus City,14.43,120.93
T2M_MAX,2003,30.39,31.34,34.15,35.56,36.45,30.64,32.14,30.11,29.51,30.73,30.66,30.16,36.45,Imus City,14.43,120.93
T2M_MAX,2004,31.6,32.14,34.68,35.59,34.98,29.13,30.56,28.62,31.29,30.8,31.54,29.55,35.59,Imus City,14.43,120.93
T2M_MAX,2005,30.99,32.55,35.39,35.53,35.51,31.65,30.65,30.67,30.76,30.79,30.71,29.46,35.53,Imus City,14.43,120.93
T2M_MAX,2006,29.46,30.69,34.0,35.43,35.82,32.87,28.92,30.46,30.29,30.3,30.3,29.91,35.82,Imus City,14.43,120.93
T2M_MAX,2007,30.32,32.85,34.05,34.93,34.77,32.64,31.5,30.26,30.32,30.19,30.4,29.38,34.93,Imus City,14.43,120.93
T2M_MAX,2008,29.72,30.1,32.62,34.87,31.52,31.55,30.3,30.8,30.68,30.43,30.27,29.28,34.87,Imus City,14.43,120.93
T2M_MAX,2009,29.87,31.35,32.79,33.13,31.32,31.08,30.07,31.06,30.85,29.78,30.17,30.58,33.13,Imus City,14.43,120.93
T2M_MAX,2010,31.1,33.05,33.84,35.2,36.78,33.22,30.86,30.05,30.44,30.74,29.8,30.02,36.78,Imus City,14.43,120.93
T2M_MAX,2011,28.57,30.66,32.43,33.4,34.43,31.58,30.71,30.81,28.81,30.56,29.91,29.66,34.43,Imus City,14.43,120.93
T2M_MAX,2012,29.9,30.78,31.87,33.65,33.45,30.07,30.14,29.69,30.01,30.18,30.52,31.26,33.65,Imus City,14.43,120.93
T2M_MAX,2013,30.65,32.72,33.1,35.43,34.78,33.11,30.49,29.93,30.04,30.13,30.04,29.64,35.43,Imus City,14.43,120.93
T2M_MAX,2014,29.66,31.89,33.85,35.41,35.99,33.96,31.01,30.88,30.99,30.21,30.67,29.77,35.99,Imus City,14.43,120.93
T2M_MAX,2015,29.78,31.71,33.91,34.62,35.18,34.78,30.82,30.83,31.18,31.33,31.01,31.73,35.18,Imus City,14.43,120.93
T2M_MAX,2016,31.01,31.34,33.31,35.67,36.01,31.62,31.06,30.54,29.99,30.41,30.28,29.62,36.01,Imus City,14.43,120.93
T2M_MAX,2017,29.18,30.62,33.57,35.09,34.16,31.97,31.5,31.78,31.94,30.72,30.25,30.24,35.09,Imus City,14.43,120.93
T2M_MAX,2018,29.97,31.54,32.99,35.32,34.8,33.09,28.68,29.4,30.27,31.54,31.2,31.6,35.32,Imus City,14.43,120.93
T2M_MAX,2019,29.78,31.3,34.63,35.67,34.08,33.26,30.24,29.28,31.17,31.22,30.28,29.97,35.67,Imus City,14.43,120.93
T2M_MAX,2020,30.77,30.89,31.7,32.16,32.84,33.12,31.34,30.85,31.71,31.0,29.96,29.58,33.12,Imus City,14.43,120.93
T2M_MAX,2021,29.63,30.61,33.25,34.23,35.21,32.19,31.52,30.77,30.58,30.5,30.58,30.02,35.21,Imus City,14.43,120.93
T2M_MAX,2022,30.79,32.0,33.7,33.55,34.35,31.23,30.85,30.49,31.15,30.48,30.28,29.97,34.35,Imus City,14.43,120.93
T2M_MAX,2023,29.14,30.83,34.18,34.09,34.27,32.09,32.25,29.8,31.4,31.27,30.97,30.69,34.27,Imus City,14.43,120.93
T2M_MAX,2024,30.83,32.38,33.74,37.57,36.77,33.33,31.4,32.31,31.39,31.17,30.81,30.73,37.57,Imus City,14.43,120.93
T2M_MAX,2025,30.89,30.58,33.34,36.41,34.8,31.22,29.26,31.19,30.3,30.99,30.32,30.16,36.41,Imus City,14.43,120.93
T2M_MIN,1990,21.23,22.51,22.61,24.73,25.83,25.55,25.03,25.47,24.95,24.3,21.85,21.83,21.23,Imus City,14.43,120.93
T2M_MIN,1991,21.86,22.62,22.59,24.3,25.67,25.56,25.54,25.47,24.81,23.91,22.03,21.51,21.51,Imus City,14.43,120.93
T2M_MIN,1992,21.62,21.45,23.0,24.78,25.62,26.37,25.31,25.34,24.93,24.38,20.67,21.81,20.67,Imus City,14.43,120.93
T2M_MIN,1993,20.25,21.25,22.55,24.13,25.31,25.64,25.53,24.99,24.57,23.43,23.67,21.47,20.25,Imus City,14.43,120.93
T2M_MIN,1994,21.07,22.17,22.9,23.75,26.66,25.4,25.04,24.97,24.52,23.32,22.83,22.05,21.07,Imus City,14.43,120.93
T2M_MIN,1995,21.06,21.11,21.95,24.79,25.25,26.02,25.25,25.48,25.1,24.6,24.08,20.85,20.85,Imus City,14.43,120.93
T2M_MIN,1996,20.85,20.56,22.98,24.3,25.74,25.5,25.99,25.03,24.98,25.05,24.04,20.23,20.23,Imus City,14.43,120.93
T2M_MIN,1997,20.79,21.23,21.29,24.27,25.08,25.83,24.98,25.22,24.98,24.08,23.03,22.06,20.79,Imus City,14.43,120.93
T2M_MIN,1998,21.69,22.29,23.07,24.12,26.29,25.67,25.69,25.87,25.73,25.4,24.96,24.12,21.69,Imus City,14.43,120.93
T2M_MIN,1999,22.79,20.82,22.28,24.29,25.47,25.22,25.26,24.76,24.94,24.65,23.13,20.84,20.82,Imus City,14.43,120.93
T2M_MIN,2000,20.6,22.31,23.22,24.82,25.71,25.42,24.57,24.79,24.86,24.73,23.5,23.2,20.6,Imus City,14.43,120.93
T2M_MIN,2001,21.38,22.05,23.38,25.28,26.12,25.65,25.13,25.47,24.47,24.56,21.06,20.7,20.7,Imus City,14.43,120.93
T2M_MIN,2002,20.28,21.31,21.29,24.1,25.5,26.21,25.52,24.93,25.04,24.96,23.32,23.32,20.28,Imus City,14.43,120.93
T2M_MIN,2003,21.12,21.66,22.24,25.41,26.05,25.17,25.73,25.14,24.81,23.68,23.4,21.49,21.12,Imus City,14.43,120.93
T2M_MIN,2004,21.93,21.08,23.4,25.81,25.75,24.8,25.23,25.14,24.96,23.48,23.47,22.07,21.08,Imus City,14.43,120.93
T2M_MIN,2005,21.02,22.43,21.86,23.33,26.35,25.99,25.55,25.4,25.32,25.21,23.55,21.84,21.02,Imus City,14.43,120.93
T2M_MIN,2006,21.73,22.0,23.59,25.12,25.89,25.9,25.22,25.06,25.2,23.9,24.12,23.3,21.73,Imus City,14.43,120.93
T2M_MIN,2007,20.64,20.68,22.98,24.52,25.7,26.42,25.97,24.87,25.01,24.3,21.51,21.45,20.64,Imus City,14.43,120.93
T2M_MIN,2008,21.72,22.01,21.85,25.01,25.42,24.63,25.0,24.47,25.18,25.23,23.73,21.51,21.51,Imus City,14.43,120.93
T2M_MIN,2009,19.75,21.92,23.57,24.6,24.54,25.64,25.24,25.93,25.39,22.49,23.69,21.96,19.75,Imus City,14.43,120.93
T2M_MIN,2010,21.71,22.62,22.9,24.65,25.49,26.33,25.11,25.0,24.94,24.62,24.4,23.04,21.71,Imus City,14.43,120.93
T2M_MIN,2011,21.36,21.24,22.39,23.21,25.39,25.73,25.45,25.33,24.86,24.55,24.19,22.95,21.24,Imus City,14.43,120.93
T2M_MIN,2012,22.53,22.29,22.85,24.66,26.14,25.64,25.61,24.94,25.09,23.76,23.5,23.15,22.29,Imus City,14.43,120.93
T2M_MIN,2013,21.35,22.84,22.53,25.17,26.66,25.51,25.02,25.31,25.56,23.49,23.81,22.99,21.35,Imus City,14.43,120.93
T2M_MIN,2014,19.51,22.17,22.7,25.1,26.38,26.26,25.27,25.08,25.29,24.15,22.7,22.28,19.51,Imus City,14.43,120.93
T2M_MIN,2015,21.22,20.91,22.38,24.45,26.66,26.62,24.97,25.3,25.64,24.82,23.88,22.38,20.91,Imus City,14.43,120.93
T2M_MIN,2016,22.05,21.54,23.42,25.05,26.87,26.45,25.81,25.92,25.05,24.91,23.63,23.1,21.54,Imus City,14.43,120.93
T2M_MIN,2017,21.98,20.09,22.5,23.52,26.16,25.22,26.11,24.86,25.94,25.38,24.11,22.7,20.09,Imus City,14.43,120.93
T2M_MIN,2018,21.83,22.05,22.4,24.42,26.45,25.58,25.1,25.74,25.38,22.62,23.71,23.33,21.83,Imus City,14.43,120.93
T2M_MIN,2019,20.4,21.67,22.97,25.08,26.61,26.42,25.87,25.07,25.25,24.88,22.78,22.81,20.4,Imus City,14.43,120.93
T2M_MIN,2020,21.91,20.72,23.09,24.38,25.71,26.15,26.08,25.46,25.33,25.35,23.35,23.07,20.72,Imus City,14.43,120.93
T2M_MIN,2021,21.17,20.79,23.44,24.35,26.2,25.93,25.81,25.64,25.63,24.52,24.07,22.15,20.79,Imus City,14.43,120.93
T2M_MIN,2022,21.54,23.44,23.71,24.59,26.33,26.06,26.13,25.58,25.68,25.26,24.19,21.73,21.54,Imus City,14.43,120.93
T2M_MIN,2023,21.66,21.9,21.68,24.55,26.02,26.66,26.54,26.5,26.14,25.48,24.11,23.87,21.66,Imus City,14.43,120.93
T2M_MIN,2024,21.89,22.88,23.7,25.55,27.02,26.97,26.24,26.29,25.83,25.52,24.79,24.26,21.89,Imus City,14.43,120.93
T2M_MIN,2025,22.81,22.89,22.98,25.54,26.44,26.13,25.92,25.63,25.16,25.1,24.8,22.86,22.81,Imus City,14.43,120.93
TS,1990,27.67,28.91,30.3,32.26,31.08,28.58,27.78,27.65,27.39,27.58,27.35,26.68,28.6,Imus City,14.43,120.93
TS,1991,26.86,28.61,29.31,31.77,31.07,29.49,28.15,27.22,27.24,27.78,26.91,26.51,28.4,Imus City,14.43,120.93
TS,1992,27.32,28.47,30.59,32.31,31.51,30.22,28.43,27.74,27.33,27.78,26.55,26.63,28.74,Imus City,14.43,120.93
TS,1993,26.87,28.3,29.74,31.81,31.81,30.04,28.39,27.57,27.44,27.13,27.07,26.05,28.51,Imus City,14.43,120.93
TS,1994,26.31,27.64,29.54,30.94,30.78,29.05,27.23,27.55,27.73,27.71,27.16,26.99,28.22,Imus City,14.43,120.93
TS,1995,27.11,28.05,29.87,31.96,30.33,29.63,28.53,27.98,27.82,28.01,27.43,25.89,28.55,Imus City,14.43,120.93
TS,1996,26.08,26.85,29.41,29.92,29.8,29.32,28.84,27.83,28.13,28.27,27.38,26.09,28.16,Imus City,14.43,120.93
TS,1997,26.09,27.5,29.56,32.1,30.83,28.61,27.81,27.21,27.69,28.53,28.67,28.18,28.57,Imus City,14.43,120.93
TS,1998,28.32,30.24,30.52,31.8,31.63,29.78,29.41,28.75,28.35,28.05,27.74,27.16,29.3,Imus City,14.43,120.93
TS,1999,26.78,26.73,28.83,29.33,29.62,28.42,27.47,27.18,27.49,27.53,27.11,26.32,27.74,Imus City,14.43,120.93
TS,2000,26.41,26.98,28.23,30.51,30.01,28.67,27.4,28.02,27.57,27.75,27.01,26.65,27.93,Imus City,14.43,120.93
TS,2001,27.1,27.34,28.62,31.31,30.63,29.1,27.66,27.8,27.65,28.19,27.28,26.56,28.27,Imus City,14.43,120.93
TS,2002,26.61,27.63,29.7,31.62,31.17,29.78,27.74,27.56,27.82,28.19,27.41,27.48,28.56,Imus City,14.43,120.93
TS,2003,26.74,28.09,30.04,32.77,31.59,28.26,28.77,27.55,27.58,28.22,28.02,26.34,28.66,Imus City,14.43,120.93
TS,2004,27.64,28.38,30.82,32.59,29.86,27.64,28.03,27.32,28.36,28.17,27.8,26.66,28.6,Imus City,14.43,120.93
TS,2005,26.65,28.84,29.93,31.9,32.16,28.94,28.54,28.05,28.04,28.25,27.74,26.5,28.79,Imus City,14.43,120.93
TS,2006,26.77,27.32,29.4,32.09,30.76,29.66,27.82,27.55,28.11,28.13,27.64,26.89,28.51,Imus City,14.43,120.93
TS,2007,26.88,28.04,30.17,32.09,30.9,29.96,29.11,28.13,27.96,27.75,27.12,26.47,28.71,Imus City,14.43,120.93
TS,2008,26.44,26.95,28.85,30.86,28.83,28.92,27.74,27.61,27.76,28.08,27.28,26.42,27.98,Imus City,14.43,120.93
TS,2009,25.97,27.48,30.19,29.46,28.52,27.91,27.98,28.32,27.77,27.34,27.69,27.02,27.97,Imus City,14.43,120.93
TS,2010,27.87,29.65,30.7,32.31,33.06,30.16,28.91,28.17,28.33,28.09,27.32,26.76,29.27,Imus City,14.43,120.93
TS,2011,26.12,27.16,28.07,30.52,29.9,28.39,27.99,27.75,27.49,27.68,27.31,26.69,27.92,Imus City,14.43,120.93
TS,2012,26.98,27.33,28.37,30.73,30.21,28.17,27.94,27.29,27.83,27.68,27.85,28.02,28.2,Imus City,14.43,120.93
TS,2013,27.17,28.37,29.25,32.78,31.09,29.43,28.42,27.73,27.81,27.76,27.37,27.25,28.7,Imus City,14.43,120.93
TS,2014,26.05,28.68,30.04,32.49,32.48,29.52,27.89,27.95,28.1,28.02,27.72,26.62,28.79,Imus City,14.43,120.93
TS,2015,26.03,27.21,29.61,31.67,32.65,31.0,28.31,28.51,28.78,28.33,28.12,27.4,28.97,Imus City,14.43,120.93
TS,2016,27.38,27.53,30.52,32.71,31.83,29.87,29.01,28.03,28.17,27.95,27.58,27.16,28.98,Imus City,14.43,120.93
TS,2017,26.43,26.64,28.97,31.36,30.52,29.93,28.63,28.74,28.78,28.48,27.73,27.06,28.61,Imus City,14.43,120.93
TS,2018,26.74,27.76,29.25,31.52,31.48,28.89,27.84,27.73,28.04,28.77,28.26,27.74,28.67,Imus City,14.43,120.93
TS,2019,26.5,27.92,31.09,32.32,30.92,30.14,28.56,27.91,27.96,28.64,27.8,27.1,28.91,Imus City,14.43,120.93
TS,2020,27.28,26.82,29.27,29.86,30.78,30.0,29.32,28.48,28.93,28.37,27.5,27.09,28.65,Imus City,14.43,120.93
TS,2021,26.35,27.15,29.06,31.46,31.9,29.46,28.7,28.54,28.51,28.13,28.19,26.88,28.7,Imus City,14.43,120.93
TS,2022,27.13,28.28,30.06,29.84,30.81,29.67,29.13,28.26,28.17,28.29,27.78,27.01,28.7,Imus City,14.43,120.93
TS,2023,26.18,27.25,29.39,30.78,30.98,29.63,29.09,28.63,28.86,28.7,28.26,27.94,28.81,Imus City,14.43,120.93
TS,2024,27.4,28.65,30.1,32.92,32.61,30.51,29.06,29.2,28.56,28.6,28.36,27.62,29.46,Imus City,14.43,120.93
TS,2025,27.15,27.69,29.34,32.73,31.03,29.09,28.26,28.52,27.97,28.19,27.84,27.27,28.76,Imus City,14.43,120.93
WS2M,1990,4.49,4.56,3.98,3.8,3.28,3.9,3.51,5.33,3.54,3.16,3.97,5.01,4.04,Imus City,14.43,120.93
WS2M,1991,4.7,4.42,4.67,3.71,3.54,4.34,3.88,4.59,4.47,3.44,4.17,5.37,4.27,Imus City,14.43,120.93
WS2M,1992,3.94,4.3,4.1,3.27,3.26,3.22,3.29,5.06,3.93,3.55,4.64,5.18,3.98,Imus City,14.43,120.93
WS2M,1993,4.71,4.46,4.55,3.41,3.2,2.72,3.36,3.98,3.2,4.31,4.53,5.74,4.02,Imus City,14.43,120.93
WS2M,1994,4.25,4.37,5.13,3.51,2.59,3.01,5.49,3.7,3.18,3.57,5.03,5.33,4.1,Imus City,14.43,120.93
WS2M,1995,5.18,4.52,4.5,4.43,3.11,3.05,3.28,3.16,3.69,3.37,4.15,5.7,4.01,Imus City,14.43,120.93
WS2M,1996,5.1,5.62,5.06,3.88,3.31,2.88,4.23,3.22,3.37,2.87,4.87,5.45,4.15,Imus City,14.43,120.93
WS2M,1997,4.4,5.26,4.03,3.17,4.22,3.15,2.97,5.13,2.64,3.3,4.04,4.65,3.91,Imus City,14.43,120.93
WS2M,1998,4.69,3.62,4.59,4.03,4.06,2.54,2.09,2.59,3.87,4.15,3.45,4.84,3.71,Imus City,14.43,120.93
WS2M,1999,5.13,5.41,4.01,3.13,2.39,3.22,4.39,4.05,3.56,3.41,4.24,5.05,3.99,Imus City,14.43,120.93
WS2M,2000,4.86,4.71,4.2,3.12,3.5,2.8,4.68,3.73,4.29,3.85,4.28,4.68,4.06,Imus City,14.43,120.93
WS2M,2001,4.36,4.9,4.32,3.14,3.06,2.99,4.24,4.81,3.7,3.29,5.05,5.8,4.14,Imus City,14.43,120.93
WS2M,2002,4.71,4.79,4.57,4.09,3.38,2.68,5.49,3.66,3.15,2.76,4.14,4.1,3.96,Imus City,14.43,120.93
WS2M,2003,4.96,5.02,4.11,3.38,4.24,3.35,2.99,3.89,3.43,2.95,4.0,5.71,4.0,Imus City,14.43,120.93
WS2M,2004,4.28,4.25,3.73,3.11,3.97,4.61,2.72,5.09,2.69,3.06,4.82,4.65,3.91,Imus City,14.43,120.93
WS2M,2005,3.88,3.76,4.22,3.16,2.22,2.91,3.37,3.89,3.28,2.96,3.39,5.22,3.52,Imus City,14.43,120.93
WS2M,2006,3.94,4.91,3.67,3.42,3.41,2.84,4.51,4.1,2.74,3.05,3.28,5.13,3.75,Imus City,14.43,120.93
WS2M,2007,4.87,4.16,4.1,3.68,2.88,2.34,2.86,4.13,3.53,3.83,4.4,4.59,3.78,Imus City,14.43,120.93
WS2M,2008,4.83,5.15,3.86,4.11,3.22,2.93,3.27,3.36,3.67,2.88,3.8,4.92,3.83,Imus City,14.43,120.93
WS2M,2009,5.22,4.19,3.66,3.19,3.06,4.17,3.56,4.13,4.36,3.92,3.61,4.07,3.93,Imus City,14.43,120.93
WS2M,2010,4.65,3.58,4.37,3.43,2.63,2.33,2.31,3.45,2.48,3.48,3.22,3.91,3.32,Imus City,14.43,120.93
WS2M,2011,4.88,4.1,5.19,3.88,2.94,3.3,3.75,3.87,4.01,3.22,3.88,4.13,3.93,Imus City,14.43,120.93
WS2M,2012,4.03,4.17,4.46,3.1,2.2,4.47,3.59,4.99,2.76,3.41,3.51,4.2,3.74,Imus City,14.43,120.93
WS2M,2013,4.68,4.89,3.4,2.73,2.46,3.01,2.51,4.03,3.7,3.12,4.17,3.4,3.5,Imus City,14.43,120.93
WS2M,2014,4.68,3.39,3.99,2.65,2.35,3.39,4.12,3.25,3.43,2.7,3.66,5.13,3.57,Imus City,14.43,120.93
WS2M,2015,4.47,3.99,4.03,3.55,2.66,2.75,4.17,3.42,2.56,3.72,4.04,4.46,3.65,Imus City,14.43,120.93
WS2M,2016,3.91,4.25,3.32,3.29,2.76,2.49,2.87,4.67,3.16,3.34,3.98,4.37,3.53,Imus City,14.43,120.93
WS2M,2017,4.85,4.45,3.82,3.39,2.61,2.26,3.45,3.18,2.58,2.92,4.14,4.64,3.52,Imus City,14.43,120.93
WS2M,2018,4.51,3.7,3.85,3.53,2.85,3.91,4.33,5.19,3.14,2.99,4.15,4.57,3.9,Imus City,14.43,120.93
WS2M,2019,4.72,4.2,3.38,3.15,2.5,3.23,3.49,5.35,4.02,2.93,3.27,4.38,3.72,Imus City,14.43,120.93
WS2M,2020,4.19,5.13,3.61,3.52,2.49,2.53,2.31,3.06,2.36,3.33,4.22,3.68,3.36,Imus City,14.43,120.93
WS2M,2021,4.73,3.99,3.94,3.51,3.54,3.08,4.54,3.27,2.7,3.65,3.6,5.08,3.81,Imus City,14.43,120.93
WS2M,2022,4.24,4.61,3.79,3.88,2.75,2.21,2.49,3.09,3.59,3.56,3.57,4.15,3.49,Imus City,14.43,120.93
WS2M,2023,4.83,4.5,3.94,2.89,3.18,2.97,3.87,4.77,2.8,2.91,3.98,4.18,3.74,Imus City,14.43,120.93
WS2M,2024,4.74,4.74,4.16,3.61,3.17,2.34,3.47,2.87,4.03,3.47,3.29,4.41,3.69,Imus City,14.43,120.93
WS2M,2025,4.26,4.56,4.21,2.97,3.11,3.04,5.4,2.68,3.34,2.73,4.0,3.8,3.67,Imus City,14.43,120.93
ALLSKY_SFC_SW_DWN,1990,18.17,21.72,22.51,24.96,21.21,17.22,18.27,16.04,17.99,18.14,16.46,16.23,19.05,Dasmarinas City,14.33,120.93
ALLSKY_SFC_SW_DWN,1991,17.38,19.5,23.2,23.67,23.1,19.18,16.68,12.57,15.47,17.59,16.71,17.17,18.51,Dasmarinas City,14.33,120.93
ALLSKY_SFC_SW_DWN,1992,17.47,20.64,23.46,23.65,21.92,20.46,17.94,13.29,15.93,17.84,17.48,16.78,18.89,Dasmarinas City,14.33,120.93
ALLSKY_SFC_SW_DWN,1993,18.42,21.06,22.47,24.08,24.36,20.87,18.04,16.24,15.75,16.89,16.46,14.12,19.04,Dasmarinas City,14.33,120.93
ALLSKY_SFC_SW_DWN,1994,17.31,20.13,21.72,23.41,21.92,19.63,12.53,18.8,16.86,19.07,19.06,16.68,18.91,Dasmarinas City,14.33,120.93
ALLSKY_SFC_SW_DWN,1995,17.24,20.14,22.69,25.05,21.19,21.11,17.95,16.67,14.69,16.83,15.28,13.83,18.54,Dasmarinas City,14.33,120.93
ALLSKY_SFC_SW_DWN,1996,15.56,19.01,21.36,21.13,19.89,20.44,15.7,18.79,16.1,17.37,14.37,15.87,17.96,Dasmarinas City,14.33,120.93
ALLSKY_SFC_SW_DWN,1997,16.76,18.1,21.75,22.86,20.25,20.3,17.16,15.27,17.7,18.96,17.98,16.66,18.64,Dasmarinas City,14.33,120.93
ALLSKY_SFC_SW_DWN,1998,16.77,20.22,22.1,23.65,19.57,20.71,19.95,19.22,15.18,14.6,16.26,13.64,18.47,Dasmarinas City,14.33,120.93
ALLSKY_SFC_SW_DWN,1999,14.94,18.27,19.68,20.95,20.95,17.62,15.91,16.01,16.34,16.77,15.21,13.79,17.19,Dasmarinas City,14.33,120.93
ALLSKY_SFC_SW_DWN,2000,16.35,16.51,19.4,22.38,17.88,19.72,13.99,17.06,16.84,15.56,14.73,14.19,17.04,Dasmarinas City,14.33,120.93
ALLSKY_SFC_SW_DWN,2001,16.61,16.75,20.93,23.06,19.93,18.82,17.16,14.25,17.83,17.58,17.12,15.09,17.92,Dasmarinas City,14.33,120.93
ALLSKY_SFC_SW_DWN,2002,17.65,19.49,22.84,24.71,21.94,20.53,12.71,17.32,16.54,18.36,15.72,16.38,18.67,Dasmarinas City,14.33,120.93
ALLSKY_SFC_SW_DWN,2003,17.38,20.41,22.8,24.58,19.22,18.83,19.37,16.39,16.2,18.82,16.83,15.54,18.85,Dasmarinas City,14.33,120.93
ALLSKY_SFC_SW_DWN,2004,17.49,18.76,22.85,24.28,20.54,14.73,20.08,15.69,20.23,18.54,15.33,16.05,18.72,Dasmarinas City,14.33,120.93
ALLSKY_SFC_SW_DWN,2005,17.14,20.31,21.61,24.0,23.43,18.56,17.22,14.85,15.88,16.95,15.62,12.81,18.18,Dasmarinas City,14.33,120.93
ALLSKY_SFC_SW_DWN,2006,15.53,18.66,21.98,24.6,20.56,20.85,12.31,14.35,18.09,17.1,17.24,14.39,17.94,Dasmarinas City,14.33,120.93
ALLSKY_SFC_SW_DWN,2007,16.2,20.45,22.37,23.91,21.06,19.64,19.22,13.51,15.98,15.57,13.82,15.5,18.08,Dasmarinas City,14.33,120.93
ALLSKY_SFC_SW_DWN,2008,15.49,16.25,21.94,22.61,18.64,20.51,17.34,16.01,16.85,17.15,14.87,14.47,17.67,Dasmarinas City,14.33,120.93
ALLSKY_SFC_SW_DWN,2009,14.97,18.02,21.28,20.3,20.24,16.46,16.79,17.59,13.23,14.94,17.59,17.24,17.39,Dasmarinas City,14.33,120.93
ALLSKY_SFC_SW_DWN,2010,17.29,22.02,22.61,24.49,24.41,18.96,18.92,17.62,19.22,15.55,15.31,14.54,19.22,Dasmarinas City,14.33,120.93
ALLSKY_SFC_SW_DWN,2011,15.04,18.76,19.32,23.29,20.69,16.77,15.28,14.52,15.11,17.38,15.71,13.76,17.12,Dasmarinas City,14.33,120.93
ALLSKY_SFC_SW_DWN,2012,16.27,18.66,18.76,24.62,20.63,16.81,15.51,13.33,16.23,16.53,18.29,15.5,17.57,Dasmarinas City,14.33,120.93
ALLSKY_SFC_SW_DWN,2013,15.91,18.42,21.98,24.24,21.14,19.1,18.05,13.75,13.95,17.14,15.75,15.38,17.89,Dasmarinas City,14.33,120.93
ALLSKY_SFC_SW_DWN,2014,17.17,20.26,21.73,23.91,24.27,17.6,14.99,17.92,16.71,17.75,17.13,13.29,18.54,Dasmarinas City,14.33,120.93
ALLSKY_SFC_SW_DWN,2015,16.24,20.15,22.29,24.78,23.71,22.45,16.5,18.49,20.68,17.69,18.61,15.53,19.74,Dasmarinas City,14.33,120.93
ALLSKY_SFC_SW_DWN,2016,18.22,18.92,23.14,25.13,22.41,19.94,18.91,14.1,16.8,16.12,15.82,14.52,18.66,Dasmarinas City,14.33,120.93
ALLSKY_SFC_SW_DWN,2017,15.21,19.0,22.49,24.15,21.8,21.44,15.93,18.75,17.91,15.8,15.83,14.31,18.53,Dasmarinas City,14.33,120.93
ALLSKY_SFC_SW_DWN,2018,15.37,20.27,22.62,24.53,23.64,15.56,12.8,14.11,18.68,20.34,18.21,14.05,18.32,Dasmarinas City,14.33,120.93
ALLSKY_SFC_SW_DWN,2019,17.4,21.52,24.25,24.96,21.36,20.74,17.3,13.76,15.88,20.42,15.29,15.76,19.03,Dasmarinas City,14.33,120.93
ALLSKY_SFC_SW_DWN,2020,17.35,19.87,24.03,23.88,23.06,21.32,20.27,16.84,20.28,14.9,15.35,14.37,19.28,Dasmarinas City,14.33,120.93
ALLSKY_SFC_SW_DWN,2021,15.11,18.97,21.71,23.23,23.86,19.15,14.79,18.43,17.9,15.78,17.23,15.61,18.47,Dasmarinas City,14.33,120.93
ALLSKY_SFC_SW_DWN,2022,17.8,18.11,22.98,21.41,22.26,21.09,17.8,16.01,16.05,16.83,16.85,14.3,18.46,Dasmarinas City,14.33,120.93
ALLSKY_SFC_SW_DWN,2023,15.11,18.84,23.78,22.27,21.85,19.16,16.42,17.57,16.95,16.61,17.18,15.74,18.45,Dasmarinas City,14.33,120.93
ALLSKY_SFC_SW_DWN,2024,17.12,21.06,22.14,25.92,22.92,20.66,15.12,19.55,14.06,15.79,17.45,13.07,18.72,Dasmarinas City,14.33,120.93
ALLSKY_SFC_SW_DWN,2025,15.93,17.29,21.27,24.49,22.13,17.21,12.27,17.88,14.37,16.12,14.45,15.18,17.38,Dasmarinas City,14.33,120.93
EVLAND,1990,1.12,0.28,0.35,0.12,1.78,3.64,3.79,4.49,3.57,3.42,3.63,3.15,2.46,Dasmarinas City,14.33,120.93
EVLAND,1991,2.19,0.93,0.93,0.49,2.32,2.84,3.25,3.16,3.56,4.34,3.58,2.93,2.56,Dasmarinas City,14.33,120.93
EVLAND,1992,1.68,0.78,0.23,0.56,1.22,2.7,3.05,3.44,3.44,3.58,3.95,2.83,2.29,Dasmarinas City,14.33,120.93
EVLAND,1993,1.49,0.53,0.19,0.59,1.32,2.21,3.26,3.52,3.08,3.82,3.08,3.41,2.22,Dasmarinas City,14.33,120.93
EVLAND,1994,3.05,2.52,0.77,1.34,2.0,2.81,3.68,3.9,3.35,4.17,3.36,2.17,2.76,Dasmarinas City,14.33,120.93
EVLAND,1995,1.42,0.99,0.26,0.14,1.34,3.43,2.77,3.12,3.17,3.72,3.31,2.84,2.22,Dasmarinas City,14.33,120.93
EVLAND,1996,2.93,2.24,0.57,1.4,1.8,2.77,2.73,3.39,3.56,3.06,3.48,3.76,2.64,Dasmarinas City,14.33,120.93
EVLAND,1997,2.65,1.68,0.56,0.71,1.7,3.85,3.13,3.63,3.2,4.01,3.16,1.65,2.5,Dasmarinas City,14.33,120.93
EVLAND,1998,0.42,0.29,0.22,0.91,1.57,3.2,3.2,3.18,3.34,3.21,2.67,2.99,2.11,Dasmarinas City,14.33,120.93
EVLAND,1999,3.59,3.3,2.72,2.92,2.29,3.22,3.19,3.84,3.44,3.2,3.54,2.77,3.17,Dasmarinas City,14.33,120.93
EVLAND,2000,3.41,2.94,2.57,2.32,2.26,3.08,3.66,3.5,3.85,3.23,3.34,2.82,3.08,Dasmarinas City,14.33,120.93
EVLAND,2001,3.34,3.07,2.58,2.22,2.52,2.93,4.1,3.49,3.17,3.19,3.67,3.23,3.13,Dasmarinas City,14.33,120.93
EVLAND,2002,2.43,1.12,0.47,0.59,1.31,3.55,3.94,3.63,3.26,3.29,3.16,3.11,2.5,Dasmarinas City,14.33,120.93
EVLAND,2003,2.46,0.72,0.51,0.25,1.93,4.35,3.77,3.61,3.29,4.27,3.52,2.68,2.63,Dasmarinas City,14.33,120.93
EVLAND,2004,1.55,0.86,0.43,0.77,2.87,3.48,3.44,3.6,3.97,3.99,2.98,3.29,2.61,Dasmarinas City,14.33,120.93
EVLAND,2005,2.33,0.77,0.54,0.57,1.27,3.05,3.26,3.47,3.46,3.49,3.49,2.85,2.39,Dasmarinas City,14.33,120.93
EVLAND,2006,3.01,3.07,1.81,0.63,1.58,3.0,2.99,3.72,3.39,4.13,3.05,3.25,2.8,Dasmarinas City,14.33,120.93
EVLAND,2007,2.97,1.47,0.51,0.38,1.58,2.57,3.23,3.65,3.25,3.84,3.62,3.66,2.57,Dasmarinas City,14.33,120.93
EVLAND,2008,3.12,2.68,2.06,0.89,3.02,3.64,3.49,3.76,3.5,3.32,3.08,3.39,3.0,Dasmarinas City,14.33,120.93
EVLAND,2009,2.74,2.23,1.2,1.78,4.12,3.93,3.33,4.01,3.51,3.96,3.95,2.64,3.12,Dasmarinas City,14.33,120.93
EVLAND,2010,1.13,0.22,0.31,0.25,0.96,2.57,3.2,3.75,3.22,3.32,2.8,3.08,2.08,Dasmarinas City,14.33,120.93
EVLAND,2011,3.0,2.94,1.74,0.5,2.65,3.59,4.0,3.82,3.49,3.74,3.26,3.16,2.99,Dasmarinas City,14.33,120.93
EVLAND,2012,3.39,2.82,2.47,1.86,2.77,3.66,3.54,4.04,3.43,4.24,3.48,2.47,3.18,Dasmarinas City,14.33,120.93
EVLAND,2013,1.96,1.42,2.66,0.75,1.5,3.27,3.56,3.37,3.23,4.51,3.55,2.6,2.71,Dasmarinas City,14.33,120.93
EVLAND,2014,2.57,0.94,0.42,0.58,1.51,3.33,3.53,3.98,3.8,3.65,3.64,3.22,2.61,Dasmarinas City,14.33,120.93
EVLAND,2015,3.11,2.03,0.56,0.57,1.08,2.83,3.86,3.68,3.84,4.35,3.93,3.26,2.76,Dasmarinas City,14.33,120.93
EVLAND,2016,3.27,2.37,1.21,0.68,1.89,3.07,3.77,3.72,3.24,3.58,3.79,3.28,2.83,Dasmarinas City,14.33,120.93
EVLAND,2017,3.72,3.3,2.38,1.64,2.54,3.48,3.52,4.07,3.73,3.78,3.63,3.48,3.27,Dasmarinas City,14.33,120.93
EVLAND,2018,3.3,3.18,2.51,1.36,2.2,3.4,3.21,3.99,3.74,4.28,3.48,2.4,3.09,Dasmarinas City,14.33,120.93
EVLAND,2019,3.04,1.59,0.3,1.15,2.46,3.28,3.36,3.92,4.08,4.06,3.2,3.69,2.85,Dasmarinas City,14.33,120.93
EVLAND,2020,3.01,2.79,3.18,3.85,3.35,3.97,3.53,3.62,3.54,3.27,3.73,3.17,3.42,Dasmarinas City,14.33,120.93
EVLAND,2021,3.82,3.85,3.04,1.57,1.28,2.66,3.62,3.78,3.34,3.65,3.42,3.31,3.11,Dasmarinas City,14.33,120.93
EVLAND,2022,2.71,2.4,1.78,2.64,2.66,3.4,3.57,3.38,3.41,3.21,3.34,3.17,2.97,Dasmarinas City,14.33,120.93
EVLAND,2023,3.44,3.29,1.69,2.81,2.73,3.29,4.04,4.19,3.67,3.85,3.71,3.5,3.35,Dasmarinas City,14.33,120.93
EVLAND,2024,2.81,1.24,0.9,0.63,1.94,3.4,3.73,3.74,3.57,3.56,4.05,3.34,2.75,Dasmarinas City,14.33,120.93
EVLAND,2025,3.38,3.2,2.5,1.41,3.09,3.51,4.37,3.91,3.55,3.35,3.46,3.66,3.29,Dasmarinas City,14.33,120.93
GWETROOT,1990,0.61,0.59,0.59,0.58,0.64,0.93,0.99,0.99,0.98,0.95,0.89,0.77,0.79,Dasmarinas City,14.33,120.93
GWETROOT,1991,0.66,0.6,0.6,0.59,0.62,0.7,0.9,0.99,1.0,0.93,0.82,0.73,0.76,Dasmarinas City,14.33,120.93
GWETROOT,1992,0.63,0.6,0.59,0.59,0.6,0.72,0.87,0.98,0.99,0.92,0.86,0.73,0.76,Dasmarinas City,14.33,120.93
GWETROOT,1993,0.62,0.59,0.59,0.59,0.6,0.69,0.88,0.97,0.99,0.96,0.9,0.86,0.77,Dasmarinas City,14.33,120.93
GWETROOT,1994,0.78,0.66,0.6,0.6,0.63,0.79,0.96,0.96,0.97,0.91,0.75,0.66,0.77,Dasmarinas City,14.33,120.93
GWETROOT,1995,0.62,0.61,0.59,0.58,0.64,0.81,0.89,0.96,0.99,0.97,0.94,0.87,0.79,Dasmarinas City,14.33,120.93
GWETROOT,1996,0.78,0.65,0.59,0.61,0.65,0.77,0.87,0.98,0.98,0.95,0.96,0.86,0.8,Dasmarinas City,14.33,120.93
GWETROOT,1997,0.7,0.62,0.6,0.59,0.66,0.91,0.98,1.0,0.97,0.88,0.72,0.62,0.77,Dasmarinas City,14.33,120.93
GWETROOT,1998,0.59,0.59,0.59,0.6,0.64,0.83,0.87,0.94,0.97,0.99,0.96,0.94,0.79,Dasmarinas City,14.33,120.93
GWETROOT,1999,0.89,0.73,0.66,0.68,0.7,0.87,0.99,0.99,0.99,0.98,0.93,0.9,0.86,Dasmarinas City,14.33,120.93
GWETROOT,2000,0.8,0.75,0.68,0.62,0.74,0.91,0.99,0.99,0.99,0.97,0.97,0.9,0.86,Dasmarinas City,14.33,120.93
GWETROOT,2001,0.79,0.7,0.66,0.62,0.69,0.85,0.98,0.99,0.96,0.9,0.85,0.78,0.82,Dasmarinas City,14.33,120.93
GWETROOT,2002,0.67,0.61,0.59,0.59,0.63,0.81,0.98,0.99,0.98,0.96,0.92,0.79,0.79,Dasmarinas City,14.33,120.93
GWETROOT,2003,0.67,0.6,0.59,0.59,0.66,0.94,0.94,0.99,0.99,0.93,0.83,0.72,0.79,Dasmarinas City,14.33,120.93
GWETROOT,2004,0.62,0.6,0.59,0.59,0.76,0.97,0.98,1.0,0.96,0.86,0.75,0.8,0.79,Dasmarinas City,14.33,120.93
GWETROOT,2005,0.66,0.6,0.59,0.59,0.61,0.88,0.97,0.99,0.99,0.96,0.92,0.87,0.8,Dasmarinas City,14.33,120.93
GWETROOT,2006,0.78,0.7,0.62,0.59,0.66,0.76,0.95,1.0,0.98,0.94,0.92,0.85,0.81,Dasmarinas City,14.33,120.93
GWETROOT,2007,0.73,0.62,0.59,0.59,0.64,0.77,0.89,0.97,0.99,0.97,0.94,0.89,0.8,Dasmarinas City,14.33,120.93
GWETROOT,2008,0.79,0.69,0.64,0.6,0.77,0.88,0.97,0.99,0.99,0.98,0.96,0.86,0.84,Dasmarinas City,14.33,120.93
GWETROOT,2009,0.75,0.65,0.61,0.67,0.91,0.99,0.99,0.98,0.99,0.97,0.86,0.7,0.84,Dasmarinas City,14.33,120.93
GWETROOT,2010,0.61,0.59,0.59,0.59,0.6,0.74,0.9,0.99,0.98,0.98,0.98,0.9,0.79,Dasmarinas City,14.33,120.93
GWETROOT,2011,0.81,0.7,0.63,0.59,0.73,0.94,0.99,1.0,0.99,0.98,0.95,0.92,0.85,Dasmarinas City,14.33,120.93
GWETROOT,2012,0.8,0.71,0.65,0.63,0.71,0.95,0.99,1.0,1.0,0.96,0.83,0.7,0.83,Dasmarinas City,14.33,120.93
GWETROOT,2013,0.64,0.62,0.64,0.59,0.62,0.85,0.98,1.0,1.0,0.97,0.89,0.81,0.8,Dasmarinas City,14.33,120.93
GWETROOT,2014,0.69,0.6,0.59,0.59,0.61,0.83,0.98,0.98,0.99,0.98,0.87,0.83,0.8,Dasmarinas City,14.33,120.93
GWETROOT,2015,0.76,0.63,0.59,0.59,0.6,0.68,0.92,0.97,0.99,0.97,0.83,0.8,0.78,Dasmarinas City,14.33,120.93
GWETROOT,2016,0.76,0.65,0.6,0.59,0.63,0.8,0.96,0.99,0.99,0.99,0.94,0.92,0.82,Dasmarinas City,14.33,120.93
GWETROOT,2017,0.85,0.75,0.64,0.6,0.68,0.85,0.96,0.99,0.98,0.98,0.96,0.9,0.85,Dasmarinas City,14.33,120.93
GWETROOT,2018,0.81,0.72,0.63,0.6,0.63,0.91,1.0,0.99,0.99,0.9,0.77,0.7,0.8,Dasmarinas City,14.33,120.93
GWETROOT,2019,0.74,0.62,0.59,0.6,0.68,0.81,0.96,0.99,0.99,0.91,0.92,0.84,0.81,Dasmarinas City,14.33,120.93
GWETROOT,2020,0.72,0.67,0.69,0.7,0.75,0.9,0.97,0.99,0.96,1.0,0.99,0.98,0.86,Dasmarinas City,14.33,120.93
GWETROOT,2021,0.92,0.79,0.67,0.6,0.6,0.76,0.94,0.98,0.99,0.99,0.9,0.81,0.83,Dasmarinas City,14.33,120.93
GWETROOT,2022,0.71,0.64,0.61,0.64,0.7,0.87,0.98,1.0,0.99,0.99,0.97,0.91,0.84,Dasmarinas City,14.33,120.93
GWETROOT,2023,0.87,0.73,0.62,0.64,0.65,0.84,0.96,0.97,0.99,0.98,0.9,0.82,0.83,Dasmarinas City,14.33,120.93
GWETROOT,2024,0.71,0.61,0.59,0.59,0.62,0.81,0.96,0.98,0.99,0.98,0.94,0.85,0.8,Dasmarinas City,14.33,120.93
GWETROOT,2025,0.82,0.73,0.64,0.6,0.68,0.91,0.99,0.97,1.0,0.99,0.98,0.95,0.86,Dasmarinas City,14.33,120.93
PRECTOTCORR,1990,0.46,0.11,0.34,0.11,6.32,20.15,15.81,23.75,14.23,4.62,3.58,1.33,7.61,Dasmarinas City,14.33,120.93
PRECTOTCORR,1991,0.36,0.8,0.66,0.51,2.95,6.62,16.03,24.88,14.87,2.47,3.28,0.77,6.23,Dasmarinas City,14.33,120.93
PRECTOTCORR,1992,0.32,0.6,0.19,0.58,2.41,5.69,9.09,20.77,10.79,4.34,2.74,0.67,4.87,Dasmarinas City,14.33,120.93
PRECTOTCORR,1993,0.45,0.21,0.17,0.79,1.28,6.87,10.15,16.21,7.57,4.79,4.05,4.57,4.8,Dasmarinas City,14.33,120.93
PRECTOTCORR,1994,1.2,0.47,0.36,1.47,2.87,9.64,18.07,9.2,6.33,3.08,0.58,1.84,4.63,Dasmarinas City,14.33,120.93
PRECTOTCORR,1995,0.44,0.87,0.14,0.15,4.18,6.09,7.03,15.15,14.91,6.05,3.37,3.68,5.2,Dasmarinas City,14.33,120.93
PRECTOTCORR,1996,0.49,0.24,0.35,1.59,4.49,5.02,13.39,7.63,12.42,3.71,6.92,0.81,4.76,Dasmarinas City,14.33,120.93
PRECTOTCORR,1997,0.32,1.04,0.27,0.75,11.66,8.27,12.5,21.06,4.3,1.49,0.88,0.56,5.31,Dasmarinas City,14.33,120.93
PRECTOTCORR,1998,0.42,0.06,0.28,1.01,6.4,5.29,4.47,9.06,16.14,11.0,2.68,6.77,5.33,Dasmarinas City,14.33,120.93
PRECTOTCORR,1999,1.29,0.62,2.96,3.59,3.09,11.07,17.22,22.36,11.48,9.64,3.73,4.5,7.69,Dasmarinas City,14.33,120.93
PRECTOTCORR,2000,1.07,2.53,1.73,1.71,8.62,6.94,20.84,12.94,14.73,8.46,3.37,3.55,7.24,Dasmarinas City,14.33,120.93
PRECTOTCORR,2001,0.58,3.59,1.1,1.52,5.53,11.88,11.31,13.48,2.72,3.45,3.28,3.05,5.14,Dasmarinas City,14.33,120.93
PRECTOTCORR,2002,0.3,0.66,0.39,0.62,3.7,7.49,29.46,9.42,9.58,4.37,3.13,1.04,5.9,Dasmarinas City,14.33,120.93
PRECTOTCORR,2003,0.5,0.25,0.47,0.29,13.6,8.28,8.09,19.14,14.0,2.39,3.03,0.7,5.94,Dasmarinas City,14.33,120.93
PRECTOTCORR,2004,0.4,0.91,0.21,0.79,12.33,16.51,11.69,16.16,3.47,2.59,5.21,2.2,6.06,Dasmarinas City,14.33,120.93
PRECTOTCORR,2005,0.5,0.38,0.58,0.51,2.6,11.65,12.92,15.89,11.53,6.71,2.5,3.91,5.84,Dasmarinas City,14.33,120.93
PRECTOTCORR,2006,2.15,0.55,1.46,0.21,3.74,8.06,18.88,17.03,11.99,5.27,1.75,4.23,6.33,Dasmarinas City,14.33,120.93
PRECTOTCORR,2007,0.62,0.23,0.42,0.38,5.19,3.2,8.6,25.52,19.93,7.67,7.71,1.74,6.81,Dasmarinas City,14.33,120.93
PRECTOTCORR,2008,2.03,1.43,0.88,1.05,9.37,10.86,10.42,14.67,22.03,5.66,6.53,1.7,7.22,Dasmarinas City,14.33,120.93
PRECTOTCORR,2009,0.95,0.98,1.15,6.56,11.37,20.57,17.6,9.33,28.22,7.32,1.62,0.29,8.84,Dasmarinas City,14.33,120.93
PRECTOTCORR,2010,0.39,0.04,0.34,0.57,1.24,6.84,12.07,12.0,8.27,11.45,4.89,2.44,5.09,Dasmarinas City,14.33,120.93
PRECTOTCORR,2011,1.5,0.43,1.33,0.33,8.71,30.88,19.75,22.99,23.66,8.1,5.3,4.77,10.68,Dasmarinas City,14.33,120.93
PRECTOTCORR,2012,1.27,2.4,2.24,0.65,7.32,17.53,25.28,40.15,17.06,9.48,0.73,0.99,10.48,Dasmarinas City,14.33,120.93
PRECTOTCORR,2013,1.14,2.57,1.78,0.5,2.95,15.36,11.6,34.83,29.91,7.44,3.91,1.77,9.5,Dasmarinas City,14.33,120.93
PRECTOTCORR,2014,0.13,0.23,0.41,0.71,2.55,12.91,20.18,14.43,20.05,7.29,1.72,4.68,7.14,Dasmarinas City,14.33,120.93
PRECTOTCORR,2015,0.91,0.3,0.4,0.58,1.24,6.17,14.1,12.91,9.04,8.32,1.24,9.62,5.46,Dasmarinas City,14.33,120.93
PRECTOTCORR,2016,0.53,1.51,0.56,0.81,3.88,7.97,12.41,18.46,8.93,10.36,4.63,5.54,6.33,Dasmarinas City,14.33,120.93
PRECTOTCORR,2017,2.3,1.33,0.65,2.28,5.97,7.69,13.84,11.71,10.81,8.81,6.83,3.61,6.35,Dasmarinas City,14.33,120.93
PRECTOTCORR,2018,2.16,1.41,1.23,1.21,3.95,21.99,22.42,13.89,10.69,3.51,1.23,4.63,7.39,Dasmarinas City,14.33,120.93
PRECTOTCORR,2019,0.77,0.17,0.23,1.19,6.99,9.71,11.23,16.93,12.28,3.58,4.99,4.57,6.09,Dasmarinas City,14.33,120.93
PRECTOTCORR,2020,1.13,4.27,5.52,6.44,3.87,18.38,9.09,9.13,10.06,26.07,20.68,10.17,10.4,Dasmarinas City,14.33,120.93
PRECTOTCORR,2021,2.73,1.45,1.27,1.01,1.57,8.28,20.66,7.3,14.88,11.54,2.57,2.12,6.32,Dasmarinas City,14.33,120.93
PRECTOTCORR,2022,0.95,1.12,1.74,3.21,6.77,9.02,10.8,20.59,13.73,19.19,3.74,2.94,7.88,Dasmarinas City,14.33,120.93
PRECTOTCORR,2023,3.63,0.71,0.37,4.02,3.79,10.08,17.34,9.1,10.09,6.28,3.5,2.48,5.98,Dasmarinas City,14.33,120.93
PRECTOTCORR,2024,0.59,0.2,1.04,0.48,5.8,7.82,21.17,10.51,16.09,16.3,2.74,5.0,7.36,Dasmarinas City,14.33,120.93
PRECTOTCORR,2025,1.56,2.21,1.23,1.27,6.57,18.22,25.72,10.29,16.94,11.12,9.9,3.21,9.05,Dasmarinas City,14.33,120.93
RH2M,1990,75.13,70.66,65.84,64.51,73.34,84.32,86.0,86.92,86.15,85.1,83.74,82.31,78.72,Dasmarinas City,14.33,120.93
RH2M,1991,77.82,73.52,69.65,66.99,71.77,78.44,83.42,89.52,88.22,80.87,81.73,80.11,78.54,Dasmarinas City,14.33,120.93
RH2M,1992,75.21,70.91,66.97,64.52,69.46,76.22,83.34,87.25,87.11,84.01,82.06,80.49,77.33,Dasmarinas City,14.33,120.93
RH2M,1993,74.33,70.82,66.4,64.36,66.6,77.62,84.56,86.32,87.37,85.58,86.41,85.33,78.02,Dasmarinas City,14.33,120.93
RH2M,1994,82.66,76.92,71.69,70.43,75.81,82.5,88.34,86.18,86.0,81.6,79.63,77.95,80.0,Dasmarinas City,14.33,120.93
RH2M,1995,76.1,73.72,68.17,64.77,75.31,80.54,83.81,86.46,87.46,84.87,86.38,86.08,79.52,Dasmarinas City,14.33,120.93
RH2M,1996,82.75,76.03,72.03,75.08,78.38,80.26,84.0,85.49,85.53,84.11,86.45,81.52,80.99,Dasmarinas City,14.33,120.93
RH2M,1997,77.94,76.15,68.61,65.12,72.8,83.22,86.98,88.39,85.14,80.81,76.99,74.56,78.08,Dasmarinas City,14.33,120.93
RH2M,1998,71.75,67.7,64.91,64.9,72.92,79.76,80.3,84.22,85.98,87.13,87.18,87.28,77.9,Dasmarinas City,14.33,120.93
RH2M,1999,85.1,77.82,78.45,78.91,78.93,83.74,87.6,86.76,86.59,86.61,84.77,87.65,83.63,Dasmarinas City,14.33,120.93
RH2M,2000,82.19,82.84,80.11,74.03,78.76,83.07,87.28,86.0,85.9,86.64,87.47,87.24,83.47,Dasmarinas City,14.33,120.93
RH2M,2001,81.95,80.98,78.27,72.1,77.02,82.44,87.06,88.74,86.72,84.15,82.82,82.58,82.09,Dasmarinas City,14.33,120.93
RH2M,2002,78.35,73.66,69.98,66.24,73.38,79.8,87.44,87.05,86.41,84.12,85.35,82.97,79.61,Dasmarinas City,14.33,120.93
RH2M,2003,77.03,72.15,67.65,64.47,74.05,83.34,82.41,87.88,87.31,80.34,82.27,78.8,78.18,Dasmarinas City,14.33,120.93
RH2M,2004,76.53,73.12,67.87,65.55,78.55,88.0,84.18,89.15,81.98,78.38,81.93,81.83,78.95,Dasmarinas City,14.33,120.93
RH2M,2005,76.83,71.03,68.25,64.14,70.41,84.25,85.29,85.7,86.05,84.15,83.82,86.75,78.95,Dasmarinas City,14.33,120.93
RH2M,2006,83.37,79.55,73.84,65.68,74.04,79.6,87.63,87.54,85.37,81.91,84.6,85.47,80.75,Dasmarinas City,14.33,120.93
RH2M,2007,80.61,74.27,69.19,67.01,74.96,79.83,82.47,85.46,86.89,85.31,85.02,86.16,79.81,Dasmarinas City,14.33,120.93
RH2M,2008,83.65,80.39,75.96,72.89,82.68,81.1,85.67,85.3,86.42,84.94,87.08,83.64,82.49,Dasmarinas City,14.33,120.93
RH2M,2009,81.72,79.46,72.59,78.6,83.54,86.29,86.63,85.49,87.75,83.54,83.32,76.78,82.14,Dasmarinas City,14.33,120.93
RH2M,2010,74.47,69.2,68.41,65.88,66.92,79.07,81.97,84.84,83.63,84.95,86.79,85.41,77.68,Dasmarinas City,14.33,120.93
RH2M,2011,82.8,78.31,76.98,68.11,77.53,83.37,84.9,85.85,88.07,84.76,86.12,86.78,82.0,Dasmarinas City,14.33,120.93
RH2M,2012,82.53,81.74,78.07,72.35,77.28,85.57,85.65,87.49,86.63,82.86,82.6,80.48,81.94,Dasmarinas City,14.33,120.93
RH2M,2013,77.11,75.6,74.94,65.61,73.82,80.74,82.61,86.23,86.6,81.79,84.85,84.12,79.53,Dasmarinas City,14.33,120.93
RH2M,2014,75.25,71.06,68.48,64.22,67.52,82.18,86.98,84.32,84.66,83.17,83.69,84.52,78.05,Dasmarinas City,14.33,120.93
RH2M,2015,79.98,74.24,68.27,67.03,66.95,75.24,83.58,83.6,83.1,82.12,82.15,82.99,77.47,Dasmarinas City,14.33,120.93
RH2M,2016,80.61,76.9,70.99,66.07,71.97,80.18,81.96,87.5,86.14,85.89,84.75,86.3,79.96,Dasmarinas City,14.33,120.93
RH2M,2017,83.35,80.22,73.84,69.96,76.79,79.32,84.14,83.17,82.46,82.8,86.77,84.94,80.66,Dasmarinas City,14.33,120.93
RH2M,2018,83.86,78.21,72.28,68.96,71.53,83.93,88.13,86.69,85.49,79.04,79.82,80.67,79.9,Dasmarinas City,14.33,120.93
RH2M,2019,79.13,72.18,65.13,64.94,75.51,80.94,84.12,87.15,85.26,80.4,83.92,83.49,78.56,Dasmarinas City,14.33,120.93
RH2M,2020,78.6,77.66,77.03,77.81,77.59,79.64,80.99,83.86,82.46,85.89,86.65,87.07,81.29,Dasmarinas City,14.33,120.93
RH2M,2021,84.71,81.12,77.09,68.29,71.48,81.89,85.37,83.69,84.09,85.73,85.12,82.34,80.92,Dasmarinas City,14.33,120.93
RH2M,2022,78.67,77.6,74.57,75.99,75.43,79.26,83.6,84.72,85.79,85.72,86.63,84.94,81.1,Dasmarinas City,14.33,120.93
RH2M,2023,84.5,79.48,70.66,71.58,76.21,82.27,82.36,85.83,83.72,83.6,84.11,83.58,80.67,Dasmarinas City,14.33,120.93
RH2M,2024,78.46,72.99,70.33,64.46,69.99,79.13,83.46,82.94,86.17,82.98,82.48,85.35,78.26,Dasmarinas City,14.33,120.93
RH2M,2025,82.75,80.18,75.3,66.37,74.12,83.76,87.09,82.93,85.95,84.66,86.38,84.54,81.18,Dasmarinas City,14.33,120.93
T2M_MAX,1990,31.46,32.4,33.89,35.47,35.21,31.14,30.08,29.94,29.92,30.22,30.0,30.11,35.47,Dasmarinas City,14.33,120.93
T2M_MAX,1991,30.06,31.5,32.91,35.34,34.28,33.65,31.66,29.81,29.42,30.1,29.79,29.78,35.34,Dasmarinas City,14.33,120.93
T2M_MAX,1992,30.86,32.06,33.58,34.98,34.87,33.63,32.31,29.34,30.33,30.51,29.66,29.54,34.98,Dasmarinas City,14.33,120.93
T2M_MAX,1993,31.15,32.91,34.43,35.45,35.42,33.52,31.44,30.1,30.77,29.73,29.66,29.42,35.45,Dasmarinas City,14.33,120.93
T2M_MAX,1994,29.41,30.78,32.56,35.92,33.31,32.18,29.66,30.32,29.18,30.31,30.86,30.84,35.92,Dasmarinas City,14.33,120.93
T2M_MAX,1995,30.54,32.02,34.64,34.85,34.57,33.19,31.18,30.25,29.65,30.41,30.23,28.38,34.85,Dasmarinas City,14.33,120.93
T2M_MAX,1996,29.59,31.55,33.84,32.89,33.55,33.01,30.8,30.15,30.7,30.81,30.15,29.07,33.84,Dasmarinas City,14.33,120.93
T2M_MAX,1997,29.48,31.07,32.98,34.56,35.04,31.12,29.55,28.69,30.66,31.15,31.79,31.27,35.04,Dasmarinas City,14.33,120.93
T2M_MAX,1998,32.04,33.48,34.19,35.09,35.0,33.45,31.7,31.12,30.29,30.73,30.21,29.44,35.09,Dasmarinas City,14.33,120.93
T2M_MAX,1999,29.88,30.77,32.56,32.78,32.14,31.26,29.07,29.53,29.49,30.13,30.1,29.29,32.78,Dasmarinas City,14.33,120.93
T2M_MAX,2000,29.46,30.76,31.58,34.92,35.13,31.16,28.79,29.79,30.27,30.44,29.74,29.71,35.13,Dasmarinas City,14.33,120.93
T2M_MAX,2001,30.33,30.43,32.7,34.64,34.75,31.67,28.81,29.51,29.74,30.89,30.64,30.02,34.75,Dasmarinas City,14.33,120.93
T2M_MAX,2002,30.59,31.22,33.67,34.49,35.1,32.62,30.61,30.14,29.5,30.5,30.51,30.21,35.1,Dasmarinas City,14.33,120.93
T2M_MAX,2003,30.39,31.34,34.15,35.56,36.45,30.64,32.14,30.11,29.51,30.73,30.66,30.16,36.45,Dasmarinas City,14.33,120.93
T2M_MAX,2004,31.6,32.14,34.68,35.59,34.98,29.13,30.56,28.62,31.29,30.8,31.54,29.55,35.59,Dasmarinas City,14.33,120.93
T2M_MAX,2005,30.99,32.55,35.39,35.53,35.51,31.65,30.65,30.67,30.76,30.79,30.71,29.46,35.53,Dasmarinas City,14.33,120.93
T2M_MAX,2006,29.46,30.69,34.0,35.43,35.82,32.87,28.92,30.46,30.29,30.3,30.3,29.91,35.82,Dasmarinas City,14.33,120.93
T2M_MAX,2007,30.32,32.85,34.05,34.93,34.77,32.64,31.5,30.26,30.32,30.19,30.4,29.38,34.93,Dasmarinas City,14.33,120.93
T2M_MAX,2008,29.72,30.1,32.62,34.87,31.52,31.55,30.3,30.8,30.68,30.43,30.27,29.28,34.87,Dasmarinas City,14.33,120.93
T2M_MAX,2009,29.87,31.35,32.79,33.13,31.32,31.08,30.07,31.06,30.85,29.78,30.17,30.58,33.13,Dasmarinas City,14.33,120.93
T2M_MAX,2010,31.1,33.05,33.84,35.2,36.78,33.22,30.86,30.05,30.44,30.74,29.8,30.02,36.78,Dasmarinas City,14.33,120.93
T2M_MAX,2011,28.57,30.66,32.43,33.4,34.43,31.58,30.71,30.81,28.81,30.56,29.91,29.66,34.43,Dasmarinas City,14.33,120.93
T2M_MAX,2012,29.9,30.78,31.87,33.65,33.45,30.07,30.14,29.69,30.01,30.18,30.52,31.26,33.65,Dasmarinas City,14.33,120.93
T2M_MAX,2013,30.65,32.72,33.1,35.43,34.78,33.11,30.49,29.93,30.04,30.13,30.04,29.64,35.43,Dasmarinas City,14.33,120.93
T2M_MAX,2014,29.66,31.89,33.85,35.41,35.99,33.96,31.01,30.88,30.99,30.21,30.67,29.77,35.99,Dasmarinas City,14.33,120.93
T2M_MAX,2015,29.78,31.71,33.91,34.62,35.18,34.78,30.82,30.83,31.18,31.33,31.01,31.73,35.18,Dasmarinas City,14.33,120.93
T2M_MAX,2016,31.01,31.34,33.31,35.67,36.01,31.62,31.06,30.54,29.99,30.41,30.28,29.62,36.01,Dasmarinas City,14.33,120.93
T2M_MAX,2017,29.18,30.62,33.57,35.09,34.16,31.97,31.5,31.78,31.94,30.72,30.25,30.24,35.09,Dasmarinas City,14.33,120.93
T2M_MAX,2018,29.97,31.54,32.99,35.32,34.8,33.09,28.68,29.4,30.27,31.54,31.2,31.6,35.32,Dasmarinas City,14.33,120.93
T2M_MAX,2019,29.78,31.3,34.63,35.67,34.08,33.26,30.24,29.28,31.17,31.22,30.28,29.97,35.67,Dasmarinas City,14.33,120.93
T2M_MAX,2020,30.77,30.89,31.7,32.16,32.84,33.12,31.34,30.85,31.71,31.0,29.96,29.58,33.12,Dasmarinas City,14.33,120.93
T2M_MAX,2021,29.63,30.61,33.25,34.23,35.21,32.19,31.52,30.77,30.58,30.5,30.58,30.02,35.21,Dasmarinas City,14.33,120.93
T2M_MAX,2022,30.79,32.0,33.7,33.55,34.35,31.23,30.85,30.49,31.15,30.48,30.28,29.97,34.35,Dasmarinas City,14.33,120.93
T2M_MAX,2023,29.14,30.83,34.18,34.09,34.27,32.09,32.25,29.8,31.4,31.27,30.97,30.69,34.27,Dasmarinas City,14.33,120.93
T2M_MAX,2024,30.83,32.38,33.74,37.57,36.77,33.33,31.4,32.31,31.39,31.17,30.81,30.73,37.57,Dasmarinas City,14.33,120.93
T2M_MAX,2025,30.89,30.58,33.34,36.41,34.8,31.22,29.26,31.19,30.3,30.99,30.32,30.16,36.41,Dasmarinas City,14.33,120.93
T2M_MIN,1990,21.23,22.51,22.61,24.73,25.83,25.55,25.03,25.47,24.95,24.3,21.85,21.83,21.23,Dasmarinas City,14.33,120.93
T2M_MIN,1991,21.86,22.62,22.59,24.3,25.67,25.56,25.54,25.47,24.81,23.91,22.03,21.51,21.51,Dasmarinas City,14.33,120.93
T2M_MIN,1992,21.62,21.45,23.0,24.78,25.62,26.37,25.31,25.34,24.93,24.38,20.67,21.81,20.67,Dasmarinas City,14.33,120.93
T2M_MIN,1993,20.25,21.25,22.55,24.13,25.31,25.64,25.53,24.99,24.57,23.43,23.67,21.47,20.25,Dasmarinas City,14.33,120.93
T2M_MIN,1994,21.07,22.17,22.9,23.75,26.66,25.4,25.04,24.97,24.52,23.32,22.83,22.05,21.07,Dasmarinas City,14.33,120.93
T2M_MIN,1995,21.06,21.11,21.95,24.79,25.25,26.02,25.25,25.48,25.1,24.6,24.08,20.85,20.85,Dasmarinas City,14.33,120.93
T2M_MIN,1996,20.85,20.56,22.98,24.3,25.74,25.5,25.99,25.03,24.98,25.05,24.04,20.23,20.23,Dasmarinas City,14.33,120.93
T2M_MIN,1997,20.79,21.23,21.29,24.27,25.08,25.83,24.98,25.22,24.98,24.08,23.03,22.06,20.79,Dasmarinas City,14.33,120.93
T2M_MIN,1998,21.69,22.29,23.07,24.12,26.29,25.67,25.69,25.87,25.73,25.4,24.96,24.12,21.69,Dasmarinas City,14.33,120.93
T2M_MIN,1999,22.79,20.82,22.28,24.29,25.47,25.22,25.26,24.76,24.94,24.65,23.13,20.84,20.82,Dasmarinas City,14.33,120.93
T2M_MIN,2000,20.6,22.31,23.22,24.82,25.71,25.42,24.57,24.79,24.86,24.73,23.5,23.2,20.6,Dasmarinas City,14.33,120.93
T2M_MIN,2001,21.38,22.05,23.38,25.28,26.12,25.65,25.13,25.47,24.47,24.56,21.06,20.7,20.7,Dasmarinas City,14.33,120.93
T2M_MIN,2002,20.28,21.31,21.29,24.1,25.5,26.21,25.52,24.93,25.04,24.96,23.32,23.32,20.28,Dasmarinas City,14.33,120.93
T2M_MIN,2003,21.12,21.66,22.24,25.41,26.05,25.17,25.73,25.14,24.81,23.68,23.4,21.49,21.12,Dasmarinas City,14.33,120.93
T2M_MIN,2004,21.93,21.08,23.4,25.81,25.75,24.8,25.23,25.14,24.96,23.48,23.47,22.07,21.08,Dasmarinas City,14.33,120.93
T2M_MIN,2005,21.02,22.43,21.86,23.33,26.35,25.99,25.55,25.4,25.32,25.21,23.55,21.84,21.02,Dasmarinas City,14.33,120.93
T2M_MIN,2006,21.73,22.0,23.59,25.12,25.89,25.9,25.22,25.06,25.2,23.9,24.12,23.3,21.73,Dasmarinas City,14.33,120.93
T2M_MIN,2007,20.64,20.68,22.98,24.52,25.7,26.42,25.97,24.87,25.01,24.3,21.51,21.45,20.64,Dasmarinas City,14.33,120.93
T2M_MIN,2008,21.72,22.01,21.85,25.01,25.42,24.63,25.0,24.47,25.18,25.23,23.73,21.51,21.51,Dasmarinas City,14.33,120.93
T2M_MIN,2009,19.75,21.92,23.57,24.6,24.54,25.64,25.24,25.93,25.39,22.49,23.69,21.96,19.75,Dasmarinas City,14.33,120.93
T2M_MIN,2010,21.71,22.62,22.9,24.65,25.49,26.33,25.11,25.0,24.94,24.62,24.4,23.04,21.71,Dasmarinas City,14.33,120.93
T2M_MIN,2011,21.36,21.24,22.39,23.21,25.39,25.73,25.45,25.33,24.86,24.55,24.19,22.95,21.24,Dasmarinas City,14.33,120.93
T2M_MIN,2012,22.53,22.29,22.85,24.66,26.14,25.64,25.61,24.94,25.09,23.76,23.5,23.15,22.29,Dasmarinas City,14.33,120.93
T2M_MIN,2013,21.35,22.84,22.53,25.17,26.66,25.51,25.02,25.31,25.56,23.49,23.81,22.99,21.35,Dasmarinas City,14.33,120.93
T2M_MIN,2014,19.51,22.17,22.7,25.1,26.38,26.26,25.27,25.08,25.29,24.15,22.7,22.28,19.51,Dasmarinas City,14.33,120.93
T2M_MIN,2015,21.22,20.91,22.38,24.45,26.66,26.62,24.97,25.3,25.64,24.82,23.88,22.38,20.91,Dasmarinas City,14.33,120.93
T2M_MIN,2016,22.05,21.54,23.42,25.05,26.87,26.45,25.81,25.92,25.05,24.91,23.63,23.1,21.54,Dasmarinas City,14.33,120.93
T2M_MIN,2017,21.98,20.09,22.5,23.52,26.16,25.22,26.11,24.86,25.94,25.38,24.11,22.7,20.09,Dasmarinas City,14.33,120.93
T2M_MIN,2018,21.83,22.05,22.4,24.42,26.45,25.58,25.1,25.74,25.38,22.62,23.71,23.33,21.83,Dasmarinas City,14.33,120.93
T2M_MIN,2019,20.4,21.67,22.97,25.08,26.61,26.42,25.87,25.07,25.25,24.88,22.78,22.81,20.4,Dasmarinas City,14.33,120.93
T2M_MIN,2020,21.91,20.72,23.09,24.38,25.71,26.15,26.08,25.46,25.33,25.35,23.35,23.07,20.72,Dasmarinas City,14.33,120.93
T2M_MIN,2021,21.17,20.79,23.44,24.35,26.2,25.93,25.81,25.64,25.63,24.52,24.07,22.15,20.79,Dasmarinas City,14.33,120.93
T2M_MIN,2022,21.54,23.44,23.71,24.59,26.33,26.06,26.13,25.58,25.68,25.26,24.19,21.73,21.54,Dasmarinas City,14.33,120.93
T2M_MIN,2023,21.66,21.9,21.68,24.55,26.02,26.66,26.54,26.5,26.14,25.48,24.11,23.87,21.66,Dasmarinas City,14.33,120.93
T2M_MIN,2024,21.89,22.88,23.7,25.55,27.02,26.97,26.24,26.29,25.83,25.52,24.79,24.26,21.89,Dasmarinas City,14.33,120.93
T2M_MIN,2025,22.81,22.89,22.98,25.54,26.44,26.13,25.92,25.63,25.16,25.1,24.8,22.86,22.81,Dasmarinas City,14.33,120.93
TS,1990,27.67,28.91,30.3,32.26,31.08,28.58,27.78,27.65,27.39,27.58,27.35,26.68,28.6,Dasmarinas City,14.33,120.93
TS,1991,26.86,28.61,29.31,31.77,31.07,29.49,28.15,27.22,27.24,27.78,26.91,26.51,28.4,Dasmarinas City,14.33,120.93
TS,1992,27.32,28.47,30.59,32.31,31.51,30.22,28.43,27.74,27.33,27.78,26.55,26.63,28.74,Dasmarinas City,14.33,120.93
TS,1993,26.87,28.3,29.74,31.81,31.81,30.04,28.39,27.57,27.44,27.13,27.07,26.05,28.51,Dasmarinas City,14.33,120.93
TS,1994,26.31,27.64,29.54,30.94,30.78,29.05,27.23,27.55,27.73,27.71,27.16,26.99,28.22,Dasmarinas City,14.33,120.93
TS,1995,27.11,28.05,29.87,31.96,30.33,29.63,28.53,27.98,27.82,28.01,27.43,25.89,28.55,Dasmarinas City,14.33,120.93
TS,1996,26.08,26.85,29.41,29.92,29.8,29.32,28.84,27.83,28.13,28.27,27.38,26.09,28.16,Dasmarinas City,14.33,120.93
TS,1997,26.09,27.5,29.56,32.1,30.83,28.61,27.81,27.21,27.69,28.53,28.67,28.18,28.57,Dasmarinas City,14.33,120.93
TS,1998,28.32,30.24,30.52,31.8,31.63,29.78,29.41,28.75,28.35,28.05,27.74,27.16,29.3,Dasmarinas City,14.33,120.93
TS,1999,26.78,26.73,28.83,29.33,29.62,28.42,27.47,27.18,27.49,27.53,27.11,26.32,27.74,Dasmarinas City,14.33,120.93
TS,2000,26.41,26.98,28.23,30.51,30.01,28.67,27.4,28.02,27.57,27.75,27.01,26.65,27.93,Dasmarinas City,14.33,120.93
TS,2001,27.1,27.34,28.62,31.31,30.63,29.1,27.66,27.8,27.65,28.19,27.28,26.56,28.27,Dasmarinas City,14.33,120.93
TS,2002,26.61,27.63,29.7,31.62,31.17,29.78,27.74,27.56,27.82,28.19,27.41,27.48,28.56,Dasmarinas City,14.33,120.93
TS,2003,26.74,28.09,30.04,32.77,31.59,28.26,28.77,27.55,27.58,28.22,28.02,26.34,28.66,Dasmarinas City,14.33,120.93
TS,2004,27.64,28.38,30.82,32.59,29.86,27.64,28.03,27.32,28.36,28.17,27.8,26.66,28.6,Dasmarinas City,14.33,120.93
TS,2005,26.65,28.84,29.93,31.9,32.16,28.94,28.54,28.05,28.04,28.25,27.74,26.5,28.79,Dasmarinas City,14.33,120.93
TS,2006,26.77,27.32,29.4,32.09,30.76,29.66,27.82,27.55,28.11,28.13,27.64,26.89,28.51,Dasmarinas City,14.33,120.93
TS,2007,26.88,28.04,30.17,32.09,30.9,29.96,29.11,28.13,27.96,27.75,27.12,26.47,28.71,Dasmarinas City,14.33,120.93
TS,2008,26.44,26.95,28.85,30.86,28.83,28.92,27.74,27.61,27.76,28.08,27.28,26.42,27.98,Dasmarinas City,14.33,120.93
TS,2009,25.97,27.48,30.19,29.46,28.52,27.91,27.98,28.32,27.77,27.34,27.69,27.02,27.97,Dasmarinas City,14.33,120.93
TS,2010,27.87,29.65,30.7,32.31,33.06,30.16,28.91,28.17,28.33,28.09,27.32,26.76,29.27,Dasmarinas City,14.33,120.93
TS,2011,26.12,27.16,28.07,30.52,29.9,28.39,27.99,27.75,27.49,27.68,27.31,26.69,27.92,Dasmarinas City,14.33,120.93
TS,2012,26.98,27.33,28.37,30.73,30.21,28.17,27.94,27.29,27.83,27.68,27.85,28.02,28.2,Dasmarinas City,14.33,120.93
TS,2013,27.17,28.37,29.25,32.78,31.09,29.43,28.42,27.73,27.81,27.76,27.37,27.25,28.7,Dasmarinas City,14.33,120.93
TS,2014,26.05,28.68,30.04,32.49,32.48,29.52,27.89,27.95,28.1,28.02,27.72,26.62,28.79,Dasmarinas City,14.33,120.93
TS,2015,26.03,27.21,29.61,31.67,32.65,31.0,28.31,28.51,28.78,28.33,28.12,27.4,28.97,Dasmarinas City,14.33,120.93
TS,2016,27.38,27.53,30.52,32.71,31.83,29.87,29.01,28.03,28.17,27.95,27.58,27.16,28.98,Dasmarinas City,14.33,120.93
TS,2017,26.43,26.64,28.97,31.36,30.52,29.93,28.63,28.74,28.78,28.48,27.73,27.06,28.61,Dasmarinas City,14.33,120.93
TS,2018,26.74,27.76,29.25,31.52,31.48,28.89,27.84,27.73,28.04,28.77,28.26,27.74,28.67,Dasmarinas City,14.33,120.93
TS,2019,26.5,27.92,31.09,32.32,30.92,30.14,28.56,27.91,27.96,28.64,27.8,27.1,28.91,Dasmarinas City,14.33,120.93
TS,2020,27.28,26.82,29.27,29.86,30.78,30.0,29.32,28.48,28.93,28.37,27.5,27.09,28.65,Dasmarinas City,14.33,120.93
TS,2021,26.35,27.15,29.06,31.46,31.9,29.46,28.7,28.54,28.51,28.13,28.19,26.88,28.7,Dasmarinas City,14.33,120.93
TS,2022,27.13,28.28,30.06,29.84,30.81,29.67,29.13,28.26,28.17,28.29,27.78,27.01,28.7,Dasmarinas City,14.33,120.93
TS,2023,26.18,27.25,29.39,30.78,30.98,29.63,29.09,28.63,28.86,28.7,28.26,27.94,28.81,Dasmarinas City,14.33,120.93
TS,2024,27.4,28.65,30.1,32.92,32.61,30.51,29.06,29.2,28.56,28.6,28.36,27.62,29.46,Dasmarinas City,14.33,120.93
TS,2025,27.15,27.69,29.34,32.73,31.03,29.09,28.26,28.52,27.97,28.19,27.84,27.27,28.76,Dasmarinas City,14.33,120.93
WS2M,1990,4.49,4.56,3.98,3.8,3.28,3.9,3.51,5.33,3.54,3.16,3.97,5.01,4.04,Dasmarinas City,14.33,120.93
WS2M,1991,4.7,4.42,4.67,3.71,3.54,4.34,3.88,4.59,4.47,3.44,4.17,5.37,4.27,Dasmarinas City,14.33,120.93
WS2M,1992,3.94,4.3,4.1,3.27,3.26,3.22,3.29,5.06,3.93,3.55,4.64,5.18,3.98,Dasmarinas City,14.33,120.93
WS2M,1993,4.71,4.46,4.55,3.41,3.2,2.72,3.36,3.98,3.2,4.31,4.53,5.74,4.02,Dasmarinas City,14.33,120.93
WS2M,1994,4.25,4.37,5.13,3.51,2.59,3.01,5.49,3.7,3.18,3.57,5.03,5.33,4.1,Dasmarinas City,14.33,120.93
WS2M,1995,5.18,4.52,4.5,4.43,3.11,3.05,3.28,3.16,3.69,3.37,4.15,5.7,4.01,Dasmarinas City,14.33,120.93
WS2M,1996,5.1,5.62,5.06,3.88,3.31,2.88,4.23,3.22,3.37,2.87,4.87,5.45,4.15,Dasmarinas City,14.33,120.93
WS2M,1997,4.4,5.26,4.03,3.17,4.22,3.15,2.97,5.13,2.64,3.3,4.04,4.65,3.91,Dasmarinas City,14.33,120.93
WS2M,1998,4.69,3.62,4.59,4.03,4.06,2.54,2.09,2.59,3.87,4.15,3.45,4.84,3.71,Dasmarinas City,14.33,120.93
WS2M,1999,5.13,5.41,4.01,3.13,2.39,3.22,4.39,4.05,3.56,3.41,4.24,5.05,3.99,Dasmarinas City,14.33,120.93
WS2M,2000,4.86,4.71,4.2,3.12,3.5,2.8,4.68,3.73,4.29,3.85,4.28,4.68,4.06,Dasmarinas City,14.33,120.93
WS2M,2001,4.36,4.9,4.32,3.14,3.06,2.99,4.24,4.81,3.7,3.29,5.05,5.8,4.14,Dasmarinas City,14.33,120.93
WS2M,2002,4.71,4.79,4.57,4.09,3.38,2.68,5.49,3.66,3.15,2.76,4.14,4.1,3.96,Dasmarinas City,14.33,120.93
WS2M,2003,4.96,5.02,4.11,3.38,4.24,3.35,2.99,3.89,3.43,2.95,4.0,5.71,4.0,Dasmarinas City,14.33,120.93
WS2M,2004,4.28,4.25,3.73,3.11,3.97,4.61,2.72,5.09,2.69,3.06,4.82,4.65,3.91,Dasmarinas City,14.33,120.93
WS2M,2005,3.88,3.76,4.22,3.16,2.22,2.91,3.37,3.89,3.28,2.96,3.39,5.22,3.52,Dasmarinas City,14.33,120.93
WS2M,2006,3.94,4.91,3.67,3.42,3.41,2.84,4.51,4.1,2.74,3.05,3.28,5.13,3.75,Dasmarinas City,14.33,120.93
WS2M,2007,4.87,4.16,4.1,3.68,2.88,2.34,2.86,4.13,3.53,3.83,4.4,4.59,3.78,Dasmarinas City,14.33,120.93
WS2M,2008,4.83,5.15,3.86,4.11,3.22,2.93,3.27,3.36,3.67,2.88,3.8,4.92,3.83,Dasmarinas City,14.33,120.93
WS2M,2009,5.22,4.19,3.66,3.19,3.06,4.17,3.56,4.13,4.36,3.92,3.61,4.07,3.93,Dasmarinas City,14.33,120.93
WS2M,2010,4.65,3.58,4.37,3.43,2.63,2.33,2.31,3.45,2.48,3.48,3.22,3.91,3.32,Dasmarinas City,14.33,120.93
WS2M,2011,4.88,4.1,5.19,3.88,2.94,3.3,3.75,3.87,4.01,3.22,3.88,4.13,3.93,Dasmarinas City,14.33,120.93
WS2M,2012,4.03,4.17,4.46,3.1,2.2,4.47,3.59,4.99,2.76,3.41,3.51,4.2,3.74,Dasmarinas City,14.33,120.93
WS2M,2013,4.68,4.89,3.4,2.73,2.46,3.01,2.51,4.03,3.7,3.12,4.17,3.4,3.5,Dasmarinas City,14.33,120.93
WS2M,2014,4.68,3.39,3.99,2.65,2.35,3.39,4.12,3.25,3.43,2.7,3.66,5.13,3.57,Dasmarinas City,14.33,120.93
WS2M,2015,4.47,3.99,4.03,3.55,2.66,2.75,4.17,3.42,2.56,3.72,4.04,4.46,3.65,Dasmarinas City,14.33,120.93
WS2M,2016,3.91,4.25,3.32,3.29,2.76,2.49,2.87,4.67,3.16,3.34,3.98,4.37,3.53,Dasmarinas City,14.33,120.93
WS2M,2017,4.85,4.45,3.82,3.39,2.61,2.26,3.45,3.18,2.58,2.92,4.14,4.64,3.52,Dasmarinas City,14.33,120.93
WS2M,2018,4.51,3.7,3.85,3.53,2.85,3.91,4.33,5.19,3.14,2.99,4.15,4.57,3.9,Dasmarinas City,14.33,120.93
WS2M,2019,4.72,4.2,3.38,3.15,2.5,3.23,3.49,5.35,4.02,2.93,3.27,4.38,3.72,Dasmarinas City,14.33,120.93
WS2M,2020,4.19,5.13,3.61,3.52,2.49,2.53,2.31,3.06,2.36,3.33,4.22,3.68,3.36,Dasmarinas City,14.33,120.93
WS2M,2021,4.73,3.99,3.94,3.51,3.54,3.08,4.54,3.27,2.7,3.65,3.6,5.08,3.81,Dasmarinas City,14.33,120.93
WS2M,2022,4.24,4.61,3.79,3.88,2.75,2.21,2.49,3.09,3.59,3.56,3.57,4.15,3.49,Dasmarinas City,14.33,120.93
WS2M,2023,4.83,4.5,3.94,2.89,3.18,2.97,3.87,4.77,2.8,2.91,3.98,4.18,3.74,Dasmarinas City,14.33,120.93
WS2M,2024,4.74,4.74,4.16,3.61,3.17,2.34,3.47,2.87,4.03,3.47,3.29,4.41,3.69,Dasmarinas City,14.33,120.93
WS2M,2025,4.26,4.56,4.21,2.97,3.11,3.04,5.4,2.68,3.34,2.73,4.0,3.8,3.67,Dasmarinas City,14.33,120.93
ALLSKY_SFC_SW_DWN,1990,18.17,21.72,22.51,24.96,21.21,17.22,18.27,16.04,17.99,18.14,16.46,16.23,19.05,Tagaytay City,14.11,120.96
ALLSKY_SFC_SW_DWN,1991,17.38,19.5,23.2,23.67,23.1,19.18,16.68,12.57,15.47,17.59,16.71,17.17,18.51,Tagaytay City,14.11,120.96
ALLSKY_SFC_SW_DWN,1992,17.47,20.64,23.46,23.65,21.92,20.46,17.94,13.29,15.93,17.84,17.48,16.78,18.89,Tagaytay City,14.11,120.96
ALLSKY_SFC_SW_DWN,1993,18.42,21.06,22.47,24.08,24.36,20.87,18.04,16.24,15.75,16.89,16.46,14.12,19.04,Tagaytay City,14.11,120.96
ALLSKY_SFC_SW_DWN,1994,17.31,20.13,21.72,23.41,21.92,19.63,12.53,18.8,16.86,19.07,19.06,16.68,18.91,Tagaytay City,14.11,120.96
ALLSKY_SFC_SW_DWN,1995,17.24,20.14,22.69,25.05,21.19,21.11,17.95,16.67,14.69,16.83,15.28,13.83,18.54,Tagaytay City,14.11,120.96
ALLSKY_SFC_SW_DWN,1996,15.56,19.01,21.36,21.13,19.89,20.44,15.7,18.79,16.1,17.37,14.37,15.87,17.96,Tagaytay City,14.11,120.96
ALLSKY_SFC_SW_DWN,1997,16.76,18.1,21.75,22.86,20.25,20.3,17.16,15.27,17.7,18.96,17.98,16.66,18.64,Tagaytay City,14.11,120.96
ALLSKY_SFC_SW_DWN,1998,16.77,20.22,22.1,23.65,19.57,20.71,19.95,19.22,15.18,14.6,16.26,13.64,18.47,Tagaytay City,14.11,120.96
ALLSKY_SFC_SW_DWN,1999,14.94,18.27,19.68,20.95,20.95,17.62,15.91,16.01,16.34,16.77,15.21,13.79,17.19,Tagaytay City,14.11,120.96
ALLSKY_SFC_SW_DWN,2000,16.35,16.51,19.4,22.38,17.88,19.72,13.99,17.06,16.84,15.56,14.73,14.19,17.04,Tagaytay City,14.11,120.96
ALLSKY_SFC_SW_DWN,2001,16.61,16.75,20.93,23.06,19.93,18.82,17.16,14.25,17.83,17.58,17.12,15.09,17.92,Tagaytay City,14.11,120.96
ALLSKY_SFC_SW_DWN,2002,17.65,19.49,22.84,24.71,21.94,20.53,12.71,17.32,16.54,18.36,15.72,16.38,18.67,Tagaytay City,14.11,120.96
ALLSKY_SFC_SW_DWN,2003,17.38,20.41,22.8,24.58,19.22,18.83,19.37,16.39,16.2,18.82,16.83,15.54,18.85,Tagaytay City,14.11,120.96
ALLSKY_SFC_SW_DWN,2004,17.49,18.76,22.85,24.28,20.54,14.73,20.08,15.69,20.23,18.54,15.33,16.05,18.72,Tagaytay City,14.11,120.96
ALLSKY_SFC_SW_DWN,2005,17.14,20.31,21.61,24.0,23.43,18.56,17.22,14.85,15.88,16.95,15.62,12.81,18.18,Tagaytay City,14.11,120.96
ALLSKY_SFC_SW_DWN,2006,15.53,18.66,21.98,24.6,20.56,20.85,12.31,14.35,18.09,17.1,17.24,14.39,17.94,Tagaytay City,14.11,120.96
ALLSKY_SFC_SW_DWN,2007,16.2,20.45,22.37,23.91,21.06,19.64,19.22,13.51,15.98,15.57,13.82,15.5,18.08,Tagaytay City,14.11,120.96
ALLSKY_SFC_SW_DWN,2008,15.49,16.25,21.94,22.61,18.64,20.51,17.34,16.01,16.85,17.15,14.87,14.47,17.67,Tagaytay City,14.11,120.96
ALLSKY_SFC_SW_DWN,2009,14.97,18.02,21.28,20.3,20.24,16.46,16.79,17.59,13.23,14.94,17.59,17.24,17.39,Tagaytay City,14.11,120.96
ALLSKY_SFC_SW_DWN,2010,17.29,22.02,22.61,24.49,24.41,18.96,18.92,17.62,19.22,15.55,15.31,14.54,19.22,Tagaytay City,14.11,120.96
ALLSKY_SFC_SW_DWN,2011,15.04,18.76,19.32,23.29,20.69,16.77,15.28,14.52,15.11,17.38,15.71,13.76,17.12,Tagaytay City,14.11,120.96
ALLSKY_SFC_SW_DWN,2012,16.27,18.66,18.76,24.62,20.63,16.81,15.51,13.33,16.23,16.53,18.29,15.5,17.57,Tagaytay City,14.11,120.96
ALLSKY_SFC_SW_DWN,2013,15.91,18.42,21.98,24.24,21.14,19.1,18.05,13.75,13.95,17.14,15.75,15.38,17.89,Tagaytay City,14.11,120.96
ALLSKY_SFC_SW_DWN,2014,17.17,20.26,21.73,23.91,24.27,17.6,14.99,17.92,16.71,17.75,17.13,13.29,18.54,Tagaytay City,14.11,120.96
ALLSKY_SFC_SW_DWN,2015,16.24,20.15,22.29,24.78,23.71,22.45,16.5,18.49,20.68,17.69,18.61,15.53,19.74,Tagaytay City,14.11,120.96
ALLSKY_SFC_SW_DWN,2016,18.22,18.92,23.14,25.13,22.41,19.94,18.91,14.1,16.8,16.12,15.82,14.52,18.66,Tagaytay City,14.11,120.96
ALLSKY_SFC_SW_DWN,2017,15.21,19.0,22.49,24.15,21.8,21.44,15.93,18.75,17.91,15.8,15.83,14.31,18.53,Tagaytay City,14.11,120.96
ALLSKY_SFC_SW_DWN,2018,15.37,20.27,22.62,24.53,23.64,15.56,12.8,14.11,18.68,20.34,18.21,14.05,18.32,Tagaytay City,14.11,120.96
ALLSKY_SFC_SW_DWN,2019,17.4,21.52,24.25,24.96,21.36,20.74,17.3,13.76,15.88,20.42,15.29,15.76,19.03,Tagaytay City,14.11,120.96
ALLSKY_SFC_SW_DWN,2020,17.35,19.87,24.03,23.88,23.06,21.32,20.27,16.84,20.28,14.9,15.35,14.37,19.28,Tagaytay City,14.11,120.96
ALLSKY_SFC_SW_DWN,2021,15.11,18.97,21.71,23.23,23.86,19.15,14.79,18.43,17.9,15.78,17.23,15.61,18.47,Tagaytay City,14.11,120.96
ALLSKY_SFC_SW_DWN,2022,17.8,18.11,22.98,21.41,22.26,21.09,17.8,16.01,16.05,16.83,16.85,14.3,18.46,Tagaytay City,14.11,120.96
ALLSKY_SFC_SW_DWN,2023,15.11,18.84,23.78,22.27,21.85,19.16,16.42,17.57,16.95,16.61,17.18,15.74,18.45,Tagaytay City,14.11,120.96
ALLSKY_SFC_SW_DWN,2024,17.12,21.06,22.14,25.92,22.92,20.66,15.12,19.55,14.06,15.79,17.45,13.07,18.72,Tagaytay City,14.11,120.96
ALLSKY_SFC_SW_DWN,2025,15.93,17.29,21.27,24.49,22.13,17.21,12.27,17.88,14.37,16.12,14.45,15.18,17.38,Tagaytay City,14.11,120.96
EVLAND,1990,3.8,3.17,2.23,1.02,2.01,3.34,3.96,4.81,3.78,3.8,4.52,5.01,3.46,Tagaytay City,14.11,120.96
EVLAND,1991,4.64,4.52,4.33,2.75,2.53,3.48,3.55,3.43,3.57,4.42,4.31,4.94,3.87,Tagaytay City,14.11,120.96
EVLAND,1992,4.08,3.72,2.29,1.78,1.94,2.38,3.31,3.72,3.64,3.88,4.99,4.89,3.39,Tagaytay City,14.11,120.96
EVLAND,1993,4.4,3.91,2.81,1.52,1.46,2.09,3.3,3.34,3.25,4.32,3.7,4.76,3.24,Tagaytay City,14.11,120.96
EVLAND,1994,4.49,4.88,4.41,3.47,2.6,3.32,3.64,3.88,3.43,4.46,5.04,4.33,3.99,Tagaytay City,14.11,120.96
EVLAND,1995,4.24,4.02,2.64,1.36,2.09,3.53,3.34,3.39,3.57,4.1,3.93,4.17,3.36,Tagaytay City,14.11,120.96
EVLAND,1996,4.4,5.18,3.86,3.79,3.22,3.38,3.29,3.71,3.64,3.3,4.06,5.18,3.91,Tagaytay City,14.11,120.96
EVLAND,1997,4.36,4.66,3.5,1.97,2.61,2.95,3.1,3.67,3.71,4.37,4.54,4.01,3.62,Tagaytay City,14.11,120.96
EVLAND,1998,3.13,2.01,1.54,0.57,1.78,2.67,3.56,3.43,3.49,3.42,3.15,4.0,2.74,Tagaytay City,14.11,120.96
EVLAND,1999,4.75,5.45,4.84,4.78,3.89,3.66,3.47,3.89,3.53,3.49,4.11,3.73,4.12,Tagaytay City,14.11,120.96
EVLAND,2000,4.98,4.64,4.4,4.45,3.83,3.45,3.9,3.49,3.97,3.62,4.0,3.78,4.04,Tagaytay City,14.11,120.96
EVLAND,2001,4.54,5.33,4.62,4.34,3.86,3.28,4.15,3.62,3.28,3.54,4.71,5.15,4.2,Tagaytay City,14.11,120.96
EVLAND,2002,4.6,4.74,3.56,2.49,2.43,3.47,3.92,3.68,3.68,3.69,3.84,4.36,3.7,Tagaytay City,14.11,120.96
EVLAND,2003,4.73,4.27,2.27,1.61,2.58,3.98,3.88,3.55,3.74,4.57,4.34,4.86,3.7,Tagaytay City,14.11,120.96
EVLAND,2004,4.32,3.8,3.4,2.12,3.43,3.48,3.52,3.66,4.08,4.78,4.57,4.51,3.81,Tagaytay City,14.11,120.96
EVLAND,2005,4.38,4.05,2.94,2.76,1.59,2.87,3.16,3.66,3.71,3.92,4.03,3.9,3.41,Tagaytay City,14.11,120.96
EVLAND,2006,4.42,5.47,4.85,3.65,2.89,3.55,3.3,3.87,3.74,4.37,3.73,4.34,4.01,Tagaytay City,14.11,120.96
EVLAND,2007,4.94,4.58,3.45,2.01,3.02,3.02,3.59,3.63,3.27,3.94,4.11,4.45,3.67,Tagaytay City,14.11,120.96
EVLAND,2008,4.6,4.73,5.32,4.22,4.23,3.93,3.69,4.0,3.62,3.6,3.47,4.37,4.15,Tagaytay City,14.11,120.96
EVLAND,2009,4.63,4.32,4.7,4.27,4.58,3.94,3.52,4.29,3.74,4.12,4.64,4.34,4.26,Tagaytay City,14.11,120.96
EVLAND,2010,4.22,3.08,2.52,1.67,1.58,2.2,3.6,3.88,3.85,3.36,3.24,3.73,3.08,Tagaytay City,14.11,120.96
EVLAND,2011,4.38,4.72,4.94,3.93,3.61,3.9,4.07,3.94,3.66,3.72,3.85,4.04,4.06,Tagaytay City,14.11,120.96
EVLAND,2012,4.78,4.5,5.05,4.74,4.2,3.61,3.81,4.25,3.88,4.65,4.23,4.23,4.33,Tagaytay City,14.11,120.96
EVLAND,2013,4.6,4.88,4.63,2.54,2.48,3.78,3.81,3.48,3.66,4.37,4.38,3.84,3.87,Tagaytay City,14.11,120.96
EVLAND,2014,4.55,3.99,2.99,1.92,1.83,2.88,3.49,4.03,3.92,4.08,4.22,4.52,3.53,Tagaytay City,14.11,120.96
EVLAND,2015,4.69,4.78,3.6,2.03,1.45,2.73,3.77,3.8,3.95,4.48,4.71,4.52,3.7,Tagaytay City,14.11,120.96
EVLAND,2016,4.75,4.81,4.43,3.15,2.26,2.92,4.0,3.79,3.44,3.78,4.27,4.07,3.8,Tagaytay City,14.11,120.96
EVLAND,2017,4.79,5.04,4.83,3.89,3.73,3.98,4.11,4.04,4.01,3.9,4.23,4.32,4.23,Tagaytay City,14.11,120.96
EVLAND,2018,4.33,4.82,4.99,4.01,3.08,3.62,3.49,4.16,4.14,4.44,4.7,4.07,4.15,Tagaytay City,14.11,120.96
EVLAND,2019,5.07,4.37,2.01,1.66,2.54,3.32,3.42,4.02,4.19,4.41,3.61,4.63,3.6,Tagaytay City,14.11,120.96
EVLAND,2020,4.87,5.52,5.78,5.76,4.58,4.27,3.84,4.01,3.93,3.48,4.27,3.6,4.49,Tagaytay City,14.11,120.96
EVLAND,2021,4.59,4.95,5.3,4.74,3.12,3.35,3.89,4.06,3.73,3.91,3.9,4.58,4.17,Tagaytay City,14.11,120.96
EVLAND,2022,4.36,4.76,4.22,4.6,4.44,4.06,4.07,3.79,3.76,3.9,3.56,3.97,4.12,Tagaytay City,14.11,120.96
EVLAND,2023,4.48,5.13,4.74,3.53,3.71,3.71,4.4,4.2,3.95,3.81,4.18,4.58,4.2,Tagaytay City,14.11,120.96
EVLAND,2024,4.86,4.61,2.82,1.7,2.14,4.2,4.08,4.15,3.73,4.09,4.3,4.21,3.74,Tagaytay City,14.11,120.96
EVLAND,2025,4.55,5.0,5.08,4.4,4.17,4.11,4.38,4.1,3.86,3.71,3.88,4.09,4.27,Tagaytay City,14.11,120.96
GWETROOT,1990,0.73,0.66,0.59,0.54,0.59,0.78,0.91,0.97,0.94,0.97,0.97,0.94,0.8,Tagaytay City,14.11,120.96
GWETROOT,1991,0.84,0.74,0.69,0.61,0.61,0.68,0.84,0.94,0.94,0.88,0.88,0.89,0.8,Tagaytay City,14.11,120.96
GWETROOT,1992,0.81,0.7,0.6,0.56,0.57,0.62,0.77,0.89,0.89,0.92,0.95,0.89,0.76,Tagaytay City,14.11,120.96
GWETROOT,1993,0.79,0.72,0.62,0.56,0.55,0.59,0.73,0.84,0.9,0.95,0.95,0.98,0.77,Tagaytay City,14.11,120.96
GWETROOT,1994,0.95,0.85,0.7,0.65,0.64,0.7,0.84,0.84,0.85,0.9,0.84,0.79,0.8,Tagaytay City,14.11,120.96
GWETROOT,1995,0.78,0.75,0.62,0.55,0.58,0.72,0.8,0.89,0.96,0.98,0.98,0.98,0.8,Tagaytay City,14.11,120.96
GWETROOT,1996,0.93,0.82,0.68,0.7,0.68,0.74,0.84,0.91,0.9,0.91,0.98,0.96,0.84,Tagaytay City,14.11,120.96
GWETROOT,1997,0.82,0.72,0.66,0.58,0.61,0.67,0.8,0.89,0.88,0.86,0.77,0.74,0.75,Tagaytay City,14.11,120.96
GWETROOT,1998,0.66,0.6,0.56,0.53,0.57,0.65,0.78,0.82,0.85,0.98,0.99,0.99,0.75,Tagaytay City,14.11,120.96
GWETROOT,1999,0.98,0.88,0.83,0.88,0.86,0.86,0.93,0.97,0.97,0.97,0.98,0.99,0.93,Tagaytay City,14.11,120.96
GWETROOT,2000,0.94,0.91,0.88,0.8,0.76,0.79,0.94,0.91,0.95,0.97,0.99,0.98,0.9,Tagaytay City,14.11,120.96
GWETROOT,2001,0.92,0.89,0.83,0.74,0.71,0.78,0.91,0.95,0.92,0.92,0.96,0.96,0.87,Tagaytay City,14.11,120.96
GWETROOT,2002,0.87,0.75,0.65,0.6,0.61,0.68,0.87,0.94,0.96,0.98,0.98,0.95,0.82,Tagaytay City,14.11,120.96
GWETROOT,2003,0.85,0.72,0.6,0.56,0.61,0.76,0.85,0.92,0.96,0.95,0.93,0.89,0.8,Tagaytay City,14.11,120.96
GWETROOT,2004,0.8,0.71,0.65,0.59,0.68,0.84,0.85,0.94,0.9,0.92,0.93,0.92,0.81,Tagaytay City,14.11,120.96
GWETROOT,2005,0.85,0.71,0.63,0.61,0.57,0.68,0.84,0.92,0.97,0.98,0.97,0.99,0.81,Tagaytay City,14.11,120.96
GWETROOT,2006,0.95,0.9,0.79,0.66,0.67,0.74,0.89,0.96,0.94,0.96,0.95,0.96,0.86,Tagaytay City,14.11,120.96
GWETROOT,2007,0.91,0.79,0.66,0.59,0.64,0.71,0.85,0.89,0.93,0.98,0.98,0.97,0.83,Tagaytay City,14.11,120.96
GWETROOT,2008,0.96,0.91,0.86,0.74,0.83,0.87,0.93,0.93,0.93,0.98,0.99,0.97,0.91,Tagaytay City,14.11,120.96
GWETROOT,2009,0.93,0.87,0.78,0.81,0.95,0.97,0.96,0.94,0.95,0.97,0.95,0.88,0.91,Tagaytay City,14.11,120.96
GWETROOT,2010,0.78,0.67,0.6,0.57,0.55,0.6,0.8,0.95,0.96,0.98,0.99,0.98,0.79,Tagaytay City,14.11,120.96
GWETROOT,2011,0.95,0.88,0.84,0.69,0.71,0.88,0.95,0.98,0.96,0.98,0.98,0.99,0.9,Tagaytay City,14.11,120.96
GWETROOT,2012,0.95,0.92,0.85,0.82,0.76,0.81,0.93,0.98,0.98,0.97,0.93,0.87,0.9,Tagaytay City,14.11,120.96
GWETROOT,2013,0.87,0.78,0.74,0.61,0.62,0.79,0.95,0.99,0.99,0.98,0.98,0.97,0.86,Tagaytay City,14.11,120.96
GWETROOT,2014,0.87,0.72,0.63,0.59,0.57,0.66,0.8,0.85,0.97,0.99,0.96,0.97,0.8,Tagaytay City,14.11,120.96
GWETROOT,2015,0.93,0.79,0.65,0.59,0.55,0.62,0.74,0.79,0.89,0.93,0.89,0.92,0.77,Tagaytay City,14.11,120.96
GWETROOT,2016,0.89,0.81,0.75,0.63,0.59,0.66,0.8,0.89,0.89,0.97,0.98,0.98,0.82,Tagaytay City,14.11,120.96
GWETROOT,2017,0.96,0.9,0.76,0.65,0.68,0.75,0.89,0.95,0.97,0.99,0.99,0.98,0.87,Tagaytay City,14.11,120.96
GWETROOT,2018,0.95,0.88,0.78,0.67,0.64,0.85,0.96,0.97,0.96,0.91,0.84,0.87,0.86,Tagaytay City,14.11,120.96
GWETROOT,2019,0.9,0.73,0.6,0.56,0.6,0.69,0.78,0.91,0.94,0.91,0.95,0.93,0.79,Tagaytay City,14.11,120.96
GWETROOT,2020,0.87,0.86,0.89,0.84,0.83,0.91,0.96,0.98,0.93,0.99,1.0,0.99,0.92,Tagaytay City,14.11,120.96
GWETROOT,2021,0.97,0.91,0.86,0.73,0.65,0.73,0.87,0.93,0.98,0.99,0.96,0.92,0.87,Tagaytay City,14.11,120.96
GWETROOT,2022,0.85,0.81,0.76,0.79,0.78,0.85,0.94,0.98,0.98,0.99,0.99,0.97,0.89,Tagaytay City,14.11,120.96
GWETROOT,2023,0.98,0.9,0.75,0.65,0.65,0.73,0.87,0.91,0.91,0.95,0.97,0.95,0.85,Tagaytay City,14.11,120.96
GWETROOT,2024,0.9,0.74,0.62,0.57,0.58,0.78,0.92,0.95,0.98,0.98,0.96,0.97,0.83,Tagaytay City,14.11,120.96
GWETROOT,2025,0.96,0.92,0.84,0.72,0.7,0.83,0.93,0.95,0.99,0.99,0.99,0.98,0.9,Tagaytay City,14.11,120.96
PRECTOTCORR,1990,3.0,0.95,1.46,0.23,5.18,9.77,8.63,10.64,6.76,11.16,11.43,7.35,6.42,Tagaytay City,14.11,120.96
PRECTOTCORR,1991,2.26,4.29,2.83,1.98,3.42,7.04,8.22,8.88,4.37,4.63,8.14,6.01,5.18,Tagaytay City,14.11,120.96
PRECTOTCORR,1992,2.25,1.47,0.99,1.25,2.95,3.56,10.15,5.43,5.12,7.07,12.36,4.35,4.75,Tagaytay City,14.11,120.96
PRECTOTCORR,1993,4.11,1.46,1.1,1.05,1.38,4.45,6.08,7.59,5.69,9.22,10.08,21.97,6.23,Tagaytay City,14.11,120.96
PRECTOTCORR,1994,5.55,2.05,1.7,4.3,2.78,7.81,6.8,3.16,6.97,6.72,4.28,7.81,5.01,Tagaytay City,14.11,120.96
PRECTOTCORR,1995,3.06,4.07,0.47,0.57,4.61,6.4,7.32,8.07,13.78,10.99,11.56,19.42,7.55,Tagaytay City,14.11,120.96
PRECTOTCORR,1996,3.57,1.92,2.16,6.2,3.32,6.71,8.92,3.25,6.59,8.11,16.4,6.36,6.12,Tagaytay City,14.11,120.96
PRECTOTCORR,1997,1.77,4.47,1.51,1.15,5.52,3.42,9.2,4.54,6.21,2.44,4.08,4.22,4.04,Tagaytay City,14.11,120.96
PRECTOTCORR,1998,1.65,0.51,0.89,0.4,3.67,5.88,4.96,5.09,8.32,15.01,8.75,23.19,6.58,Tagaytay City,14.11,120.96
PRECTOTCORR,1999,9.05,3.76,9.11,6.91,4.56,6.49,6.59,10.16,6.09,13.09,13.35,14.82,8.71,Tagaytay City,14.11,120.96
PRECTOTCORR,2000,6.0,6.02,5.87,3.14,5.4,6.05,9.41,4.62,9.4,11.67,10.42,14.07,7.69,Tagaytay City,14.11,120.96
PRECTOTCORR,2001,2.69,9.09,4.15,2.08,4.98,8.93,6.16,8.33,1.93,11.16,12.39,14.22,7.17,Tagaytay City,14.11,120.96
PRECTOTCORR,2002,1.96,2.92,2.53,1.83,3.46,6.34,12.32,8.2,8.29,10.11,12.49,7.1,6.48,Tagaytay City,14.11,120.96
PRECTOTCORR,2003,2.6,1.59,0.72,1.49,7.66,5.34,7.72,6.79,8.18,6.92,7.44,5.46,5.18,Tagaytay City,14.11,120.96
PRECTOTCORR,2004,2.64,2.89,1.93,1.4,7.61,6.78,7.33,6.34,3.57,9.8,14.69,5.44,5.88,Tagaytay City,14.11,120.96
PRECTOTCORR,2005,3.86,1.49,2.24,2.16,1.74,6.83,7.34,7.01,10.93,12.07,7.61,23.08,7.25,Tagaytay City,14.11,120.96
PRECTOTCORR,2006,6.2,4.0,4.56,0.4,5.52,8.54,8.49,5.86,11.91,6.82,5.73,13.97,6.86,Tagaytay City,14.11,120.96
PRECTOTCORR,2007,4.67,1.69,1.34,1.92,5.25,6.79,5.49,7.79,8.61,9.51,16.01,10.65,6.67,Tagaytay City,14.11,120.96
PRECTOTCORR,2008,10.26,10.19,2.73,4.48,10.46,9.02,5.24,5.79,8.18,11.39,13.6,12.46,8.64,Tagaytay City,14.11,120.96
PRECTOTCORR,2009,6.01,4.36,4.04,15.25,11.0,8.13,7.26,4.53,14.32,10.85,7.75,2.62,8.0,Tagaytay City,14.11,120.96
PRECTOTCORR,2010,3.77,0.22,2.14,1.22,1.15,4.84,13.79,7.0,8.19,10.75,14.79,11.81,6.69,Tagaytay City,14.11,120.96
PRECTOTCORR,2011,5.19,4.51,5.95,1.72,7.18,13.12,9.74,8.82,7.98,12.22,13.76,15.39,8.83,Tagaytay City,14.11,120.96
PRECTOTCORR,2012,6.48,8.5,8.2,1.96,5.82,3.86,17.14,10.4,10.88,11.83,3.97,6.51,7.99,Tagaytay City,14.11,120.96
PRECTOTCORR,2013,5.15,6.97,2.57,0.7,4.38,11.63,12.61,13.4,13.79,7.69,16.1,8.54,8.62,Tagaytay City,14.11,120.96
PRECTOTCORR,2014,1.59,1.29,2.21,0.82,2.95,5.1,9.46,7.72,11.97,12.79,8.85,17.08,6.87,Tagaytay City,14.11,120.96
PRECTOTCORR,2015,4.03,2.08,1.6,1.07,0.81,5.11,6.58,7.18,7.07,7.79,6.24,15.71,5.47,Tagaytay City,14.11,120.96
PRECTOTCORR,2016,3.09,5.26,3.21,1.07,3.02,5.88,6.56,8.25,6.16,12.4,14.16,16.14,7.11,Tagaytay City,14.11,120.96
PRECTOTCORR,2017,7.79,3.97,1.92,3.56,5.17,6.83,10.84,8.25,16.82,11.34,17.54,17.0,9.27,Tagaytay City,14.11,120.96
PRECTOTCORR,2018,7.11,3.34,2.95,2.47,4.87,10.83,13.16,6.04,8.29,4.53,5.66,16.07,7.14,Tagaytay City,14.11,120.96
PRECTOTCORR,2019,3.1,0.76,0.27,1.3,5.22,5.3,6.96,8.92,7.73,6.24,7.03,10.39,5.3,Tagaytay City,14.11,120.96
PRECTOTCORR,2020,4.81,19.6,12.63,13.49,7.07,24.05,8.31,6.72,6.5,30.04,28.29,20.58,15.12,Tagaytay City,14.11,120.96
PRECTOTCORR,2021,7.77,6.42,6.14,1.76,2.91,5.58,15.17,5.8,13.59,11.24,7.19,7.2,7.58,Tagaytay City,14.11,120.96
PRECTOTCORR,2022,3.25,5.29,3.3,8.12,6.23,8.48,8.02,9.97,11.11,17.01,8.24,10.86,8.34,Tagaytay City,14.11,120.96
PRECTOTCORR,2023,12.48,4.18,0.9,3.21,4.37,7.57,11.64,4.56,6.45,8.75,13.73,10.53,7.39,Tagaytay City,14.11,120.96
PRECTOTCORR,2024,3.01,1.23,1.65,0.59,7.75,7.14,14.32,5.9,10.88,16.99,5.89,19.68,7.98,Tagaytay City,14.11,120.96
PRECTOTCORR,2025,7.87,7.88,4.46,1.72,6.93,9.44,14.19,8.35,13.79,14.72,17.96,9.77,9.76,Tagaytay City,14.11,120.96
RH2M,1990,85.89,80.63,74.39,66.54,74.45,86.98,87.48,87.99,87.85,89.87,89.19,89.24,83.41,Tagaytay City,14.11,120.96
RH2M,1991,87.7,85.26,80.87,75.25,74.95,82.95,86.61,90.94,88.86,84.6,88.34,88.73,84.59,Tagaytay City,14.11,120.96
RH2M,1992,86.43,80.18,73.74,68.43,72.13,77.75,85.06,88.82,88.35,89.01,88.44,88.37,82.25,Tagaytay City,14.11,120.96
RH2M,1993,86.2,82.5,75.09,70.55,69.42,75.51,86.05,88.09,88.6,90.03,91.86,91.31,82.95,Tagaytay City,14.11,120.96
RH2M,1994,89.23,85.61,82.28,77.7,78.17,83.62,90.02,85.8,88.03,86.81,87.14,86.55,85.09,Tagaytay City,14.11,120.96
RH2M,1995,85.78,83.74,75.93,68.81,76.55,82.75,85.93,89.28,89.94,89.63,91.69,92.34,84.38,Tagaytay City,14.11,120.96
RH2M,1996,89.6,85.6,82.21,84.7,81.76,85.54,87.63,85.98,87.81,88.78,91.4,87.83,86.57,Tagaytay City,14.11,120.96
RH2M,1997,86.81,85.41,78.02,70.56,77.01,79.62,89.24,88.57,87.65,85.92,85.7,84.97,83.3,Tagaytay City,14.11,120.96
RH2M,1998,79.94,75.26,69.51,63.17,74.63,79.2,82.6,86.0,87.86,91.81,92.0,91.9,81.21,Tagaytay City,14.11,120.96
RH2M,1999,90.39,86.47,88.02,87.07,84.76,87.13,88.24,89.13,89.24,90.44,90.83,92.84,88.73,Tagaytay City,14.11,120.96
RH2M,2000,88.26,89.63,89.24,84.58,84.53,86.98,88.53,88.03,89.2,91.23,91.33,92.22,88.65,Tagaytay City,14.11,120.96
RH2M,2001,88.54,87.82,87.31,81.21,81.16,85.62,88.42,90.32,88.47,90.44,89.6,90.08,87.43,Tagaytay City,14.11,120.96
RH2M,2002,87.32,84.69,79.53,73.34,76.68,78.96,89.03,87.67,88.16,89.11,91.29,89.94,84.66,Tagaytay City,14.11,120.96
RH2M,2003,86.86,83.16,75.45,68.88,77.2,84.28,86.19,88.68,89.37,86.74,89.01,88.06,83.67,Tagaytay City,14.11,120.96
RH2M,2004,87.69,83.88,78.04,71.75,84.16,89.83,86.08,91.04,84.43,84.87,90.6,89.11,85.14,Tagaytay City,14.11,120.96
RH2M,2005,87.44,83.12,78.34,74.14,72.2,84.9,88.6,87.38,89.77,89.75,89.94,92.83,84.88,Tagaytay City,14.11,120.96
RH2M,2006,89.7,87.39,85.49,76.64,81.11,84.21,89.17,89.21,86.51,87.0,89.47,90.95,86.42,Tagaytay City,14.11,120.96
RH2M,2007,88.29,85.25,79.11,72.39,77.54,83.59,85.25,86.62,89.48,90.33,90.56,91.07,84.96,Tagaytay City,14.11,120.96
RH2M,2008,90.37,89.63,85.81,85.31,85.74,85.49,87.32,85.04,88.2,89.69,92.09,90.67,87.94,Tagaytay City,14.11,120.96
RH2M,2009,89.29,88.88,84.66,85.88,87.83,88.14,88.37,86.57,89.1,88.19,89.22,87.44,87.79,Tagaytay City,14.11,120.96
RH2M,2010,86.77,79.53,76.99,72.29,68.16,76.58,83.83,87.08,86.26,90.13,91.68,92.03,82.65,Tagaytay City,14.11,120.96
RH2M,2011,89.92,86.85,87.4,79.32,82.31,86.91,87.2,89.39,89.54,89.11,90.41,91.52,87.51,Tagaytay City,14.11,120.96
RH2M,2012,89.53,89.55,87.83,84.01,80.81,86.95,88.28,89.31,88.13,86.22,88.89,88.95,87.36,Tagaytay City,14.11,120.96
RH2M,2013,87.74,86.23,83.97,72.28,76.75,83.37,86.94,89.32,89.25,87.37,91.18,90.93,85.45,Tagaytay City,14.11,120.96
RH2M,2014,85.87,83.33,78.74,72.25,71.53,81.11,88.26,85.46,87.05,88.23,90.39,91.15,83.63,Tagaytay City,14.11,120.96
RH2M,2015,87.32,84.97,79.1,73.52,67.28,76.72,83.96,84.52,85.65,86.23,89.21,89.73,82.34,Tagaytay City,14.11,120.96
RH2M,2016,87.73,87.09,81.79,73.64,73.58,80.59,82.54,89.09,87.85,89.08,90.82,92.01,84.65,Tagaytay City,14.11,120.96
RH2M,2017,89.9,87.93,84.27,76.5,80.46,81.34,86.93,85.89,85.95,88.09,91.69,91.28,85.86,Tagaytay City,14.11,120.96
RH2M,2018,90.42,87.22,83.69,79.7,79.76,87.17,90.77,88.4,87.21,85.88,87.95,90.49,86.56,Tagaytay City,14.11,120.96
RH2M,2019,87.35,82.18,72.62,68.75,73.87,83.14,85.52,89.16,87.3,86.34,89.16,89.27,82.9,Tagaytay City,14.11,120.96
RH2M,2020,86.36,87.12,85.52,83.79,83.1,84.62,85.35,85.82,85.02,90.42,91.16,91.96,86.69,Tagaytay City,14.11,120.96
RH2M,2021,89.69,87.66,87.29,79.66,79.66,83.76,88.79,84.78,88.02,90.08,91.1,89.08,86.63,Tagaytay City,14.11,120.96
RH2M,2022,87.47,88.21,85.09,85.8,81.46,83.45,85.68,86.68,89.14,89.48,91.8,90.6,87.06,Tagaytay City,14.11,120.96
RH2M,2023,91.48,87.47,83.36,77.57,78.32,84.26,86.04,87.98,85.31,89.28,91.12,90.78,86.09,Tagaytay City,14.11,120.96
RH2M,2024,88.01,83.39,78.56,70.07,73.67,82.27,87.15,85.07,88.95,88.63,87.9,92.03,83.83,Tagaytay City,14.11,120.96
RH2M,2025,90.29,89.09,87.24,78.89,81.6,85.67,88.45,84.86,89.26,89.73,91.28,90.98,87.27,Tagaytay City,14.11,120.96
T2M_MAX,1990,30.13,32.06,34.27,38.34,37.4,32.06,31.73,31.28,31.61,30.88,30.91,28.73,38.34,Tagaytay City,14.11,120.96
T2M_MAX,1991,29.46,30.65,31.38,35.52,35.69,33.86,32.47,31.07,31.39,31.36,29.9,28.95,35.69,Tagaytay City,14.11,120.96
T2M_MAX,1992,31.1,32.55,33.19,36.95,35.48,34.5,32.79,30.61,31.56,31.29,30.09,28.54,36.95,Tagaytay City,14.11,120.96
T2M_MAX,1993,29.73,31.33,34.73,35.37,37.0,35.98,32.71,32.49,32.69,30.0,29.63,28.5,37.0,Tagaytay City,14.11,120.96
T2M_MAX,1994,29.58,31.39,31.88,34.41,36.04,33.06,29.76,32.59,31.17,31.3,29.4,29.32,36.04,Tagaytay City,14.11,120.96
T2M_MAX,1995,29.3,31.16,34.18,35.02,35.98,34.0,32.41,31.42,30.97,31.12,29.91,27.78,35.98,Tagaytay City,14.11,120.96
T2M_MAX,1996,28.47,31.03,32.35,31.91,34.4,32.78,31.68,31.82,33.17,31.3,30.25,28.61,34.4,Tagaytay City,14.11,120.96
T2M_MAX,1997,29.25,30.31,33.85,35.41,36.44,34.1,31.4,31.02,33.89,32.13,31.4,30.62,36.44,Tagaytay City,14.11,120.96
T2M_MAX,1998,33.28,34.57,36.05,36.5,36.21,34.99,34.45,32.62,32.69,30.73,30.39,29.93,36.5,Tagaytay City,14.11,120.96
T2M_MAX,1999,29.31,29.94,30.94,35.5,34.29,31.88,31.66,30.78,30.75,31.05,29.98,28.43,35.5,Tagaytay City,14.11,120.96
T2M_MAX,2000,29.27,31.34,30.43,33.4,34.51,32.06,30.53,30.92,32.21,30.94,29.57,29.43,34.51,Tagaytay City,14.11,120.96
T2M_MAX,2001,30.45,31.38,30.98,34.62,35.4,34.19,30.52,31.24,30.97,31.34,31.05,28.87,35.4,Tagaytay City,14.11,120.96
T2M_MAX,2002,29.8,30.87,32.68,35.73,35.82,34.19,33.2,32.34,31.14,31.67,30.58,30.13,35.82,Tagaytay City,14.11,120.96
T2M_MAX,2003,28.85,29.67,34.22,37.53,36.8,33.5,32.97,32.24,33.89,32.19,30.39,28.7,37.53,Tagaytay City,14.11,120.96
T2M_MAX,2004,30.2,31.18,35.63,36.81,34.83,30.66,32.04,29.94,32.9,31.38,29.88,29.08,36.81,Tagaytay City,14.11,120.96
T2M_MAX,2005,29.14,31.85,34.41,35.76,37.43,33.19,31.95,31.84,32.15,31.74,31.1,29.42,37.43,Tagaytay City,14.11,120.96
T2M_MAX,2006,29.36,29.82,32.65,34.98,35.76,34.13,31.95,33.43,31.83,31.76,30.91,30.06,35.76,Tagaytay City,14.11,120.96
T2M_MAX,2007,29.81,30.8,33.66,37.44,36.68,36.08,32.19,32.42,32.36,30.08,30.25,29.89,37.44,Tagaytay City,14.11,120.96
T2M_MAX,2008,29.11,29.91,37.02,32.94,31.84,31.58,31.26,37.92,32.72,31.21,30.26,29.19,37.92,Tagaytay City,14.11,120.96
T2M_MAX,2009,29.74,30.17,32.7,32.76,31.46,32.43,32.36,33.28,32.94,30.87,30.73,29.16,33.28,Tagaytay City,14.11,120.96
T2M_MAX,2010,29.55,32.51,35.16,35.64,37.24,35.41,34.3,32.47,32.73,31.24,30.27,29.47,37.24,Tagaytay City,14.11,120.96
T2M_MAX,2011,28.76,31.03,30.35,34.53,34.27,32.26,32.24,31.49,30.67,32.03,30.98,30.17,34.53,Tagaytay City,14.11,120.96
T2M_MAX,2012,29.76,30.24,30.99,32.83,34.24,31.85,33.8,31.51,32.48,31.75,30.63,31.21,34.24,Tagaytay City,14.11,120.96
T2M_MAX,2013,28.87,30.35,32.61,37.04,36.91,33.99,32.6,30.93,33.46,31.17,30.24,29.58,37.04,Tagaytay City,14.11,120.96
T2M_MAX,2014,29.28,30.49,33.17,35.74,36.39,36.06,32.48,34.37,33.28,31.62,31.03,29.62,36.39,Tagaytay City,14.11,120.96
T2M_MAX,2015,30.72,29.84,32.74,36.95,36.97,37.14,33.49,33.56,33.28,32.65,30.3,30.79,37.14,Tagaytay City,14.11,120.96
T2M_MAX,2016,30.58,30.9,33.86,37.01,36.81,34.31,33.98,34.17,31.79,31.5,30.71,29.93,37.01,Tagaytay City,14.11,120.96
T2M_MAX,2017,28.59,29.95,32.72,36.37,35.15,33.27,35.54,33.3,34.09,32.07,29.99,30.29,36.37,Tagaytay City,14.11,120.96
T2M_MAX,2018,29.48,30.4,31.96,34.68,35.71,33.92,30.45,31.98,32.23,32.2,30.93,29.72,35.71,Tagaytay City,14.11,120.96
T2M_MAX,2019,28.22,30.51,34.17,36.42,37.77,35.7,33.64,30.73,33.31,32.17,31.45,31.03,37.77,Tagaytay City,14.11,120.96
T2M_MAX,2020,31.21,29.55,32.39,37.55,33.92,34.37,32.74,31.85,33.04,31.73,30.68,29.91,37.55,Tagaytay City,14.11,120.96
T2M_MAX,2021,29.76,31.43,31.8,34.78,35.87,35.35,32.52,32.44,31.98,31.27,31.24,30.4,35.87,Tagaytay City,14.11,120.96
T2M_MAX,2022,30.27,30.35,32.21,32.81,34.48,32.93,33.58,31.52,32.77,32.66,30.88,30.2,34.48,Tagaytay City,14.11,120.96
T2M_MAX,2023,28.38,30.99,32.29,35.39,36.38,34.01,38.39,32.21,33.29,32.92,31.13,30.11,38.39,Tagaytay City,14.11,120.96
T2M_MAX,2024,30.89,30.7,35.35,37.5,36.78,34.85,32.21,34.74,33.72,36.0,32.18,30.57,37.5,Tagaytay City,14.11,120.96
T2M_MAX,2025,30.56,30.78,31.29,35.6,34.82,33.15,32.38,32.84,31.73,31.74,31.91,31.01,35.6,Tagaytay City,14.11,120.96
T2M_MIN,1990,18.04,19.9,19.76,21.22,22.91,23.52,23.21,23.45,23.17,22.5,21.08,20.2,18.04,Tagaytay City,14.11,120.96
T2M_MIN,1991,19.13,20.26,19.21,21.09,22.73,23.72,23.3,23.45,22.82,21.74,19.82,19.43,19.13,Tagaytay City,14.11,120.96
T2M_MIN,1992,18.48,19.31,19.88,21.38,22.08,23.93,23.23,23.4,23.01,22.29,18.96,19.05,18.48,Tagaytay City,14.11,120.96
T2M_MIN,1993,18.64,19.26,19.46,19.38,22.81,24.39,23.42,23.02,22.73,22.05,22.5,20.49,18.64,Tagaytay City,14.11,120.96
T2M_MIN,1994,19.26,19.52,20.41,20.42,24.54,23.52,23.06,23.06,23.1,21.34,20.51,19.65,19.26,Tagaytay City,14.11,120.96
T2M_MIN,1995,18.68,19.13,19.85,21.04,23.22,23.7,23.36,23.67,23.42,22.86,22.44,18.87,18.68,Tagaytay City,14.11,120.96
T2M_MIN,1996,18.46,18.73,20.75,22.5,23.66,23.37,23.82,23.4,23.48,22.98,22.64,17.62,17.62,Tagaytay City,14.11,120.96
T2M_MIN,1997,17.99,18.74,18.65,21.92,22.4,23.77,23.11,23.2,23.14,21.81,20.13,19.15,17.99,Tagaytay City,14.11,120.96
T2M_MIN,1998,18.77,19.46,19.71,21.93,24.58,24.42,23.99,23.88,23.51,23.95,23.62,22.66,18.77,Tagaytay City,14.11,120.96
T2M_MIN,1999,20.89,18.1,21.5,22.23,23.67,23.33,23.47,22.71,23.12,23.15,20.33,19.49,18.1,Tagaytay City,14.11,120.96
T2M_MIN,2000,19.05,20.67,21.56,22.4,23.13,23.53,23.15,23.1,23.19,22.82,22.43,22.05,19.05,Tagaytay City,14.11,120.96
T2M_MIN,2001,18.95,20.04,21.44,22.95,23.76,23.94,22.93,23.71,22.63,23.07,18.53,18.39,18.39,Tagaytay City,14.11,120.96
T2M_MIN,2002,18.12,18.03,18.27,21.06,22.5,24.43,23.26,23.39,23.17,23.22,21.17,21.05,18.03,Tagaytay City,14.11,120.96
T2M_MIN,2003,18.2,18.86,19.26,21.8,23.97,23.01,23.65,23.65,23.41,21.29,20.66,19.13,18.2,Tagaytay City,14.11,120.96
T2M_MIN,2004,19.45,18.66,20.62,22.08,23.59,23.5,23.42,23.25,22.88,21.14,21.58,20.13,18.66,Tagaytay City,14.11,120.96
T2M_MIN,2005,18.75,19.3,20.09,20.89,23.84,23.88,23.61,23.38,23.52,23.58,21.51,20.18,18.75,Tagaytay City,14.11,120.96
T2M_MIN,2006,19.56,20.27,20.92,21.69,22.88,24.09,23.15,23.14,23.25,21.27,21.7,21.9,19.56,Tagaytay City,14.11,120.96
T2M_MIN,2007,18.42,18.29,19.85,22.14,22.75,23.99,23.99,23.13,23.17,22.85,20.59,20.41,18.29,Tagaytay City,14.11,120.96
T2M_MIN,2008,19.39,19.43,20.19,22.51,22.94,22.55,23.2,22.9,23.11,23.72,22.59,19.08,19.08,Tagaytay City,14.11,120.96
T2M_MIN,2009,18.2,19.18,21.12,22.71,23.41,23.6,23.16,24.05,23.19,20.41,21.56,19.27,18.2,Tagaytay City,14.11,120.96
T2M_MIN,2010,18.77,19.64,19.59,21.54,24.55,24.81,23.3,23.71,23.17,22.99,22.44,21.6,18.77,Tagaytay City,14.11,120.96
T2M_MIN,2011,19.75,19.47,20.95,20.06,22.69,23.64,23.43,23.26,23.22,22.49,22.97,21.65,19.47,Tagaytay City,14.11,120.96
T2M_MIN,2012,21.09,20.57,21.01,20.94,24.14,23.34,23.4,23.18,22.81,22.08,21.52,21.34,20.57,Tagaytay City,14.11,120.96
T2M_MIN,2013,18.58,20.39,19.85,22.12,24.38,23.91,23.42,23.48,23.68,20.91,22.35,21.15,18.58,Tagaytay City,14.11,120.96
T2M_MIN,2014,15.97,19.05,19.02,21.81,24.57,24.07,23.61,23.01,23.42,22.21,19.89,20.9,15.97,Tagaytay City,14.11,120.96
T2M_MIN,2015,19.33,18.29,18.53,21.46,22.82,24.78,23.44,23.25,23.62,22.88,22.26,20.33,18.29,Tagaytay City,14.11,120.96
T2M_MIN,2016,20.26,20.11,21.38,22.24,24.81,24.41,23.78,23.7,23.41,22.85,21.16,21.32,20.11,Tagaytay City,14.11,120.96
T2M_MIN,2017,20.02,18.14,19.93,21.04,24.21,24.55,23.97,23.41,23.52,22.76,22.73,21.29,18.14,Tagaytay City,14.11,120.96
T2M_MIN,2018,20.44,19.83,19.69,21.42,23.57,23.75,23.09,23.28,23.35,20.98,21.88,21.28,19.69,Tagaytay City,14.11,120.96
T2M_MIN,2019,17.47,18.82,18.99,21.67,23.93,24.53,23.67,23.33,23.01,23.01,21.3,20.72,17.47,Tagaytay City,14.11,120.96
T2M_MIN,2020,19.86,18.94,20.78,21.88,23.0,23.75,24.19,23.8,22.74,22.82,22.2,22.06,18.94,Tagaytay City,14.11,120.96
T2M_MIN,2021,19.94,19.1,21.41,21.52,22.95,24.07,23.84,23.95,23.76,22.75,21.98,20.25,19.1,Tagaytay City,14.11,120.96
T2M_MIN,2022,18.88,21.4,20.46,21.7,23.72,24.0,24.35,23.6,23.28,23.78,22.09,20.14,18.88,Tagaytay City,14.11,120.96
T2M_MIN,2023,19.97,20.22,18.85,20.91,23.8,24.81,24.55,24.25,23.8,23.87,22.92,22.3,18.85,Tagaytay City,14.11,120.96
T2M_MIN,2024,19.39,20.58,19.59,23.24,25.08,23.96,24.06,24.35,24.33,23.49,23.16,22.28,19.39,Tagaytay City,14.11,120.96
T2M_MIN,2025,20.05,20.04,20.95,22.73,24.13,24.14,24.1,23.46,23.34,24.13,22.85,21.74,20.04,Tagaytay City,14.11,120.96
TS,1990,24.2,25.14,26.31,29.6,29.06,26.89,26.48,26.45,26.23,25.93,25.54,24.36,26.35,Tagaytay City,14.11,120.96
TS,1991,23.74,24.68,25.26,27.89,28.71,27.57,26.54,26.29,26.26,26.19,24.77,23.95,25.99,Tagaytay City,14.11,120.96
TS,1992,23.87,24.79,26.96,29.08,29.0,28.47,26.81,26.47,26.05,25.99,24.44,24.07,26.33,Tagaytay City,14.11,120.96
TS,1993,23.47,24.41,25.97,28.19,29.19,28.95,27.01,26.31,26.12,25.61,25.46,24.44,26.27,Tagaytay City,14.11,120.96
TS,1994,24.01,24.46,25.74,27.79,28.64,27.54,26.03,26.49,26.19,25.8,24.86,24.25,25.99,Tagaytay City,14.11,120.96
TS,1995,23.95,24.43,26.08,28.57,28.2,27.88,26.86,26.82,26.62,26.36,25.82,23.88,26.29,Tagaytay City,14.11,120.96
TS,1996,23.64,23.63,25.84,26.71,27.9,27.31,26.93,26.74,26.65,26.58,25.76,23.69,25.95,Tagaytay City,14.11,120.96
TS,1997,23.01,24.36,25.37,28.51,28.15,27.83,26.5,26.17,26.32,26.61,25.75,24.84,26.12,Tagaytay City,14.11,120.96
TS,1998,25.01,26.59,27.31,29.58,29.29,28.54,27.76,27.26,26.98,26.56,26.16,25.59,27.22,Tagaytay City,14.11,120.96
TS,1999,24.7,23.66,25.85,26.67,27.15,26.63,26.4,26.09,26.08,26.12,25.28,24.58,25.78,Tagaytay City,14.11,120.96
TS,2000,24.04,24.63,25.53,27.16,27.47,26.86,26.14,26.56,26.13,26.11,25.75,25.18,25.97,Tagaytay City,14.11,120.96
TS,2001,24.81,24.98,25.74,27.77,28.23,27.24,26.35,26.5,26.25,26.1,25.09,24.16,26.11,Tagaytay City,14.11,120.96
TS,2002,23.65,23.83,25.79,28.14,28.56,28.45,26.6,26.48,26.38,26.54,25.45,25.13,26.26,Tagaytay City,14.11,120.96
TS,2003,23.62,24.22,26.67,29.48,29.0,27.01,27.02,26.53,26.24,26.24,25.9,23.61,26.3,Tagaytay City,14.11,120.96
TS,2004,24.29,24.72,26.9,29.15,27.65,26.4,26.65,25.92,26.75,25.86,25.47,24.42,26.18,Tagaytay City,14.11,120.96
TS,2005,23.43,24.85,26.25,27.76,29.63,27.41,26.75,26.7,26.51,26.53,25.98,24.55,26.37,Tagaytay City,14.11,120.96
TS,2006,24.68,24.77,25.79,27.8,27.87,27.63,26.51,26.27,26.69,26.31,26.01,25.18,26.3,Tagaytay City,14.11,120.96
TS,2007,24.37,24.39,26.25,28.74,28.7,27.92,27.41,26.8,26.54,26.07,25.39,24.91,26.47,Tagaytay City,14.11,120.96
TS,2008,24.26,24.26,25.52,26.94,26.88,26.98,26.49,26.51,26.48,26.64,25.82,24.41,25.93,Tagaytay City,14.11,120.96
TS,2009,23.44,24.64,26.18,26.89,26.88,26.71,26.64,27.16,26.45,25.91,25.76,23.86,25.88,Tagaytay City,14.11,120.96
TS,2010,24.21,25.5,27.0,28.84,30.42,29.02,27.42,26.84,26.83,26.36,25.84,24.92,26.94,Tagaytay City,14.11,120.96
TS,2011,23.83,24.26,24.83,26.14,27.66,26.95,26.6,26.4,26.33,26.11,25.91,25.21,25.86,Tagaytay City,14.11,120.96
TS,2012,24.76,24.8,25.41,27.04,28.09,26.94,26.55,26.22,26.62,26.12,25.9,25.42,26.16,Tagaytay City,14.11,120.96
TS,2013,24.08,24.97,26.16,29.31,29.01,27.8,26.88,26.33,26.53,26.01,25.64,25.33,26.51,Tagaytay City,14.11,120.96
TS,2014,22.84,24.36,26.03,28.58,29.93,28.39,26.75,26.79,26.72,26.42,25.6,24.72,26.43,Tagaytay City,14.11,120.96
TS,2015,23.42,23.65,25.49,28.23,30.31,29.11,27.18,27.41,27.32,26.84,26.06,25.33,26.71,Tagaytay City,14.11,120.96
TS,2016,25.0,24.55,26.58,29.11,29.88,28.53,27.7,26.88,26.88,26.61,25.78,25.41,26.91,Tagaytay City,14.11,120.96
TS,2017,24.24,23.97,25.47,28.11,28.68,28.26,27.09,27.35,27.34,26.75,26.2,25.24,26.57,Tagaytay City,14.11,120.96
TS,2018,24.59,24.95,25.57,27.62,28.7,27.2,26.46,26.42,26.72,26.56,25.9,25.15,26.33,Tagaytay City,14.11,120.96
TS,2019,23.83,24.14,27.22,29.38,29.53,28.67,27.2,26.75,26.63,26.74,26.09,25.27,26.8,Tagaytay City,14.11,120.96
TS,2020,24.79,23.96,25.91,27.38,28.56,27.91,27.5,27.15,27.54,26.72,25.97,25.55,26.59,Tagaytay City,14.11,120.96
TS,2021,24.47,24.72,25.98,27.22,28.87,27.77,27.27,27.41,27.03,26.56,26.28,24.68,26.53,Tagaytay City,14.11,120.96
TS,2022,24.32,25.13,26.64,26.79,28.2,27.71,27.75,26.91,26.74,26.87,26.23,25.07,26.54,Tagaytay City,14.11,120.96
TS,2023,24.21,24.67,25.17,27.94,29.09,28.07,27.7,27.35,27.81,27.02,26.33,25.86,26.78,Tagaytay City,14.11,120.96
TS,2024,24.58,25.09,26.86,29.8,30.28,28.68,27.53,27.88,27.24,27.15,26.72,25.76,27.3,Tagaytay City,14.11,120.96
TS,2025,24.95,25.07,25.98,28.24,28.58,27.67,27.12,27.17,26.56,26.82,26.49,25.45,26.68,Tagaytay City,14.11,120.96
WS2M,1990,1.63,1.72,1.6,1.43,1.24,1.23,1.21,1.81,1.24,1.22,1.45,1.81,1.47,Tagaytay City,14.11,120.96
WS2M,1991,1.69,1.64,1.72,1.47,1.39,1.5,1.25,1.59,1.42,1.27,1.52,1.92,1.53,Tagaytay City,14.11,120.96
WS2M,1992,1.48,1.67,1.64,1.33,1.22,1.22,1.14,1.64,1.33,1.31,1.7,1.86,1.46,Tagaytay City,14.11,120.96
WS2M,1993,1.68,1.7,1.73,1.51,1.33,1.03,1.13,1.3,1.07,1.61,1.61,2.09,1.48,Tagaytay City,14.11,120.96
WS2M,1994,1.56,1.58,1.8,1.36,0.96,1.09,1.76,1.2,1.16,1.29,1.8,1.92,1.46,Tagaytay City,14.11,120.96
WS2M,1995,1.86,1.71,1.72,1.77,1.18,1.08,1.04,1.11,1.28,1.29,1.56,2.01,1.47,Tagaytay City,14.11,120.96
WS2M,1996,1.8,1.97,1.83,1.48,1.12,1.15,1.4,1.07,1.2,1.09,1.72,1.95,1.48,Tagaytay City,14.11,120.96
WS2M,1997,1.61,1.84,1.52,1.33,1.49,1.04,1.07,1.61,1.03,1.27,1.46,1.69,1.41,Tagaytay City,14.11,120.96
WS2M,1998,1.74,1.49,1.78,1.61,1.49,1.04,0.82,1.0,1.25,1.5,1.29,1.79,1.4,Tagaytay City,14.11,120.96
WS2M,1999,1.88,1.88,1.51,1.15,0.96,1.09,1.39,1.37,1.22,1.25,1.53,1.81,1.42,Tagaytay City,14.11,120.96
WS2M,2000,1.78,1.75,1.51,1.25,1.15,1.03,1.47,1.23,1.48,1.32,1.58,1.7,1.44,Tagaytay City,14.11,120.96
WS2M,2001,1.61,1.76,1.56,1.29,1.07,0.99,1.48,1.56,1.31,1.26,1.77,2.04,1.47,Tagaytay City,14.11,120.96
WS2M,2002,1.69,1.73,1.71,1.59,1.32,0.99,1.79,1.16,1.09,1.07,1.5,1.51,1.43,Tagaytay City,14.11,120.96
WS2M,2003,1.72,1.76,1.65,1.32,1.48,1.2,1.14,1.24,1.2,1.12,1.49,1.97,1.44,Tagaytay City,14.11,120.96
WS2M,2004,1.59,1.61,1.45,1.31,1.48,1.56,0.96,1.75,1.03,1.18,1.69,1.67,1.44,Tagaytay City,14.11,120.96
WS2M,2005,1.47,1.5,1.68,1.39,0.95,1.01,1.14,1.3,1.18,1.13,1.31,1.87,1.33,Tagaytay City,14.11,120.96
WS2M,2006,1.5,1.78,1.39,1.45,1.34,1.06,1.45,1.39,1.03,1.17,1.25,1.87,1.39,Tagaytay City,14.11,120.96
WS2M,2007,1.76,1.54,1.59,1.46,1.08,1.0,0.99,1.24,1.18,1.4,1.58,1.74,1.38,Tagaytay City,14.11,120.96
WS2M,2008,1.75,1.84,1.41,1.51,1.12,1.06,1.09,1.03,1.27,1.12,1.36,1.74,1.36,Tagaytay City,14.11,120.96
WS2M,2009,1.82,1.53,1.34,1.13,1.14,1.29,1.2,1.43,1.41,1.44,1.38,1.49,1.38,Tagaytay City,14.11,120.96
WS2M,2010,1.67,1.45,1.67,1.49,1.15,0.92,0.86,1.14,0.97,1.19,1.2,1.43,1.26,Tagaytay City,14.11,120.96
WS2M,2011,1.73,1.47,1.85,1.48,1.1,1.16,1.28,1.42,1.39,1.16,1.39,1.55,1.42,Tagaytay City,14.11,120.96
WS2M,2012,1.52,1.54,1.61,1.2,0.87,1.37,1.27,1.64,1.04,1.27,1.36,1.52,1.35,Tagaytay City,14.11,120.96
WS2M,2013,1.66,1.81,1.38,1.15,0.92,0.99,0.98,1.26,1.28,1.19,1.57,1.29,1.29,Tagaytay City,14.11,120.96
WS2M,2014,1.68,1.35,1.61,1.2,1.08,1.1,1.4,1.19,1.21,1.05,1.36,1.88,1.34,Tagaytay City,14.11,120.96
WS2M,2015,1.64,1.52,1.55,1.38,1.03,1.05,1.38,1.2,1.02,1.41,1.51,1.71,1.37,Tagaytay City,14.11,120.96
WS2M,2016,1.52,1.6,1.33,1.37,1.11,1.03,1.0,1.53,1.14,1.17,1.47,1.62,1.32,Tagaytay City,14.11,120.96
WS2M,2017,1.77,1.63,1.49,1.24,1.08,0.86,1.18,1.14,1.01,1.09,1.54,1.69,1.31,Tagaytay City,14.11,120.96
WS2M,2018,1.67,1.43,1.49,1.52,1.23,1.28,1.41,1.55,1.22,1.17,1.54,1.65,1.43,Tagaytay City,14.11,120.96
WS2M,2019,1.74,1.59,1.4,1.39,0.97,1.17,1.13,1.73,1.35,1.15,1.21,1.67,1.37,Tagaytay City,14.11,120.96
WS2M,2020,1.57,1.85,1.37,1.3,0.99,1.02,0.95,1.06,0.94,1.17,1.59,1.43,1.27,Tagaytay City,14.11,120.96
WS2M,2021,1.76,1.47,1.5,1.41,1.34,1.07,1.55,1.11,1.02,1.3,1.35,1.82,1.39,Tagaytay City,14.11,120.96
WS2M,2022,1.52,1.7,1.47,1.41,1.1,0.92,0.92,1.04,1.29,1.31,1.32,1.5,1.29,Tagaytay City,14.11,120.96
WS2M,2023,1.78,1.64,1.51,1.25,1.23,1.01,1.35,1.63,0.98,1.12,1.46,1.52,1.37,Tagaytay City,14.11,120.96
WS2M,2024,1.69,1.74,1.61,1.56,1.35,0.87,1.24,1.05,1.34,1.29,1.24,1.61,1.38,Tagaytay City,14.11,120.96
WS2M,2025,1.57,1.65,1.54,1.3,1.27,1.08,1.67,0.98,1.16,1.06,1.49,1.42,1.35,Tagaytay City,14.11,120.96
ALLSKY_SFC_SW_DWN,1990,18.17,21.72,22.51,24.96,21.21,17.22,18.27,16.04,17.99,18.14,16.46,16.23,19.05,Naic,14.32,120.77
ALLSKY_SFC_SW_DWN,1991,17.38,19.5,23.2,23.67,23.1,19.18,16.68,12.57,15.47,17.59,16.71,17.17,18.51,Naic,14.32,120.77
ALLSKY_SFC_SW_DWN,1992,17.47,20.64,23.46,23.65,21.92,20.46,17.94,13.29,15.93,17.84,17.48,16.78,18.89,Naic,14.32,120.77
ALLSKY_SFC_SW_DWN,1993,18.42,21.06,22.47,24.08,24.36,20.87,18.04,16.24,15.75,16.89,16.46,14.12,19.04,Naic,14.32,120.77
ALLSKY_SFC_SW_DWN,1994,17.31,20.13,21.72,23.41,21.92,19.63,12.53,18.8,16.86,19.07,19.06,16.68,18.91,Naic,14.32,120.77
ALLSKY_SFC_SW_DWN,1995,17.24,20.14,22.69,25.05,21.19,21.11,17.95,16.67,14.69,16.83,15.28,13.83,18.54,Naic,14.32,120.77
ALLSKY_SFC_SW_DWN,1996,15.56,19.01,21.36,21.13,19.89,20.44,15.7,18.79,16.1,17.37,14.37,15.87,17.96,Naic,14.32,120.77
ALLSKY_SFC_SW_DWN,1997,16.76,18.1,21.75,22.86,20.25,20.3,17.16,15.27,17.7,18.96,17.98,16.66,18.64,Naic,14.32,120.77
ALLSKY_SFC_SW_DWN,1998,16.77,20.22,22.1,23.65,19.57,20.71,19.95,19.22,15.18,14.6,16.26,13.64,18.47,Naic,14.32,120.77
ALLSKY_SFC_SW_DWN,1999,14.94,18.27,19.68,20.95,20.95,17.62,15.91,16.01,16.34,16.77,15.21,13.79,17.19,Naic,14.32,120.77
ALLSKY_SFC_SW_DWN,2000,16.35,16.51,19.4,22.38,17.88,19.72,13.99,17.06,16.84,15.56,14.73,14.19,17.04,Naic,14.32,120.77
ALLSKY_SFC_SW_DWN,2001,16.61,16.75,20.93,23.06,19.93,18.82,17.16,14.25,17.83,17.58,17.12,15.09,17.92,Naic,14.32,120.77
ALLSKY_SFC_SW_DWN,2002,17.65,19.49,22.84,24.71,21.94,20.53,12.71,17.32,16.54,18.36,15.72,16.38,18.67,Naic,14.32,120.77
ALLSKY_SFC_SW_DWN,2003,17.38,20.41,22.8,24.58,19.22,18.83,19.37,16.39,16.2,18.82,16.83,15.54,18.85,Naic,14.32,120.77
ALLSKY_SFC_SW_DWN,2004,17.49,18.76,22.85,24.28,20.54,14.73,20.08,15.69,20.23,18.54,15.33,16.05,18.72,Naic,14.32,120.77
ALLSKY_SFC_SW_DWN,2005,17.14,20.31,21.61,24.0,23.43,18.56,17.22,14.85,15.88,16.95,15.62,12.81,18.18,Naic,14.32,120.77
ALLSKY_SFC_SW_DWN,2006,15.53,18.66,21.98,24.6,20.56,20.85,12.31,14.35,18.09,17.1,17.24,14.39,17.94,Naic,14.32,120.77
ALLSKY_SFC_SW_DWN,2007,16.2,20.45,22.37,23.91,21.06,19.64,19.22,13.51,15.98,15.57,13.82,15.5,18.08,Naic,14.32,120.77
ALLSKY_SFC_SW_DWN,2008,15.49,16.25,21.94,22.61,18.64,20.51,17.34,16.01,16.85,17.15,14.87,14.47,17.67,Naic,14.32,120.77
ALLSKY_SFC_SW_DWN,2009,14.97,18.02,21.28,20.3,20.24,16.46,16.79,17.59,13.23,14.94,17.59,17.24,17.39,Naic,14.32,120.77
ALLSKY_SFC_SW_DWN,2010,17.29,22.02,22.61,24.49,24.41,18.96,18.92,17.62,19.22,15.55,15.31,14.54,19.22,Naic,14.32,120.77
ALLSKY_SFC_SW_DWN,2011,15.04,18.76,19.32,23.29,20.69,16.77,15.28,14.52,15.11,17.38,15.71,13.76,17.12,Naic,14.32,120.77
ALLSKY_SFC_SW_DWN,2012,16.27,18.66,18.76,24.62,20.63,16.81,15.51,13.33,16.23,16.53,18.29,15.5,17.57,Naic,14.32,120.77
ALLSKY_SFC_SW_DWN,2013,15.91,18.42,21.98,24.24,21.14,19.1,18.05,13.75,13.95,17.14,15.75,15.38,17.89,Naic,14.32,120.77
ALLSKY_SFC_SW_DWN,2014,17.17,20.26,21.73,23.91,24.27,17.6,14.99,17.92,16.71,17.75,17.13,13.29,18.54,Naic,14.32,120.77
ALLSKY_SFC_SW_DWN,2015,16.24,20.15,22.29,24.78,23.71,22.45,16.5,18.49,20.68,17.69,18.61,15.53,19.74,Naic,14.32,120.77
ALLSKY_SFC_SW_DWN,2016,18.22,18.92,23.14,25.13,22.41,19.94,18.91,14.1,16.8,16.12,15.82,14.52,18.66,Naic,14.32,120.77
ALLSKY_SFC_SW_DWN,2017,15.21,19.0,22.49,24.15,21.8,21.44,15.93,18.75,17.91,15.8,15.83,14.31,18.53,Naic,14.32,120.77
ALLSKY_SFC_SW_DWN,2018,15.37,20.27,22.62,24.53,23.64,15.56,12.8,14.11,18.68,20.34,18.21,14.05,18.32,Naic,14.32,120.77
ALLSKY_SFC_SW_DWN,2019,17.4,21.52,24.25,24.96,21.36,20.74,17.3,13.76,15.88,20.42,15.29,15.76,19.03,Naic,14.32,120.77
ALLSKY_SFC_SW_DWN,2020,17.35,19.87,24.03,23.88,23.06,21.32,20.27,16.84,20.28,14.9,15.35,14.37,19.28,Naic,14.32,120.77
ALLSKY_SFC_SW_DWN,2021,15.11,18.97,21.71,23.23,23.86,19.15,14.79,18.43,17.9,15.78,17.23,15.61,18.47,Naic,14.32,120.77
ALLSKY_SFC_SW_DWN,2022,17.8,18.11,22.98,21.41,22.26,21.09,17.8,16.01,16.05,16.83,16.85,14.3,18.46,Naic,14.32,120.77
ALLSKY_SFC_SW_DWN,2023,15.11,18.84,23.78,22.27,21.85,19.16,16.42,17.57,16.95,16.61,17.18,15.74,18.45,Naic,14.32,120.77
ALLSKY_SFC_SW_DWN,2024,17.12,21.06,22.14,25.92,22.92,20.66,15.12,19.55,14.06,15.79,17.45,13.07,18.72,Naic,14.32,120.77
ALLSKY_SFC_SW_DWN,2025,15.93,17.29,21.27,24.49,22.13,17.21,12.27,17.88,14.37,16.12,14.45,15.18,17.38,Naic,14.32,120.77
EVLAND,1990,1.12,0.28,0.35,0.12,1.78,3.64,3.79,4.49,3.57,3.42,3.63,3.15,2.46,Naic,14.32,120.77
EVLAND,1991,2.19,0.93,0.93,0.49,2.32,2.84,3.25,3.16,3.56,4.34,3.58,2.93,2.56,Naic,14.32,120.77
EVLAND,1992,1.68,0.78,0.23,0.56,1.22,2.7,3.05,3.44,3.44,3.58,3.95,2.83,2.29,Naic,14.32,120.77
EVLAND,1993,1.49,0.53,0.19,0.59,1.32,2.21,3.26,3.52,3.08,3.82,3.08,3.41,2.22,Naic,14.32,120.77
EVLAND,1994,3.05,2.52,0.77,1.34,2.0,2.81,3.68,3.9,3.35,4.17,3.36,2.17,2.76,Naic,14.32,120.77
EVLAND,1995,1.42,0.99,0.26,0.14,1.34,3.43,2.77,3.12,3.17,3.72,3.31,2.84,2.22,Naic,14.32,120.77
EVLAND,1996,2.93,2.24,0.57,1.4,1.8,2.77,2.73,3.39,3.56,3.06,3.48,3.76,2.64,Naic,14.32,120.77
EVLAND,1997,2.65,1.68,0.56,0.71,1.7,3.85,3.13,3.63,3.2,4.01,3.16,1.65,2.5,Naic,14.32,120.77
EVLAND,1998,0.42,0.29,0.22,0.91,1.57,3.2,3.2,3.18,3.34,3.21,2.67,2.99,2.11,Naic,14.32,120.77
EVLAND,1999,3.59,3.3,2.72,2.92,2.29,3.22,3.19,3.84,3.44,3.2,3.54,2.77,3.17,Naic,14.32,120.77
EVLAND,2000,3.41,2.94,2.57,2.32,2.26,3.08,3.66,3.5,3.85,3.23,3.34,2.82,3.08,Naic,14.32,120.77
EVLAND,2001,3.34,3.07,2.58,2.22,2.52,2.93,4.1,3.49,3.17,3.19,3.67,3.23,3.13,Naic,14.32,120.77
EVLAND,2002,2.43,1.12,0.47,0.59,1.31,3.55,3.94,3.63,3.26,3.29,3.16,3.11,2.5,Naic,14.32,120.77
EVLAND,2003,2.46,0.72,0.51,0.25,1.93,4.35,3.77,3.61,3.29,4.27,3.52,2.68,2.63,Naic,14.32,120.77
EVLAND,2004,1.55,0.86,0.43,0.77,2.87,3.48,3.44,3.6,3.97,3.99,2.98,3.29,2.61,Naic,14.32,120.77
EVLAND,2005,2.33,0.77,0.54,0.57,1.27,3.05,3.26,3.47,3.46,3.49,3.49,2.85,2.39,Naic,14.32,120.77
EVLAND,2006,3.01,3.07,1.81,0.63,1.58,3.0,2.99,3.72,3.39,4.13,3.05,3.25,2.8,Naic,14.32,120.77
EVLAND,2007,2.97,1.47,0.51,0.38,1.58,2.57,3.23,3.65,3.25,3.84,3.62,3.66,2.57,Naic,14.32,120.77
EVLAND,2008,3.12,2.68,2.06,0.89,3.02,3.64,3.49,3.76,3.5,3.32,3.08,3.39,3.0,Naic,14.32,120.77
EVLAND,2009,2.74,2.23,1.2,1.78,4.12,3.93,3.33,4.01,3.51,3.96,3.95,2.64,3.12,Naic,14.32,120.77
EVLAND,2010,1.13,0.22,0.31,0.25,0.96,2.57,3.2,3.75,3.22,3.32,2.8,3.08,2.08,Naic,14.32,120.77
EVLAND,2011,3.0,2.94,1.74,0.5,2.65,3.59,4.0,3.82,3.49,3.74,3.26,3.16,2.99,Naic,14.32,120.77
EVLAND,2012,3.39,2.82,2.47,1.86,2.77,3.66,3.54,4.04,3.43,4.24,3.48,2.47,3.18,Naic,14.32,120.77
EVLAND,2013,1.96,1.42,2.66,0.75,1.5,3.27,3.56,3.37,3.23,4.51,3.55,2.6,2.71,Naic,14.32,120.77
EVLAND,2014,2.57,0.94,0.42,0.58,1.51,3.33,3.53,3.98,3.8,3.65,3.64,3.22,2.61,Naic,14.32,120.77
EVLAND,2015,3.11,2.03,0.56,0.57,1.08,2.83,3.86,3.68,3.84,4.35,3.93,3.26,2.76,Naic,14.32,120.77
EVLAND,2016,3.27,2.37,1.21,0.68,1.89,3.07,3.77,3.72,3.24,3.58,3.79,3.28,2.83,Naic,14.32,120.77
EVLAND,2017,3.72,3.3,2.38,1.64,2.54,3.48,3.52,4.07,3.73,3.78,3.63,3.48,3.27,Naic,14.32,120.77
EVLAND,2018,3.3,3.18,2.51,1.36,2.2,3.4,3.21,3.99,3.74,4.28,3.48,2.4,3.09,Naic,14.32,120.77
EVLAND,2019,3.04,1.59,0.3,1.15,2.46,3.28,3.36,3.92,4.08,4.06,3.2,3.69,2.85,Naic,14.32,120.77
EVLAND,2020,3.01,2.79,3.18,3.85,3.35,3.97,3.53,3.62,3.54,3.27,3.73,3.17,3.42,Naic,14.32,120.77
EVLAND,2021,3.82,3.85,3.04,1.57,1.28,2.66,3.62,3.78,3.34,3.65,3.42,3.31,3.11,Naic,14.32,120.77
EVLAND,2022,2.71,2.4,1.78,2.64,2.66,3.4,3.57,3.38,3.41,3.21,3.34,3.17,2.97,Naic,14.32,120.77
EVLAND,2023,3.44,3.29,1.69,2.81,2.73,3.29,4.04,4.19,3.67,3.85,3.71,3.5,3.35,Naic,14.32,120.77
EVLAND,2024,2.81,1.24,0.9,0.63,1.94,3.4,3.73,3.74,3.57,3.56,4.05,3.34,2.75,Naic,14.32,120.77
EVLAND,2025,3.38,3.2,2.5,1.41,3.09,3.51,4.37,3.91,3.55,3.35,3.46,3.66,3.29,Naic,14.32,120.77
GWETROOT,1990,0.61,0.59,0.59,0.58,0.64,0.93,0.99,0.99,0.98,0.95,0.89,0.77,0.79,Naic,14.32,120.77
GWETROOT,1991,0.66,0.6,0.6,0.59,0.62,0.7,0.9,0.99,1.0,0.93,0.82,0.73,0.76,Naic,14.32,120.77
GWETROOT,1992,0.63,0.6,0.59,0.59,0.6,0.72,0.87,0.98,0.99,0.92,0.86,0.73,0.76,Naic,14.32,120.77
GWETROOT,1993,0.62,0.59,0.59,0.59,0.6,0.69,0.88,0.97,0.99,0.96,0.9,0.86,0.77,Naic,14.32,120.77
GWETROOT,1994,0.78,0.66,0.6,0.6,0.63,0.79,0.96,0.96,0.97,0.91,0.75,0.66,0.77,Naic,14.32,120.77
GWETROOT,1995,0.62,0.61,0.59,0.58,0.64,0.81,0.89,0.96,0.99,0.97,0.94,0.87,0.79,Naic,14.32,120.77
GWETROOT,1996,0.78,0.65,0.59,0.61,0.65,0.77,0.87,0.98,0.98,0.95,0.96,0.86,0.8,Naic,14.32,120.77
GWETROOT,1997,0.7,0.62,0.6,0.59,0.66,0.91,0.98,1.0,0.97,0.88,0.72,0.62,0.77,Naic,14.32,120.77
GWETROOT,1998,0.59,0.59,0.59,0.6,0.64,0.83,0.87,0.94,0.97,0.99,0.96,0.94,0.79,Naic,14.32,120.77
GWETROOT,1999,0.89,0.73,0.66,0.68,0.7,0.87,0.99,0.99,0.99,0.98,0.93,0.9,0.86,Naic,14.32,120.77
GWETROOT,2000,0.8,0.75,0.68,0.62,0.74,0.91,0.99,0.99,0.99,0.97,0.97,0.9,0.86,Naic,14.32,120.77
GWETROOT,2001,0.79,0.7,0.66,0.62,0.69,0.85,0.98,0.99,0.96,0.9,0.85,0.78,0.82,Naic,14.32,120.77
GWETROOT,2002,0.67,0.61,0.59,0.59,0.63,0.81,0.98,0.99,0.98,0.96,0.92,0.79,0.79,Naic,14.32,120.77
GWETROOT,2003,0.67,0.6,0.59,0.59,0.66,0.94,0.94,0.99,0.99,0.93,0.83,0.72,0.79,Naic,14.32,120.77
GWETROOT,2004,0.62,0.6,0.59,0.59,0.76,0.97,0.98,1.0,0.96,0.86,0.75,0.8,0.79,Naic,14.32,120.77
GWETROOT,2005,0.66,0.6,0.59,0.59,0.61,0.88,0.97,0.99,0.99,0.96,0.92,0.87,0.8,Naic,14.32,120.77
GWETROOT,2006,0.78,0.7,0.62,0.59,0.66,0.76,0.95,1.0,0.98,0.94,0.92,0.85,0.81,Naic,14.32,120.77
GWETROOT,2007,0.73,0.62,0.59,0.59,0.64,0.77,0.89,0.97,0.99,0.97,0.94,0.89,0.8,Naic,14.32,120.77
GWETROOT,2008,0.79,0.69,0.64,0.6,0.77,0.88,0.97,0.99,0.99,0.98,0.96,0.86,0.84,Naic,14.32,120.77
GWETROOT,2009,0.75,0.65,0.61,0.67,0.91,0.99,0.99,0.98,0.99,0.97,0.86,0.7,0.84,Naic,14.32,120.77
GWETROOT,2010,0.61,0.59,0.59,0.59,0.6,0.74,0.9,0.99,0.98,0.98,0.98,0.9,0.79,Naic,14.32,120.77
GWETROOT,2011,0.81,0.7,0.63,0.59,0.73,0.94,0.99,1.0,0.99,0.98,0.95,0.92,0.85,Naic,14.32,120.77
GWETROOT,2012,0.8,0.71,0.65,0.63,0.71,0.95,0.99,1.0,1.0,0.96,0.83,0.7,0.83,Naic,14.32,120.77
GWETROOT,2013,0.64,0.62,0.64,0.59,0.62,0.85,0.98,1.0,1.0,0.97,0.89,0.81,0.8,Naic,14.32,120.77
GWETROOT,2014,0.69,0.6,0.59,0.59,0.61,0.83,0.98,0.98,0.99,0.98,0.87,0.83,0.8,Naic,14.32,120.77
GWETROOT,2015,0.76,0.63,0.59,0.59,0.6,0.68,0.92,0.97,0.99,0.97,0.83,0.8,0.78,Naic,14.32,120.77
GWETROOT,2016,0.76,0.65,0.6,0.59,0.63,0.8,0.96,0.99,0.99,0.99,0.94,0.92,0.82,Naic,14.32,120.77
GWETROOT,2017,0.85,0.75,0.64,0.6,0.68,0.85,0.96,0.99,0.98,0.98,0.96,0.9,0.85,Naic,14.32,120.77
GWETROOT,2018,0.81,0.72,0.63,0.6,0.63,0.91,1.0,0.99,0.99,0.9,0.77,0.7,0.8,Naic,14.32,120.77
GWETROOT,2019,0.74,0.62,0.59,0.6,0.68,0.81,0.96,0.99,0.99,0.91,0.92,0.84,0.81,Naic,14.32,120.77
GWETROOT,2020,0.72,0.67,0.69,0.7,0.75,0.9,0.97,0.99,0.96,1.0,0.99,0.98,0.86,Naic,14.32,120.77
GWETROOT,2021,0.92,0.79,0.67,0.6,0.6,0.76,0.94,0.98,0.99,0.99,0.9,0.81,0.83,Naic,14.32,120.77
GWETROOT,2022,0.71,0.64,0.61,0.64,0.7,0.87,0.98,1.0,0.99,0.99,0.97,0.91,0.84,Naic,14.32,120.77
GWETROOT,2023,0.87,0.73,0.62,0.64,0.65,0.84,0.96,0.97,0.99,0.98,0.9,0.82,0.83,Naic,14.32,120.77
GWETROOT,2024,0.71,0.61,0.59,0.59,0.62,0.81,0.96,0.98,0.99,0.98,0.94,0.85,0.8,Naic,14.32,120.77
GWETROOT,2025,0.82,0.73,0.64,0.6,0.68,0.91,0.99,0.97,1.0,0.99,0.98,0.95,0.86,Naic,14.32,120.77
PRECTOTCORR,1990,0.46,0.11,0.34,0.11,6.32,20.15,15.81,23.75,14.23,4.62,3.58,1.33,7.61,Naic,14.32,120.77
PRECTOTCORR,1991,0.36,0.8,0.66,0.51,2.95,6.62,16.03,24.88,14.87,2.47,3.28,0.77,6.23,Naic,14.32,120.77
PRECTOTCORR,1992,0.32,0.6,0.19,0.58,2.41,5.69,9.09,20.77,10.79,4.34,2.74,0.67,4.87,Naic,14.32,120.77
PRECTOTCORR,1993,0.45,0.21,0.17,0.79,1.28,6.87,10.15,16.21,7.57,4.79,4.05,4.57,4.8,Naic,14.32,120.77
PRECTOTCORR,1994,1.2,0.47,0.36,1.47,2.87,9.64,18.07,9.2,6.33,3.08,0.58,1.84,4.63,Naic,14.32,120.77
PRECTOTCORR,1995,0.44,0.87,0.14,0.15,4.18,6.09,7.03,15.15,14.91,6.05,3.37,3.68,5.2,Naic,14.32,120.77
PRECTOTCORR,1996,0.49,0.24,0.35,1.59,4.49,5.02,13.39,7.63,12.42,3.71,6.92,0.81,4.76,Naic,14.32,120.77
PRECTOTCORR,1997,0.32,1.04,0.27,0.75,11.66,8.27,12.5,21.06,4.3,1.49,0.88,0.56,5.31,Naic,14.32,120.77
PRECTOTCORR,1998,0.42,0.06,0.28,1.01,6.4,5.29,4.47,9.06,16.14,11.0,2.68,6.77,5.33,Naic,14.32,120.77
PRECTOTCORR,1999,1.29,0.62,2.96,3.59,3.09,11.07,17.22,22.36,11.48,9.64,3.73,4.5,7.69,Naic,14.32,120.77
PRECTOTCORR,2000,1.07,2.53,1.73,1.71,8.62,6.94,20.84,12.94,14.73,8.46,3.37,3.55,7.24,Naic,14.32,120.77
PRECTOTCORR,2001,0.58,3.59,1.1,1.52,5.53,11.88,11.31,13.48,2.72,3.45,3.28,3.05,5.14,Naic,14.32,120.77
PRECTOTCORR,2002,0.3,0.66,0.39,0.62,3.7,7.49,29.46,9.42,9.58,4.37,3.13,1.04,5.9,Naic,14.32,120.77
PRECTOTCORR,2003,0.5,0.25,0.47,0.29,13.6,8.28,8.09,19.14,14.0,2.39,3.03,0.7,5.94,Naic,14.32,120.77
PRECTOTCORR,2004,0.4,0.91,0.21,0.79,12.33,16.51,11.69,16.16,3.47,2.59,5.21,2.2,6.06,Naic,14.32,120.77
PRECTOTCORR,2005,0.5,0.38,0.58,0.51,2.6,11.65,12.92,15.89,11.53,6.71,2.5,3.91,5.84,Naic,14.32,120.77
PRECTOTCORR,2006,2.15,0.55,1.46,0.21,3.74,8.06,18.88,17.03,11.99,5.27,1.75,4.23,6.33,Naic,14.32,120.77
PRECTOTCORR,2007,0.62,0.23,0.42,0.38,5.19,3.2,8.6,25.52,19.93,7.67,7.71,1.74,6.81,Naic,14.32,120.77
PRECTOTCORR,2008,2.03,1.43,0.88,1.05,9.37,10.86,10.42,14.67,22.03,5.66,6.53,1.7,7.22,Naic,14.32,120.77
PRECTOTCORR,2009,0.95,0.98,1.15,6.56,11.37,20.57,17.6,9.33,28.22,7.32,1.62,0.29,8.84,Naic,14.32,120.77
PRECTOTCORR,2010,0.39,0.04,0.34,0.57,1.24,6.84,12.07,12.0,8.27,11.45,4.89,2.44,5.09,Naic,14.32,120.77
PRECTOTCORR,2011,1.5,0.43,1.33,0.33,8.71,30.88,19.75,22.99,23.66,8.1,5.3,4.77,10.68,Naic,14.32,120.77
PRECTOTCORR,2012,1.27,2.4,2.24,0.65,7.32,17.53,25.28,40.15,17.06,9.48,0.73,0.99,10.48,Naic,14.32,120.77
PRECTOTCORR,2013,1.14,2.57,1.78,0.5,2.95,15.36,11.6,34.83,29.91,7.44,3.91,1.77,9.5,Naic,14.32,120.77
PRECTOTCORR,2014,0.13,0.23,0.41,0.71,2.55,12.91,20.18,14.43,20.05,7.29,1.72,4.68,7.14,Naic,14.32,120.77
PRECTOTCORR,2015,0.91,0.3,0.4,0.58,1.24,6.17,14.1,12.91,9.04,8.32,1.24,9.62,5.46,Naic,14.32,120.77
PRECTOTCORR,2016,0.53,1.51,0.56,0.81,3.88,7.97,12.41,18.46,8.93,10.36,4.63,5.54,6.33,Naic,14.32,120.77
PRECTOTCORR,2017,2.3,1.33,0.65,2.28,5.97,7.69,13.84,11.71,10.81,8.81,6.83,3.61,6.35,Naic,14.32,120.77
PRECTOTCORR,2018,2.16,1.41,1.23,1.21,3.95,21.99,22.42,13.89,10.69,3.51,1.23,4.63,7.39,Naic,14.32,120.77
PRECTOTCORR,2019,0.77,0.17,0.23,1.19,6.99,9.71,11.23,16.93,12.28,3.58,4.99,4.57,6.09,Naic,14.32,120.77
PRECTOTCORR,2020,1.13,4.27,5.52,6.44,3.87,18.38,9.09,9.13,10.06,26.07,20.68,10.17,10.4,Naic,14.32,120.77
PRECTOTCORR,2021,2.73,1.45,1.27,1.01,1.57,8.28,20.66,7.3,14.88,11.54,2.57,2.12,6.32,Naic,14.32,120.77
PRECTOTCORR,2022,0.95,1.12,1.74,3.21,6.77,9.02,10.8,20.59,13.73,19.19,3.74,2.94,7.88,Naic,14.32,120.77
PRECTOTCORR,2023,3.63,0.71,0.37,4.02,3.79,10.08,17.34,9.1,10.09,6.28,3.5,2.48,5.98,Naic,14.32,120.77
PRECTOTCORR,2024,0.59,0.2,1.04,0.48,5.8,7.82,21.17,10.51,16.09,16.3,2.74,5.0,7.36,Naic,14.32,120.77
PRECTOTCORR,2025,1.56,2.21,1.23,1.27,6.57,18.22,25.72,10.29,16.94,11.12,9.9,3.21,9.05,Naic,14.32,120.77
RH2M,1990,75.13,70.66,65.84,64.51,73.34,84.32,86.0,86.92,86.15,85.1,83.74,82.31,78.72,Naic,14.32,120.77
RH2M,1991,77.82,73.52,69.65,66.99,71.77,78.44,83.42,89.52,88.22,80.87,81.73,80.11,78.54,Naic,14.32,120.77
RH2M,1992,75.21,70.91,66.97,64.52,69.46,76.22,83.34,87.25,87.11,84.01,82.06,80.49,77.33,Naic,14.32,120.77
RH2M,1993,74.33,70.82,66.4,64.36,66.6,77.62,84.56,86.32,87.37,85.58,86.41,85.33,78.02,Naic,14.32,120.77
RH2M,1994,82.66,76.92,71.69,70.43,75.81,82.5,88.34,86.18,86.0,81.6,79.63,77.95,80.0,Naic,14.32,120.77
RH2M,1995,76.1,73.72,68.17,64.77,75.31,80.54,83.81,86.46,87.46,84.87,86.38,86.08,79.52,Naic,14.32,120.77
RH2M,1996,82.75,76.03,72.03,75.08,78.38,80.26,84.0,85.49,85.53,84.11,86.45,81.52,80.99,Naic,14.32,120.77
RH2M,1997,77.94,76.15,68.61,65.12,72.8,83.22,86.98,88.39,85.14,80.81,76.99,74.56,78.08,Naic,14.32,120.77
RH2M,1998,71.75,67.7,64.91,64.9,72.92,79.76,80.3,84.22,85.98,87.13,87.18,87.28,77.9,Naic,14.32,120.77
RH2M,1999,85.1,77.82,78.45,78.91,78.93,83.74,87.6,86.76,86.59,86.61,84.77,87.65,83.63,Naic,14.32,120.77
RH2M,2000,82.19,82.84,80.11,74.03,78.76,83.07,87.28,86.0,85.9,86.64,87.47,87.24,83.47,Naic,14.32,120.77
RH2M,2001,81.95,80.98,78.27,72.1,77.02,82.44,87.06,88.74,86.72,84.15,82.82,82.58,82.09,Naic,14.32,120.77
RH2M,2002,78.35,73.66,69.98,66.24,73.38,79.8,87.44,87.05,86.41,84.12,85.35,82.97,79.61,Naic,14.32,120.77
RH2M,2003,77.03,72.15,67.65,64.47,74.05,83.34,82.41,87.88,87.31,80.34,82.27,78.8,78.18,Naic,14.32,120.77
RH2M,2004,76.53,73.12,67.87,65.55,78.55,88.0,84.18,89.15,81.98,78.38,81.93,81.83,78.95,Naic,14.32,120.77
RH2M,2005,76.83,71.03,68.25,64.14,70.41,84.25,85.29,85.7,86.05,84.15,83.82,86.75,78.95,Naic,14.32,120.77
RH2M,2006,83.37,79.55,73.84,65.68,74.04,79.6,87.63,87.54,85.37,81.91,84.6,85.47,80.75,Naic,14.32,120.77
RH2M,2007,80.61,74.27,69.19,67.01,74.96,79.83,82.47,85.46,86.89,85.31,85.02,86.16,79.81,Naic,14.32,120.77
RH2M,2008,83.65,80.39,75.96,72.89,82.68,81.1,85.67,85.3,86.42,84.94,87.08,83.64,82.49,Naic,14.32,120.77
RH2M,2009,81.72,79.46,72.59,78.6,83.54,86.29,86.63,85.49,87.75,83.54,83.32,76.78,82.14,Naic,14.32,120.77
RH2M,2010,74.47,69.2,68.41,65.88,66.92,79.07,81.97,84.84,83.63,84.95,86.79,85.41,77.68,Naic,14.32,120.77
RH2M,2011,82.8,78.31,76.98,68.11,77.53,83.37,84.9,85.85,88.07,84.76,86.12,86.78,82.0,Naic,14.32,120.77
RH2M,2012,82.53,81.74,78.07,72.35,77.28,85.57,85.65,87.49,86.63,82.86,82.6,80.48,81.94,Naic,14.32,120.77
RH2M,2013,77.11,75.6,74.94,65.61,73.82,80.74,82.61,86.23,86.6,81.79,84.85,84.12,79.53,Naic,14.32,120.77
RH2M,2014,75.25,71.06,68.48,64.22,67.52,82.18,86.98,84.32,84.66,83.17,83.69,84.52,78.05,Naic,14.32,120.77
RH2M,2015,79.98,74.24,68.27,67.03,66.95,75.24,83.58,83.6,83.1,82.12,82.15,82.99,77.47,Naic,14.32,120.77
RH2M,2016,80.61,76.9,70.99,66.07,71.97,80.18,81.96,87.5,86.14,85.89,84.75,86.3,79.96,Naic,14.32,120.77
RH2M,2017,83.35,80.22,73.84,69.96,76.79,79.32,84.14,83.17,82.46,82.8,86.77,84.94,80.66,Naic,14.32,120.77
RH2M,2018,83.86,78.21,72.28,68.96,71.53,83.93,88.13,86.69,85.49,79.04,79.82,80.67,79.9,Naic,14.32,120.77
RH2M,2019,79.13,72.18,65.13,64.94,75.51,80.94,84.12,87.15,85.26,80.4,83.92,83.49,78.56,Naic,14.32,120.77
RH2M,2020,78.6,77.66,77.03,77.81,77.59,79.64,80.99,83.86,82.46,85.89,86.65,87.07,81.29,Naic,14.32,120.77
RH2M,2021,84.71,81.12,77.09,68.29,71.48,81.89,85.37,83.69,84.09,85.73,85.12,82.34,80.92,Naic,14.32,120.77
RH2M,2022,78.67,77.6,74.57,75.99,75.43,79.26,83.6,84.72,85.79,85.72,86.63,84.94,81.1,Naic,14.32,120.77
RH2M,2023,84.5,79.48,70.66,71.58,76.21,82.27,82.36,85.83,83.72,83.6,84.11,83.58,80.67,Naic,14.32,120.77
RH2M,2024,78.46,72.99,70.33,64.46,69.99,79.13,83.46,82.94,86.17,82.98,82.48,85.35,78.26,Naic,14.32,120.77
RH2M,2025,82.75,80.18,75.3,66.37,74.12,83.76,87.09,82.93,85.95,84.66,86.38,84.54,81.18,Naic,14.32,120.77
T2M_MAX,1990,31.46,32.4,33.89,35.47,35.21,31.14,30.08,29.94,29.92,30.22,30.0,30.11,35.47,Naic,14.32,120.77
T2M_MAX,1991,30.06,31.5,32.91,35.34,34.28,33.65,31.66,29.81,29.42,30.1,29.79,29.78,35.34,Naic,14.32,120.77
T2M_MAX,1992,30.86,32.06,33.58,34.98,34.87,33.63,32.31,29.34,30.33,30.51,29.66,29.54,34.98,Naic,14.32,120.77
T2M_MAX,1993,31.15,32.91,34.43,35.45,35.42,33.52,31.44,30.1,30.77,29.73,29.66,29.42,35.45,Naic,14.32,120.77
T2M_MAX,1994,29.41,30.78,32.56,35.92,33.31,32.18,29.66,30.32,29.18,30.31,30.86,30.84,35.92,Naic,14.32,120.77
T2M_MAX,1995,30.54,32.02,34.64,34.85,34.57,33.19,31.18,30.25,29.65,30.41,30.23,28.38,34.85,Naic,14.32,120.77
T2M_MAX,1996,29.59,31.55,33.84,32.89,33.55,33.01,30.8,30.15,30.7,30.81,30.15,29.07,33.84,Naic,14.32,120.77
T2M_MAX,1997,29.48,31.07,32.98,34.56,35.04,31.12,29.55,28.69,30.66,31.15,31.79,31.27,35.04,Naic,14.32,120.77
T2M_MAX,1998,32.04,33.48,34.19,35.09,35.0,33.45,31.7,31.12,30.29,30.73,30.21,29.44,35.09,Naic,14.32,120.77
T2M_MAX,1999,29.88,30.77,32.56,32.78,32.14,31.26,29.07,29.53,29.49,30.13,30.1,29.29,32.78,Naic,14.32,120.77
T2M_MAX,2000,29.46,30.76,31.58,34.92,35.13,31.16,28.79,29.79,30.27,30.44,29.74,29.71,35.13,Naic,14.32,120.77
T2M_MAX,2001,30.33,30.43,32.7,34.64,34.75,31.67,28.81,29.51,29.74,30.89,30.64,30.02,34.75,Naic,14.32,120.77
T2M_MAX,2002,30.59,31.22,33.67,34.49,35.1,32.62,30.61,30.14,29.5,30.5,30.51,30.21,35.1,Naic,14.32,120.77
T2M_MAX,2003,30.39,31.34,34.15,35.56,36.45,30.64,32.14,30.11,29.51,30.73,30.66,30.16,36.45,Naic,14.32,120.77
T2M_MAX,2004,31.6,32.14,34.68,35.59,34.98,29.13,30.56,28.62,31.29,30.8,31.54,29.55,35.59,Naic,14.32,120.77
T2M_MAX,2005,30.99,32.55,35.39,35.53,35.51,31.65,30.65,30.67,30.76,30.79,30.71,29.46,35.53,Naic,14.32,120.77
T2M_MAX,2006,29.46,30.69,34.0,35.43,35.82,32.87,28.92,30.46,30.29,30.3,30.3,29.91,35.82,Naic,14.32,120.77
T2M_MAX,2007,30.32,32.85,34.05,34.93,34.77,32.64,31.5,30.26,30.32,30.19,30.4,29.38,34.93,Naic,14.32,120.77
T2M_MAX,2008,29.72,30.1,32.62,34.87,31.52,31.55,30.3,30.8,30.68,30.43,30.27,29.28,34.87,Naic,14.32,120.77
T2M_MAX,2009,29.87,31.35,32.79,33.13,31.32,31.08,30.07,31.06,30.85,29.78,30.17,30.58,33.13,Naic,14.32,120.77
T2M_MAX,2010,31.1,33.05,33.84,35.2,36.78,33.22,30.86,30.05,30.44,30.74,29.8,30.02,36.78,Naic,14.32,120.77
T2M_MAX,2011,28.57,30.66,32.43,33.4,34.43,31.58,30.71,30.81,28.81,30.56,29.91,29.66,34.43,Naic,14.32,120.77
T2M_MAX,2012,29.9,30.78,31.87,33.65,33.45,30.07,30.14,29.69,30.01,30.18,30.52,31.26,33.65,Naic,14.32,120.77
T2M_MAX,2013,30.65,32.72,33.1,35.43,34.78,33.11,30.49,29.93,30.04,30.13,30.04,29.64,35.43,Naic,14.32,120.77
T2M_MAX,2014,29.66,31.89,33.85,35.41,35.99,33.96,31.01,30.88,30.99,30.21,30.67,29.77,35.99,Naic,14.32,120.77
T2M_MAX,2015,29.78,31.71,33.91,34.62,35.18,34.78,30.82,30.83,31.18,31.33,31.01,31.73,35.18,Naic,14.32,120.77
T2M_MAX,2016,31.01,31.34,33.31,35.67,36.01,31.62,31.06,30.54,29.99,30.41,30.28,29.62,36.01,Naic,14.32,120.77
T2M_MAX,2017,29.18,30.62,33.57,35.09,34.16,31.97,31.5,31.78,31.94,30.72,30.25,30.24,35.09,Naic,14.32,120.77
T2M_MAX,2018,29.97,31.54,32.99,35.32,34.8,33.09,28.68,29.4,30.27,31.54,31.2,31.6,35.32,Naic,14.32,120.77
T2M_MAX,2019,29.78,31.3,34.63,35.67,34.08,33.26,30.24,29.28,31.17,31.22,30.28,29.97,35.67,Naic,14.32,120.77
T2M_MAX,2020,30.77,30.89,31.7,32.16,32.84,33.12,31.34,30.85,31.71,31.0,29.96,29.58,33.12,Naic,14.32,120.77
T2M_MAX,2021,29.63,30.61,33.25,34.23,35.21,32.19,31.52,30.77,30.58,30.5,30.58,30.02,35.21,Naic,14.32,120.77
T2M_MAX,2022,30.79,32.0,33.7,33.55,34.35,31.23,30.85,30.49,31.15,30.48,30.28,29.97,34.35,Naic,14.32,120.77
T2M_MAX,2023,29.14,30.83,34.18,34.09,34.27,32.09,32.25,29.8,31.4,31.27,30.97,30.69,34.27,Naic,14.32,120.77
T2M_MAX,2024,30.83,32.38,33.74,37.57,36.77,33.33,31.4,32.31,31.39,31.17,30.81,30.73,37.57,Naic,14.32,120.77
T2M_MAX,2025,30.89,30.58,33.34,36.41,34.8,31.22,29.26,31.19,30.3,30.99,30.32,30.16,36.41,Naic,14.32,120.77
T2M_MIN,1990,21.23,22.51,22.61,24.73,25.83,25.55,25.03,25.47,24.95,24.3,21.85,21.83,21.23,Naic,14.32,120.77
T2M_MIN,1991,21.86,22.62,22.59,24.3,25.67,25.56,25.54,25.47,24.81,23.91,22.03,21.51,21.51,Naic,14.32,120.77
T2M_MIN,1992,21.62,21.45,23.0,24.78,25.62,26.37,25.31,25.34,24.93,24.38,20.67,21.81,20.67,Naic,14.32,120.77
T2M_MIN,1993,20.25,21.25,22.55,24.13,25.31,25.64,25.53,24.99,24.57,23.43,23.67,21.47,20.25,Naic,14.32,120.77
T2M_MIN,1994,21.07,22.17,22.9,23.75,26.66,25.4,25.04,24.97,24.52,23.32,22.83,22.05,21.07,Naic,14.32,120.77
T2M_MIN,1995,21.06,21.11,21.95,24.79,25.25,26.02,25.25,25.48,25.1,24.6,24.08,20.85,20.85,Naic,14.32,120.77
T2M_MIN,1996,20.85,20.56,22.98,24.3,25.74,25.5,25.99,25.03,24.98,25.05,24.04,20.23,20.23,Naic,14.32,120.77
T2M_MIN,1997,20.79,21.23,21.29,24.27,25.08,25.83,24.98,25.22,24.98,24.08,23.03,22.06,20.79,Naic,14.32,120.77
T2M_MIN,1998,21.69,22.29,23.07,24.12,26.29,25.67,25.69,25.87,25.73,25.4,24.96,24.12,21.69,Naic,14.32,120.77
T2M_MIN,1999,22.79,20.82,22.28,24.29,25.47,25.22,25.26,24.76,24.94,24.65,23.13,20.84,20.82,Naic,14.32,120.77
T2M_MIN,2000,20.6,22.31,23.22,24.82,25.71,25.42,24.57,24.79,24.86,24.73,23.5,23.2,20.6,Naic,14.32,120.77
T2M_MIN,2001,21.38,22.05,23.38,25.28,26.12,25.65,25.13,25.47,24.47,24.56,21.06,20.7,20.7,Naic,14.32,120.77
T2M_MIN,2002,20.28,21.31,21.29,24.1,25.5,26.21,25.52,24.93,25.04,24.96,23.32,23.32,20.28,Naic,14.32,120.77
T2M_MIN,2003,21.12,21.66,22.24,25.41,26.05,25.17,25.73,25.14,24.81,23.68,23.4,21.49,21.12,Naic,14.32,120.77
T2M_MIN,2004,21.93,21.08,23.4,25.81,25.75,24.8,25.23,25.14,24.96,23.48,23.47,22.07,21.08,Naic,14.32,120.77
T2M_MIN,2005,21.02,22.43,21.86,23.33,26.35,25.99,25.55,25.4,25.32,25.21,23.55,21.84,21.02,Naic,14.32,120.77
T2M_MIN,2006,21.73,22.0,23.59,25.12,25.89,25.9,25.22,25.06,25.2,23.9,24.12,23.3,21.73,Naic,14.32,120.77
T2M_MIN,2007,20.64,20.68,22.98,24.52,25.7,26.42,25.97,24.87,25.01,24.3,21.51,21.45,20.64,Naic,14.32,120.77
T2M_MIN,2008,21.72,22.01,21.85,25.01,25.42,24.63,25.0,24.47,25.18,25.23,23.73,21.51,21.51,Naic,14.32,120.77
T2M_MIN,2009,19.75,21.92,23.57,24.6,24.54,25.64,25.24,25.93,25.39,22.49,23.69,21.96,19.75,Naic,14.32,120.77
T2M_MIN,2010,21.71,22.62,22.9,24.65,25.49,26.33,25.11,25.0,24.94,24.62,24.4,23.04,21.71,Naic,14.32,120.77
T2M_MIN,2011,21.36,21.24,22.39,23.21,25.39,25.73,25.45,25.33,24.86,24.55,24.19,22.95,21.24,Naic,14.32,120.77
T2M_MIN,2012,22.53,22.29,22.85,24.66,26.14,25.64,25.61,24.94,25.09,23.76,23.5,23.15,22.29,Naic,14.32,120.77
T2M_MIN,2013,21.35,22.84,22.53,25.17,26.66,25.51,25.02,25.31,25.56,23.49,23.81,22.99,21.35,Naic,14.32,120.77
T2M_MIN,2014,19.51,22.17,22.7,25.1,26.38,26.26,25.27,25.08,25.29,24.15,22.7,22.28,19.51,Naic,14.32,120.77
T2M_MIN,2015,21.22,20.91,22.38,24.45,26.66,26.62,24.97,25.3,25.64,24.82,23.88,22.38,20.91,Naic,14.32,120.77
T2M_MIN,2016,22.05,21.54,23.42,25.05,26.87,26.45,25.81,25.92,25.05,24.91,23.63,23.1,21.54,Naic,14.32,120.77
T2M_MIN,2017,21.98,20.09,22.5,23.52,26.16,25.22,26.11,24.86,25.94,25.38,24.11,22.7,20.09,Naic,14.32,120.77
T2M_MIN,2018,21.83,22.05,22.4,24.42,26.45,25.58,25.1,25.74,25.38,22.62,23.71,23.33,21.83,Naic,14.32,120.77
T2M_MIN,2019,20.4,21.67,22.97,25.08,26.61,26.42,25.87,25.07,25.25,24.88,22.78,22.81,20.4,Naic,14.32,120.77
T2M_MIN,2020,21.91,20.72,23.09,24.38,25.71,26.15,26.08,25.46,25.33,25.35,23.35,23.07,20.72,Naic,14.32,120.77
T2M_MIN,2021,21.17,20.79,23.44,24.35,26.2,25.93,25.81,25.64,25.63,24.52,24.07,22.15,20.79,Naic,14.32,120.77
T2M_MIN,2022,21.54,23.44,23.71,24.59,26.33,26.06,26.13,25.58,25.68,25.26,24.19,21.73,21.54,Naic,14.32,120.77
T2M_MIN,2023,21.66,21.9,21.68,24.55,26.02,26.66,26.54,26.5,26.14,25.48,24.11,23.87,21.66,Naic,14.32,120.77
T2M_MIN,2024,21.89,22.88,23.7,25.55,27.02,26.97,26.24,26.29,25.83,25.52,24.79,24.26,21.89,Naic,14.32,120.77
T2M_MIN,2025,22.81,22.89,22.98,25.54,26.44,26.13,25.92,25.63,25.16,25.1,24.8,22.86,22.81,Naic,14.32,120.77
TS,1990,27.67,28.91,30.3,32.26,31.08,28.58,27.78,27.65,27.39,27.58,27.35,26.68,28.6,Naic,14.32,120.77
TS,1991,26.86,28.61,29.31,31.77,31.07,29.49,28.15,27.22,27.24,27.78,26.91,26.51,28.4,Naic,14.32,120.77
TS,1992,27.32,28.47,30.59,32.31,31.51,30.22,28.43,27.74,27.33,27.78,26.55,26.63,28.74,Naic,14.32,120.77
TS,1993,26.87,28.3,29.74,31.81,31.81,30.04,28.39,27.57,27.44,27.13,27.07,26.05,28.51,Naic,14.32,120.77
TS,1994,26.31,27.64,29.54,30.94,30.78,29.05,27.23,27.55,27.73,27.71,27.16,26.99,28.22,Naic,14.32,120.77
TS,1995,27.11,28.05,29.87,31.96,30.33,29.63,28.53,27.98,27.82,28.01,27.43,25.89,28.55,Naic,14.32,120.77
TS,1996,26.08,26.85,29.41,29.92,29.8,29.32,28.84,27.83,28.13,28.27,27.38,26.09,28.16,Naic,14.32,120.77
TS,1997,26.09,27.5,29.56,32.1,30.83,28.61,27.81,27.21,27.69,28.53,28.67,28.18,28.57,Naic,14.32,120.77
TS,1998,28.32,30.24,30.52,31.8,31.63,29.78,29.41,28.75,28.35,28.05,27.74,27.16,29.3,Naic,14.32,120.77
TS,1999,26.78,26.73,28.83,29.33,29.62,28.42,27.47,27.18,27.49,27.53,27.11,26.32,27.74,Naic,14.32,120.77
TS,2000,26.41,26.98,28.23,30.51,30.01,28.67,27.4,28.02,27.57,27.75,27.01,26.65,27.93,Naic,14.32,120.77
TS,2001,27.1,27.34,28.62,31.31,30.63,29.1,27.66,27.8,27.65,28.19,27.28,26.56,28.27,Naic,14.32,120.77
TS,2002,26.61,27.63,29.7,31.62,31.17,29.78,27.74,27.56,27.82,28.19,27.41,27.48,28.56,Naic,14.32,120.77
TS,2003,26.74,28.09,30.04,32.77,31.59,28.26,28.77,27.55,27.58,28.22,28.02,26.34,28.66,Naic,14.32,120.77
TS,2004,27.64,28.38,30.82,32.59,29.86,27.64,28.03,27.32,28.36,28.17,27.8,26.66,28.6,Naic,14.32,120.77
TS,2005,26.65,28.84,29.93,31.9,32.16,28.94,28.54,28.05,28.04,28.25,27.74,26.5,28.79,Naic,14.32,120.77
TS,2006,26.77,27.32,29.4,32.09,30.76,29.66,27.82,27.55,28.11,28.13,27.64,26.89,28.51,Naic,14.32,120.77
TS,2007,26.88,28.04,30.17,32.09,30.9,29.96,29.11,28.13,27.96,27.75,27.12,26.47,28.71,Naic,14.32,120.77
TS,2008,26.44,26.95,28.85,30.86,28.83,28.92,27.74,27.61,27.76,28.08,27.28,26.42,27.98,Naic,14.32,120.77
TS,2009,25.97,27.48,30.19,29.46,28.52,27.91,27.98,28.32,27.77,27.34,27.69,27.02,27.97,Naic,14.32,120.77
TS,2010,27.87,29.65,30.7,32.31,33.06,30.16,28.91,28.17,28.33,28.09,27.32,26.76,29.27,Naic,14.32,120.77
TS,2011,26.12,27.16,28.07,30.52,29.9,28.39,27.99,27.75,27.49,27.68,27.31,26.69,27.92,Naic,14.32,120.77
TS,2012,26.98,27.33,28.37,30.73,30.21,28.17,27.94,27.29,27.83,27.68,27.85,28.02,28.2,Naic,14.32,120.77
TS,2013,27.17,28.37,29.25,32.78,31.09,29.43,28.42,27.73,27.81,27.76,27.37,27.25,28.7,Naic,14.32,120.77
TS,2014,26.05,28.68,30.04,32.49,32.48,29.52,27.89,27.95,28.1,28.02,27.72,26.62,28.79,Naic,14.32,120.77
TS,2015,26.03,27.21,29.61,31.67,32.65,31.0,28.31,28.51,28.78,28.33,28.12,27.4,28.97,Naic,14.32,120.77
TS,2016,27.38,27.53,30.52,32.71,31.83,29.87,29.01,28.03,28.17,27.95,27.58,27.16,28.98,Naic,14.32,120.77
TS,2017,26.43,26.64,28.97,31.36,30.52,29.93,28.63,28.74,28.78,28.48,27.73,27.06,28.61,Naic,14.32,120.77
TS,2018,26.74,27.76,29.25,31.52,31.48,28.89,27.84,27.73,28.04,28.77,28.26,27.74,28.67,Naic,14.32,120.77
TS,2019,26.5,27.92,31.09,32.32,30.92,30.14,28.56,27.91,27.96,28.64,27.8,27.1,28.91,Naic,14.32,120.77
TS,2020,27.28,26.82,29.27,29.86,30.78,30.0,29.32,28.48,28.93,28.37,27.5,27.09,28.65,Naic,14.32,120.77
TS,2021,26.35,27.15,29.06,31.46,31.9,29.46,28.7,28.54,28.51,28.13,28.19,26.88,28.7,Naic,14.32,120.77
TS,2022,27.13,28.28,30.06,29.84,30.81,29.67,29.13,28.26,28.17,28.29,27.78,27.01,28.7,Naic,14.32,120.77
TS,2023,26.18,27.25,29.39,30.78,30.98,29.63,29.09,28.63,28.86,28.7,28.26,27.94,28.81,Naic,14.32,120.77
TS,2024,27.4,28.65,30.1,32.92,32.61,30.51,29.06,29.2,28.56,28.6,28.36,27.62,29.46,Naic,14.32,120.77
TS,2025,27.15,27.69,29.34,32.73,31.03,29.09,28.26,28.52,27.97,28.19,27.84,27.27,28.76,Naic,14.32,120.77
WS2M,1990,4.49,4.56,3.98,3.8,3.28,3.9,3.51,5.33,3.54,3.16,3.97,5.01,4.04,Naic,14.32,120.77
WS2M,1991,4.7,4.42,4.67,3.71,3.54,4.34,3.88,4.59,4.47,3.44,4.17,5.37,4.27,Naic,14.32,120.77
WS2M,1992,3.94,4.3,4.1,3.27,3.26,3.22,3.29,5.06,3.93,3.55,4.64,5.18,3.98,Naic,14.32,120.77
WS2M,1993,4.71,4.46,4.55,3.41,3.2,2.72,3.36,3.98,3.2,4.31,4.53,5.74,4.02,Naic,14.32,120.77
WS2M,1994,4.25,4.37,5.13,3.51,2.59,3.01,5.49,3.7,3.18,3.57,5.03,5.33,4.1,Naic,14.32,120.77
WS2M,1995,5.18,4.52,4.5,4.43,3.11,3.05,3.28,3.16,3.69,3.37,4.15,5.7,4.01,Naic,14.32,120.77
WS2M,1996,5.1,5.62,5.06,3.88,3.31,2.88,4.23,3.22,3.37,2.87,4.87,5.45,4.15,Naic,14.32,120.77
WS2M,1997,4.4,5.26,4.03,3.17,4.22,3.15,2.97,5.13,2.64,3.3,4.04,4.65,3.91,Naic,14.32,120.77
WS2M,1998,4.69,3.62,4.59,4.03,4.06,2.54,2.09,2.59,3.87,4.15,3.45,4.84,3.71,Naic,14.32,120.77
WS2M,1999,5.13,5.41,4.01,3.13,2.39,3.22,4.39,4.05,3.56,3.41,4.24,5.05,3.99,Naic,14.32,120.77
WS2M,2000,4.86,4.71,4.2,3.12,3.5,2.8,4.68,3.73,4.29,3.85,4.28,4.68,4.06,Naic,14.32,120.77
WS2M,2001,4.36,4.9,4.32,3.14,3.06,2.99,4.24,4.81,3.7,3.29,5.05,5.8,4.14,Naic,14.32,120.77
WS2M,2002,4.71,4.79,4.57,4.09,3.38,2.68,5.49,3.66,3.15,2.76,4.14,4.1,3.96,Naic,14.32,120.77
WS2M,2003,4.96,5.02,4.11,3.38,4.24,3.35,2.99,3.89,3.43,2.95,4.0,5.71,4.0,Naic,14.32,120.77
WS2M,2004,4.28,4.25,3.73,3.11,3.97,4.61,2.72,5.09,2.69,3.06,4.82,4.65,3.91,Naic,14.32,120.77
WS2M,2005,3.88,3.76,4.22,3.16,2.22,2.91,3.37,3.89,3.28,2.96,3.39,5.22,3.52,Naic,14.32,120.77
WS2M,2006,3.94,4.91,3.67,3.42,3.41,2.84,4.51,4.1,2.74,3.05,3.28,5.13,3.75,Naic,14.32,120.77
WS2M,2007,4.87,4.16,4.1,3.68,2.88,2.34,2.86,4.13,3.53,3.83,4.4,4.59,3.78,Naic,14.32,120.77
WS2M,2008,4.83,5.15,3.86,4.11,3.22,2.93,3.27,3.36,3.67,2.88,3.8,4.92,3.83,Naic,14.32,120.77
WS2M,2009,5.22,4.19,3.66,3.19,3.06,4.17,3.56,4.13,4.36,3.92,3.61,4.07,3.93,Naic,14.32,120.77
WS2M,2010,4.65,3.58,4.37,3.43,2.63,2.33,2.31,3.45,2.48,3.48,3.22,3.91,3.32,Naic,14.32,120.77
WS2M,2011,4.88,4.1,5.19,3.88,2.94,3.3,3.75,3.87,4.01,3.22,3.88,4.13,3.93,Naic,14.32,120.77
WS2M,2012,4.03,4.17,4.46,3.1,2.2,4.47,3.59,4.99,2.76,3.41,3.51,4.2,3.74,Naic,14.32,120.77
WS2M,2013,4.68,4.89,3.4,2.73,2.46,3.01,2.51,4.03,3.7,3.12,4.17,3.4,3.5,Naic,14.32,120.77
WS2M,2014,4.68,3.39,3.99,2.65,2.35,3.39,4.12,3.25,3.43,2.7,3.66,5.13,3.57,Naic,14.32,120.77
WS2M,2015,4.47,3.99,4.03,3.55,2.66,2.75,4.17,3.42,2.56,3.72,4.04,4.46,3.65,Naic,14.32,120.77
WS2M,2016,3.91,4.25,3.32,3.29,2.76,2.49,2.87,4.67,3.16,3.34,3.98,4.37,3.53,Naic,14.32,120.77
WS2M,2017,4.85,4.45,3.82,3.39,2.61,2.26,3.45,3.18,2.58,2.92,4.14,4.64,3.52,Naic,14.32,120.77
WS2M,2018,4.51,3.7,3.85,3.53,2.85,3.91,4.33,5.19,3.14,2.99,4.15,4.57,3.9,Naic,14.32,120.77
WS2M,2019,4.72,4.2,3.38,3.15,2.5,3.23,3.49,5.35,4.02,2.93,3.27,4.38,3.72,Naic,14.32,120.77
WS2M,2020,4.19,5.13,3.61,3.52,2.49,2.53,2.31,3.06,2.36,3.33,4.22,3.68,3.36,Naic,14.32,120.77
WS2M,2021,4.73,3.99,3.94,3.51,3.54,3.08,4.54,3.27,2.7,3.65,3.6,5.08,3.81,Naic,14.32,120.77
WS2M,2022,4.24,4.61,3.79,3.88,2.75,2.21,2.49,3.09,3.59,3.56,3.57,4.15,3.49,Naic,14.32,120.77
WS2M,2023,4.83,4.5,3.94,2.89,3.18,2.97,3.87,4.77,2.8,2.91,3.98,4.18,3.74,Naic,14.32,120.77
WS2M,2024,4.74,4.74,4.16,3.61,3.17,2.34,3.47,2.87,4.03,3.47,3.29,4.41,3.69,Naic,14.32,120.77
WS2M,2025,4.26,4.56,4.21,2.97,3.11,3.04,5.4,2.68,3.34,2.73,4.0,3.8,3.67,Naic,14.32,120.77
ALLSKY_SFC_SW_DWN,1990,18.17,21.72,22.51,24.96,21.21,17.22,18.27,16.04,17.99,18.14,16.46,16.23,19.05,Silang,14.23,120.97
ALLSKY_SFC_SW_DWN,1991,17.38,19.5,23.2,23.67,23.1,19.18,16.68,12.57,15.47,17.59,16.71,17.17,18.51,Silang,14.23,120.97
ALLSKY_SFC_SW_DWN,1992,17.47,20.64,23.46,23.65,21.92,20.46,17.94,13.29,15.93,17.84,17.48,16.78,18.89,Silang,14.23,120.97
ALLSKY_SFC_SW_DWN,1993,18.42,21.06,22.47,24.08,24.36,20.87,18.04,16.24,15.75,16.89,16.46,14.12,19.04,Silang,14.23,120.97
ALLSKY_SFC_SW_DWN,1994,17.31,20.13,21.72,23.41,21.92,19.63,12.53,18.8,16.86,19.07,19.06,16.68,18.91,Silang,14.23,120.97
ALLSKY_SFC_SW_DWN,1995,17.24,20.14,22.69,25.05,21.19,21.11,17.95,16.67,14.69,16.83,15.28,13.83,18.54,Silang,14.23,120.97
ALLSKY_SFC_SW_DWN,1996,15.56,19.01,21.36,21.13,19.89,20.44,15.7,18.79,16.1,17.37,14.37,15.87,17.96,Silang,14.23,120.97
ALLSKY_SFC_SW_DWN,1997,16.76,18.1,21.75,22.86,20.25,20.3,17.16,15.27,17.7,18.96,17.98,16.66,18.64,Silang,14.23,120.97
ALLSKY_SFC_SW_DWN,1998,16.77,20.22,22.1,23.65,19.57,20.71,19.95,19.22,15.18,14.6,16.26,13.64,18.47,Silang,14.23,120.97
ALLSKY_SFC_SW_DWN,1999,14.94,18.27,19.68,20.95,20.95,17.62,15.91,16.01,16.34,16.77,15.21,13.79,17.19,Silang,14.23,120.97
ALLSKY_SFC_SW_DWN,2000,16.35,16.51,19.4,22.38,17.88,19.72,13.99,17.06,16.84,15.56,14.73,14.19,17.04,Silang,14.23,120.97
ALLSKY_SFC_SW_DWN,2001,16.61,16.75,20.93,23.06,19.93,18.82,17.16,14.25,17.83,17.58,17.12,15.09,17.92,Silang,14.23,120.97
ALLSKY_SFC_SW_DWN,2002,17.65,19.49,22.84,24.71,21.94,20.53,12.71,17.32,16.54,18.36,15.72,16.38,18.67,Silang,14.23,120.97
ALLSKY_SFC_SW_DWN,2003,17.38,20.41,22.8,24.58,19.22,18.83,19.37,16.39,16.2,18.82,16.83,15.54,18.85,Silang,14.23,120.97
ALLSKY_SFC_SW_DWN,2004,17.49,18.76,22.85,24.28,20.54,14.73,20.08,15.69,20.23,18.54,15.33,16.05,18.72,Silang,14.23,120.97
ALLSKY_SFC_SW_DWN,2005,17.14,20.31,21.61,24.0,23.43,18.56,17.22,14.85,15.88,16.95,15.62,12.81,18.18,Silang,14.23,120.97
ALLSKY_SFC_SW_DWN,2006,15.53,18.66,21.98,24.6,20.56,20.85,12.31,14.35,18.09,17.1,17.24,14.39,17.94,Silang,14.23,120.97
ALLSKY_SFC_SW_DWN,2007,16.2,20.45,22.37,23.91,21.06,19.64,19.22,13.51,15.98,15.57,13.82,15.5,18.08,Silang,14.23,120.97
ALLSKY_SFC_SW_DWN,2008,15.49,16.25,21.94,22.61,18.64,20.51,17.34,16.01,16.85,17.15,14.87,14.47,17.67,Silang,14.23,120.97
ALLSKY_SFC_SW_DWN,2009,14.97,18.02,21.28,20.3,20.24,16.46,16.79,17.59,13.23,14.94,17.59,17.24,17.39,Silang,14.23,120.97
ALLSKY_SFC_SW_DWN,2010,17.29,22.02,22.61,24.49,24.41,18.96,18.92,17.62,19.22,15.55,15.31,14.54,19.22,Silang,14.23,120.97
ALLSKY_SFC_SW_DWN,2011,15.04,18.76,19.32,23.29,20.69,16.77,15.28,14.52,15.11,17.38,15.71,13.76,17.12,Silang,14.23,120.97
ALLSKY_SFC_SW_DWN,2012,16.27,18.66,18.76,24.62,20.63,16.81,15.51,13.33,16.23,16.53,18.29,15.5,17.57,Silang,14.23,120.97
ALLSKY_SFC_SW_DWN,2013,15.91,18.42,21.98,24.24,21.14,19.1,18.05,13.75,13.95,17.14,15.75,15.38,17.89,Silang,14.23,120.97
ALLSKY_SFC_SW_DWN,2014,17.17,20.26,21.73,23.91,24.27,17.6,14.99,17.92,16.71,17.75,17.13,13.29,18.54,Silang,14.23,120.97
ALLSKY_SFC_SW_DWN,2015,16.24,20.15,22.29,24.78,23.71,22.45,16.5,18.49,20.68,17.69,18.61,15.53,19.74,Silang,14.23,120.97
ALLSKY_SFC_SW_DWN,2016,18.22,18.92,23.14,25.13,22.41,19.94,18.91,14.1,16.8,16.12,15.82,14.52,18.66,Silang,14.23,120.97
ALLSKY_SFC_SW_DWN,2017,15.21,19.0,22.49,24.15,21.8,21.44,15.93,18.75,17.91,15.8,15.83,14.31,18.53,Silang,14.23,120.97
ALLSKY_SFC_SW_DWN,2018,15.37,20.27,22.62,24.53,23.64,15.56,12.8,14.11,18.68,20.34,18.21,14.05,18.32,Silang,14.23,120.97
ALLSKY_SFC_SW_DWN,2019,17.4,21.52,24.25,24.96,21.36,20.74,17.3,13.76,15.88,20.42,15.29,15.76,19.03,Silang,14.23,120.97
ALLSKY_SFC_SW_DWN,2020,17.35,19.87,24.03,23.88,23.06,21.32,20.27,16.84,20.28,14.9,15.35,14.37,19.28,Silang,14.23,120.97
ALLSKY_SFC_SW_DWN,2021,15.11,18.97,21.71,23.23,23.86,19.15,14.79,18.43,17.9,15.78,17.23,15.61,18.47,Silang,14.23,120.97
ALLSKY_SFC_SW_DWN,2022,17.8,18.11,22.98,21.41,22.26,21.09,17.8,16.01,16.05,16.83,16.85,14.3,18.46,Silang,14.23,120.97
ALLSKY_SFC_SW_DWN,2023,15.11,18.84,23.78,22.27,21.85,19.16,16.42,17.57,16.95,16.61,17.18,15.74,18.45,Silang,14.23,120.97
ALLSKY_SFC_SW_DWN,2024,17.12,21.06,22.14,25.92,22.92,20.66,15.12,19.55,14.06,15.79,17.45,13.07,18.72,Silang,14.23,120.97
ALLSKY_SFC_SW_DWN,2025,15.93,17.29,21.27,24.49,22.13,17.21,12.27,17.88,14.37,16.12,14.45,15.18,17.38,Silang,14.23,120.97
EVLAND,1990,3.8,3.17,2.23,1.02,2.01,3.34,3.96,4.81,3.78,3.8,4.52,5.01,3.46,Silang,14.23,120.97
EVLAND,1991,4.64,4.52,4.33,2.75,2.53,3.48,3.55,3.43,3.57,4.42,4.31,4.94,3.87,Silang,14.23,120.97
EVLAND,1992,4.08,3.72,2.29,1.78,1.94,2.38,3.31,3.72,3.64,3.88,4.99,4.89,3.39,Silang,14.23,120.97
EVLAND,1993,4.4,3.91,2.81,1.52,1.46,2.09,3.3,3.34,3.25,4.32,3.7,4.76,3.24,Silang,14.23,120.97
EVLAND,1994,4.49,4.88,4.41,3.47,2.6,3.32,3.64,3.88,3.43,4.46,5.04,4.33,3.99,Silang,14.23,120.97
EVLAND,1995,4.24,4.02,2.64,1.36,2.09,3.53,3.34,3.39,3.57,4.1,3.93,4.17,3.36,Silang,14.23,120.97
EVLAND,1996,4.4,5.18,3.86,3.79,3.22,3.38,3.29,3.71,3.64,3.3,4.06,5.18,3.91,Silang,14.23,120.97
EVLAND,1997,4.36,4.66,3.5,1.97,2.61,2.95,3.1,3.67,3.71,4.37,4.54,4.01,3.62,Silang,14.23,120.97
EVLAND,1998,3.13,2.01,1.54,0.57,1.78,2.67,3.56,3.43,3.49,3.42,3.15,4.0,2.74,Silang,14.23,120.97
EVLAND,1999,4.75,5.45,4.84,4.78,3.89,3.66,3.47,3.89,3.53,3.49,4.11,3.73,4.12,Silang,14.23,120.97
EVLAND,2000,4.98,4.64,4.4,4.45,3.83,3.45,3.9,3.49,3.97,3.62,4.0,3.78,4.04,Silang,14.23,120.97
EVLAND,2001,4.54,5.33,4.62,4.34,3.86,3.28,4.15,3.62,3.28,3.54,4.71,5.15,4.2,Silang,14.23,120.97
EVLAND,2002,4.6,4.74,3.56,2.49,2.43,3.47,3.92,3.68,3.68,3.69,3.84,4.36,3.7,Silang,14.23,120.97
EVLAND,2003,4.73,4.27,2.27,1.61,2.58,3.98,3.88,3.55,3.74,4.57,4.34,4.86,3.7,Silang,14.23,120.97
EVLAND,2004,4.32,3.8,3.4,2.12,3.43,3.48,3.52,3.66,4.08,4.78,4.57,4.51,3.81,Silang,14.23,120.97
EVLAND,2005,4.38,4.05,2.94,2.76,1.59,2.87,3.16,3.66,3.71,3.92,4.03,3.9,3.41,Silang,14.23,120.97
EVLAND,2006,4.42,5.47,4.85,3.65,2.89,3.55,3.3,3.87,3.74,4.37,3.73,4.34,4.01,Silang,14.23,120.97
EVLAND,2007,4.94,4.58,3.45,2.01,3.02,3.02,3.59,3.63,3.27,3.94,4.11,4.45,3.67,Silang,14.23,120.97
EVLAND,2008,4.6,4.73,5.32,4.22,4.23,3.93,3.69,4.0,3.62,3.6,3.47,4.37,4.15,Silang,14.23,120.97
EVLAND,2009,4.63,4.32,4.7,4.27,4.58,3.94,3.52,4.29,3.74,4.12,4.64,4.34,4.26,Silang,14.23,120.97
EVLAND,2010,4.22,3.08,2.52,1.67,1.58,2.2,3.6,3.88,3.85,3.36,3.24,3.73,3.08,Silang,14.23,120.97
EVLAND,2011,4.38,4.72,4.94,3.93,3.61,3.9,4.07,3.94,3.66,3.72,3.85,4.04,4.06,Silang,14.23,120.97
EVLAND,2012,4.78,4.5,5.05,4.74,4.2,3.61,3.81,4.25,3.88,4.65,4.23,4.23,4.33,Silang,14.23,120.97
EVLAND,2013,4.6,4.88,4.63,2.54,2.48,3.78,3.81,3.48,3.66,4.37,4.38,3.84,3.87,Silang,14.23,120.97
EVLAND,2014,4.55,3.99,2.99,1.92,1.83,2.88,3.49,4.03,3.92,4.08,4.22,4.52,3.53,Silang,14.23,120.97
EVLAND,2015,4.69,4.78,3.6,2.03,1.45,2.73,3.77,3.8,3.95,4.48,4.71,4.52,3.7,Silang,14.23,120.97
EVLAND,2016,4.75,4.81,4.43,3.15,2.26,2.92,4.0,3.79,3.44,3.78,4.27,4.07,3.8,Silang,14.23,120.97
EVLAND,2017,4.79,5.04,4.83,3.89,3.73,3.98,4.11,4.04,4.01,3.9,4.23,4.32,4.23,Silang,14.23,120.97
EVLAND,2018,4.33,4.82,4.99,4.01,3.08,3.62,3.49,4.16,4.14,4.44,4.7,4.07,4.15,Silang,14.23,120.97
EVLAND,2019,5.07,4.37,2.01,1.66,2.54,3.32,3.42,4.02,4.19,4.41,3.61,4.63,3.6,Silang,14.23,120.97
EVLAND,2020,4.87,5.52,5.78,5.76,4.58,4.27,3.84,4.01,3.93,3.48,4.27,3.6,4.49,Silang,14.23,120.97
EVLAND,2021,4.59,4.95,5.3,4.74,3.12,3.35,3.89,4.06,3.73,3.91,3.9,4.58,4.17,Silang,14.23,120.97
EVLAND,2022,4.36,4.76,4.22,4.6,4.44,4.06,4.07,3.79,3.76,3.9,3.56,3.97,4.12,Silang,14.23,120.97
EVLAND,2023,4.48,5.13,4.74,3.53,3.71,3.71,4.4,4.2,3.95,3.81,4.18,4.58,4.2,Silang,14.23,120.97
EVLAND,2024,4.86,4.61,2.82,1.7,2.14,4.2,4.08,4.15,3.73,4.09,4.3,4.21,3.74,Silang,14.23,120.97
EVLAND,2025,4.55,5.0,5.08,4.4,4.17,4.11,4.38,4.1,3.86,3.71,3.88,4.09,4.27,Silang,14.23,120.97
GWETROOT,1990,0.73,0.66,0.59,0.54,0.59,0.78,0.91,0.97,0.94,0.97,0.97,0.94,0.8,Silang,14.23,120.97
GWETROOT,1991,0.84,0.74,0.69,0.61,0.61,0.68,0.84,0.94,0.94,0.88,0.88,0.89,0.8,Silang,14.23,120.97
GWETROOT,1992,0.81,0.7,0.6,0.56,0.57,0.62,0.77,0.89,0.89,0.92,0.95,0.89,0.76,Silang,14.23,120.97
GWETROOT,1993,0.79,0.72,0.62,0.56,0.55,0.59,0.73,0.84,0.9,0.95,0.95,0.98,0.77,Silang,14.23,120.97
GWETROOT,1994,0.95,0.85,0.7,0.65,0.64,0.7,0.84,0.84,0.85,0.9,0.84,0.79,0.8,Silang,14.23,120.97
GWETROOT,1995,0.78,0.75,0.62,0.55,0.58,0.72,0.8,0.89,0.96,0.98,0.98,0.98,0.8,Silang,14.23,120.97
GWETROOT,1996,0.93,0.82,0.68,0.7,0.68,0.74,0.84,0.91,0.9,0.91,0.98,0.96,0.84,Silang,14.23,120.97
GWETROOT,1997,0.82,0.72,0.66,0.58,0.61,0.67,0.8,0.89,0.88,0.86,0.77,0.74,0.75,Silang,14.23,120.97
GWETROOT,1998,0.66,0.6,0.56,0.53,0.57,0.65,0.78,0.82,0.85,0.98,0.99,0.99,0.75,Silang,14.23,120.97
GWETROOT,1999,0.98,0.88,0.83,0.88,0.86,0.86,0.93,0.97,0.97,0.97,0.98,0.99,0.93,Silang,14.23,120.97
GWETROOT,2000,0.94,0.91,0.88,0.8,0.76,0.79,0.94,0.91,0.95,0.97,0.99,0.98,0.9,Silang,14.23,120.97
GWETROOT,2001,0.92,0.89,0.83,0.74,0.71,0.78,0.91,0.95,0.92,0.92,0.96,0.96,0.87,Silang,14.23,120.97
GWETROOT,2002,0.87,0.75,0.65,0.6,0.61,0.68,0.87,0.94,0.96,0.98,0.98,0.95,0.82,Silang,14.23,120.97
GWETROOT,2003,0.85,0.72,0.6,0.56,0.61,0.76,0.85,0.92,0.96,0.95,0.93,0.89,0.8,Silang,14.23,120.97
GWETROOT,2004,0.8,0.71,0.65,0.59,0.68,0.84,0.85,0.94,0.9,0.92,0.93,0.92,0.81,Silang,14.23,120.97
GWETROOT,2005,0.85,0.71,0.63,0.61,0.57,0.68,0.84,0.92,0.97,0.98,0.97,0.99,0.81,Silang,14.23,120.97
GWETROOT,2006,0.95,0.9,0.79,0.66,0.67,0.74,0.89,0.96,0.94,0.96,0.95,0.96,0.86,Silang,14.23,120.97
GWETROOT,2007,0.91,0.79,0.66,0.59,0.64,0.71,0.85,0.89,0.93,0.98,0.98,0.97,0.83,Silang,14.23,120.97
GWETROOT,2008,0.96,0.91,0.86,0.74,0.83,0.87,0.93,0.93,0.93,0.98,0.99,0.97,0.91,Silang,14.23,120.97
GWETROOT,2009,0.93,0.87,0.78,0.81,0.95,0.97,0.96,0.94,0.95,0.97,0.95,0.88,0.91,Silang,14.23,120.97
GWETROOT,2010,0.78,0.67,0.6,0.57,0.55,0.6,0.8,0.95,0.96,0.98,0.99,0.98,0.79,Silang,14.23,120.97
GWETROOT,2011,0.95,0.88,0.84,0.69,0.71,0.88,0.95,0.98,0.96,0.98,0.98,0.99,0.9,Silang,14.23,120.97
GWETROOT,2012,0.95,0.92,0.85,0.82,0.76,0.81,0.93,0.98,0.98,0.97,0.93,0.87,0.9,Silang,14.23,120.97
GWETROOT,2013,0.87,0.78,0.74,0.61,0.62,0.79,0.95,0.99,0.99,0.98,0.98,0.97,0.86,Silang,14.23,120.97
GWETROOT,2014,0.87,0.72,0.63,0.59,0.57,0.66,0.8,0.85,0.97,0.99,0.96,0.97,0.8,Silang,14.23,120.97
GWETROOT,2015,0.93,0.79,0.65,0.59,0.55,0.62,0.74,0.79,0.89,0.93,0.89,0.92,0.77,Silang,14.23,120.97
GWETROOT,2016,0.89,0.81,0.75,0.63,0.59,0.66,0.8,0.89,0.89,0.97,0.98,0.98,0.82,Silang,14.23,120.97
GWETROOT,2017,0.96,0.9,0.76,0.65,0.68,0.75,0.89,0.95,0.97,0.99,0.99,0.98,0.87,Silang,14.23,120.97
GWETROOT,2018,0.95,0.88,0.78,0.67,0.64,0.85,0.96,0.97,0.96,0.91,0.84,0.87,0.86,Silang,14.23,120.97
GWETROOT,2019,0.9,0.73,0.6,0.56,0.6,0.69,0.78,0.91,0.94,0.91,0.95,0.93,0.79,Silang,14.23,120.97
GWETROOT,2020,0.87,0.86,0.89,0.84,0.83,0.91,0.96,0.98,0.93,0.99,1.0,0.99,0.92,Silang,14.23,120.97
GWETROOT,2021,0.97,0.91,0.86,0.73,0.65,0.73,0.87,0.93,0.98,0.99,0.96,0.92,0.87,Silang,14.23,120.97
GWETROOT,2022,0.85,0.81,0.76,0.79,0.78,0.85,0.94,0.98,0.98,0.99,0.99,0.97,0.89,Silang,14.23,120.97
GWETROOT,2023,0.98,0.9,0.75,0.65,0.65,0.73,0.87,0.91,0.91,0.95,0.97,0.95,0.85,Silang,14.23,120.97
GWETROOT,2024,0.9,0.74,0.62,0.57,0.58,0.78,0.92,0.95,0.98,0.98,0.96,0.97,0.83,Silang,14.23,120.97
GWETROOT,2025,0.96,0.92,0.84,0.72,0.7,0.83,0.93,0.95,0.99,0.99,0.99,0.98,0.9,Silang,14.23,120.97
PRECTOTCORR,1990,3.0,0.95,1.46,0.23,5.18,9.77,8.63,10.64,6.76,11.16,11.43,7.35,6.42,Silang,14.23,120.97
PRECTOTCORR,1991,2.26,4.29,2.83,1.98,3.42,7.04,8.22,8.88,4.37,4.63,8.14,6.01,5.18,Silang,14.23,120.97
PRECTOTCORR,1992,2.25,1.47,0.99,1.25,2.95,3.56,10.15,5.43,5.12,7.07,12.36,4.35,4.75,Silang,14.23,120.97
PRECTOTCORR,1993,4.11,1.46,1.1,1.05,1.38,4.45,6.08,7.59,5.69,9.22,10.08,21.97,6.23,Silang,14.23,120.97
PRECTOTCORR,1994,5.55,2.05,1.7,4.3,2.78,7.81,6.8,3.16,6.97,6.72,4.28,7.81,5.01,Silang,14.23,120.97
PRECTOTCORR,1995,3.06,4.07,0.47,0.57,4.61,6.4,7.32,8.07,13.78,10.99,11.56,19.42,7.55,Silang,14.23,120.97
PRECTOTCORR,1996,3.57,1.92,2.16,6.2,3.32,6.71,8.92,3.25,6.59,8.11,16.4,6.36,6.12,Silang,14.23,120.97
PRECTOTCORR,1997,1.77,4.47,1.51,1.15,5.52,3.42,9.2,4.54,6.21,2.44,4.08,4.22,4.04,Silang,14.23,120.97
PRECTOTCORR,1998,1.65,0.51,0.89,0.4,3.67,5.88,4.96,5.09,8.32,15.01,8.75,23.19,6.58,Silang,14.23,120.97
PRECTOTCORR,1999,9.05,3.76,9.11,6.91,4.56,6.49,6.59,10.16,6.09,13.09,13.35,14.82,8.71,Silang,14.23,120.97
PRECTOTCORR,2000,6.0,6.02,5.87,3.14,5.4,6.05,9.41,4.62,9.4,11.67,10.42,14.07,7.69,Silang,14.23,120.97
PRECTOTCORR,2001,2.69,9.09,4.15,2.08,4.98,8.93,6.16,8.33,1.93,11.16,12.39,14.22,7.17,Silang,14.23,120.97
PRECTOTCORR,2002,1.96,2.92,2.53,1.83,3.46,6.34,12.32,8.2,8.29,10.11,12.49,7.1,6.48,Silang,14.23,120.97
PRECTOTCORR,2003,2.6,1.59,0.72,1.49,7.66,5.34,7.72,6.79,8.18,6.92,7.44,5.46,5.18,Silang,14.23,120.97
PRECTOTCORR,2004,2.64,2.89,1.93,1.4,7.61,6.78,7.33,6.34,3.57,9.8,14.69,5.44,5.88,Silang,14.23,120.97
PRECTOTCORR,2005,3.86,1.49,2.24,2.16,1.74,6.83,7.34,7.01,10.93,12.07,7.61,23.08,7.25,Silang,14.23,120.97
PRECTOTCORR,2006,6.2,4.0,4.56,0.4,5.52,8.54,8.49,5.86,11.91,6.82,5.73,13.97,6.86,Silang,14.23,120.97
PRECTOTCORR,2007,4.67,1.69,1.34,1.92,5.25,6.79,5.49,7.79,8.61,9.51,16.01,10.65,6.67,Silang,14.23,120.97
PRECTOTCORR,2008,10.26,10.19,2.73,4.48,10.46,9.02,5.24,5.79,8.18,11.39,13.6,12.46,8.64,Silang,14.23,120.97
PRECTOTCORR,2009,6.01,4.36,4.04,15.25,11.0,8.13,7.26,4.53,14.32,10.85,7.75,2.62,8.0,Silang,14.23,120.97
PRECTOTCORR,2010,3.77,0.22,2.14,1.22,1.15,4.84,13.79,7.0,8.19,10.75,14.79,11.81,6.69,Silang,14.23,120.97
PRECTOTCORR,2011,5.19,4.51,5.95,1.72,7.18,13.12,9.74,8.82,7.98,12.22,13.76,15.39,8.83,Silang,14.23,120.97
PRECTOTCORR,2012,6.48,8.5,8.2,1.96,5.82,3.86,17.14,10.4,10.88,11.83,3.97,6.51,7.99,Silang,14.23,120.97
PRECTOTCORR,2013,5.15,6.97,2.57,0.7,4.38,11.63,12.61,13.4,13.79,7.69,16.1,8.54,8.62,Silang,14.23,120.97
PRECTOTCORR,2014,1.59,1.29,2.21,0.82,2.95,5.1,9.46,7.72,11.97,12.79,8.85,17.08,6.87,Silang,14.23,120.97
PRECTOTCORR,2015,4.03,2.08,1.6,1.07,0.81,5.11,6.58,7.18,7.07,7.79,6.24,15.71,5.47,Silang,14.23,120.97
PRECTOTCORR,2016,3.09,5.26,3.21,1.07,3.02,5.88,6.56,8.25,6.16,12.4,14.16,16.14,7.11,Silang,14.23,120.97
PRECTOTCORR,2017,7.79,3.97,1.92,3.56,5.17,6.83,10.84,8.25,16.82,11.34,17.54,17.0,9.27,Silang,14.23,120.97
PRECTOTCORR,2018,7.11,3.34,2.95,2.47,4.87,10.83,13.16,6.04,8.29,4.53,5.66,16.07,7.14,Silang,14.23,120.97
PRECTOTCORR,2019,3.1,0.76,0.27,1.3,5.22,5.3,6.96,8.92,7.73,6.24,7.03,10.39,5.3,Silang,14.23,120.97
PRECTOTCORR,2020,4.81,19.6,12.63,13.49,7.07,24.05,8.31,6.72,6.5,30.04,28.29,20.58,15.12,Silang,14.23,120.97
PRECTOTCORR,2021,7.77,6.42,6.14,1.76,2.91,5.58,15.17,5.8,13.59,11.24,7.19,7.2,7.58,Silang,14.23,120.97
PRECTOTCORR,2022,3.25,5.29,3.3,8.12,6.23,8.48,8.02,9.97,11.11,17.01,8.24,10.86,8.34,Silang,14.23,120.97
PRECTOTCORR,2023,12.48,4.18,0.9,3.21,4.37,7.57,11.64,4.56,6.45,8.75,13.73,10.53,7.39,Silang,14.23,120.97
PRECTOTCORR,2024,3.01,1.23,1.65,0.59,7.75,7.14,14.32,5.9,10.88,16.99,5.89,19.68,7.98,Silang,14.23,120.97
PRECTOTCORR,2025,7.87,7.88,4.46,1.72,6.93,9.44,14.19,8.35,13.79,14.72,17.96,9.77,9.76,Silang,14.23,120.97
RH2M,1990,85.89,80.63,74.39,66.54,74.45,86.98,87.48,87.99,87.85,89.87,89.19,89.24,83.41,Silang,14.23,120.97
RH2M,1991,87.7,85.26,80.87,75.25,74.95,82.95,86.61,90.94,88.86,84.6,88.34,88.73,84.59,Silang,14.23,120.97
RH2M,1992,86.43,80.18,73.74,68.43,72.13,77.75,85.06,88.82,88.35,89.01,88.44,88.37,82.25,Silang,14.23,120.97
RH2M,1993,86.2,82.5,75.09,70.55,69.42,75.51,86.05,88.09,88.6,90.03,91.86,91.31,82.95,Silang,14.23,120.97
RH2M,1994,89.23,85.61,82.28,77.7,78.17,83.62,90.02,85.8,88.03,86.81,87.14,86.55,85.09,Silang,14.23,120.97
RH2M,1995,85.78,83.74,75.93,68.81,76.55,82.75,85.93,89.28,89.94,89.63,91.69,92.34,84.38,Silang,14.23,120.97
RH2M,1996,89.6,85.6,82.21,84.7,81.76,85.54,87.63,85.98,87.81,88.78,91.4,87.83,86.57,Silang,14.23,120.97
RH2M,1997,86.81,85.41,78.02,70.56,77.01,79.62,89.24,88.57,87.65,85.92,85.7,84.97,83.3,Silang,14.23,120.97
RH2M,1998,79.94,75.26,69.51,63.17,74.63,79.2,82.6,86.0,87.86,91.81,92.0,91.9,81.21,Silang,14.23,120.97
RH2M,1999,90.39,86.47,88.02,87.07,84.76,87.13,88.24,89.13,89.24,90.44,90.83,92.84,88.73,Silang,14.23,120.97
RH2M,2000,88.26,89.63,89.24,84.58,84.53,86.98,88.53,88.03,89.2,91.23,91.33,92.22,88.65,Silang,14.23,120.97
RH2M,2001,88.54,87.82,87.31,81.21,81.16,85.62,88.42,90.32,88.47,90.44,89.6,90.08,87.43,Silang,14.23,120.97
RH2M,2002,87.32,84.69,79.53,73.34,76.68,78.96,89.03,87.67,88.16,89.11,91.29,89.94,84.66,Silang,14.23,120.97
RH2M,2003,86.86,83.16,75.45,68.88,77.2,84.28,86.19,88.68,89.37,86.74,89.01,88.06,83.67,Silang,14.23,120.97
RH2M,2004,87.69,83.88,78.04,71.75,84.16,89.83,86.08,91.04,84.43,84.87,90.6,89.11,85.14,Silang,14.23,120.97
RH2M,2005,87.44,83.12,78.34,74.14,72.2,84.9,88.6,87.38,89.77,89.75,89.94,92.83,84.88,Silang,14.23,120.97
RH2M,2006,89.7,87.39,85.49,76.64,81.11,84.21,89.17,89.21,86.51,87.0,89.47,90.95,86.42,Silang,14.23,120.97
RH2M,2007,88.29,85.25,79.11,72.39,77.54,83.59,85.25,86.62,89.48,90.33,90.56,91.07,84.96,Silang,14.23,120.97
RH2M,2008,90.37,89.63,85.81,85.31,85.74,85.49,87.32,85.04,88.2,89.69,92.09,90.67,87.94,Silang,14.23,120.97
RH2M,2009,89.29,88.88,84.66,85.88,87.83,88.14,88.37,86.57,89.1,88.19,89.22,87.44,87.79,Silang,14.23,120.97
RH2M,2010,86.77,79.53,76.99,72.29,68.16,76.58,83.83,87.08,86.26,90.13,91.68,92.03,82.65,Silang,14.23,120.97
RH2M,2011,89.92,86.85,87.4,79.32,82.31,86.91,87.2,89.39,89.54,89.11,90.41,91.52,87.51,Silang,14.23,120.97
RH2M,2012,89.53,89.55,87.83,84.01,80.81,86.95,88.28,89.31,88.13,86.22,88.89,88.95,87.36,Silang,14.23,120.97
RH2M,2013,87.74,86.23,83.97,72.28,76.75,83.37,86.94,89.32,89.25,87.37,91.18,90.93,85.45,Silang,14.23,120.97
RH2M,2014,85.87,83.33,78.74,72.25,71.53,81.11,88.26,85.46,87.05,88.23,90.39,91.15,83.63,Silang,14.23,120.97
RH2M,2015,87.32,84.97,79.1,73.52,67.28,76.72,83.96,84.52,85.65,86.23,89.21,89.73,82.34,Silang,14.23,120.97
RH2M,2016,87.73,87.09,81.79,73.64,73.58,80.59,82.54,89.09,87.85,89.08,90.82,92.01,84.65,Silang,14.23,120.97
RH2M,2017,89.9,87.93,84.27,76.5,80.46,81.34,86.93,85.89,85.95,88.09,91.69,91.28,85.86,Silang,14.23,120.97
RH2M,2018,90.42,87.22,83.69,79.7,79.76,87.17,90.77,88.4,87.21,85.88,87.95,90.49,86.56,Silang,14.23,120.97
RH2M,2019,87.35,82.18,72.62,68.75,73.87,83.14,85.52,89.16,87.3,86.34,89.16,89.27,82.9,Silang,14.23,120.97
RH2M,2020,86.36,87.12,85.52,83.79,83.1,84.62,85.35,85.82,85.02,90.42,91.16,91.96,86.69,Silang,14.23,120.97
RH2M,2021,89.69,87.66,87.29,79.66,79.66,83.76,88.79,84.78,88.02,90.08,91.1,89.08,86.63,Silang,14.23,120.97
RH2M,2022,87.47,88.21,85.09,85.8,81.46,83.45,85.68,86.68,89.14,89.48,91.8,90.6,87.06,Silang,14.23,120.97
RH2M,2023,91.48,87.47,83.36,77.57,78.32,84.26,86.04,87.98,85.31,89.28,91.12,90.78,86.09,Silang,14.23,120.97
RH2M,2024,88.01,83.39,78.56,70.07,73.67,82.27,87.15,85.07,88.95,88.63,87.9,92.03,83.83,Silang,14.23,120.97
RH2M,2025,90.29,89.09,87.24,78.89,81.6,85.67,88.45,84.86,89.26,89.73,91.28,90.98,87.27,Silang,14.23,120.97
T2M_MAX,1990,30.13,32.06,34.27,38.34,37.4,32.06,31.73,31.28,31.61,30.88,30.91,28.73,38.34,Silang,14.23,120.97
T2M_MAX,1991,29.46,30.65,31.38,35.52,35.69,33.86,32.47,31.07,31.39,31.36,29.9,28.95,35.69,Silang,14.23,120.97
T2M_MAX,1992,31.1,32.55,33.19,36.95,35.48,34.5,32.79,30.61,31.56,31.29,30.09,28.54,36.95,Silang,14.23,120.97
T2M_MAX,1993,29.73,31.33,34.73,35.37,37.0,35.98,32.71,32.49,32.69,30.0,29.63,28.5,37.0,Silang,14.23,120.97
T2M_MAX,1994,29.58,31.39,31.88,34.41,36.04,33.06,29.76,32.59,31.17,31.3,29.4,29.32,36.04,Silang,14.23,120.97
T2M_MAX,1995,29.3,31.16,34.18,35.02,35.98,34.0,32.41,31.42,30.97,31.12,29.91,27.78,35.98,Silang,14.23,120.97
T2M_MAX,1996,28.47,31.03,32.35,31.91,34.4,32.78,31.68,31.82,33.17,31.3,30.25,28.61,34.4,Silang,14.23,120.97
T2M_MAX,1997,29.25,30.31,33.85,35.41,36.44,34.1,31.4,31.02,33.89,32.13,31.4,30.62,36.44,Silang,14.23,120.97
T2M_MAX,1998,33.28,34.57,36.05,36.5,36.21,34.99,34.45,32.62,32.69,30.73,30.39,29.93,36.5,Silang,14.23,120.97
T2M_MAX,1999,29.31,29.94,30.94,35.5,34.29,31.88,31.66,30.78,30.75,31.05,29.98,28.43,35.5,Silang,14.23,120.97
T2M_MAX,2000,29.27,31.34,30.43,33.4,34.51,32.06,30.53,30.92,32.21,30.94,29.57,29.43,34.51,Silang,14.23,120.97
T2M_MAX,2001,30.45,31.38,30.98,34.62,35.4,34.19,30.52,31.24,30.97,31.34,31.05,28.87,35.4,Silang,14.23,120.97
T2M_MAX,2002,29.8,30.87,32.68,35.73,35.82,34.19,33.2,32.34,31.14,31.67,30.58,30.13,35.82,Silang,14.23,120.97
T2M_MAX,2003,28.85,29.67,34.22,37.53,36.8,33.5,32.97,32.24,33.89,32.19,30.39,28.7,37.53,Silang,14.23,120.97
T2M_MAX,2004,30.2,31.18,35.63,36.81,34.83,30.66,32.04,29.94,32.9,31.38,29.88,29.08,36.81,Silang,14.23,120.97
T2M_MAX,2005,29.14,31.85,34.41,35.76,37.43,33.19,31.95,31.84,32.15,31.74,31.1,29.42,37.43,Silang,14.23,120.97
T2M_MAX,2006,29.36,29.82,32.65,34.98,35.76,34.13,31.95,33.43,31.83,31.76,30.91,30.06,35.76,Silang,14.23,120.97
T2M_MAX,2007,29.81,30.8,33.66,37.44,36.68,36.08,32.19,32.42,32.36,30.08,30.25,29.89,37.44,Silang,14.23,120.97
T2M_MAX,2008,29.11,29.91,37.02,32.94,31.84,31.58,31.26,37.92,32.72,31.21,30.26,29.19,37.92,Silang,14.23,120.97
T2M_MAX,2009,29.74,30.17,32.7,32.76,31.46,32.43,32.36,33.28,32.94,30.87,30.73,29.16,33.28,Silang,14.23,120.97
T2M_MAX,2010,29.55,32.51,35.16,35.64,37.24,35.41,34.3,32.47,32.73,31.24,30.27,29.47,37.24,Silang,14.23,120.97
T2M_MAX,2011,28.76,31.03,30.35,34.53,34.27,32.26,32.24,31.49,30.67,32.03,30.98,30.17,34.53,Silang,14.23,120.97
T2M_MAX,2012,29.76,30.24,30.99,32.83,34.24,31.85,33.8,31.51,32.48,31.75,30.63,31.21,34.24,Silang,14.23,120.97
T2M_MAX,2013,28.87,30.35,32.61,37.04,36.91,33.99,32.6,30.93,33.46,31.17,30.24,29.58,37.04,Silang,14.23,120.97
T2M_MAX,2014,29.28,30.49,33.17,35.74,36.39,36.06,32.48,34.37,33.28,31.62,31.03,29.62,36.39,Silang,14.23,120.97
T2M_MAX,2015,30.72,29.84,32.74,36.95,36.97,37.14,33.49,33.56,33.28,32.65,30.3,30.79,37.14,Silang,14.23,120.97
T2M_MAX,2016,30.58,30.9,33.86,37.01,36.81,34.31,33.98,34.17,31.79,31.5,30.71,29.93,37.01,Silang,14.23,120.97
T2M_MAX,2017,28.59,29.95,32.72,36.37,35.15,33.27,35.54,33.3,34.09,32.07,29.99,30.29,36.37,Silang,14.23,120.97
T2M_MAX,2018,29.48,30.4,31.96,34.68,35.71,33.92,30.45,31.98,32.23,32.2,30.93,29.72,35.71,Silang,14.23,120.97
T2M_MAX,2019,28.22,30.51,34.17,36.42,37.77,35.7,33.64,30.73,33.31,32.17,31.45,31.03,37.77,Silang,14.23,120.97
T2M_MAX,2020,31.21,29.55,32.39,37.55,33.92,34.37,32.74,31.85,33.04,31.73,30.68,29.91,37.55,Silang,14.23,120.97
T2M_MAX,2021,29.76,31.43,31.8,34.78,35.87,35.35,32.52,32.44,31.98,31.27,31.24,30.4,35.87,Silang,14.23,120.97
T2M_MAX,2022,30.27,30.35,32.21,32.81,34.48,32.93,33.58,31.52,32.77,32.66,30.88,30.2,34.48,Silang,14.23,120.97
T2M_MAX,2023,28.38,30.99,32.29,35.39,36.38,34.01,38.39,32.21,33.29,32.92,31.13,30.11,38.39,Silang,14.23,120.97
T2M_MAX,2024,30.89,30.7,35.35,37.5,36.78,34.85,32.21,34.74,33.72,36.0,32.18,30.57,37.5,Silang,14.23,120.97
T2M_MAX,2025,30.56,30.78,31.29,35.6,34.82,33.15,32.38,32.84,31.73,31.74,31.91,31.01,35.6,Silang,14.23,120.97
T2M_MIN,1990,18.04,19.9,19.76,21.22,22.91,23.52,23.21,23.45,23.17,22.5,21.08,20.2,18.04,Silang,14.23,120.97
T2M_MIN,1991,19.13,20.26,19.21,21.09,22.73,23.72,23.3,23.45,22.82,21.74,19.82,19.43,19.13,Silang,14.23,120.97
T2M_MIN,1992,18.48,19.31,19.88,21.38,22.08,23.93,23.23,23.4,23.01,22.29,18.96,19.05,18.48,Silang,14.23,120.97
T2M_MIN,1993,18.64,19.26,19.46,19.38,22.81,24.39,23.42,23.02,22.73,22.05,22.5,20.49,18.64,Silang,14.23,120.97
T2M_MIN,1994,19.26,19.52,20.41,20.42,24.54,23.52,23.06,23.06,23.1,21.34,20.51,19.65,19.26,Silang,14.23,120.97
T2M_MIN,1995,18.68,19.13,19.85,21.04,23.22,23.7,23.36,23.67,23.42,22.86,22.44,18.87,18.68,Silang,14.23,120.97
T2M_MIN,1996,18.46,18.73,20.75,22.5,23.66,23.37,23.82,23.4,23.48,22.98,22.64,17.62,17.62,Silang,14.23,120.97
T2M_MIN,1997,17.99,18.74,18.65,21.92,22.4,23.77,23.11,23.2,23.14,21.81,20.13,19.15,17.99,Silang,14.23,120.97
T2M_MIN,1998,18.77,19.46,19.71,21.93,24.58,24.42,23.99,23.88,23.51,23.95,23.62,22.66,18.77,Silang,14.23,120.97
T2M_MIN,1999,20.89,18.1,21.5,22.23,23.67,23.33,23.47,22.71,23.12,23.15,20.33,19.49,18.1,Silang,14.23,120.97
T2M_MIN,2000,19.05,20.67,21.56,22.4,23.13,23.53,23.15,23.1,23.19,22.82,22.43,22.05,19.05,Silang,14.23,120.97
T2M_MIN,2001,18.95,20.04,21.44,22.95,23.76,23.94,22.93,23.71,22.63,23.07,18.53,18.39,18.39,Silang,14.23,120.97
T2M_MIN,2002,18.12,18.03,18.27,21.06,22.5,24.43,23.26,23.39,23.17,23.22,21.17,21.05,18.03,Silang,14.23,120.97
T2M_MIN,2003,18.2,18.86,19.26,21.8,23.97,23.01,23.65,23.65,23.41,21.29,20.66,19.13,18.2,Silang,14.23,120.97
T2M_MIN,2004,19.45,18.66,20.62,22.08,23.59,23.5,23.42,23.25,22.88,21.14,21.58,20.13,18.66,Silang,14.23,120.97
T2M_MIN,2005,18.75,19.3,20.09,20.89,23.84,23.88,23.61,23.38,23.52,23.58,21.51,20.18,18.75,Silang,14.23,120.97
T2M_MIN,2006,19.56,20.27,20.92,21.69,22.88,24.09,23.15,23.14,23.25,21.27,21.7,21.9,19.56,Silang,14.23,120.97
T2M_MIN,2007,18.42,18.29,19.85,22.14,22.75,23.99,23.99,23.13,23.17,22.85,20.59,20.41,18.29,Silang,14.23,120.97
T2M_MIN,2008,19.39,19.43,20.19,22.51,22.94,22.55,23.2,22.9,23.11,23.72,22.59,19.08,19.08,Silang,14.23,120.97
T2M_MIN,2009,18.2,19.18,21.12,22.71,23.41,23.6,23.16,24.05,23.19,20.41,21.56,19.27,18.2,Silang,14.23,120.97
T2M_MIN,2010,18.77,19.64,19.59,21.54,24.55,24.81,23.3,23.71,23.17,22.99,22.44,21.6,18.77,Silang,14.23,120.97
T2M_MIN,2011,19.75,19.47,20.95,20.06,22.69,23.64,23.43,23.26,23.22,22.49,22.97,21.65,19.47,Silang,14.23,120.97
T2M_MIN,2012,21.09,20.57,21.01,20.94,24.14,23.34,23.4,23.18,22.81,22.08,21.52,21.34,20.57,Silang,14.23,120.97
T2M_MIN,2013,18.58,20.39,19.85,22.12,24.38,23.91,23.42,23.48,23.68,20.91,22.35,21.15,18.58,Silang,14.23,120.97
T2M_MIN,2014,15.97,19.05,19.02,21.81,24.57,24.07,23.61,23.01,23.42,22.21,19.89,20.9,15.97,Silang,14.23,120.97
T2M_MIN,2015,19.33,18.29,18.53,21.46,22.82,24.78,23.44,23.25,23.62,22.88,22.26,20.33,18.29,Silang,14.23,120.97
T2M_MIN,2016,20.26,20.11,21.38,22.24,24.81,24.41,23.78,23.7,23.41,22.85,21.16,21.32,20.11,Silang,14.23,120.97
T2M_MIN,2017,20.02,18.14,19.93,21.04,24.21,24.55,23.97,23.41,23.52,22.76,22.73,21.29,18.14,Silang,14.23,120.97
T2M_MIN,2018,20.44,19.83,19.69,21.42,23.57,23.75,23.09,23.28,23.35,20.98,21.88,21.28,19.69,Silang,14.23,120.97
T2M_MIN,2019,17.47,18.82,18.99,21.67,23.93,24.53,23.67,23.33,23.01,23.01,21.3,20.72,17.47,Silang,14.23,120.97
T2M_MIN,2020,19.86,18.94,20.78,21.88,23.0,23.75,24.19,23.8,22.74,22.82,22.2,22.06,18.94,Silang,14.23,120.97
T2M_MIN,2021,19.94,19.1,21.41,21.52,22.95,24.07,23.84,23.95,23.76,22.75,21.98,20.25,19.1,Silang,14.23,120.97
T2M_MIN,2022,18.88,21.4,20.46,21.7,23.72,24.0,24.35,23.6,23.28,23.78,22.09,20.14,18.88,Silang,14.23,120.97
T2M_MIN,2023,19.97,20.22,18.85,20.91,23.8,24.81,24.55,24.25,23.8,23.87,22.92,22.3,18.85,Silang,14.23,120.97
T2M_MIN,2024,19.39,20.58,19.59,23.24,25.08,23.96,24.06,24.35,24.33,23.49,23.16,22.28,19.39,Silang,14.23,120.97
T2M_MIN,2025,20.05,20.04,20.95,22.73,24.13,24.14,24.1,23.46,23.34,24.13,22.85,21.74,20.04,Silang,14.23,120.97
TS,1990,24.2,25.14,26.31,29.6,29.06,26.89,26.48,26.45,26.23,25.93,25.54,24.36,26.35,Silang,14.23,120.97
TS,1991,23.74,24.68,25.26,27.89,28.71,27.57,26.54,26.29,26.26,26.19,24.77,23.95,25.99,Silang,14.23,120.97
TS,1992,23.87,24.79,26.96,29.08,29.0,28.47,26.81,26.47,26.05,25.99,24.44,24.07,26.33,Silang,14.23,120.97
TS,1993,23.47,24.41,25.97,28.19,29.19,28.95,27.01,26.31,26.12,25.61,25.46,24.44,26.27,Silang,14.23,120.97
TS,1994,24.01,24.46,25.74,27.79,28.64,27.54,26.03,26.49,26.19,25.8,24.86,24.25,25.99,Silang,14.23,120.97
TS,1995,23.95,24.43,26.08,28.57,28.2,27.88,26.86,26.82,26.62,26.36,25.82,23.88,26.29,Silang,14.23,120.97
TS,1996,23.64,23.63,25.84,26.71,27.9,27.31,26.93,26.74,26.65,26.58,25.76,23.69,25.95,Silang,14.23,120.97
TS,1997,23.01,24.36,25.37,28.51,28.15,27.83,26.5,26.17,26.32,26.61,25.75,24.84,26.12,Silang,14.23,120.97
TS,1998,25.01,26.59,27.31,29.58,29.29,28.54,27.76,27.26,26.98,26.56,26.16,25.59,27.22,Silang,14.23,120.97
TS,1999,24.7,23.66,25.85,26.67,27.15,26.63,26.4,26.09,26.08,26.12,25.28,24.58,25.78,Silang,14.23,120.97
TS,2000,24.04,24.63,25.53,27.16,27.47,26.86,26.14,26.56,26.13,26.11,25.75,25.18,25.97,Silang,14.23,120.97
TS,2001,24.81,24.98,25.74,27.77,28.23,27.24,26.35,26.5,26.25,26.1,25.09,24.16,26.11,Silang,14.23,120.97
TS,2002,23.65,23.83,25.79,28.14,28.56,28.45,26.6,26.48,26.38,26.54,25.45,25.13,26.26,Silang,14.23,120.97
TS,2003,23.62,24.22,26.67,29.48,29.0,27.01,27.02,26.53,26.24,26.24,25.9,23.61,26.3,Silang,14.23,120.97
TS,2004,24.29,24.72,26.9,29.15,27.65,26.4,26.65,25.92,26.75,25.86,25.47,24.42,26.18,Silang,14.23,120.97
TS,2005,23.43,24.85,26.25,27.76,29.63,27.41,26.75,26.7,26.51,26.53,25.98,24.55,26.37,Silang,14.23,120.97
TS,2006,24.68,24.77,25.79,27.8,27.87,27.63,26.51,26.27,26.69,26.31,26.01,25.18,26.3,Silang,14.23,120.97
TS,2007,24.37,24.39,26.25,28.74,28.7,27.92,27.41,26.8,26.54,26.07,25.39,24.91,26.47,Silang,14.23,120.97
TS,2008,24.26,24.26,25.52,26.94,26.88,26.98,26.49,26.51,26.48,26.64,25.82,24.41,25.93,Silang,14.23,120.97
TS,2009,23.44,24.64,26.18,26.89,26.88,26.71,26.64,27.16,26.45,25.91,25.76,23.86,25.88,Silang,14.23,120.97
TS,2010,24.21,25.5,27.0,28.84,30.42,29.02,27.42,26.84,26.83,26.36,25.84,24.92,26.94,Silang,14.23,120.97
TS,2011,23.83,24.26,24.83,26.14,27.66,26.95,26.6,26.4,26.33,26.11,25.91,25.21,25.86,Silang,14.23,120.97
TS,2012,24.76,24.8,25.41,27.04,28.09,26.94,26.55,26.22,26.62,26.12,25.9,25.42,26.16,Silang,14.23,120.97
TS,2013,24.08,24.97,26.16,29.31,29.01,27.8,26.88,26.33,26.53,26.01,25.64,25.33,26.51,Silang,14.23,120.97
TS,2014,22.84,24.36,26.03,28.58,29.93,28.39,26.75,26.79,26.72,26.42,25.6,24.72,26.43,Silang,14.23,120.97
TS,2015,23.42,23.65,25.49,28.23,30.31,29.11,27.18,27.41,27.32,26.84,26.06,25.33,26.71,Silang,14.23,120.97
TS,2016,25.0,24.55,26.58,29.11,29.88,28.53,27.7,26.88,26.88,26.61,25.78,25.41,26.91,Silang,14.23,120.97
TS,2017,24.24,23.97,25.47,28.11,28.68,28.26,27.09,27.35,27.34,26.75,26.2,25.24,26.57,Silang,14.23,120.97
TS,2018,24.59,24.95,25.57,27.62,28.7,27.2,26.46,26.42,26.72,26.56,25.9,25.15,26.33,Silang,14.23,120.97
TS,2019,23.83,24.14,27.22,29.38,29.53,28.67,27.2,26.75,26.63,26.74,26.09,25.27,26.8,Silang,14.23,120.97
TS,2020,24.79,23.96,25.91,27.38,28.56,27.91,27.5,27.15,27.54,26.72,25.97,25.55,26.59,Silang,14.23,120.97
TS,2021,24.47,24.72,25.98,27.22,28.87,27.77,27.27,27.41,27.03,26.56,26.28,24.68,26.53,Silang,14.23,120.97
TS,2022,24.32,25.13,26.64,26.79,28.2,27.71,27.75,26.91,26.74,26.87,26.23,25.07,26.54,Silang,14.23,120.97
TS,2023,24.21,24.67,25.17,27.94,29.09,28.07,27.7,27.35,27.81,27.02,26.33,25.86,26.78,Silang,14.23,120.97
TS,2024,24.58,25.09,26.86,29.8,30.28,28.68,27.53,27.88,27.24,27.15,26.72,25.76,27.3,Silang,14.23,120.97
TS,2025,24.95,25.07,25.98,28.24,28.58,27.67,27.12,27.17,26.56,26.82,26.49,25.45,26.68,Silang,14.23,120.97
WS2M,1990,1.63,1.72,1.6,1.43,1.24,1.23,1.21,1.81,1.24,1.22,1.45,1.81,1.47,Silang,14.23,120.97
WS2M,1991,1.69,1.64,1.72,1.47,1.39,1.5,1.25,1.59,1.42,1.27,1.52,1.92,1.53,Silang,14.23,120.97
WS2M,1992,1.48,1.67,1.64,1.33,1.22,1.22,1.14,1.64,1.33,1.31,1.7,1.86,1.46,Silang,14.23,120.97
WS2M,1993,1.68,1.7,1.73,1.51,1.33,1.03,1.13,1.3,1.07,1.61,1.61,2.09,1.48,Silang,14.23,120.97
WS2M,1994,1.56,1.58,1.8,1.36,0.96,1.09,1.76,1.2,1.16,1.29,1.8,1.92,1.46,Silang,14.23,120.97
WS2M,1995,1.86,1.71,1.72,1.77,1.18,1.08,1.04,1.11,1.28,1.29,1.56,2.01,1.47,Silang,14.23,120.97
WS2M,1996,1.8,1.97,1.83,1.48,1.12,1.15,1.4,1.07,1.2,1.09,1.72,1.95,1.48,Silang,14.23,120.97
WS2M,1997,1.61,1.84,1.52,1.33,1.49,1.04,1.07,1.61,1.03,1.27,1.46,1.69,1.41,Silang,14.23,120.97
WS2M,1998,1.74,1.49,1.78,1.61,1.49,1.04,0.82,1.0,1.25,1.5,1.29,1.79,1.4,Silang,14.23,120.97
WS2M,1999,1.88,1.88,1.51,1.15,0.96,1.09,1.39,1.37,1.22,1.25,1.53,1.81,1.42,Silang,14.23,120.97
WS2M,2000,1.78,1.75,1.51,1.25,1.15,1.03,1.47,1.23,1.48,1.32,1.58,1.7,1.44,Silang,14.23,120.97
WS2M,2001,1.61,1.76,1.56,1.29,1.07,0.99,1.48,1.56,1.31,1.26,1.77,2.04,1.47,Silang,14.23,120.97
WS2M,2002,1.69,1.73,1.71,1.59,1.32,0.99,1.79,1.16,1.09,1.07,1.5,1.51,1.43,Silang,14.23,120.97
WS2M,2003,1.72,1.76,1.65,1.32,1.48,1.2,1.14,1.24,1.2,1.12,1.49,1.97,1.44,Silang,14.23,120.97
WS2M,2004,1.59,1.61,1.45,1.31,1.48,1.56,0.96,1.75,1.03,1.18,1.69,1.67,1.44,Silang,14.23,120.97
WS2M,2005,1.47,1.5,1.68,1.39,0.95,1.01,1.14,1.3,1.18,1.13,1.31,1.87,1.33,Silang,14.23,120.97
WS2M,2006,1.5,1.78,1.39,1.45,1.34,1.06,1.45,1.39,1.03,1.17,1.25,1.87,1.39,Silang,14.23,120.97
WS2M,2007,1.76,1.54,1.59,1.46,1.08,1.0,0.99,1.24,1.18,1.4,1.58,1.74,1.38,Silang,14.23,120.97
WS2M,2008,1.75,1.84,1.41,1.51,1.12,1.06,1.09,1.03,1.27,1.12,1.36,1.74,1.36,Silang,14.23,120.97
WS2M,2009,1.82,1.53,1.34,1.13,1.14,1.29,1.2,1.43,1.41,1.44,1.38,1.49,1.38,Silang,14.23,120.97
WS2M,2010,1.67,1.45,1.67,1.49,1.15,0.92,0.86,1.14,0.97,1.19,1.2,1.43,1.26,Silang,14.23,120.97
WS2M,2011,1.73,1.47,1.85,1.48,1.1,1.16,1.28,1.42,1.39,1.16,1.39,1.55,1.42,Silang,14.23,120.97
WS2M,2012,1.52,1.54,1.61,1.2,0.87,1.37,1.27,1.64,1.04,1.27,1.36,1.52,1.35,Silang,14.23,120.97
WS2M,2013,1.66,1.81,1.38,1.15,0.92,0.99,0.98,1.26,1.28,1.19,1.57,1.29,1.29,Silang,14.23,120.97
WS2M,2014,1.68,1.35,1.61,1.2,1.08,1.1,1.4,1.19,1.21,1.05,1.36,1.88,1.34,Silang,14.23,120.97
WS2M,2015,1.64,1.52,1.55,1.38,1.03,1.05,1.38,1.2,1.02,1.41,1.51,1.71,1.37,Silang,14.23,120.97
WS2M,2016,1.52,1.6,1.33,1.37,1.11,1.03,1.0,1.53,1.14,1.17,1.47,1.62,1.32,Silang,14.23,120.97
WS2M,2017,1.77,1.63,1.49,1.24,1.08,0.86,1.18,1.14,1.01,1.09,1.54,1.69,1.31,Silang,14.23,120.97
WS2M,2018,1.67,1.43,1.49,1.52,1.23,1.28,1.41,1.55,1.22,1.17,1.54,1.65,1.43,Silang,14.23,120.97
WS2M,2019,1.74,1.59,1.4,1.39,0.97,1.17,1.13,1.73,1.35,1.15,1.21,1.67,1.37,Silang,14.23,120.97
WS2M,2020,1.57,1.85,1.37,1.3,0.99,1.02,0.95,1.06,0.94,1.17,1.59,1.43,1.27,Silang,14.23,120.97
WS2M,2021,1.76,1.47,1.5,1.41,1.34,1.07,1.55,1.11,1.02,1.3,1.35,1.82,1.39,Silang,14.23,120.97
WS2M,2022,1.52,1.7,1.47,1.41,1.1,0.92,0.92,1.04,1.29,1.31,1.32,1.5,1.29,Silang,14.23,120.97
WS2M,2023,1.78,1.64,1.51,1.25,1.23,1.01,1.35,1.63,0.98,1.12,1.46,1.52,1.37,Silang,14.23,120.97
WS2M,2024,1.69,1.74,1.61,1.56,1.35,0.87,1.24,1.05,1.34,1.29,1.24,1.61,1.38,Silang,14.23,120.97
WS2M,2025,1.57,1.65,1.54,1.3,1.27,1.08,1.67,0.98,1.16,1.06,1.49,1.42,1.35,Silang,14.23,120.97
ALLSKY_SFC_SW_DWN,1990,18.17,21.72,22.51,24.96,21.21,17.22,18.27,16.04,17.99,18.14,16.46,16.23,19.05,Maragondon,14.27,120.73
ALLSKY_SFC_SW_DWN,1991,17.38,19.5,23.2,23.67,23.1,19.18,16.68,12.57,15.47,17.59,16.71,17.17,18.51,Maragondon,14.27,120.73
ALLSKY_SFC_SW_DWN,1992,17.47,20.64,23.46,23.65,21.92,20.46,17.94,13.29,15.93,17.84,17.48,16.78,18.89,Maragondon,14.27,120.73
ALLSKY_SFC_SW_DWN,1993,18.42,21.06,22.47,24.08,24.36,20.87,18.04,16.24,15.75,16.89,16.46,14.12,19.04,Maragondon,14.27,120.73
ALLSKY_SFC_SW_DWN,1994,17.31,20.13,21.72,23.41,21.92,19.63,12.53,18.8,16.86,19.07,19.06,16.68,18.91,Maragondon,14.27,120.73
ALLSKY_SFC_SW_DWN,1995,17.24,20.14,22.69,25.05,21.19,21.11,17.95,16.67,14.69,16.83,15.28,13.83,18.54,Maragondon,14.27,120.73
ALLSKY_SFC_SW_DWN,1996,15.56,19.01,21.36,21.13,19.89,20.44,15.7,18.79,16.1,17.37,14.37,15.87,17.96,Maragondon,14.27,120.73
ALLSKY_SFC_SW_DWN,1997,16.76,18.1,21.75,22.86,20.25,20.3,17.16,15.27,17.7,18.96,17.98,16.66,18.64,Maragondon,14.27,120.73
ALLSKY_SFC_SW_DWN,1998,16.77,20.22,22.1,23.65,19.57,20.71,19.95,19.22,15.18,14.6,16.26,13.64,18.47,Maragondon,14.27,120.73
ALLSKY_SFC_SW_DWN,1999,14.94,18.27,19.68,20.95,20.95,17.62,15.91,16.01,16.34,16.77,15.21,13.79,17.19,Maragondon,14.27,120.73
ALLSKY_SFC_SW_DWN,2000,16.35,16.51,19.4,22.38,17.88,19.72,13.99,17.06,16.84,15.56,14.73,14.19,17.04,Maragondon,14.27,120.73
ALLSKY_SFC_SW_DWN,2001,16.61,16.75,20.93,23.06,19.93,18.82,17.16,14.25,17.83,17.58,17.12,15.09,17.92,Maragondon,14.27,120.73
ALLSKY_SFC_SW_DWN,2002,17.65,19.49,22.84,24.71,21.94,20.53,12.71,17.32,16.54,18.36,15.72,16.38,18.67,Maragondon,14.27,120.73
ALLSKY_SFC_SW_DWN,2003,17.38,20.41,22.8,24.58,19.22,18.83,19.37,16.39,16.2,18.82,16.83,15.54,18.85,Maragondon,14.27,120.73
ALLSKY_SFC_SW_DWN,2004,17.49,18.76,22.85,24.28,20.54,14.73,20.08,15.69,20.23,18.54,15.33,16.05,18.72,Maragondon,14.27,120.73
ALLSKY_SFC_SW_DWN,2005,17.14,20.31,21.61,24.0,23.43,18.56,17.22,14.85,15.88,16.95,15.62,12.81,18.18,Maragondon,14.27,120.73
ALLSKY_SFC_SW_DWN,2006,15.53,18.66,21.98,24.6,20.56,20.85,12.31,14.35,18.09,17.1,17.24,14.39,17.94,Maragondon,14.27,120.73
ALLSKY_SFC_SW_DWN,2007,16.2,20.45,22.37,23.91,21.06,19.64,19.22,13.51,15.98,15.57,13.82,15.5,18.08,Maragondon,14.27,120.73
ALLSKY_SFC_SW_DWN,2008,15.49,16.25,21.94,22.61,18.64,20.51,17.34,16.01,16.85,17.15,14.87,14.47,17.67,Maragondon,14.27,120.73
ALLSKY_SFC_SW_DWN,2009,14.97,18.02,21.28,20.3,20.24,16.46,16.79,17.59,13.23,14.94,17.59,17.24,17.39,Maragondon,14.27,120.73
ALLSKY_SFC_SW_DWN,2010,17.29,22.02,22.61,24.49,24.41,18.96,18.92,17.62,19.22,15.55,15.31,14.54,19.22,Maragondon,14.27,120.73
ALLSKY_SFC_SW_DWN,2011,15.04,18.76,19.32,23.29,20.69,16.77,15.28,14.52,15.11,17.38,15.71,13.76,17.12,Maragondon,14.27,120.73
ALLSKY_SFC_SW_DWN,2012,16.27,18.66,18.76,24.62,20.63,16.81,15.51,13.33,16.23,16.53,18.29,15.5,17.57,Maragondon,14.27,120.73
ALLSKY_SFC_SW_DWN,2013,15.91,18.42,21.98,24.24,21.14,19.1,18.05,13.75,13.95,17.14,15.75,15.38,17.89,Maragondon,14.27,120.73
ALLSKY_SFC_SW_DWN,2014,17.17,20.26,21.73,23.91,24.27,17.6,14.99,17.92,16.71,17.75,17.13,13.29,18.54,Maragondon,14.27,120.73
ALLSKY_SFC_SW_DWN,2015,16.24,20.15,22.29,24.78,23.71,22.45,16.5,18.49,20.68,17.69,18.61,15.53,19.74,Maragondon,14.27,120.73
ALLSKY_SFC_SW_DWN,2016,18.22,18.92,23.14,25.13,22.41,19.94,18.91,14.1,16.8,16.12,15.82,14.52,18.66,Maragondon,14.27,120.73
ALLSKY_SFC_SW_DWN,2017,15.21,19.0,22.49,24.15,21.8,21.44,15.93,18.75,17.91,15.8,15.83,14.31,18.53,Maragondon,14.27,120.73
ALLSKY_SFC_SW_DWN,2018,15.37,20.27,22.62,24.53,23.64,15.56,12.8,14.11,18.68,20.34,18.21,14.05,18.32,Maragondon,14.27,120.73
ALLSKY_SFC_SW_DWN,2019,17.4,21.52,24.25,24.96,21.36,20.74,17.3,13.76,15.88,20.42,15.29,15.76,19.03,Maragondon,14.27,120.73
ALLSKY_SFC_SW_DWN,2020,17.35,19.87,24.03,23.88,23.06,21.32,20.27,16.84,20.28,14.9,15.35,14.37,19.28,Maragondon,14.27,120.73
ALLSKY_SFC_SW_DWN,2021,15.11,18.97,21.71,23.23,23.86,19.15,14.79,18.43,17.9,15.78,17.23,15.61,18.47,Maragondon,14.27,120.73
ALLSKY_SFC_SW_DWN,2022,17.8,18.11,22.98,21.41,22.26,21.09,17.8,16.01,16.05,16.83,16.85,14.3,18.46,Maragondon,14.27,120.73
ALLSKY_SFC_SW_DWN,2023,15.11,18.84,23.78,22.27,21.85,19.16,16.42,17.57,16.95,16.61,17.18,15.74,18.45,Maragondon,14.27,120.73
ALLSKY_SFC_SW_DWN,2024,17.12,21.06,22.14,25.92,22.92,20.66,15.12,19.55,14.06,15.79,17.45,13.07,18.72,Maragondon,14.27,120.73
ALLSKY_SFC_SW_DWN,2025,15.93,17.29,21.27,24.49,22.13,17.21,12.27,17.88,14.37,16.12,14.45,15.18,17.38,Maragondon,14.27,120.73
EVLAND,1990,1.12,0.28,0.35,0.12,1.78,3.64,3.79,4.49,3.57,3.42,3.63,3.15,2.46,Maragondon,14.27,120.73
EVLAND,1991,2.19,0.93,0.93,0.49,2.32,2.84,3.25,3.16,3.56,4.34,3.58,2.93,2.56,Maragondon,14.27,120.73
EVLAND,1992,1.68,0.78,0.23,0.56,1.22,2.7,3.05,3.44,3.44,3.58,3.95,2.83,2.29,Maragondon,14.27,120.73
EVLAND,1993,1.49,0.53,0.19,0.59,1.32,2.21,3.26,3.52,3.08,3.82,3.08,3.41,2.22,Maragondon,14.27,120.73
EVLAND,1994,3.05,2.52,0.77,1.34,2.0,2.81,3.68,3.9,3.35,4.17,3.36,2.17,2.76,Maragondon,14.27,120.73
EVLAND,1995,1.42,0.99,0.26,0.14,1.34,3.43,2.77,3.12,3.17,3.72,3.31,2.84,2.22,Maragondon,14.27,120.73
EVLAND,1996,2.93,2.24,0.57,1.4,1.8,2.77,2.73,3.39,3.56,3.06,3.48,3.76,2.64,Maragondon,14.27,120.73
EVLAND,1997,2.65,1.68,0.56,0.71,1.7,3.85,3.13,3.63,3.2,4.01,3.16,1.65,2.5,Maragondon,14.27,120.73
EVLAND,1998,0.42,0.29,0.22,0.91,1.57,3.2,3.2,3.18,3.34,3.21,2.67,2.99,2.11,Maragondon,14.27,120.73
EVLAND,1999,3.59,3.3,2.72,2.92,2.29,3.22,3.19,3.84,3.44,3.2,3.54,2.77,3.17,Maragondon,14.27,120.73
EVLAND,2000,3.41,2.94,2.57,2.32,2.26,3.08,3.66,3.5,3.85,3.23,3.34,2.82,3.08,Maragondon,14.27,120.73
EVLAND,2001,3.34,3.07,2.58,2.22,2.52,2.93,4.1,3.49,3.17,3.19,3.67,3.23,3.13,Maragondon,14.27,120.73
EVLAND,2002,2.43,1.12,0.47,0.59,1.31,3.55,3.94,3.63,3.26,3.29,3.16,3.11,2.5,Maragondon,14.27,120.73
EVLAND,2003,2.46,0.72,0.51,0.25,1.93,4.35,3.77,3.61,3.29,4.27,3.52,2.68,2.63,Maragondon,14.27,120.73
EVLAND,2004,1.55,0.86,0.43,0.77,2.87,3.48,3.44,3.6,3.97,3.99,2.98,3.29,2.61,Maragondon,14.27,120.73
EVLAND,2005,2.33,0.77,0.54,0.57,1.27,3.05,3.26,3.47,3.46,3.49,3.49,2.85,2.39,Maragondon,14.27,120.73
EVLAND,2006,3.01,3.07,1.81,0.63,1.58,3.0,2.99,3.72,3.39,4.13,3.05,3.25,2.8,Maragondon,14.27,120.73
EVLAND,2007,2.97,1.47,0.51,0.38,1.58,2.57,3.23,3.65,3.25,3.84,3.62,3.66,2.57,Maragondon,14.27,120.73
EVLAND,2008,3.12,2.68,2.06,0.89,3.02,3.64,3.49,3.76,3.5,3.32,3.08,3.39,3.0,Maragondon,14.27,120.73
EVLAND,2009,2.74,2.23,1.2,1.78,4.12,3.93,3.33,4.01,3.51,3.96,3.95,2.64,3.12,Maragondon,14.27,120.73
EVLAND,2010,1.13,0.22,0.31,0.25,0.96,2.57,3.2,3.75,3.22,3.32,2.8,3.08,2.08,Maragondon,14.27,120.73
EVLAND,2011,3.0,2.94,1.74,0.5,2.65,3.59,4.0,3.82,3.49,3.74,3.26,3.16,2.99,Maragondon,14.27,120.73
EVLAND,2012,3.39,2.82,2.47,1.86,2.77,3.66,3.54,4.04,3.43,4.24,3.48,2.47,3.18,Maragondon,14.27,120.73
EVLAND,2013,1.96,1.42,2.66,0.75,1.5,3.27,3.56,3.37,3.23,4.51,3.55,2.6,2.71,Maragondon,14.27,120.73
EVLAND,2014,2.57,0.94,0.42,0.58,1.51,3.33,3.53,3.98,3.8,3.65,3.64,3.22,2.61,Maragondon,14.27,120.73
EVLAND,2015,3.11,2.03,0.56,0.57,1.08,2.83,3.86,3.68,3.84,4.35,3.93,3.26,2.76,Maragondon,14.27,120.73
EVLAND,2016,3.27,2.37,1.21,0.68,1.89,3.07,3.77,3.72,3.24,3.58,3.79,3.28,2.83,Maragondon,14.27,120.73
EVLAND,2017,3.72,3.3,2.38,1.64,2.54,3.48,3.52,4.07,3.73,3.78,3.63,3.48,3.27,Maragondon,14.27,120.73
EVLAND,2018,3.3,3.18,2.51,1.36,2.2,3.4,3.21,3.99,3.74,4.28,3.48,2.4,3.09,Maragondon,14.27,120.73
EVLAND,2019,3.04,1.59,0.3,1.15,2.46,3.28,3.36,3.92,4.08,4.06,3.2,3.69,2.85,Maragondon,14.27,120.73
EVLAND,2020,3.01,2.79,3.18,3.85,3.35,3.97,3.53,3.62,3.54,3.27,3.73,3.17,3.42,Maragondon,14.27,120.73
EVLAND,2021,3.82,3.85,3.04,1.57,1.28,2.66,3.62,3.78,3.34,3.65,3.42,3.31,3.11,Maragondon,14.27,120.73
EVLAND,2022,2.71,2.4,1.78,2.64,2.66,3.4,3.57,3.38,3.41,3.21,3.34,3.17,2.97,Maragondon,14.27,120.73
EVLAND,2023,3.44,3.29,1.69,2.81,2.73,3.29,4.04,4.19,3.67,3.85,3.71,3.5,3.35,Maragondon,14.27,120.73
EVLAND,2024,2.81,1.24,0.9,0.63,1.94,3.4,3.73,3.74,3.57,3.56,4.05,3.34,2.75,Maragondon,14.27,120.73
EVLAND,2025,3.38,3.2,2.5,1.41,3.09,3.51,4.37,3.91,3.55,3.35,3.46,3.66,3.29,Maragondon,14.27,120.73
GWETROOT,1990,0.61,0.59,0.59,0.58,0.64,0.93,0.99,0.99,0.98,0.95,0.89,0.77,0.79,Maragondon,14.27,120.73
GWETROOT,1991,0.66,0.6,0.6,0.59,0.62,0.7,0.9,0.99,1.0,0.93,0.82,0.73,0.76,Maragondon,14.27,120.73
GWETROOT,1992,0.63,0.6,0.59,0.59,0.6,0.72,0.87,0.98,0.99,0.92,0.86,0.73,0.76,Maragondon,14.27,120.73
GWETROOT,1993,0.62,0.59,0.59,0.59,0.6,0.69,0.88,0.97,0.99,0.96,0.9,0.86,0.77,Maragondon,14.27,120.73
GWETROOT,1994,0.78,0.66,0.6,0.6,0.63,0.79,0.96,0.96,0.97,0.91,0.75,0.66,0.77,Maragondon,14.27,120.73
GWETROOT,1995,0.62,0.61,0.59,0.58,0.64,0.81,0.89,0.96,0.99,0.97,0.94,0.87,0.79,Maragondon,14.27,120.73
GWETROOT,1996,0.78,0.65,0.59,0.61,0.65,0.77,0.87,0.98,0.98,0.95,0.96,0.86,0.8,Maragondon,14.27,120.73
GWETROOT,1997,0.7,0.62,0.6,0.59,0.66,0.91,0.98,1.0,0.97,0.88,0.72,0.62,0.77,Maragondon,14.27,120.73
GWETROOT,1998,0.59,0.59,0.59,0.6,0.64,0.83,0.87,0.94,0.97,0.99,0.96,0.94,0.79,Maragondon,14.27,120.73
GWETROOT,1999,0.89,0.73,0.66,0.68,0.7,0.87,0.99,0.99,0.99,0.98,0.93,0.9,0.86,Maragondon,14.27,120.73
GWETROOT,2000,0.8,0.75,0.68,0.62,0.74,0.91,0.99,0.99,0.99,0.97,0.97,0.9,0.86,Maragondon,14.27,120.73
GWETROOT,2001,0.79,0.7,0.66,0.62,0.69,0.85,0.98,0.99,0.96,0.9,0.85,0.78,0.82,Maragondon,14.27,120.73
GWETROOT,2002,0.67,0.61,0.59,0.59,0.63,0.81,0.98,0.99,0.98,0.96,0.92,0.79,0.79,Maragondon,14.27,120.73
GWETROOT,2003,0.67,0.6,0.59,0.59,0.66,0.94,0.94,0.99,0.99,0.93,0.83,0.72,0.79,Maragondon,14.27,120.73
GWETROOT,2004,0.62,0.6,0.59,0.59,0.76,0.97,0.98,1.0,0.96,0.86,0.75,0.8,0.79,Maragondon,14.27,120.73
GWETROOT,2005,0.66,0.6,0.59,0.59,0.61,0.88,0.97,0.99,0.99,0.96,0.92,0.87,0.8,Maragondon,14.27,120.73
GWETROOT,2006,0.78,0.7,0.62,0.59,0.66,0.76,0.95,1.0,0.98,0.94,0.92,0.85,0.81,Maragondon,14.27,120.73
GWETROOT,2007,0.73,0.62,0.59,0.59,0.64,0.77,0.89,0.97,0.99,0.97,0.94,0.89,0.8,Maragondon,14.27,120.73
GWETROOT,2008,0.79,0.69,0.64,0.6,0.77,0.88,0.97,0.99,0.99,0.98,0.96,0.86,0.84,Maragondon,14.27,120.73
GWETROOT,2009,0.75,0.65,0.61,0.67,0.91,0.99,0.99,0.98,0.99,0.97,0.86,0.7,0.84,Maragondon,14.27,120.73
GWETROOT,2010,0.61,0.59,0.59,0.59,0.6,0.74,0.9,0.99,0.98,0.98,0.98,0.9,0.79,Maragondon,14.27,120.73
GWETROOT,2011,0.81,0.7,0.63,0.59,0.73,0.94,0.99,1.0,0.99,0.98,0.95,0.92,0.85,Maragondon,14.27,120.73
GWETROOT,2012,0.8,0.71,0.65,0.63,0.71,0.95,0.99,1.0,1.0,0.96,0.83,0.7,0.83,Maragondon,14.27,120.73
GWETROOT,2013,0.64,0.62,0.64,0.59,0.62,0.85,0.98,1.0,1.0,0.97,0.89,0.81,0.8,Maragondon,14.27,120.73
GWETROOT,2014,0.69,0.6,0.59,0.59,0.61,0.83,0.98,0.98,0.99,0.98,0.87,0.83,0.8,Maragondon,14.27,120.73
GWETROOT,2015,0.76,0.63,0.59,0.59,0.6,0.68,0.92,0.97,0.99,0.97,0.83,0.8,0.78,Maragondon,14.27,120.73
GWETROOT,2016,0.76,0.65,0.6,0.59,0.63,0.8,0.96,0.99,0.99,0.99,0.94,0.92,0.82,Maragondon,14.27,120.73
GWETROOT,2017,0.85,0.75,0.64,0.6,0.68,0.85,0.96,0.99,0.98,0.98,0.96,0.9,0.85,Maragondon,14.27,120.73
GWETROOT,2018,0.81,0.72,0.63,0.6,0.63,0.91,1.0,0.99,0.99,0.9,0.77,0.7,0.8,Maragondon,14.27,120.73
GWETROOT,2019,0.74,0.62,0.59,0.6,0.68,0.81,0.96,0.99,0.99,0.91,0.92,0.84,0.81,Maragondon,14.27,120.73
GWETROOT,2020,0.72,0.67,0.69,0.7,0.75,0.9,0.97,0.99,0.96,1.0,0.99,0.98,0.86,Maragondon,14.27,120.73
GWETROOT,2021,0.92,0.79,0.67,0.6,0.6,0.76,0.94,0.98,0.99,0.99,0.9,0.81,0.83,Maragondon,14.27,120.73
GWETROOT,2022,0.71,0.64,0.61,0.64,0.7,0.87,0.98,1.0,0.99,0.99,0.97,0.91,0.84,Maragondon,14.27,120.73
GWETROOT,2023,0.87,0.73,0.62,0.64,0.65,0.84,0.96,0.97,0.99,0.98,0.9,0.82,0.83,Maragondon,14.27,120.73
GWETROOT,2024,0.71,0.61,0.59,0.59,0.62,0.81,0.96,0.98,0.99,0.98,0.94,0.85,0.8,Maragondon,14.27,120.73
GWETROOT,2025,0.82,0.73,0.64,0.6,0.68,0.91,0.99,0.97,1.0,0.99,0.98,0.95,0.86,Maragondon,14.27,120.73
PRECTOTCORR,1990,0.46,0.11,0.34,0.11,6.32,20.15,15.81,23.75,14.23,4.62,3.58,1.33,7.61,Maragondon,14.27,120.73
PRECTOTCORR,1991,0.36,0.8,0.66,0.51,2.95,6.62,16.03,24.88,14.87,2.47,3.28,0.77,6.23,Maragondon,14.27,120.73
PRECTOTCORR,1992,0.32,0.6,0.19,0.58,2.41,5.69,9.09,20.77,10.79,4.34,2.74,0.67,4.87,Maragondon,14.27,120.73
PRECTOTCORR,1993,0.45,0.21,0.17,0.79,1.28,6.87,10.15,16.21,7.57,4.79,4.05,4.57,4.8,Maragondon,14.27,120.73
PRECTOTCORR,1994,1.2,0.47,0.36,1.47,2.87,9.64,18.07,9.2,6.33,3.08,0.58,1.84,4.63,Maragondon,14.27,120.73
PRECTOTCORR,1995,0.44,0.87,0.14,0.15,4.18,6.09,7.03,15.15,14.91,6.05,3.37,3.68,5.2,Maragondon,14.27,120.73
PRECTOTCORR,1996,0.49,0.24,0.35,1.59,4.49,5.02,13.39,7.63,12.42,3.71,6.92,0.81,4.76,Maragondon,14.27,120.73
PRECTOTCORR,1997,0.32,1.04,0.27,0.75,11.66,8.27,12.5,21.06,4.3,1.49,0.88,0.56,5.31,Maragondon,14.27,120.73
PRECTOTCORR,1998,0.42,0.06,0.28,1.01,6.4,5.29,4.47,9.06,16.14,11.0,2.68,6.77,5.33,Maragondon,14.27,120.73
PRECTOTCORR,1999,1.29,0.62,2.96,3.59,3.09,11.07,17.22,22.36,11.48,9.64,3.73,4.5,7.69,Maragondon,14.27,120.73
PRECTOTCORR,2000,1.07,2.53,1.73,1.71,8.62,6.94,20.84,12.94,14.73,8.46,3.37,3.55,7.24,Maragondon,14.27,120.73
PRECTOTCORR,2001,0.58,3.59,1.1,1.52,5.53,11.88,11.31,13.48,2.72,3.45,3.28,3.05,5.14,Maragondon,14.27,120.73
PRECTOTCORR,2002,0.3,0.66,0.39,0.62,3.7,7.49,29.46,9.42,9.58,4.37,3.13,1.04,5.9,Maragondon,14.27,120.73
PRECTOTCORR,2003,0.5,0.25,0.47,0.29,13.6,8.28,8.09,19.14,14.0,2.39,3.03,0.7,5.94,Maragondon,14.27,120.73
PRECTOTCORR,2004,0.4,0.91,0.21,0.79,12.33,16.51,11.69,16.16,3.47,2.59,5.21,2.2,6.06,Maragondon,14.27,120.73
PRECTOTCORR,2005,0.5,0.38,0.58,0.51,2.6,11.65,12.92,15.89,11.53,6.71,2.5,3.91,5.84,Maragondon,14.27,120.73
PRECTOTCORR,2006,2.15,0.55,1.46,0.21,3.74,8.06,18.88,17.03,11.99,5.27,1.75,4.23,6.33,Maragondon,14.27,120.73
PRECTOTCORR,2007,0.62,0.23,0.42,0.38,5.19,3.2,8.6,25.52,19.93,7.67,7.71,1.74,6.81,Maragondon,14.27,120.73
PRECTOTCORR,2008,2.03,1.43,0.88,1.05,9.37,10.86,10.42,14.67,22.03,5.66,6.53,1.7,7.22,Maragondon,14.27,120.73
PRECTOTCORR,2009,0.95,0.98,1.15,6.56,11.37,20.57,17.6,9.33,28.22,7.32,1.62,0.29,8.84,Maragondon,14.27,120.73
PRECTOTCORR,2010,0.39,0.04,0.34,0.57,1.24,6.84,12.07,12.0,8.27,11.45,4.89,2.44,5.09,Maragondon,14.27,120.73
PRECTOTCORR,2011,1.5,0.43,1.33,0.33,8.71,30.88,19.75,22.99,23.66,8.1,5.3,4.77,10.68,Maragondon,14.27,120.73
PRECTOTCORR,2012,1.27,2.4,2.24,0.65,7.32,17.53,25.28,40.15,17.06,9.48,0.73,0.99,10.48,Maragondon,14.27,120.73
PRECTOTCORR,2013,1.14,2.57,1.78,0.5,2.95,15.36,11.6,34.83,29.91,7.44,3.91,1.77,9.5,Maragondon,14.27,120.73
PRECTOTCORR,2014,0.13,0.23,0.41,0.71,2.55,12.91,20.18,14.43,20.05,7.29,1.72,4.68,7.14,Maragondon,14.27,120.73
PRECTOTCORR,2015,0.91,0.3,0.4,0.58,1.24,6.17,14.1,12.91,9.04,8.32,1.24,9.62,5.46,Maragondon,14.27,120.73
PRECTOTCORR,2016,0.53,1.51,0.56,0.81,3.88,7.97,12.41,18.46,8.93,10.36,4.63,5.54,6.33,Maragondon,14.27,120.73
PRECTOTCORR,2017,2.3,1.33,0.65,2.28,5.97,7.69,13.84,11.71,10.81,8.81,6.83,3.61,6.35,Maragondon,14.27,120.73
PRECTOTCORR,2018,2.16,1.41,1.23,1.21,3.95,21.99,22.42,13.89,10.69,3.51,1.23,4.63,7.39,Maragondon,14.27,120.73
PRECTOTCORR,2019,0.77,0.17,0.23,1.19,6.99,9.71,11.23,16.93,12.28,3.58,4.99,4.57,6.09,Maragondon,14.27,120.73
PRECTOTCORR,2020,1.13,4.27,5.52,6.44,3.87,18.38,9.09,9.13,10.06,26.07,20.68,10.17,10.4,Maragondon,14.27,120.73
PRECTOTCORR,2021,2.73,1.45,1.27,1.01,1.57,8.28,20.66,7.3,14.88,11.54,2.57,2.12,6.32,Maragondon,14.27,120.73
PRECTOTCORR,2022,0.95,1.12,1.74,3.21,6.77,9.02,10.8,20.59,13.73,19.19,3.74,2.94,7.88,Maragondon,14.27,120.73
PRECTOTCORR,2023,3.63,0.71,0.37,4.02,3.79,10.08,17.34,9.1,10.09,6.28,3.5,2.48,5.98,Maragondon,14.27,120.73
PRECTOTCORR,2024,0.59,0.2,1.04,0.48,5.8,7.82,21.17,10.51,16.09,16.3,2.74,5.0,7.36,Maragondon,14.27,120.73
PRECTOTCORR,2025,1.56,2.21,1.23,1.27,6.57,18.22,25.72,10.29,16.94,11.12,9.9,3.21,9.05,Maragondon,14.27,120.73
RH2M,1990,75.13,70.66,65.84,64.51,73.34,84.32,86.0,86.92,86.15,85.1,83.74,82.31,78.72,Maragondon,14.27,120.73
RH2M,1991,77.82,73.52,69.65,66.99,71.77,78.44,83.42,89.52,88.22,80.87,81.73,80.11,78.54,Maragondon,14.27,120.73
RH2M,1992,75.21,70.91,66.97,64.52,69.46,76.22,83.34,87.25,87.11,84.01,82.06,80.49,77.33,Maragondon,14.27,120.73
RH2M,1993,74.33,70.82,66.4,64.36,66.6,77.62,84.56,86.32,87.37,85.58,86.41,85.33,78.02,Maragondon,14.27,120.73
RH2M,1994,82.66,76.92,71.69,70.43,75.81,82.5,88.34,86.18,86.0,81.6,79.63,77.95,80.0,Maragondon,14.27,120.73
RH2M,1995,76.1,73.72,68.17,64.77,75.31,80.54,83.81,86.46,87.46,84.87,86.38,86.08,79.52,Maragondon,14.27,120.73
RH2M,1996,82.75,76.03,72.03,75.08,78.38,80.26,84.0,85.49,85.53,84.11,86.45,81.52,80.99,Maragondon,14.27,120.73
RH2M,1997,77.94,76.15,68.61,65.12,72.8,83.22,86.98,88.39,85.14,80.81,76.99,74.56,78.08,Maragondon,14.27,120.73
RH2M,1998,71.75,67.7,64.91,64.9,72.92,79.76,80.3,84.22,85.98,87.13,87.18,87.28,77.9,Maragondon,14.27,120.73
RH2M,1999,85.1,77.82,78.45,78.91,78.93,83.74,87.6,86.76,86.59,86.61,84.77,87.65,83.63,Maragondon,14.27,120.73
RH2M,2000,82.19,82.84,80.11,74.03,78.76,83.07,87.28,86.0,85.9,86.64,87.47,87.24,83.47,Maragondon,14.27,120.73
RH2M,2001,81.95,80.98,78.27,72.1,77.02,82.44,87.06,88.74,86.72,84.15,82.82,82.58,82.09,Maragondon,14.27,120.73
RH2M,2002,78.35,73.66,69.98,66.24,73.38,79.8,87.44,87.05,86.41,84.12,85.35,82.97,79.61,Maragondon,14.27,120.73
RH2M,2003,77.03,72.15,67.65,64.47,74.05,83.34,82.41,87.88,87.31,80.34,82.27,78.8,78.18,Maragondon,14.27,120.73
RH2M,2004,76.53,73.12,67.87,65.55,78.55,88.0,84.18,89.15,81.98,78.38,81.93,81.83,78.95,Maragondon,14.27,120.73
RH2M,2005,76.83,71.03,68.25,64.14,70.41,84.25,85.29,85.7,86.05,84.15,83.82,86.75,78.95,Maragondon,14.27,120.73
RH2M,2006,83.37,79.55,73.84,65.68,74.04,79.6,87.63,87.54,85.37,81.91,84.6,85.47,80.75,Maragondon,14.27,120.73
RH2M,2007,80.61,74.27,69.19,67.01,74.96,79.83,82.47,85.46,86.89,85.31,85.02,86.16,79.81,Maragondon,14.27,120.73
RH2M,2008,83.65,80.39,75.96,72.89,82.68,81.1,85.67,85.3,86.42,84.94,87.08,83.64,82.49,Maragondon,14.27,120.73
RH2M,2009,81.72,79.46,72.59,78.6,83.54,86.29,86.63,85.49,87.75,83.54,83.32,76.78,82.14,Maragondon,14.27,120.73
RH2M,2010,74.47,69.2,68.41,65.88,66.92,79.07,81.97,84.84,83.63,84.95,86.79,85.41,77.68,Maragondon,14.27,120.73
RH2M,2011,82.8,78.31,76.98,68.11,77.53,83.37,84.9,85.85,88.07,84.76,86.12,86.78,82.0,Maragondon,14.27,120.73
RH2M,2012,82.53,81.74,78.07,72.35,77.28,85.57,85.65,87.49,86.63,82.86,82.6,80.48,81.94,Maragondon,14.27,120.73
RH2M,2013,77.11,75.6,74.94,65.61,73.82,80.74,82.61,86.23,86.6,81.79,84.85,84.12,79.53,Maragondon,14.27,120.73
RH2M,2014,75.25,71.06,68.48,64.22,67.52,82.18,86.98,84.32,84.66,83.17,83.69,84.52,78.05,Maragondon,14.27,120.73
RH2M,2015,79.98,74.24,68.27,67.03,66.95,75.24,83.58,83.6,83.1,82.12,82.15,82.99,77.47,Maragondon,14.27,120.73
RH2M,2016,80.61,76.9,70.99,66.07,71.97,80.18,81.96,87.5,86.14,85.89,84.75,86.3,79.96,Maragondon,14.27,120.73
RH2M,2017,83.35,80.22,73.84,69.96,76.79,79.32,84.14,83.17,82.46,82.8,86.77,84.94,80.66,Maragondon,14.27,120.73
RH2M,2018,83.86,78.21,72.28,68.96,71.53,83.93,88.13,86.69,85.49,79.04,79.82,80.67,79.9,Maragondon,14.27,120.73
RH2M,2019,79.13,72.18,65.13,64.94,75.51,80.94,84.12,87.15,85.26,80.4,83.92,83.49,78.56,Maragondon,14.27,120.73
RH2M,2020,78.6,77.66,77.03,77.81,77.59,79.64,80.99,83.86,82.46,85.89,86.65,87.07,81.29,Maragondon,14.27,120.73
RH2M,2021,84.71,81.12,77.09,68.29,71.48,81.89,85.37,83.69,84.09,85.73,85.12,82.34,80.92,Maragondon,14.27,120.73
RH2M,2022,78.67,77.6,74.57,75.99,75.43,79.26,83.6,84.72,85.79,85.72,86.63,84.94,81.1,Maragondon,14.27,120.73
RH2M,2023,84.5,79.48,70.66,71.58,76.21,82.27,82.36,85.83,83.72,83.6,84.11,83.58,80.67,Maragondon,14.27,120.73
RH2M,2024,78.46,72.99,70.33,64.46,69.99,79.13,83.46,82.94,86.17,82.98,82.48,85.35,78.26,Maragondon,14.27,120.73
RH2M,2025,82.75,80.18,75.3,66.37,74.12,83.76,87.09,82.93,85.95,84.66,86.38,84.54,81.18,Maragondon,14.27,120.73
T2M_MAX,1990,31.46,32.4,33.89,35.47,35.21,31.14,30.08,29.94,29.92,30.22,30.0,30.11,35.47,Maragondon,14.27,120.73
T2M_MAX,1991,30.06,31.5,32.91,35.34,34.28,33.65,31.66,29.81,29.42,30.1,29.79,29.78,35.34,Maragondon,14.27,120.73
T2M_MAX,1992,30.86,32.06,33.58,34.98,34.87,33.63,32.31,29.34,30.33,30.51,29.66,29.54,34.98,Maragondon,14.27,120.73
T2M_MAX,1993,31.15,32.91,34.43,35.45,35.42,33.52,31.44,30.1,30.77,29.73,29.66,29.42,35.45,Maragondon,14.27,120.73
T2M_MAX,1994,29.41,30.78,32.56,35.92,33.31,32.18,29.66,30.32,29.18,30.31,30.86,30.84,35.92,Maragondon,14.27,120.73
T2M_MAX,1995,30.54,32.02,34.64,34.85,34.57,33.19,31.18,30.25,29.65,30.41,30.23,28.38,34.85,Maragondon,14.27,120.73
T2M_MAX,1996,29.59,31.55,33.84,32.89,33.55,33.01,30.8,30.15,30.7,30.81,30.15,29.07,33.84,Maragondon,14.27,120.73
T2M_MAX,1997,29.48,31.07,32.98,34.56,35.04,31.12,29.55,28.69,30.66,31.15,31.79,31.27,35.04,Maragondon,14.27,120.73
T2M_MAX,1998,32.04,33.48,34.19,35.09,35.0,33.45,31.7,31.12,30.29,30.73,30.21,29.44,35.09,Maragondon,14.27,120.73
T2M_MAX,1999,29.88,30.77,32.56,32.78,32.14,31.26,29.07,29.53,29.49,30.13,30.1,29.29,32.78,Maragondon,14.27,120.73
T2M_MAX,2000,29.46,30.76,31.58,34.92,35.13,31.16,28.79,29.79,30.27,30.44,29.74,29.71,35.13,Maragondon,14.27,120.73
T2M_MAX,2001,30.33,30.43,32.7,34.64,34.75,31.67,28.81,29.51,29.74,30.89,30.64,30.02,34.75,Maragondon,14.27,120.73
T2M_MAX,2002,30.59,31.22,33.67,34.49,35.1,32.62,30.61,30.14,29.5,30.5,30.51,30.21,35.1,Maragondon,14.27,120.73
T2M_MAX,2003,30.39,31.34,34.15,35.56,36.45,30.64,32.14,30.11,29.51,30.73,30.66,30.16,36.45,Maragondon,14.27,120.73
T2M_MAX,2004,31.6,32.14,34.68,35.59,34.98,29.13,30.56,28.62,31.29,30.8,31.54,29.55,35.59,Maragondon,14.27,120.73
T2M_MAX,2005,30.99,32.55,35.39,35.53,35.51,31.65,30.65,30.67,30.76,30.79,30.71,29.46,35.53,Maragondon,14.27,120.73
T2M_MAX,2006,29.46,30.69,34.0,35.43,35.82,32.87,28.92,30.46,30.29,30.3,30.3,29.91,35.82,Maragondon,14.27,120.73
T2M_MAX,2007,30.32,32.85,34.05,34.93,34.77,32.64,31.5,30.26,30.32,30.19,30.4,29.38,34.93,Maragondon,14.27,120.73
T2M_MAX,2008,29.72,30.1,32.62,34.87,31.52,31.55,30.3,30.8,30.68,30.43,30.27,29.28,34.87,Maragondon,14.27,120.73
T2M_MAX,2009,29.87,31.35,32.79,33.13,31.32,31.08,30.07,31.06,30.85,29.78,30.17,30.58,33.13,Maragondon,14.27,120.73
T2M_MAX,2010,31.1,33.05,33.84,35.2,36.78,33.22,30.86,30.05,30.44,30.74,29.8,30.02,36.78,Maragondon,14.27,120.73
T2M_MAX,2011,28.57,30.66,32.43,33.4,34.43,31.58,30.71,30.81,28.81,30.56,29.91,29.66,34.43,Maragondon,14.27,120.73
T2M_MAX,2012,29.9,30.78,31.87,33.65,33.45,30.07,30.14,29.69,30.01,30.18,30.52,31.26,33.65,Maragondon,14.27,120.73
T2M_MAX,2013,30.65,32.72,33.1,35.43,34.78,33.11,30.49,29.93,30.04,30.13,30.04,29.64,35.43,Maragondon,14.27,120.73
T2M_MAX,2014,29.66,31.89,33.85,35.41,35.99,33.96,31.01,30.88,30.99,30.21,30.67,29.77,35.99,Maragondon,14.27,120.73
T2M_MAX,2015,29.78,31.71,33.91,34.62,35.18,34.78,30.82,30.83,31.18,31.33,31.01,31.73,35.18,Maragondon,14.27,120.73
T2M_MAX,2016,31.01,31.34,33.31,35.67,36.01,31.62,31.06,30.54,29.99,30.41,30.28,29.62,36.01,Maragondon,14.27,120.73
T2M_MAX,2017,29.18,30.62,33.57,35.09,34.16,31.97,31.5,31.78,31.94,30.72,30.25,30.24,35.09,Maragondon,14.27,120.73
T2M_MAX,2018,29.97,31.54,32.99,35.32,34.8,33.09,28.68,29.4,30.27,31.54,31.2,31.6,35.32,Maragondon,14.27,120.73
T2M_MAX,2019,29.78,31.3,34.63,35.67,34.08,33.26,30.24,29.28,31.17,31.22,30.28,29.97,35.67,Maragondon,14.27,120.73
T2M_MAX,2020,30.77,30.89,31.7,32.16,32.84,33.12,31.34,30.85,31.71,31.0,29.96,29.58,33.12,Maragondon,14.27,120.73
T2M_MAX,2021,29.63,30.61,33.25,34.23,35.21,32.19,31.52,30.77,30.58,30.5,30.58,30.02,35.21,Maragondon,14.27,120.73
T2M_MAX,2022,30.79,32.0,33.7,33.55,34.35,31.23,30.85,30.49,31.15,30.48,30.28,29.97,34.35,Maragondon,14.27,120.73
T2M_MAX,2023,29.14,30.83,34.18,34.09,34.27,32.09,32.25,29.8,31.4,31.27,30.97,30.69,34.27,Maragondon,14.27,120.73
T2M_MAX,2024,30.83,32.38,33.74,37.57,36.77,33.33,31.4,32.31,31.39,31.17,30.81,30.73,37.57,Maragondon,14.27,120.73
T2M_MAX,2025,30.89,30.58,33.34,36.41,34.8,31.22,29.26,31.19,30.3,30.99,30.32,30.16,36.41,Maragondon,14.27,120.73
T2M_MIN,1990,21.23,22.51,22.61,24.73,25.83,25.55,25.03,25.47,24.95,24.3,21.85,21.83,21.23,Maragondon,14.27,120.73
T2M_MIN,1991,21.86,22.62,22.59,24.3,25.67,25.56,25.54,25.47,24.81,23.91,22.03,21.51,21.51,Maragondon,14.27,120.73
T2M_MIN,1992,21.62,21.45,23.0,24.78,25.62,26.37,25.31,25.34,24.93,24.38,20.67,21.81,20.67,Maragondon,14.27,120.73
T2M_MIN,1993,20.25,21.25,22.55,24.13,25.31,25.64,25.53,24.99,24.57,23.43,23.67,21.47,20.25,Maragondon,14.27,120.73
T2M_MIN,1994,21.07,22.17,22.9,23.75,26.66,25.4,25.04,24.97,24.52,23.32,22.83,22.05,21.07,Maragondon,14.27,120.73
T2M_MIN,1995,21.06,21.11,21.95,24.79,25.25,26.02,25.25,25.48,25.1,24.6,24.08,20.85,20.85,Maragondon,14.27,120.73
T2M_MIN,1996,20.85,20.56,22.98,24.3,25.74,25.5,25.99,25.03,24.98,25.05,24.04,20.23,20.23,Maragondon,14.27,120.73
T2M_MIN,1997,20.79,21.23,21.29,24.27,25.08,25.83,24.98,25.22,24.98,24.08,23.03,22.06,20.79,Maragondon,14.27,120.73
T2M_MIN,1998,21.69,22.29,23.07,24.12,26.29,25.67,25.69,25.87,25.73,25.4,24.96,24.12,21.69,Maragondon,14.27,120.73
T2M_MIN,1999,22.79,20.82,22.28,24.29,25.47,25.22,25.26,24.76,24.94,24.65,23.13,20.84,20.82,Maragondon,14.27,120.73
T2M_MIN,2000,20.6,22.31,23.22,24.82,25.71,25.42,24.57,24.79,24.86,24.73,23.5,23.2,20.6,Maragondon,14.27,120.73
T2M_MIN,2001,21.38,22.05,23.38,25.28,26.12,25.65,25.13,25.47,24.47,24.56,21.06,20.7,20.7,Maragondon,14.27,120.73
T2M_MIN,2002,20.28,21.31,21.29,24.1,25.5,26.21,25.52,24.93,25.04,24.96,23.32,23.32,20.28,Maragondon,14.27,120.73
T2M_MIN,2003,21.12,21.66,22.24,25.41,26.05,25.17,25.73,25.14,24.81,23.68,23.4,21.49,21.12,Maragondon,14.27,120.73
T2M_MIN,2004,21.93,21.08,23.4,25.81,25.75,24.8,25.23,25.14,24.96,23.48,23.47,22.07,21.08,Maragondon,14.27,120.73
T2M_MIN,2005,21.02,22.43,21.86,23.33,26.35,25.99,25.55,25.4,25.32,25.21,23.55,21.84,21.02,Maragondon,14.27,120.73
T2M_MIN,2006,21.73,22.0,23.59,25.12,25.89,25.9,25.22,25.06,25.2,23.9,24.12,23.3,21.73,Maragondon,14.27,120.73
T2M_MIN,2007,20.64,20.68,22.98,24.52,25.7,26.42,25.97,24.87,25.01,24.3,21.51,21.45,20.64,Maragondon,14.27,120.73
T2M_MIN,2008,21.72,22.01,21.85,25.01,25.42,24.63,25.0,24.47,25.18,25.23,23.73,21.51,21.51,Maragondon,14.27,120.73
T2M_MIN,2009,19.75,21.92,23.57,24.6,24.54,25.64,25.24,25.93,25.39,22.49,23.69,21.96,19.75,Maragondon,14.27,120.73
T2M_MIN,2010,21.71,22.62,22.9,24.65,25.49,26.33,25.11,25.0,24.94,24.62,24.4,23.04,21.71,Maragondon,14.27,120.73
T2M_MIN,2011,21.36,21.24,22.39,23.21,25.39,25.73,25.45,25.33,24.86,24.55,24.19,22.95,21.24,Maragondon,14.27,120.73
T2M_MIN,2012,22.53,22.29,22.85,24.66,26.14,25.64,25.61,24.94,25.09,23.76,23.5,23.15,22.29,Maragondon,14.27,120.73
T2M_MIN,2013,21.35,22.84,22.53,25.17,26.66,25.51,25.02,25.31,25.56,23.49,23.81,22.99,21.35,Maragondon,14.27,120.73
T2M_MIN,2014,19.51,22.17,22.7,25.1,26.38,26.26,25.27,25.08,25.29,24.15,22.7,22.28,19.51,Maragondon,14.27,120.73
T2M_MIN,2015,21.22,20.91,22.38,24.45,26.66,26.62,24.97,25.3,25.64,24.82,23.88,22.38,20.91,Maragondon,14.27,120.73
T2M_MIN,2016,22.05,21.54,23.42,25.05,26.87,26.45,25.81,25.92,25.05,24.91,23.63,23.1,21.54,Maragondon,14.27,120.73
T2M_MIN,2017,21.98,20.09,22.5,23.52,26.16,25.22,26.11,24.86,25.94,25.38,24.11,22.7,20.09,Maragondon,14.27,120.73
T2M_MIN,2018,21.83,22.05,22.4,24.42,26.45,25.58,25.1,25.74,25.38,22.62,23.71,23.33,21.83,Maragondon,14.27,120.73
T2M_MIN,2019,20.4,21.67,22.97,25.08,26.61,26.42,25.87,25.07,25.25,24.88,22.78,22.81,20.4,Maragondon,14.27,120.73
T2M_MIN,2020,21.91,20.72,23.09,24.38,25.71,26.15,26.08,25.46,25.33,25.35,23.35,23.07,20.72,Maragondon,14.27,120.73
T2M_MIN,2021,21.17,20.79,23.44,24.35,26.2,25.93,25.81,25.64,25.63,24.52,24.07,22.15,20.79,Maragondon,14.27,120.73
T2M_MIN,2022,21.54,23.44,23.71,24.59,26.33,26.06,26.13,25.58,25.68,25.26,24.19,21.73,21.54,Maragondon,14.27,120.73
T2M_MIN,2023,21.66,21.9,21.68,24.55,26.02,26.66,26.54,26.5,26.14,25.48,24.11,23.87,21.66,Maragondon,14.27,120.73
T2M_MIN,2024,21.89,22.88,23.7,25.55,27.02,26.97,26.24,26.29,25.83,25.52,24.79,24.26,21.89,Maragondon,14.27,120.73
T2M_MIN,2025,22.81,22.89,22.98,25.54,26.44,26.13,25.92,25.63,25.16,25.1,24.8,22.86,22.81,Maragondon,14.27,120.73
TS,1990,27.67,28.91,30.3,32.26,31.08,28.58,27.78,27.65,27.39,27.58,27.35,26.68,28.6,Maragondon,14.27,120.73
TS,1991,26.86,28.61,29.31,31.77,31.07,29.49,28.15,27.22,27.24,27.78,26.91,26.51,28.4,Maragondon,14.27,120.73
TS,1992,27.32,28.47,30.59,32.31,31.51,30.22,28.43,27.74,27.33,27.78,26.55,26.63,28.74,Maragondon,14.27,120.73
TS,1993,26.87,28.3,29.74,31.81,31.81,30.04,28.39,27.57,27.44,27.13,27.07,26.05,28.51,Maragondon,14.27,120.73
TS,1994,26.31,27.64,29.54,30.94,30.78,29.05,27.23,27.55,27.73,27.71,27.16,26.99,28.22,Maragondon,14.27,120.73
TS,1995,27.11,28.05,29.87,31.96,30.33,29.63,28.53,27.98,27.82,28.01,27.43,25.89,28.55,Maragondon,14.27,120.73
TS,1996,26.08,26.85,29.41,29.92,29.8,29.32,28.84,27.83,28.13,28.27,27.38,26.09,28.16,Maragondon,14.27,120.73
TS,1997,26.09,27.5,29.56,32.1,30.83,28.61,27.81,27.21,27.69,28.53,28.67,28.18,28.57,Maragondon,14.27,120.73
TS,1998,28.32,30.24,30.52,31.8,31.63,29.78,29.41,28.75,28.35,28.05,27.74,27.16,29.3,Maragondon,14.27,120.73
TS,1999,26.78,26.73,28.83,29.33,29.62,28.42,27.47,27.18,27.49,27.53,27.11,26.32,27.74,Maragondon,14.27,120.73
TS,2000,26.41,26.98,28.23,30.51,30.01,28.67,27.4,28.02,27.57,27.75,27.01,26.65,27.93,Maragondon,14.27,120.73
TS,2001,27.1,27.34,28.62,31.31,30.63,29.1,27.66,27.8,27.65,28.19,27.28,26.56,28.27,Maragondon,14.27,120.73
TS,2002,26.61,27.63,29.7,31.62,31.17,29.78,27.74,27.56,27.82,28.19,27.41,27.48,28.56,Maragondon,14.27,120.73
TS,2003,26.74,28.09,30.04,32.77,31.59,28.26,28.77,27.55,27.58,28.22,28.02,26.34,28.66,Maragondon,14.27,120.73
TS,2004,27.64,28.38,30.82,32.59,29.86,27.64,28.03,27.32,28.36,28.17,27.8,26.66,28.6,Maragondon,14.27,120.73
TS,2005,26.65,28.84,29.93,31.9,32.16,28.94,28.54,28.05,28.04,28.25,27.74,26.5,28.79,Maragondon,14.27,120.73
TS,2006,26.77,27.32,29.4,32.09,30.76,29.66,27.82,27.55,28.11,28.13,27.64,26.89,28.51,Maragondon,14.27,120.73
TS,2007,26.88,28.04,30.17,32.09,30.9,29.96,29.11,28.13,27.96,27.75,27.12,26.47,28.71,Maragondon,14.27,120.73
TS,2008,26.44,26.95,28.85,30.86,28.83,28.92,27.74,27.61,27.76,28.08,27.28,26.42,27.98,Maragondon,14.27,120.73
TS,2009,25.97,27.48,30.19,29.46,28.52,27.91,27.98,28.32,27.77,27.34,27.69,27.02,27.97,Maragondon,14.27,120.73
TS,2010,27.87,29.65,30.7,32.31,33.06,30.16,28.91,28.17,28.33,28.09,27.32,26.76,29.27,Maragondon,14.27,120.73
TS,2011,26.12,27.16,28.07,30.52,29.9,28.39,27.99,27.75,27.49,27.68,27.31,26.69,27.92,Maragondon,14.27,120.73
TS,2012,26.98,27.33,28.37,30.73,30.21,28.17,27.94,27.29,27.83,27.68,27.85,28.02,28.2,Maragondon,14.27,120.73
TS,2013,27.17,28.37,29.25,32.78,31.09,29.43,28.42,27.73,27.81,27.76,27.37,27.25,28.7,Maragondon,14.27,120.73
TS,2014,26.05,28.68,30.04,32.49,32.48,29.52,27.89,27.95,28.1,28.02,27.72,26.62,28.79,Maragondon,14.27,120.73
TS,2015,26.03,27.21,29.61,31.67,32.65,31.0,28.31,28.51,28.78,28.33,28.12,27.4,28.97,Maragondon,14.27,120.73
TS,2016,27.38,27.53,30.52,32.71,31.83,29.87,29.01,28.03,28.17,27.95,27.58,27.16,28.98,Maragondon,14.27,120.73
TS,2017,26.43,26.64,28.97,31.36,30.52,29.93,28.63,28.74,28.78,28.48,27.73,27.06,28.61,Maragondon,14.27,120.73
TS,2018,26.74,27.76,29.25,31.52,31.48,28.89,27.84,27.73,28.04,28.77,28.26,27.74,28.67,Maragondon,14.27,120.73
TS,2019,26.5,27.92,31.09,32.32,30.92,30.14,28.56,27.91,27.96,28.64,27.8,27.1,28.91,Maragondon,14.27,120.73
TS,2020,27.28,26.82,29.27,29.86,30.78,30.0,29.32,28.48,28.93,28.37,27.5,27.09,28.65,Maragondon,14.27,120.73
TS,2021,26.35,27.15,29.06,31.46,31.9,29.46,28.7,28.54,28.51,28.13,28.19,26.88,28.7,Maragondon,14.27,120.73
TS,2022,27.13,28.28,30.06,29.84,30.81,29.67,29.13,28.26,28.17,28.29,27.78,27.01,28.7,Maragondon,14.27,120.73
TS,2023,26.18,27.25,29.39,30.78,30.98,29.63,29.09,28.63,28.86,28.7,28.26,27.94,28.81,Maragondon,14.27,120.73
TS,2024,27.4,28.65,30.1,32.92,32.61,30.51,29.06,29.2,28.56,28.6,28.36,27.62,29.46,Maragondon,14.27,120.73
TS,2025,27.15,27.69,29.34,32.73,31.03,29.09,28.26,28.52,27.97,28.19,27.84,27.27,28.76,Maragondon,14.27,120.73
WS2M,1990,4.49,4.56,3.98,3.8,3.28,3.9,3.51,5.33,3.54,3.16,3.97,5.01,4.04,Maragondon,14.27,120.73
WS2M,1991,4.7,4.42,4.67,3.71,3.54,4.34,3.88,4.59,4.47,3.44,4.17,5.37,4.27,Maragondon,14.27,120.73
WS2M,1992,3.94,4.3,4.1,3.27,3.26,3.22,3.29,5.06,3.93,3.55,4.64,5.18,3.98,Maragondon,14.27,120.73
WS2M,1993,4.71,4.46,4.55,3.41,3.2,2.72,3.36,3.98,3.2,4.31,4.53,5.74,4.02,Maragondon,14.27,120.73
WS2M,1994,4.25,4.37,5.13,3.51,2.59,3.01,5.49,3.7,3.18,3.57,5.03,5.33,4.1,Maragondon,14.27,120.73
WS2M,1995,5.18,4.52,4.5,4.43,3.11,3.05,3.28,3.16,3.69,3.37,4.15,5.7,4.01,Maragondon,14.27,120.73
WS2M,1996,5.1,5.62,5.06,3.88,3.31,2.88,4.23,3.22,3.37,2.87,4.87,5.45,4.15,Maragondon,14.27,120.73
WS2M,1997,4.4,5.26,4.03,3.17,4.22,3.15,2.97,5.13,2.64,3.3,4.04,4.65,3.91,Maragondon,14.27,120.73
WS2M,1998,4.69,3.62,4.59,4.03,4.06,2.54,2.09,2.59,3.87,4.15,3.45,4.84,3.71,Maragondon,14.27,120.73
WS2M,1999,5.13,5.41,4.01,3.13,2.39,3.22,4.39,4.05,3.56,3.41,4.24,5.05,3.99,Maragondon,14.27,120.73
WS2M,2000,4.86,4.71,4.2,3.12,3.5,2.8,4.68,3.73,4.29,3.85,4.28,4.68,4.06,Maragondon,14.27,120.73
WS2M,2001,4.36,4.9,4.32,3.14,3.06,2.99,4.24,4.81,3.7,3.29,5.05,5.8,4.14,Maragondon,14.27,120.73
WS2M,2002,4.71,4.79,4.57,4.09,3.38,2.68,5.49,3.66,3.15,2.76,4.14,4.1,3.96,Maragondon,14.27,120.73
WS2M,2003,4.96,5.02,4.11,3.38,4.24,3.35,2.99,3.89,3.43,2.95,4.0,5.71,4.0,Maragondon,14.27,120.73
WS2M,2004,4.28,4.25,3.73,3.11,3.97,4.61,2.72,5.09,2.69,3.06,4.82,4.65,3.91,Maragondon,14.27,120.73
WS2M,2005,3.88,3.76,4.22,3.16,2.22,2.91,3.37,3.89,3.28,2.96,3.39,5.22,3.52,Maragondon,14.27,120.73
WS2M,2006,3.94,4.91,3.67,3.42,3.41,2.84,4.51,4.1,2.74,3.05,3.28,5.13,3.75,Maragondon,14.27,120.73
WS2M,2007,4.87,4.16,4.1,3.68,2.88,2.34,2.86,4.13,3.53,3.83,4.4,4.59,3.78,Maragondon,14.27,120.73
WS2M,2008,4.83,5.15,3.86,4.11,3.22,2.93,3.27,3.36,3.67,2.88,3.8,4.92,3.83,Maragondon,14.27,120.73
WS2M,2009,5.22,4.19,3.66,3.19,3.06,4.17,3.56,4.13,4.36,3.92,3.61,4.07,3.93,Maragondon,14.27,120.73
WS2M,2010,4.65,3.58,4.37,3.43,2.63,2.33,2.31,3.45,2.48,3.48,3.22,3.91,3.32,Maragondon,14.27,120.73
WS2M,2011,4.88,4.1,5.19,3.88,2.94,3.3,3.75,3.87,4.01,3.22,3.88,4.13,3.93,Maragondon,14.27,120.73
WS2M,2012,4.03,4.17,4.46,3.1,2.2,4.47,3.59,4.99,2.76,3.41,3.51,4.2,3.74,Maragondon,14.27,120.73
WS2M,2013,4.68,4.89,3.4,2.73,2.46,3.01,2.51,4.03,3.7,3.12,4.17,3.4,3.5,Maragondon,14.27,120.73
WS2M,2014,4.68,3.39,3.99,2.65,2.35,3.39,4.12,3.25,3.43,2.7,3.66,5.13,3.57,Maragondon,14.27,120.73
WS2M,2015,4.47,3.99,4.03,3.55,2.66,2.75,4.17,3.42,2.56,3.72,4.04,4.46,3.65,Maragondon,14.27,120.73
WS2M,2016,3.91,4.25,3.32,3.29,2.76,2.49,2.87,4.67,3.16,3.34,3.98,4.37,3.53,Maragondon,14.27,120.73
WS2M,2017,4.85,4.45,3.82,3.39,2.61,2.26,3.45,3.18,2.58,2.92,4.14,4.64,3.52,Maragondon,14.27,120.73
WS2M,2018,4.51,3.7,3.85,3.53,2.85,3.91,4.33,5.19,3.14,2.99,4.15,4.57,3.9,Maragondon,14.27,120.73
WS2M,2019,4.72,4.2,3.38,3.15,2.5,3.23,3.49,5.35,4.02,2.93,3.27,4.38,3.72,Maragondon,14.27,120.73
WS2M,2020,4.19,5.13,3.61,3.52,2.49,2.53,2.31,3.06,2.36,3.33,4.22,3.68,3.36,Maragondon,14.27,120.73
WS2M,2021,4.73,3.99,3.94,3.51,3.54,3.08,4.54,3.27,2.7,3.65,3.6,5.08,3.81,Maragondon,14.27,120.73
WS2M,2022,4.24,4.61,3.79,3.88,2.75,2.21,2.49,3.09,3.59,3.56,3.57,4.15,3.49,Maragondon,14.27,120.73
WS2M,2023,4.83,4.5,3.94,2.89,3.18,2.97,3.87,4.77,2.8,2.91,3.98,4.18,3.74,Maragondon,14.27,120.73
WS2M,2024,4.74,4.74,4.16,3.61,3.17,2.34,3.47,2.87,4.03,3.47,3.29,4.41,3.69,Maragondon,14.27,120.73
WS2M,2025,4.26,4.56,4.21,2.97,3.11,3.04,5.4,2.68,3.34,2.73,4.0,3.8,3.67,Maragondon,14.27,120.73
ALLSKY_SFC_SW_DWN,1990,18.17,21.72,22.51,24.96,21.21,17.22,18.27,16.04,17.99,18.14,16.46,16.23,19.05,Tanza,14.36,120.85
ALLSKY_SFC_SW_DWN,1991,17.38,19.5,23.2,23.67,23.1,19.18,16.68,12.57,15.47,17.59,16.71,17.17,18.51,Tanza,14.36,120.85
ALLSKY_SFC_SW_DWN,1992,17.47,20.64,23.46,23.65,21.92,20.46,17.94,13.29,15.93,17.84,17.48,16.78,18.89,Tanza,14.36,120.85
ALLSKY_SFC_SW_DWN,1993,18.42,21.06,22.47,24.08,24.36,20.87,18.04,16.24,15.75,16.89,16.46,14.12,19.04,Tanza,14.36,120.85
ALLSKY_SFC_SW_DWN,1994,17.31,20.13,21.72,23.41,21.92,19.63,12.53,18.8,16.86,19.07,19.06,16.68,18.91,Tanza,14.36,120.85
ALLSKY_SFC_SW_DWN,1995,17.24,20.14,22.69,25.05,21.19,21.11,17.95,16.67,14.69,16.83,15.28,13.83,18.54,Tanza,14.36,120.85
ALLSKY_SFC_SW_DWN,1996,15.56,19.01,21.36,21.13,19.89,20.44,15.7,18.79,16.1,17.37,14.37,15.87,17.96,Tanza,14.36,120.85
ALLSKY_SFC_SW_DWN,1997,16.76,18.1,21.75,22.86,20.25,20.3,17.16,15.27,17.7,18.96,17.98,16.66,18.64,Tanza,14.36,120.85
ALLSKY_SFC_SW_DWN,1998,16.77,20.22,22.1,23.65,19.57,20.71,19.95,19.22,15.18,14.6,16.26,13.64,18.47,Tanza,14.36,120.85
ALLSKY_SFC_SW_DWN,1999,14.94,18.27,19.68,20.95,20.95,17.62,15.91,16.01,16.34,16.77,15.21,13.79,17.19,Tanza,14.36,120.85
ALLSKY_SFC_SW_DWN,2000,16.35,16.51,19.4,22.38,17.88,19.72,13.99,17.06,16.84,15.56,14.73,14.19,17.04,Tanza,14.36,120.85
ALLSKY_SFC_SW_DWN,2001,16.61,16.75,20.93,23.06,19.93,18.82,17.16,14.25,17.83,17.58,17.12,15.09,17.92,Tanza,14.36,120.85
ALLSKY_SFC_SW_DWN,2002,17.65,19.49,22.84,24.71,21.94,20.53,12.71,17.32,16.54,18.36,15.72,16.38,18.67,Tanza,14.36,120.85
ALLSKY_SFC_SW_DWN,2003,17.38,20.41,22.8,24.58,19.22,18.83,19.37,16.39,16.2,18.82,16.83,15.54,18.85,Tanza,14.36,120.85
ALLSKY_SFC_SW_DWN,2004,17.49,18.76,22.85,24.28,20.54,14.73,20.08,15.69,20.23,18.54,15.33,16.05,18.72,Tanza,14.36,120.85
ALLSKY_SFC_SW_DWN,2005,17.14,20.31,21.61,24.0,23.43,18.56,17.22,14.85,15.88,16.95,15.62,12.81,18.18,Tanza,14.36,120.85
ALLSKY_SFC_SW_DWN,2006,15.53,18.66,21.98,24.6,20.56,20.85,12.31,14.35,18.09,17.1,17.24,14.39,17.94,Tanza,14.36,120.85
ALLSKY_SFC_SW_DWN,2007,16.2,20.45,22.37,23.91,21.06,19.64,19.22,13.51,15.98,15.57,13.82,15.5,18.08,Tanza,14.36,120.85
ALLSKY_SFC_SW_DWN,2008,15.49,16.25,21.94,22.61,18.64,20.51,17.34,16.01,16.85,17.15,14.87,14.47,17.67,Tanza,14.36,120.85
ALLSKY_SFC_SW_DWN,2009,14.97,18.02,21.28,20.3,20.24,16.46,16.79,17.59,13.23,14.94,17.59,17.24,17.39,Tanza,14.36,120.85
ALLSKY_SFC_SW_DWN,2010,17.29,22.02,22.61,24.49,24.41,18.96,18.92,17.62,19.22,15.55,15.31,14.54,19.22,Tanza,14.36,120.85
ALLSKY_SFC_SW_DWN,2011,15.04,18.76,19.32,23.29,20.69,16.77,15.28,14.52,15.11,17.38,15.71,13.76,17.12,Tanza,14.36,120.85
ALLSKY_SFC_SW_DWN,2012,16.27,18.66,18.76,24.62,20.63,16.81,15.51,13.33,16.23,16.53,18.29,15.5,17.57,Tanza,14.36,120.85
ALLSKY_SFC_SW_DWN,2013,15.91,18.42,21.98,24.24,21.14,19.1,18.05,13.75,13.95,17.14,15.75,15.38,17.89,Tanza,14.36,120.85
ALLSKY_SFC_SW_DWN,2014,17.17,20.26,21.73,23.91,24.27,17.6,14.99,17.92,16.71,17.75,17.13,13.29,18.54,Tanza,14.36,120.85
ALLSKY_SFC_SW_DWN,2015,16.24,20.15,22.29,24.78,23.71,22.45,16.5,18.49,20.68,17.69,18.61,15.53,19.74,Tanza,14.36,120.85
ALLSKY_SFC_SW_DWN,2016,18.22,18.92,23.14,25.13,22.41,19.94,18.91,14.1,16.8,16.12,15.82,14.52,18.66,Tanza,14.36,120.85
ALLSKY_SFC_SW_DWN,2017,15.21,19.0,22.49,24.15,21.8,21.44,15.93,18.75,17.91,15.8,15.83,14.31,18.53,Tanza,14.36,120.85
ALLSKY_SFC_SW_DWN,2018,15.37,20.27,22.62,24.53,23.64,15.56,12.8,14.11,18.68,20.34,18.21,14.05,18.32,Tanza,14.36,120.85
ALLSKY_SFC_SW_DWN,2019,17.4,21.52,24.25,24.96,21.36,20.74,17.3,13.76,15.88,20.42,15.29,15.76,19.03,Tanza,14.36,120.85
ALLSKY_SFC_SW_DWN,2020,17.35,19.87,24.03,23.88,23.06,21.32,20.27,16.84,20.28,14.9,15.35,14.37,19.28,Tanza,14.36,120.85
ALLSKY_SFC_SW_DWN,2021,15.11,18.97,21.71,23.23,23.86,19.15,14.79,18.43,17.9,15.78,17.23,15.61,18.47,Tanza,14.36,120.85
ALLSKY_SFC_SW_DWN,2022,17.8,18.11,22.98,21.41,22.26,21.09,17.8,16.01,16.05,16.83,16.85,14.3,18.46,Tanza,14.36,120.85
ALLSKY_SFC_SW_DWN,2023,15.11,18.84,23.78,22.27,21.85,19.16,16.42,17.57,16.95,16.61,17.18,15.74,18.45,Tanza,14.36,120.85
ALLSKY_SFC_SW_DWN,2024,17.12,21.06,22.14,25.92,22.92,20.66,15.12,19.55,14.06,15.79,17.45,13.07,18.72,Tanza,14.36,120.85
ALLSKY_SFC_SW_DWN,2025,15.93,17.29,21.27,24.49,22.13,17.21,12.27,17.88,14.37,16.12,14.45,15.18,17.38,Tanza,14.36,120.85
EVLAND,1990,1.12,0.28,0.35,0.12,1.78,3.64,3.79,4.49,3.57,3.42,3.63,3.15,2.46,Tanza,14.36,120.85
EVLAND,1991,2.19,0.93,0.93,0.49,2.32,2.84,3.25,3.16,3.56,4.34,3.58,2.93,2.56,Tanza,14.36,120.85
EVLAND,1992,1.68,0.78,0.23,0.56,1.22,2.7,3.05,3.44,3.44,3.58,3.95,2.83,2.29,Tanza,14.36,120.85
EVLAND,1993,1.49,0.53,0.19,0.59,1.32,2.21,3.26,3.52,3.08,3.82,3.08,3.41,2.22,Tanza,14.36,120.85
EVLAND,1994,3.05,2.52,0.77,1.34,2.0,2.81,3.68,3.9,3.35,4.17,3.36,2.17,2.76,Tanza,14.36,120.85
EVLAND,1995,1.42,0.99,0.26,0.14,1.34,3.43,2.77,3.12,3.17,3.72,3.31,2.84,2.22,Tanza,14.36,120.85
EVLAND,1996,2.93,2.24,0.57,1.4,1.8,2.77,2.73,3.39,3.56,3.06,3.48,3.76,2.64,Tanza,14.36,120.85
EVLAND,1997,2.65,1.68,0.56,0.71,1.7,3.85,3.13,3.63,3.2,4.01,3.16,1.65,2.5,Tanza,14.36,120.85
EVLAND,1998,0.42,0.29,0.22,0.91,1.57,3.2,3.2,3.18,3.34,3.21,2.67,2.99,2.11,Tanza,14.36,120.85
EVLAND,1999,3.59,3.3,2.72,2.92,2.29,3.22,3.19,3.84,3.44,3.2,3.54,2.77,3.17,Tanza,14.36,120.85
EVLAND,2000,3.41,2.94,2.57,2.32,2.26,3.08,3.66,3.5,3.85,3.23,3.34,2.82,3.08,Tanza,14.36,120.85
EVLAND,2001,3.34,3.07,2.58,2.22,2.52,2.93,4.1,3.49,3.17,3.19,3.67,3.23,3.13,Tanza,14.36,120.85
EVLAND,2002,2.43,1.12,0.47,0.59,1.31,3.55,3.94,3.63,3.26,3.29,3.16,3.11,2.5,Tanza,14.36,120.85
EVLAND,2003,2.46,0.72,0.51,0.25,1.93,4.35,3.77,3.61,3.29,4.27,3.52,2.68,2.63,Tanza,14.36,120.85
EVLAND,2004,1.55,0.86,0.43,0.77,2.87,3.48,3.44,3.6,3.97,3.99,2.98,3.29,2.61,Tanza,14.36,120.85
EVLAND,2005,2.33,0.77,0.54,0.57,1.27,3.05,3.26,3.47,3.46,3.49,3.49,2.85,2.39,Tanza,14.36,120.85
EVLAND,2006,3.01,3.07,1.81,0.63,1.58,3.0,2.99,3.72,3.39,4.13,3.05,3.25,2.8,Tanza,14.36,120.85
EVLAND,2007,2.97,1.47,0.51,0.38,1.58,2.57,3.23,3.65,3.25,3.84,3.62,3.66,2.57,Tanza,14.36,120.85
EVLAND,2008,3.12,2.68,2.06,0.89,3.02,3.64,3.49,3.76,3.5,3.32,3.08,3.39,3.0,Tanza,14.36,120.85
EVLAND,2009,2.74,2.23,1.2,1.78,4.12,3.93,3.33,4.01,3.51,3.96,3.95,2.64,3.12,Tanza,14.36,120.85
EVLAND,2010,1.13,0.22,0.31,0.25,0.96,2.57,3.2,3.75,3.22,3.32,2.8,3.08,2.08,Tanza,14.36,120.85
EVLAND,2011,3.0,2.94,1.74,0.5,2.65,3.59,4.0,3.82,3.49,3.74,3.26,3.16,2.99,Tanza,14.36,120.85
EVLAND,2012,3.39,2.82,2.47,1.86,2.77,3.66,3.54,4.04,3.43,4.24,3.48,2.47,3.18,Tanza,14.36,120.85
EVLAND,2013,1.96,1.42,2.66,0.75,1.5,3.27,3.56,3.37,3.23,4.51,3.55,2.6,2.71,Tanza,14.36,120.85
EVLAND,2014,2.57,0.94,0.42,0.58,1.51,3.33,3.53,3.98,3.8,3.65,3.64,3.22,2.61,Tanza,14.36,120.85
EVLAND,2015,3.11,2.03,0.56,0.57,1.08,2.83,3.86,3.68,3.84,4.35,3.93,3.26,2.76,Tanza,14.36,120.85
EVLAND,2016,3.27,2.37,1.21,0.68,1.89,3.07,3.77,3.72,3.24,3.58,3.79,3.28,2.83,Tanza,14.36,120.85
EVLAND,2017,3.72,3.3,2.38,1.64,2.54,3.48,3.52,4.07,3.73,3.78,3.63,3.48,3.27,Tanza,14.36,120.85
EVLAND,2018,3.3,3.18,2.51,1.36,2.2,3.4,3.21,3.99,3.74,4.28,3.48,2.4,3.09,Tanza,14.36,120.85
EVLAND,2019,3.04,1.59,0.3,1.15,2.46,3.28,3.36,3.92,4.08,4.06,3.2,3.69,2.85,Tanza,14.36,120.85
EVLAND,2020,3.01,2.79,3.18,3.85,3.35,3.97,3.53,3.62,3.54,3.27,3.73,3.17,3.42,Tanza,14.36,120.85
EVLAND,2021,3.82,3.85,3.04,1.57,1.28,2.66,3.62,3.78,3.34,3.65,3.42,3.31,3.11,Tanza,14.36,120.85
EVLAND,2022,2.71,2.4,1.78,2.64,2.66,3.4,3.57,3.38,3.41,3.21,3.34,3.17,2.97,Tanza,14.36,120.85
EVLAND,2023,3.44,3.29,1.69,2.81,2.73,3.29,4.04,4.19,3.67,3.85,3.71,3.5,3.35,Tanza,14.36,120.85
EVLAND,2024,2.81,1.24,0.9,0.63,1.94,3.4,3.73,3.74,3.57,3.56,4.05,3.34,2.75,Tanza,14.36,120.85
EVLAND,2025,3.38,3.2,2.5,1.41,3.09,3.51,4.37,3.91,3.55,3.35,3.46,3.66,3.29,Tanza,14.36,120.85
GWETROOT,1990,0.61,0.59,0.59,0.58,0.64,0.93,0.99,0.99,0.98,0.95,0.89,0.77,0.79,Tanza,14.36,120.85
GWETROOT,1991,0.66,0.6,0.6,0.59,0.62,0.7,0.9,0.99,1.0,0.93,0.82,0.73,0.76,Tanza,14.36,120.85
GWETROOT,1992,0.63,0.6,0.59,0.59,0.6,0.72,0.87,0.98,0.99,0.92,0.86,0.73,0.76,Tanza,14.36,120.85
GWETROOT,1993,0.62,0.59,0.59,0.59,0.6,0.69,0.88,0.97,0.99,0.96,0.9,0.86,0.77,Tanza,14.36,120.85
GWETROOT,1994,0.78,0.66,0.6,0.6,0.63,0.79,0.96,0.96,0.97,0.91,0.75,0.66,0.77,Tanza,14.36,120.85
GWETROOT,1995,0.62,0.61,0.59,0.58,0.64,0.81,0.89,0.96,0.99,0.97,0.94,0.87,0.79,Tanza,14.36,120.85
GWETROOT,1996,0.78,0.65,0.59,0.61,0.65,0.77,0.87,0.98,0.98,0.95,0.96,0.86,0.8,Tanza,14.36,120.85
GWETROOT,1997,0.7,0.62,0.6,0.59,0.66,0.91,0.98,1.0,0.97,0.88,0.72,0.62,0.77,Tanza,14.36,120.85
GWETROOT,1998,0.59,0.59,0.59,0.6,0.64,0.83,0.87,0.94,0.97,0.99,0.96,0.94,0.79,Tanza,14.36,120.85
GWETROOT,1999,0.89,0.73,0.66,0.68,0.7,0.87,0.99,0.99,0.99,0.98,0.93,0.9,0.86,Tanza,14.36,120.85
GWETROOT,2000,0.8,0.75,0.68,0.62,0.74,0.91,0.99,0.99,0.99,0.97,0.97,0.9,0.86,Tanza,14.36,120.85
GWETROOT,2001,0.79,0.7,0.66,0.62,0.69,0.85,0.98,0.99,0.96,0.9,0.85,0.78,0.82,Tanza,14.36,120.85
GWETROOT,2002,0.67,0.61,0.59,0.59,0.63,0.81,0.98,0.99,0.98,0.96,0.92,0.79,0.79,Tanza,14.36,120.85
GWETROOT,2003,0.67,0.6,0.59,0.59,0.66,0.94,0.94,0.99,0.99,0.93,0.83,0.72,0.79,Tanza,14.36,120.85
GWETROOT,2004,0.62,0.6,0.59,0.59,0.76,0.97,0.98,1.0,0.96,0.86,0.75,0.8,0.79,Tanza,14.36,120.85
GWETROOT,2005,0.66,0.6,0.59,0.59,0.61,0.88,0.97,0.99,0.99,0.96,0.92,0.87,0.8,Tanza,14.36,120.85
GWETROOT,2006,0.78,0.7,0.62,0.59,0.66,0.76,0.95,1.0,0.98,0.94,0.92,0.85,0.81,Tanza,14.36,120.85
GWETROOT,2007,0.73,0.62,0.59,0.59,0.64,0.77,0.89,0.97,0.99,0.97,0.94,0.89,0.8,Tanza,14.36,120.85
GWETROOT,2008,0.79,0.69,0.64,0.6,0.77,0.88,0.97,0.99,0.99,0.98,0.96,0.86,0.84,Tanza,14.36,120.85
GWETROOT,2009,0.75,0.65,0.61,0.67,0.91,0.99,0.99,0.98,0.99,0.97,0.86,0.7,0.84,Tanza,14.36,120.85
GWETROOT,2010,0.61,0.59,0.59,0.59,0.6,0.74,0.9,0.99,0.98,0.98,0.98,0.9,0.79,Tanza,14.36,120.85
GWETROOT,2011,0.81,0.7,0.63,0.59,0.73,0.94,0.99,1.0,0.99,0.98,0.95,0.92,0.85,Tanza,14.36,120.85
GWETROOT,2012,0.8,0.71,0.65,0.63,0.71,0.95,0.99,1.0,1.0,0.96,0.83,0.7,0.83,Tanza,14.36,120.85
GWETROOT,2013,0.64,0.62,0.64,0.59,0.62,0.85,0.98,1.0,1.0,0.97,0.89,0.81,0.8,Tanza,14.36,120.85
GWETROOT,2014,0.69,0.6,0.59,0.59,0.61,0.83,0.98,0.98,0.99,0.98,0.87,0.83,0.8,Tanza,14.36,120.85
GWETROOT,2015,0.76,0.63,0.59,0.59,0.6,0.68,0.92,0.97,0.99,0.97,0.83,0.8,0.78,Tanza,14.36,120.85
GWETROOT,2016,0.76,0.65,0.6,0.59,0.63,0.8,0.96,0.99,0.99,0.99,0.94,0.92,0.82,Tanza,14.36,120.85
GWETROOT,2017,0.85,0.75,0.64,0.6,0.68,0.85,0.96,0.99,0.98,0.98,0.96,0.9,0.85,Tanza,14.36,120.85
GWETROOT,2018,0.81,0.72,0.63,0.6,0.63,0.91,1.0,0.99,0.99,0.9,0.77,0.7,0.8,Tanza,14.36,120.85
GWETROOT,2019,0.74,0.62,0.59,0.6,0.68,0.81,0.96,0.99,0.99,0.91,0.92,0.84,0.81,Tanza,14.36,120.85
GWETROOT,2020,0.72,0.67,0.69,0.7,0.75,0.9,0.97,0.99,0.96,1.0,0.99,0.98,0.86,Tanza,14.36,120.85
GWETROOT,2021,0.92,0.79,0.67,0.6,0.6,0.76,0.94,0.98,0.99,0.99,0.9,0.81,0.83,Tanza,14.36,120.85
GWETROOT,2022,0.71,0.64,0.61,0.64,0.7,0.87,0.98,1.0,0.99,0.99,0.97,0.91,0.84,Tanza,14.36,120.85
GWETROOT,2023,0.87,0.73,0.62,0.64,0.65,0.84,0.96,0.97,0.99,0.98,0.9,0.82,0.83,Tanza,14.36,120.85
GWETROOT,2024,0.71,0.61,0.59,0.59,0.62,0.81,0.96,0.98,0.99,0.98,0.94,0.85,0.8,Tanza,14.36,120.85
GWETROOT,2025,0.82,0.73,0.64,0.6,0.68,0.91,0.99,0.97,1.0,0.99,0.98,0.95,0.86,Tanza,14.36,120.85
PRECTOTCORR,1990,0.46,0.11,0.34,0.11,6.32,20.15,15.81,23.75,14.23,4.62,3.58,1.33,7.61,Tanza,14.36,120.85
PRECTOTCORR,1991,0.36,0.8,0.66,0.51,2.95,6.62,16.03,24.88,14.87,2.47,3.28,0.77,6.23,Tanza,14.36,120.85
PRECTOTCORR,1992,0.32,0.6,0.19,0.58,2.41,5.69,9.09,20.77,10.79,4.34,2.74,0.67,4.87,Tanza,14.36,120.85
PRECTOTCORR,1993,0.45,0.21,0.17,0.79,1.28,6.87,10.15,16.21,7.57,4.79,4.05,4.57,4.8,Tanza,14.36,120.85
PRECTOTCORR,1994,1.2,0.47,0.36,1.47,2.87,9.64,18.07,9.2,6.33,3.08,0.58,1.84,4.63,Tanza,14.36,120.85
PRECTOTCORR,1995,0.44,0.87,0.14,0.15,4.18,6.09,7.03,15.15,14.91,6.05,3.37,3.68,5.2,Tanza,14.36,120.85
PRECTOTCORR,1996,0.49,0.24,0.35,1.59,4.49,5.02,13.39,7.63,12.42,3.71,6.92,0.81,4.76,Tanza,14.36,120.85
PRECTOTCORR,1997,0.32,1.04,0.27,0.75,11.66,8.27,12.5,21.06,4.3,1.49,0.88,0.56,5.31,Tanza,14.36,120.85
PRECTOTCORR,1998,0.42,0.06,0.28,1.01,6.4,5.29,4.47,9.06,16.14,11.0,2.68,6.77,5.33,Tanza,14.36,120.85
PRECTOTCORR,1999,1.29,0.62,2.96,3.59,3.09,11.07,17.22,22.36,11.48,9.64,3.73,4.5,7.69,Tanza,14.36,120.85
PRECTOTCORR,2000,1.07,2.53,1.73,1.71,8.62,6.94,20.84,12.94,14.73,8.46,3.37,3.55,7.24,Tanza,14.36,120.85
PRECTOTCORR,2001,0.58,3.59,1.1,1.52,5.53,11.88,11.31,13.48,2.72,3.45,3.28,3.05,5.14,Tanza,14.36,120.85
PRECTOTCORR,2002,0.3,0.66,0.39,0.62,3.7,7.49,29.46,9.42,9.58,4.37,3.13,1.04,5.9,Tanza,14.36,120.85
PRECTOTCORR,2003,0.5,0.25,0.47,0.29,13.6,8.28,8.09,19.14,14.0,2.39,3.03,0.7,5.94,Tanza,14.36,120.85
PRECTOTCORR,2004,0.4,0.91,0.21,0.79,12.33,16.51,11.69,16.16,3.47,2.59,5.21,2.2,6.06,Tanza,14.36,120.85
PRECTOTCORR,2005,0.5,0.38,0.58,0.51,2.6,11.65,12.92,15.89,11.53,6.71,2.5,3.91,5.84,Tanza,14.36,120.85
PRECTOTCORR,2006,2.15,0.55,1.46,0.21,3.74,8.06,18.88,17.03,11.99,5.27,1.75,4.23,6.33,Tanza,14.36,120.85
PRECTOTCORR,2007,0.62,0.23,0.42,0.38,5.19,3.2,8.6,25.52,19.93,7.67,7.71,1.74,6.81,Tanza,14.36,120.85
PRECTOTCORR,2008,2.03,1.43,0.88,1.05,9.37,10.86,10.42,14.67,22.03,5.66,6.53,1.7,7.22,Tanza,14.36,120.85
PRECTOTCORR,2009,0.95,0.98,1.15,6.56,11.37,20.57,17.6,9.33,28.22,7.32,1.62,0.29,8.84,Tanza,14.36,120.85
PRECTOTCORR,2010,0.39,0.04,0.34,0.57,1.24,6.84,12.07,12.0,8.27,11.45,4.89,2.44,5.09,Tanza,14.36,120.85
PRECTOTCORR,2011,1.5,0.43,1.33,0.33,8.71,30.88,19.75,22.99,23.66,8.1,5.3,4.77,10.68,Tanza,14.36,120.85
PRECTOTCORR,2012,1.27,2.4,2.24,0.65,7.32,17.53,25.28,40.15,17.06,9.48,0.73,0.99,10.48,Tanza,14.36,120.85
PRECTOTCORR,2013,1.14,2.57,1.78,0.5,2.95,15.36,11.6,34.83,29.91,7.44,3.91,1.77,9.5,Tanza,14.36,120.85
PRECTOTCORR,2014,0.13,0.23,0.41,0.71,2.55,12.91,20.18,14.43,20.05,7.29,1.72,4.68,7.14,Tanza,14.36,120.85
PRECTOTCORR,2015,0.91,0.3,0.4,0.58,1.24,6.17,14.1,12.91,9.04,8.32,1.24,9.62,5.46,Tanza,14.36,120.85
PRECTOTCORR,2016,0.53,1.51,0.56,0.81,3.88,7.97,12.41,18.46,8.93,10.36,4.63,5.54,6.33,Tanza,14.36,120.85
PRECTOTCORR,2017,2.3,1.33,0.65,2.28,5.97,7.69,13.84,11.71,10.81,8.81,6.83,3.61,6.35,Tanza,14.36,120.85
PRECTOTCORR,2018,2.16,1.41,1.23,1.21,3.95,21.99,22.42,13.89,10.69,3.51,1.23,4.63,7.39,Tanza,14.36,120.85
PRECTOTCORR,2019,0.77,0.17,0.23,1.19,6.99,9.71,11.23,16.93,12.28,3.58,4.99,4.57,6.09,Tanza,14.36,120.85
PRECTOTCORR,2020,1.13,4.27,5.52,6.44,3.87,18.38,9.09,9.13,10.06,26.07,20.68,10.17,10.4,Tanza,14.36,120.85
PRECTOTCORR,2021,2.73,1.45,1.27,1.01,1.57,8.28,20.66,7.3,14.88,11.54,2.57,2.12,6.32,Tanza,14.36,120.85
PRECTOTCORR,2022,0.95,1.12,1.74,3.21,6.77,9.02,10.8,20.59,13.73,19.19,3.74,2.94,7.88,Tanza,14.36,120.85
PRECTOTCORR,2023,3.63,0.71,0.37,4.02,3.79,10.08,17.34,9.1,10.09,6.28,3.5,2.48,5.98,Tanza,14.36,120.85
PRECTOTCORR,2024,0.59,0.2,1.04,0.48,5.8,7.82,21.17,10.51,16.09,16.3,2.74,5.0,7.36,Tanza,14.36,120.85
PRECTOTCORR,2025,1.56,2.21,1.23,1.27,6.57,18.22,25.72,10.29,16.94,11.12,9.9,3.21,9.05,Tanza,14.36,120.85
RH2M,1990,75.13,70.66,65.84,64.51,73.34,84.32,86.0,86.92,86.15,85.1,83.74,82.31,78.72,Tanza,14.36,120.85
RH2M,1991,77.82,73.52,69.65,66.99,71.77,78.44,83.42,89.52,88.22,80.87,81.73,80.11,78.54,Tanza,14.36,120.85
RH2M,1992,75.21,70.91,66.97,64.52,69.46,76.22,83.34,87.25,87.11,84.01,82.06,80.49,77.33,Tanza,14.36,120.85
RH2M,1993,74.33,70.82,66.4,64.36,66.6,77.62,84.56,86.32,87.37,85.58,86.41,85.33,78.02,Tanza,14.36,120.85
RH2M,1994,82.66,76.92,71.69,70.43,75.81,82.5,88.34,86.18,86.0,81.6,79.63,77.95,80.0,Tanza,14.36,120.85
RH2M,1995,76.1,73.72,68.17,64.77,75.31,80.54,83.81,86.46,87.46,84.87,86.38,86.08,79.52,Tanza,14.36,120.85
RH2M,1996,82.75,76.03,72.03,75.08,78.38,80.26,84.0,85.49,85.53,84.11,86.45,81.52,80.99,Tanza,14.36,120.85
RH2M,1997,77.94,76.15,68.61,65.12,72.8,83.22,86.98,88.39,85.14,80.81,76.99,74.56,78.08,Tanza,14.36,120.85
RH2M,1998,71.75,67.7,64.91,64.9,72.92,79.76,80.3,84.22,85.98,87.13,87.18,87.28,77.9,Tanza,14.36,120.85
RH2M,1999,85.1,77.82,78.45,78.91,78.93,83.74,87.6,86.76,86.59,86.61,84.77,87.65,83.63,Tanza,14.36,120.85
RH2M,2000,82.19,82.84,80.11,74.03,78.76,83.07,87.28,86.0,85.9,86.64,87.47,87.24,83.47,Tanza,14.36,120.85
RH2M,2001,81.95,80.98,78.27,72.1,77.02,82.44,87.06,88.74,86.72,84.15,82.82,82.58,82.09,Tanza,14.36,120.85
RH2M,2002,78.35,73.66,69.98,66.24,73.38,79.8,87.44,87.05,86.41,84.12,85.35,82.97,79.61,Tanza,14.36,120.85
RH2M,2003,77.03,72.15,67.65,64.47,74.05,83.34,82.41,87.88,87.31,80.34,82.27,78.8,78.18,Tanza,14.36,120.85
RH2M,2004,76.53,73.12,67.87,65.55,78.55,88.0,84.18,89.15,81.98,78.38,81.93,81.83,78.95,Tanza,14.36,120.85
RH2M,2005,76.83,71.03,68.25,64.14,70.41,84.25,85.29,85.7,86.05,84.15,83.82,86.75,78.95,Tanza,14.36,120.85
RH2M,2006,83.37,79.55,73.84,65.68,74.04,79.6,87.63,87.54,85.37,81.91,84.6,85.47,80.75,Tanza,14.36,120.85
RH2M,2007,80.61,74.27,69.19,67.01,74.96,79.83,82.47,85.46,86.89,85.31,85.02,86.16,79.81,Tanza,14.36,120.85
RH2M,2008,83.65,80.39,75.96,72.89,82.68,81.1,85.67,85.3,86.42,84.94,87.08,83.64,82.49,Tanza,14.36,120.85
RH2M,2009,81.72,79.46,72.59,78.6,83.54,86.29,86.63,85.49,87.75,83.54,83.32,76.78,82.14,Tanza,14.36,120.85
RH2M,2010,74.47,69.2,68.41,65.88,66.92,79.07,81.97,84.84,83.63,84.95,86.79,85.41,77.68,Tanza,14.36,120.85
RH2M,2011,82.8,78.31,76.98,68.11,77.53,83.37,84.9,85.85,88.07,84.76,86.12,86.78,82.0,Tanza,14.36,120.85
RH2M,2012,82.53,81.74,78.07,72.35,77.28,85.57,85.65,87.49,86.63,82.86,82.6,80.48,81.94,Tanza,14.36,120.85
RH2M,2013,77.11,75.6,74.94,65.61,73.82,80.74,82.61,86.23,86.6,81.79,84.85,84.12,79.53,Tanza,14.36,120.85
RH2M,2014,75.25,71.06,68.48,64.22,67.52,82.18,86.98,84.32,84.66,83.17,83.69,84.52,78.05,Tanza,14.36,120.85
RH2M,2015,79.98,74.24,68.27,67.03,66.95,75.24,83.58,83.6,83.1,82.12,82.15,82.99,77.47,Tanza,14.36,120.85
RH2M,2016,80.61,76.9,70.99,66.07,71.97,80.18,81.96,87.5,86.14,85.89,84.75,86.3,79.96,Tanza,14.36,120.85
RH2M,2017,83.35,80.22,73.84,69.96,76.79,79.32,84.14,83.17,82.46,82.8,86.77,84.94,80.66,Tanza,14.36,120.85
RH2M,2018,83.86,78.21,72.28,68.96,71.53,83.93,88.13,86.69,85.49,79.04,79.82,80.67,79.9,Tanza,14.36,120.85
RH2M,2019,79.13,72.18,65.13,64.94,75.51,80.94,84.12,87.15,85.26,80.4,83.92,83.49,78.56,Tanza,14.36,120.85
RH2M,2020,78.6,77.66,77.03,77.81,77.59,79.64,80.99,83.86,82.46,85.89,86.65,87.07,81.29,Tanza,14.36,120.85
RH2M,2021,84.71,81.12,77.09,68.29,71.48,81.89,85.37,83.69,84.09,85.73,85.12,82.34,80.92,Tanza,14.36,120.85
RH2M,2022,78.67,77.6,74.57,75.99,75.43,79.26,83.6,84.72,85.79,85.72,86.63,84.94,81.1,Tanza,14.36,120.85
RH2M,2023,84.5,79.48,70.66,71.58,76.21,82.27,82.36,85.83,83.72,83.6,84.11,83.58,80.67,Tanza,14.36,120.85
RH2M,2024,78.46,72.99,70.33,64.46,69.99,79.13,83.46,82.94,86.17,82.98,82.48,85.35,78.26,Tanza,14.36,120.85
RH2M,2025,82.75,80.18,75.3,66.37,74.12,83.76,87.09,82.93,85.95,84.66,86.38,84.54,81.18,Tanza,14.36,120.85
T2M_MAX,1990,31.46,32.4,33.89,35.47,35.21,31.14,30.08,29.94,29.92,30.22,30.0,30.11,35.47,Tanza,14.36,120.85
T2M_MAX,1991,30.06,31.5,32.91,35.34,34.28,33.65,31.66,29.81,29.42,30.1,29.79,29.78,35.34,Tanza,14.36,120.85
T2M_MAX,1992,30.86,32.06,33.58,34.98,34.87,33.63,32.31,29.34,30.33,30.51,29.66,29.54,34.98,Tanza,14.36,120.85
T2M_MAX,1993,31.15,32.91,34.43,35.45,35.42,33.52,31.44,30.1,30.77,29.73,29.66,29.42,35.45,Tanza,14.36,120.85
T2M_MAX,1994,29.41,30.78,32.56,35.92,33.31,32.18,29.66,30.32,29.18,30.31,30.86,30.84,35.92,Tanza,14.36,120.85
T2M_MAX,1995,30.54,32.02,34.64,34.85,34.57,33.19,31.18,30.25,29.65,30.41,30.23,28.38,34.85,Tanza,14.36,120.85
T2M_MAX,1996,29.59,31.55,33.84,32.89,33.55,33.01,30.8,30.15,30.7,30.81,30.15,29.07,33.84,Tanza,14.36,120.85
T2M_MAX,1997,29.48,31.07,32.98,34.56,35.04,31.12,29.55,28.69,30.66,31.15,31.79,31.27,35.04,Tanza,14.36,120.85
T2M_MAX,1998,32.04,33.48,34.19,35.09,35.0,33.45,31.7,31.12,30.29,30.73,30.21,29.44,35.09,Tanza,14.36,120.85
T2M_MAX,1999,29.88,30.77,32.56,32.78,32.14,31.26,29.07,29.53,29.49,30.13,30.1,29.29,32.78,Tanza,14.36,120.85
T2M_MAX,2000,29.46,30.76,31.58,34.92,35.13,31.16,28.79,29.79,30.27,30.44,29.74,29.71,35.13,Tanza,14.36,120.85
T2M_MAX,2001,30.33,30.43,32.7,34.64,34.75,31.67,28.81,29.51,29.74,30.89,30.64,30.02,34.75,Tanza,14.36,120.85
T2M_MAX,2002,30.59,31.22,33.67,34.49,35.1,32.62,30.61,30.14,29.5,30.5,30.51,30.21,35.1,Tanza,14.36,120.85
T2M_MAX,2003,30.39,31.34,34.15,35.56,36.45,30.64,32.14,30.11,29.51,30.73,30.66,30.16,36.45,Tanza,14.36,120.85
T2M_MAX,2004,31.6,32.14,34.68,35.59,34.98,29.13,30.56,28.62,31.29,30.8,31.54,29.55,35.59,Tanza,14.36,120.85
T2M_MAX,2005,30.99,32.55,35.39,35.53,35.51,31.65,30.65,30.67,30.76,30.79,30.71,29.46,35.53,Tanza,14.36,120.85
T2M_MAX,2006,29.46,30.69,34.0,35.43,35.82,32.87,28.92,30.46,30.29,30.3,30.3,29.91,35.82,Tanza,14.36,120.85
T2M_MAX,2007,30.32,32.85,34.05,34.93,34.77,32.64,31.5,30.26,30.32,30.19,30.4,29.38,34.93,Tanza,14.36,120.85
T2M_MAX,2008,29.72,30.1,32.62,34.87,31.52,31.55,30.3,30.8,30.68,30.43,30.27,29.28,34.87,Tanza,14.36,120.85
T2M_MAX,2009,29.87,31.35,32.79,33.13,31.32,31.08,30.07,31.06,30.85,29.78,30.17,30.58,33.13,Tanza,14.36,120.85
T2M_MAX,2010,31.1,33.05,33.84,35.2,36.78,33.22,30.86,30.05,30.44,30.74,29.8,30.02,36.78,Tanza,14.36,120.85
T2M_MAX,2011,28.57,30.66,32.43,33.4,34.43,31.58,30.71,30.81,28.81,30.56,29.91,29.66,34.43,Tanza,14.36,120.85
T2M_MAX,2012,29.9,30.78,31.87,33.65,33.45,30.07,30.14,29.69,30.01,30.18,30.52,31.26,33.65,Tanza,14.36,120.85
T2M_MAX,2013,30.65,32.72,33.1,35.43,34.78,33.11,30.49,29.93,30.04,30.13,30.04,29.64,35.43,Tanza,14.36,120.85
T2M_MAX,2014,29.66,31.89,33.85,35.41,35.99,33.96,31.01,30.88,30.99,30.21,30.67,29.77,35.99,Tanza,14.36,120.85
T2M_MAX,2015,29.78,31.71,33.91,34.62,35.18,34.78,30.82,30.83,31.18,31.33,31.01,31.73,35.18,Tanza,14.36,120.85
T2M_MAX,2016,31.01,31.34,33.31,35.67,36.01,31.62,31.06,30.54,29.99,30.41,30.28,29.62,36.01,Tanza,14.36,120.85
T2M_MAX,2017,29.18,30.62,33.57,35.09,34.16,31.97,31.5,31.78,31.94,30.72,30.25,30.24,35.09,Tanza,14.36,120.85
T2M_MAX,2018,29.97,31.54,32.99,35.32,34.8,33.09,28.68,29.4,30.27,31.54,31.2,31.6,35.32,Tanza,14.36,120.85
T2M_MAX,2019,29.78,31.3,34.63,35.67,34.08,33.26,30.24,29.28,31.17,31.22,30.28,29.97,35.67,Tanza,14.36,120.85
T2M_MAX,2020,30.77,30.89,31.7,32.16,32.84,33.12,31.34,30.85,31.71,31.0,29.96,29.58,33.12,Tanza,14.36,120.85
T2M_MAX,2021,29.63,30.61,33.25,34.23,35.21,32.19,31.52,30.77,30.58,30.5,30.58,30.02,35.21,Tanza,14.36,120.85
T2M_MAX,2022,30.79,32.0,33.7,33.55,34.35,31.23,30.85,30.49,31.15,30.48,30.28,29.97,34.35,Tanza,14.36,120.85
T2M_MAX,2023,29.14,30.83,34.18,34.09,34.27,32.09,32.25,29.8,31.4,31.27,30.97,30.69,34.27,Tanza,14.36,120.85
T2M_MAX,2024,30.83,32.38,33.74,37.57,36.77,33.33,31.4,32.31,31.39,31.17,30.81,30.73,37.57,Tanza,14.36,120.85
T2M_MAX,2025,30.89,30.58,33.34,36.41,34.8,31.22,29.26,31.19,30.3,30.99,30.32,30.16,36.41,Tanza,14.36,120.85
T2M_MIN,1990,21.23,22.51,22.61,24.73,25.83,25.55,25.03,25.47,24.95,24.3,21.85,21.83,21.23,Tanza,14.36,120.85
T2M_MIN,1991,21.86,22.62,22.59,24.3,25.67,25.56,25.54,25.47,24.81,23.91,22.03,21.51,21.51,Tanza,14.36,120.85
T2M_MIN,1992,21.62,21.45,23.0,24.78,25.62,26.37,25.31,25.34,24.93,24.38,20.67,21.81,20.67,Tanza,14.36,120.85
T2M_MIN,1993,20.25,21.25,22.55,24.13,25.31,25.64,25.53,24.99,24.57,23.43,23.67,21.47,20.25,Tanza,14.36,120.85
T2M_MIN,1994,21.07,22.17,22.9,23.75,26.66,25.4,25.04,24.97,24.52,23.32,22.83,22.05,21.07,Tanza,14.36,120.85
T2M_MIN,1995,21.06,21.11,21.95,24.79,25.25,26.02,25.25,25.48,25.1,24.6,24.08,20.85,20.85,Tanza,14.36,120.85
T2M_MIN,1996,20.85,20.56,22.98,24.3,25.74,25.5,25.99,25.03,24.98,25.05,24.04,20.23,20.23,Tanza,14.36,120.85
T2M_MIN,1997,20.79,21.23,21.29,24.27,25.08,25.83,24.98,25.22,24.98,24.08,23.03,22.06,20.79,Tanza,14.36,120.85
T2M_MIN,1998,21.69,22.29,23.07,24.12,26.29,25.67,25.69,25.87,25.73,25.4,24.96,24.12,21.69,Tanza,14.36,120.85
T2M_MIN,1999,22.79,20.82,22.28,24.29,25.47,25.22,25.26,24.76,24.94,24.65,23.13,20.84,20.82,Tanza,14.36,120.85
T2M_MIN,2000,20.6,22.31,23.22,24.82,25.71,25.42,24.57,24.79,24.86,24.73,23.5,23.2,20.6,Tanza,14.36,120.85
T2M_MIN,2001,21.38,22.05,23.38,25.28,26.12,25.65,25.13,25.47,24.47,24.56,21.06,20.7,20.7,Tanza,14.36,120.85
T2M_MIN,2002,20.28,21.31,21.29,24.1,25.5,26.21,25.52,24.93,25.04,24.96,23.32,23.32,20.28,Tanza,14.36,120.85
T2M_MIN,2003,21.12,21.66,22.24,25.41,26.05,25.17,25.73,25.14,24.81,23.68,23.4,21.49,21.12,Tanza,14.36,120.85
T2M_MIN,2004,21.93,21.08,23.4,25.81,25.75,24.8,25.23,25.14,24.96,23.48,23.47,22.07,21.08,Tanza,14.36,120.85
T2M_MIN,2005,21.02,22.43,21.86,23.33,26.35,25.99,25.55,25.4,25.32,25.21,23.55,21.84,21.02,Tanza,14.36,120.85
T2M_MIN,2006,21.73,22.0,23.59,25.12,25.89,25.9,25.22,25.06,25.2,23.9,24.12,23.3,21.73,Tanza,14.36,120.85
T2M_MIN,2007,20.64,20.68,22.98,24.52,25.7,26.42,25.97,24.87,25.01,24.3,21.51,21.45,20.64,Tanza,14.36,120.85
T2M_MIN,2008,21.72,22.01,21.85,25.01,25.42,24.63,25.0,24.47,25.18,25.23,23.73,21.51,21.51,Tanza,14.36,120.85
T2M_MIN,2009,19.75,21.92,23.57,24.6,24.54,25.64,25.24,25.93,25.39,22.49,23.69,21.96,19.75,Tanza,14.36,120.85
T2M_MIN,2010,21.71,22.62,22.9,24.65,25.49,26.33,25.11,25.0,24.94,24.62,24.4,23.04,21.71,Tanza,14.36,120.85
T2M_MIN,2011,21.36,21.24,22.39,23.21,25.39,25.73,25.45,25.33,24.86,24.55,24.19,22.95,21.24,Tanza,14.36,120.85
T2M_MIN,2012,22.53,22.29,22.85,24.66,26.14,25.64,25.61,24.94,25.09,23.76,23.5,23.15,22.29,Tanza,14.36,120.85
T2M_MIN,2013,21.35,22.84,22.53,25.17,26.66,25.51,25.02,25.31,25.56,23.49,23.81,22.99,21.35,Tanza,14.36,120.85
T2M_MIN,2014,19.51,22.17,22.7,25.1,26.38,26.26,25.27,25.08,25.29,24.15,22.7,22.28,19.51,Tanza,14.36,120.85
T2M_MIN,2015,21.22,20.91,22.38,24.45,26.66,26.62,24.97,25.3,25.64,24.82,23.88,22.38,20.91,Tanza,14.36,120.85
T2M_MIN,2016,22.05,21.54,23.42,25.05,26.87,26.45,25.81,25.92,25.05,24.91,23.63,23.1,21.54,Tanza,14.36,120.85
T2M_MIN,2017,21.98,20.09,22.5,23.52,26.16,25.22,26.11,24.86,25.94,25.38,24.11,22.7,20.09,Tanza,14.36,120.85
T2M_MIN,2018,21.83,22.05,22.4,24.42,26.45,25.58,25.1,25.74,25.38,22.62,23.71,23.33,21.83,Tanza,14.36,120.85
T2M_MIN,2019,20.4,21.67,22.97,25.08,26.61,26.42,25.87,25.07,25.25,24.88,22.78,22.81,20.4,Tanza,14.36,120.85
T2M_MIN,2020,21.91,20.72,23.09,24.38,25.71,26.15,26.08,25.46,25.33,25.35,23.35,23.07,20.72,Tanza,14.36,120.85
T2M_MIN,2021,21.17,20.79,23.44,24.35,26.2,25.93,25.81,25.64,25.63,24.52,24.07,22.15,20.79,Tanza,14.36,120.85
T2M_MIN,2022,21.54,23.44,23.71,24.59,26.33,26.06,26.13,25.58,25.68,25.26,24.19,21.73,21.54,Tanza,14.36,120.85
T2M_MIN,2023,21.66,21.9,21.68,24.55,26.02,26.66,26.54,26.5,26.14,25.48,24.11,23.87,21.66,Tanza,14.36,120.85
T2M_MIN,2024,21.89,22.88,23.7,25.55,27.02,26.97,26.24,26.29,25.83,25.52,24.79,24.26,21.89,Tanza,14.36,120.85
T2M_MIN,2025,22.81,22.89,22.98,25.54,26.44,26.13,25.92,25.63,25.16,25.1,24.8,22.86,22.81,Tanza,14.36,120.85
TS,1990,27.67,28.91,30.3,32.26,31.08,28.58,27.78,27.65,27.39,27.58,27.35,26.68,28.6,Tanza,14.36,120.85
TS,1991,26.86,28.61,29.31,31.77,31.07,29.49,28.15,27.22,27.24,27.78,26.91,26.51,28.4,Tanza,14.36,120.85
TS,1992,27.32,28.47,30.59,32.31,31.51,30.22,28.43,27.74,27.33,27.78,26.55,26.63,28.74,Tanza,14.36,120.85
TS,1993,26.87,28.3,29.74,31.81,31.81,30.04,28.39,27.57,27.44,27.13,27.07,26.05,28.51,Tanza,14.36,120.85
TS,1994,26.31,27.64,29.54,30.94,30.78,29.05,27.23,27.55,27.73,27.71,27.16,26.99,28.22,Tanza,14.36,120.85
TS,1995,27.11,28.05,29.87,31.96,30.33,29.63,28.53,27.98,27.82,28.01,27.43,25.89,28.55,Tanza,14.36,120.85
TS,1996,26.08,26.85,29.41,29.92,29.8,29.32,28.84,27.83,28.13,28.27,27.38,26.09,28.16,Tanza,14.36,120.85
TS,1997,26.09,27.5,29.56,32.1,30.83,28.61,27.81,27.21,27.69,28.53,28.67,28.18,28.57,Tanza,14.36,120.85
TS,1998,28.32,30.24,30.52,31.8,31.63,29.78,29.41,28.75,28.35,28.05,27.74,27.16,29.3,Tanza,14.36,120.85
TS,1999,26.78,26.73,28.83,29.33,29.62,28.42,27.47,27.18,27.49,27.53,27.11,26.32,27.74,Tanza,14.36,120.85
TS,2000,26.41,26.98,28.23,30.51,30.01,28.67,27.4,28.02,27.57,27.75,27.01,26.65,27.93,Tanza,14.36,120.85
TS,2001,27.1,27.34,28.62,31.31,30.63,29.1,27.66,27.8,27.65,28.19,27.28,26.56,28.27,Tanza,14.36,120.85
TS,2002,26.61,27.63,29.7,31.62,31.17,29.78,27.74,27.56,27.82,28.19,27.41,27.48,28.56,Tanza,14.36,120.85
TS,2003,26.74,28.09,30.04,32.77,31.59,28.26,28.77,27.55,27.58,28.22,28.02,26.34,28.66,Tanza,14.36,120.85
TS,2004,27.64,28.38,30.82,32.59,29.86,27.64,28.03,27.32,28.36,28.17,27.8,26.66,28.6,Tanza,14.36,120.85
TS,2005,26.65,28.84,29.93,31.9,32.16,28.94,28.54,28.05,28.04,28.25,27.74,26.5,28.79,Tanza,14.36,120.85
TS,2006,26.77,27.32,29.4,32.09,30.76,29.66,27.82,27.55,28.11,28.13,27.64,26.89,28.51,Tanza,14.36,120.85
TS,2007,26.88,28.04,30.17,32.09,30.9,29.96,29.11,28.13,27.96,27.75,27.12,26.47,28.71,Tanza,14.36,120.85
TS,2008,26.44,26.95,28.85,30.86,28.83,28.92,27.74,27.61,27.76,28.08,27.28,26.42,27.98,Tanza,14.36,120.85
TS,2009,25.97,27.48,30.19,29.46,28.52,27.91,27.98,28.32,27.77,27.34,27.69,27.02,27.97,Tanza,14.36,120.85
TS,2010,27.87,29.65,30.7,32.31,33.06,30.16,28.91,28.17,28.33,28.09,27.32,26.76,29.27,Tanza,14.36,120.85
TS,2011,26.12,27.16,28.07,30.52,29.9,28.39,27.99,27.75,27.49,27.68,27.31,26.69,27.92,Tanza,14.36,120.85
TS,2012,26.98,27.33,28.37,30.73,30.21,28.17,27.94,27.29,27.83,27.68,27.85,28.02,28.2,Tanza,14.36,120.85
TS,2013,27.17,28.37,29.25,32.78,31.09,29.43,28.42,27.73,27.81,27.76,27.37,27.25,28.7,Tanza,14.36,120.85
TS,2014,26.05,28.68,30.04,32.49,32.48,29.52,27.89,27.95,28.1,28.02,27.72,26.62,28.79,Tanza,14.36,120.85
TS,2015,26.03,27.21,29.61,31.67,32.65,31.0,28.31,28.51,28.78,28.33,28.12,27.4,28.97,Tanza,14.36,120.85
TS,2016,27.38,27.53,30.52,32.71,31.83,29.87,29.01,28.03,28.17,27.95,27.58,27.16,28.98,Tanza,14.36,120.85
TS,2017,26.43,26.64,28.97,31.36,30.52,29.93,28.63,28.74,28.78,28.48,27.73,27.06,28.61,Tanza,14.36,120.85
TS,2018,26.74,27.76,29.25,31.52,31.48,28.89,27.84,27.73,28.04,28.77,28.26,27.74,28.67,Tanza,14.36,120.85
TS,2019,26.5,27.92,31.09,32.32,30.92,30.14,28.56,27.91,27.96,28.64,27.8,27.1,28.91,Tanza,14.36,120.85
TS,2020,27.28,26.82,29.27,29.86,30.78,30.0,29.32,28.48,28.93,28.37,27.5,27.09,28.65,Tanza,14.36,120.85
TS,2021,26.35,27.15,29.06,31.46,31.9,29.46,28.7,28.54,28.51,28.13,28.19,26.88,28.7,Tanza,14.36,120.85
TS,2022,27.13,28.28,30.06,29.84,30.81,29.67,29.13,28.26,28.17,28.29,27.78,27.01,28.7,Tanza,14.36,120.85
TS,2023,26.18,27.25,29.39,30.78,30.98,29.63,29.09,28.63,28.86,28.7,28.26,27.94,28.81,Tanza,14.36,120.85
TS,2024,27.4,28.65,30.1,32.92,32.61,30.51,29.06,29.2,28.56,28.6,28.36,27.62,29.46,Tanza,14.36,120.85
TS,2025,27.15,27.69,29.34,32.73,31.03,29.09,28.26,28.52,27.97,28.19,27.84,27.27,28.76,Tanza,14.36,120.85
WS2M,1990,4.49,4.56,3.98,3.8,3.28,3.9,3.51,5.33,3.54,3.16,3.97,5.01,4.04,Tanza,14.36,120.85
WS2M,1991,4.7,4.42,4.67,3.71,3.54,4.34,3.88,4.59,4.47,3.44,4.17,5.37,4.27,Tanza,14.36,120.85
WS2M,1992,3.94,4.3,4.1,3.27,3.26,3.22,3.29,5.06,3.93,3.55,4.64,5.18,3.98,Tanza,14.36,120.85
WS2M,1993,4.71,4.46,4.55,3.41,3.2,2.72,3.36,3.98,3.2,4.31,4.53,5.74,4.02,Tanza,14.36,120.85
WS2M,1994,4.25,4.37,5.13,3.51,2.59,3.01,5.49,3.7,3.18,3.57,5.03,5.33,4.1,Tanza,14.36,120.85
WS2M,1995,5.18,4.52,4.5,4.43,3.11,3.05,3.28,3.16,3.69,3.37,4.15,5.7,4.01,Tanza,14.36,120.85
WS2M,1996,5.1,5.62,5.06,3.88,3.31,2.88,4.23,3.22,3.37,2.87,4.87,5.45,4.15,Tanza,14.36,120.85
WS2M,1997,4.4,5.26,4.03,3.17,4.22,3.15,2.97,5.13,2.64,3.3,4.04,4.65,3.91,Tanza,14.36,120.85
WS2M,1998,4.69,3.62,4.59,4.03,4.06,2.54,2.09,2.59,3.87,4.15,3.45,4.84,3.71,Tanza,14.36,120.85
WS2M,1999,5.13,5.41,4.01,3.13,2.39,3.22,4.39,4.05,3.56,3.41,4.24,5.05,3.99,Tanza,14.36,120.85
WS2M,2000,4.86,4.71,4.2,3.12,3.5,2.8,4.68,3.73,4.29,3.85,4.28,4.68,4.06,Tanza,14.36,120.85
WS2M,2001,4.36,4.9,4.32,3.14,3.06,2.99,4.24,4.81,3.7,3.29,5.05,5.8,4.14,Tanza,14.36,120.85
WS2M,2002,4.71,4.79,4.57,4.09,3.38,2.68,5.49,3.66,3.15,2.76,4.14,4.1,3.96,Tanza,14.36,120.85
WS2M,2003,4.96,5.02,4.11,3.38,4.24,3.35,2.99,3.89,3.43,2.95,4.0,5.71,4.0,Tanza,14.36,120.85
WS2M,2004,4.28,4.25,3.73,3.11,3.97,4.61,2.72,5.09,2.69,3.06,4.82,4.65,3.91,Tanza,14.36,120.85
WS2M,2005,3.88,3.76,4.22,3.16,2.22,2.91,3.37,3.89,3.28,2.96,3.39,5.22,3.52,Tanza,14.36,120.85
WS2M,2006,3.94,4.91,3.67,3.42,3.41,2.84,4.51,4.1,2.74,3.05,3.28,5.13,3.75,Tanza,14.36,120.85
WS2M,2007,4.87,4.16,4.1,3.68,2.88,2.34,2.86,4.13,3.53,3.83,4.4,4.59,3.78,Tanza,14.36,120.85
WS2M,2008,4.83,5.15,3.86,4.11,3.22,2.93,3.27,3.36,3.67,2.88,3.8,4.92,3.83,Tanza,14.36,120.85
WS2M,2009,5.22,4.19,3.66,3.19,3.06,4.17,3.56,4.13,4.36,3.92,3.61,4.07,3.93,Tanza,14.36,120.85
WS2M,2010,4.65,3.58,4.37,3.43,2.63,2.33,2.31,3.45,2.48,3.48,3.22,3.91,3.32,Tanza,14.36,120.85
WS2M,2011,4.88,4.1,5.19,3.88,2.94,3.3,3.75,3.87,4.01,3.22,3.88,4.13,3.93,Tanza,14.36,120.85
WS2M,2012,4.03,4.17,4.46,3.1,2.2,4.47,3.59,4.99,2.76,3.41,3.51,4.2,3.74,Tanza,14.36,120.85
WS2M,2013,4.68,4.89,3.4,2.73,2.46,3.01,2.51,4.03,3.7,3.12,4.17,3.4,3.5,Tanza,14.36,120.85
WS2M,2014,4.68,3.39,3.99,2.65,2.35,3.39,4.12,3.25,3.43,2.7,3.66,5.13,3.57,Tanza,14.36,120.85
WS2M,2015,4.47,3.99,4.03,3.55,2.66,2.75,4.17,3.42,2.56,3.72,4.04,4.46,3.65,Tanza,14.36,120.85
WS2M,2016,3.91,4.25,3.32,3.29,2.76,2.49,2.87,4.67,3.16,3.34,3.98,4.37,3.53,Tanza,14.36,120.85
WS2M,2017,4.85,4.45,3.82,3.39,2.61,2.26,3.45,3.18,2.58,2.92,4.14,4.64,3.52,Tanza,14.36,120.85
WS2M,2018,4.51,3.7,3.85,3.53,2.85,3.91,4.33,5.19,3.14,2.99,4.15,4.57,3.9,Tanza,14.36,120.85
WS2M,2019,4.72,4.2,3.38,3.15,2.5,3.23,3.49,5.35,4.02,2.93,3.27,4.38,3.72,Tanza,14.36,120.85
WS2M,2020,4.19,5.13,3.61,3.52,2.49,2.53,2.31,3.06,2.36,3.33,4.22,3.68,3.36,Tanza,14.36,120.85
WS2M,2021,4.73,3.99,3.94,3.51,3.54,3.08,4.54,3.27,2.7,3.65,3.6,5.08,3.81,Tanza,14.36,120.85
WS2M,2022,4.24,4.61,3.79,3.88,2.75,2.21,2.49,3.09,3.59,3.56,3.57,4.15,3.49,Tanza,14.36,120.85
WS2M,2023,4.83,4.5,3.94,2.89,3.18,2.97,3.87,4.77,2.8,2.91,3.98,4.18,3.74,Tanza,14.36,120.85
WS2M,2024,4.74,4.74,4.16,3.61,3.17,2.34,3.47,2.87,4.03,3.47,3.29,4.41,3.69,Tanza,14.36,120.85
WS2M,2025,4.26,4.56,4.21,2.97,3.11,3.04,5.4,2.68,3.34,2.73,4.0,3.8,3.67,Tanza,14.36,120.85
ALLSKY_SFC_SW_DWN,1990,18.17,21.72,22.51,24.96,21.21,17.22,18.27,16.04,17.99,18.14,16.46,16.23,19.05,General Trias,14.38,120.88
ALLSKY_SFC_SW_DWN,1991,17.38,19.5,23.2,23.67,23.1,19.18,16.68,12.57,15.47,17.59,16.71,17.17,18.51,General Trias,14.38,120.88
ALLSKY_SFC_SW_DWN,1992,17.47,20.64,23.46,23.65,21.92,20.46,17.94,13.29,15.93,17.84,17.48,16.78,18.89,General Trias,14.38,120.88
ALLSKY_SFC_SW_DWN,1993,18.42,21.06,22.47,24.08,24.36,20.87,18.04,16.24,15.75,16.89,16.46,14.12,19.04,General Trias,14.38,120.88
ALLSKY_SFC_SW_DWN,1994,17.31,20.13,21.72,23.41,21.92,19.63,12.53,18.8,16.86,19.07,19.06,16.68,18.91,General Trias,14.38,120.88
ALLSKY_SFC_SW_DWN,1995,17.24,20.14,22.69,25.05,21.19,21.11,17.95,16.67,14.69,16.83,15.28,13.83,18.54,General Trias,14.38,120.88
ALLSKY_SFC_SW_DWN,1996,15.56,19.01,21.36,21.13,19.89,20.44,15.7,18.79,16.1,17.37,14.37,15.87,17.96,General Trias,14.38,120.88
ALLSKY_SFC_SW_DWN,1997,16.76,18.1,21.75,22.86,20.25,20.3,17.16,15.27,17.7,18.96,17.98,16.66,18.64,General Trias,14.38,120.88
ALLSKY_SFC_SW_DWN,1998,16.77,20.22,22.1,23.65,19.57,20.71,19.95,19.22,15.18,14.6,16.26,13.64,18.47,General Trias,14.38,120.88
ALLSKY_SFC_SW_DWN,1999,14.94,18.27,19.68,20.95,20.95,17.62,15.91,16.01,16.34,16.77,15.21,13.79,17.19,General Trias,14.38,120.88
ALLSKY_SFC_SW_DWN,2000,16.35,16.51,19.4,22.38,17.88,19.72,13.99,17.06,16.84,15.56,14.73,14.19,17.04,General Trias,14.38,120.88
ALLSKY_SFC_SW_DWN,2001,16.61,16.75,20.93,23.06,19.93,18.82,17.16,14.25,17.83,17.58,17.12,15.09,17.92,General Trias,14.38,120.88
ALLSKY_SFC_SW_DWN,2002,17.65,19.49,22.84,24.71,21.94,20.53,12.71,17.32,16.54,18.36,15.72,16.38,18.67,General Trias,14.38,120.88
ALLSKY_SFC_SW_DWN,2003,17.38,20.41,22.8,24.58,19.22,18.83,19.37,16.39,16.2,18.82,16.83,15.54,18.85,General Trias,14.38,120.88
ALLSKY_SFC_SW_DWN,2004,17.49,18.76,22.85,24.28,20.54,14.73,20.08,15.69,20.23,18.54,15.33,16.05,18.72,General Trias,14.38,120.88
ALLSKY_SFC_SW_DWN,2005,17.14,20.31,21.61,24.0,23.43,18.56,17.22,14.85,15.88,16.95,15.62,12.81,18.18,General Trias,14.38,120.88
ALLSKY_SFC_SW_DWN,2006,15.53,18.66,21.98,24.6,20.56,20.85,12.31,14.35,18.09,17.1,17.24,14.39,17.94,General Trias,14.38,120.88
ALLSKY_SFC_SW_DWN,2007,16.2,20.45,22.37,23.91,21.06,19.64,19.22,13.51,15.98,15.57,13.82,15.5,18.08,General Trias,14.38,120.88
ALLSKY_SFC_SW_DWN,2008,15.49,16.25,21.94,22.61,18.64,20.51,17.34,16.01,16.85,17.15,14.87,14.47,17.67,General Trias,14.38,120.88
ALLSKY_SFC_SW_DWN,2009,14.97,18.02,21.28,20.3,20.24,16.46,16.79,17.59,13.23,14.94,17.59,17.24,17.39,General Trias,14.38,120.88
ALLSKY_SFC_SW_DWN,2010,17.29,22.02,22.61,24.49,24.41,18.96,18.92,17.62,19.22,15.55,15.31,14.54,19.22,General Trias,14.38,120.88
ALLSKY_SFC_SW_DWN,2011,15.04,18.76,19.32,23.29,20.69,16.77,15.28,14.52,15.11,17.38,15.71,13.76,17.12,General Trias,14.38,120.88
ALLSKY_SFC_SW_DWN,2012,16.27,18.66,18.76,24.62,20.63,16.81,15.51,13.33,16.23,16.53,18.29,15.5,17.57,General Trias,14.38,120.88
ALLSKY_SFC_SW_DWN,2013,15.91,18.42,21.98,24.24,21.14,19.1,18.05,13.75,13.95,17.14,15.75,15.38,17.89,General Trias,14.38,120.88
ALLSKY_SFC_SW_DWN,2014,17.17,20.26,21.73,23.91,24.27,17.6,14.99,17.92,16.71,17.75,17.13,13.29,18.54,General Trias,14.38,120.88
ALLSKY_SFC_SW_DWN,2015,16.24,20.15,22.29,24.78,23.71,22.45,16.5,18.49,20.68,17.69,18.61,15.53,19.74,General Trias,14.38,120.88
ALLSKY_SFC_SW_DWN,2016,18.22,18.92,23.14,25.13,22.41,19.94,18.91,14.1,16.8,16.12,15.82,14.52,18.66,General Trias,14.38,120.88
ALLSKY_SFC_SW_DWN,2017,15.21,19.0,22.49,24.15,21.8,21.44,15.93,18.75,17.91,15.8,15.83,14.31,18.53,General Trias,14.38,120.88
ALLSKY_SFC_SW_DWN,2018,15.37,20.27,22.62,24.53,23.64,15.56,12.8,14.11,18.68,20.34,18.21,14.05,18.32,General Trias,14.38,120.88
ALLSKY_SFC_SW_DWN,2019,17.4,21.52,24.25,24.96,21.36,20.74,17.3,13.76,15.88,20.42,15.29,15.76,19.03,General Trias,14.38,120.88
ALLSKY_SFC_SW_DWN,2020,17.35,19.87,24.03,23.88,23.06,21.32,20.27,16.84,20.28,14.9,15.35,14.37,19.28,General Trias,14.38,120.88
ALLSKY_SFC_SW_DWN,2021,15.11,18.97,21.71,23.23,23.86,19.15,14.79,18.43,17.9,15.78,17.23,15.61,18.47,General Trias,14.38,120.88
ALLSKY_SFC_SW_DWN,2022,17.8,18.11,22.98,21.41,22.26,21.09,17.8,16.01,16.05,16.83,16.85,14.3,18.46,General Trias,14.38,120.88
ALLSKY_SFC_SW_DWN,2023,15.11,18.84,23.78,22.27,21.85,19.16,16.42,17.57,16.95,16.61,17.18,15.74,18.45,General Trias,14.38,120.88
ALLSKY_SFC_SW_DWN,2024,17.12,21.06,22.14,25.92,22.92,20.66,15.12,19.55,14.06,15.79,17.45,13.07,18.72,General Trias,14.38,120.88
ALLSKY_SFC_SW_DWN,2025,15.93,17.29,21.27,24.49,22.13,17.21,12.27,17.88,14.37,16.12,14.45,15.18,17.38,General Trias,14.38,120.88
EVLAND,1990,1.12,0.28,0.35,0.12,1.78,3.64,3.79,4.49,3.57,3.42,3.63,3.15,2.46,General Trias,14.38,120.88
EVLAND,1991,2.19,0.93,0.93,0.49,2.32,2.84,3.25,3.16,3.56,4.34,3.58,2.93,2.56,General Trias,14.38,120.88
EVLAND,1992,1.68,0.78,0.23,0.56,1.22,2.7,3.05,3.44,3.44,3.58,3.95,2.83,2.29,General Trias,14.38,120.88
EVLAND,1993,1.49,0.53,0.19,0.59,1.32,2.21,3.26,3.52,3.08,3.82,3.08,3.41,2.22,General Trias,14.38,120.88
EVLAND,1994,3.05,2.52,0.77,1.34,2.0,2.81,3.68,3.9,3.35,4.17,3.36,2.17,2.76,General Trias,14.38,120.88
EVLAND,1995,1.42,0.99,0.26,0.14,1.34,3.43,2.77,3.12,3.17,3.72,3.31,2.84,2.22,General Trias,14.38,120.88
EVLAND,1996,2.93,2.24,0.57,1.4,1.8,2.77,2.73,3.39,3.56,3.06,3.48,3.76,2.64,General Trias,14.38,120.88
EVLAND,1997,2.65,1.68,0.56,0.71,1.7,3.85,3.13,3.63,3.2,4.01,3.16,1.65,2.5,General Trias,14.38,120.88
EVLAND,1998,0.42,0.29,0.22,0.91,1.57,3.2,3.2,3.18,3.34,3.21,2.67,2.99,2.11,General Trias,14.38,120.88
EVLAND,1999,3.59,3.3,2.72,2.92,2.29,3.22,3.19,3.84,3.44,3.2,3.54,2.77,3.17,General Trias,14.38,120.88
EVLAND,2000,3.41,2.94,2.57,2.32,2.26,3.08,3.66,3.5,3.85,3.23,3.34,2.82,3.08,General Trias,14.38,120.88
EVLAND,2001,3.34,3.07,2.58,2.22,2.52,2.93,4.1,3.49,3.17,3.19,3.67,3.23,3.13,General Trias,14.38,120.88
EVLAND,2002,2.43,1.12,0.47,0.59,1.31,3.55,3.94,3.63,3.26,3.29,3.16,3.11,2.5,General Trias,14.38,120.88
EVLAND,2003,2.46,0.72,0.51,0.25,1.93,4.35,3.77,3.61,3.29,4.27,3.52,2.68,2.63,General Trias,14.38,120.88
EVLAND,2004,1.55,0.86,0.43,0.77,2.87,3.48,3.44,3.6,3.97,3.99,2.98,3.29,2.61,General Trias,14.38,120.88
EVLAND,2005,2.33,0.77,0.54,0.57,1.27,3.05,3.26,3.47,3.46,3.49,3.49,2.85,2.39,General Trias,14.38,120.88
EVLAND,2006,3.01,3.07,1.81,0.63,1.58,3.0,2.99,3.72,3.39,4.13,3.05,3.25,2.8,General Trias,14.38,120.88
EVLAND,2007,2.97,1.47,0.51,0.38,1.58,2.57,3.23,3.65,3.25,3.84,3.62,3.66,2.57,General Trias,14.38,120.88
EVLAND,2008,3.12,2.68,2.06,0.89,3.02,3.64,3.49,3.76,3.5,3.32,3.08,3.39,3.0,General Trias,14.38,120.88
EVLAND,2009,2.74,2.23,1.2,1.78,4.12,3.93,3.33,4.01,3.51,3.96,3.95,2.64,3.12,General Trias,14.38,120.88
EVLAND,2010,1.13,0.22,0.31,0.25,0.96,2.57,3.2,3.75,3.22,3.32,2.8,3.08,2.08,General Trias,14.38,120.88
EVLAND,2011,3.0,2.94,1.74,0.5,2.65,3.59,4.0,3.82,3.49,3.74,3.26,3.16,2.99,General Trias,14.38,120.88
EVLAND,2012,3.39,2.82,2.47,1.86,2.77,3.66,3.54,4.04,3.43,4.24,3.48,2.47,3.18,General Trias,14.38,120.88
EVLAND,2013,1.96,1.42,2.66,0.75,1.5,3.27,3.56,3.37,3.23,4.51,3.55,2.6,2.71,General Trias,14.38,120.88
EVLAND,2014,2.57,0.94,0.42,0.58,1.51,3.33,3.53,3.98,3.8,3.65,3.64,3.22,2.61,General Trias,14.38,120.88
EVLAND,2015,3.11,2.03,0.56,0.57,1.08,2.83,3.86,3.68,3.84,4.35,3.93,3.26,2.76,General Trias,14.38,120.88
EVLAND,2016,3.27,2.37,1.21,0.68,1.89,3.07,3.77,3.72,3.24,3.58,3.79,3.28,2.83,General Trias,14.38,120.88
EVLAND,2017,3.72,3.3,2.38,1.64,2.54,3.48,3.52,4.07,3.73,3.78,3.63,3.48,3.27,General Trias,14.38,120.88
EVLAND,2018,3.3,3.18,2.51,1.36,2.2,3.4,3.21,3.99,3.74,4.28,3.48,2.4,3.09,General Trias,14.38,120.88
EVLAND,2019,3.04,1.59,0.3,1.15,2.46,3.28,3.36,3.92,4.08,4.06,3.2,3.69,2.85,General Trias,14.38,120.88
EVLAND,2020,3.01,2.79,3.18,3.85,3.35,3.97,3.53,3.62,3.54,3.27,3.73,3.17,3.42,General Trias,14.38,120.88
EVLAND,2021,3.82,3.85,3.04,1.57,1.28,2.66,3.62,3.78,3.34,3.65,3.42,3.31,3.11,General Trias,14.38,120.88
EVLAND,2022,2.71,2.4,1.78,2.64,2.66,3.4,3.57,3.38,3.41,3.21,3.34,3.17,2.97,General Trias,14.38,120.88
EVLAND,2023,3.44,3.29,1.69,2.81,2.73,3.29,4.04,4.19,3.67,3.85,3.71,3.5,3.35,General Trias,14.38,120.88
EVLAND,2024,2.81,1.24,0.9,0.63,1.94,3.4,3.73,3.74,3.57,3.56,4.05,3.34,2.75,General Trias,14.38,120.88
EVLAND,2025,3.38,3.2,2.5,1.41,3.09,3.51,4.37,3.91,3.55,3.35,3.46,3.66,3.29,General Trias,14.38,120.88
GWETROOT,1990,0.61,0.59,0.59,0.58,0.64,0.93,0.99,0.99,0.98,0.95,0.89,0.77,0.79,General Trias,14.38,120.88
GWETROOT,1991,0.66,0.6,0.6,0.59,0.62,0.7,0.9,0.99,1.0,0.93,0.82,0.73,0.76,General Trias,14.38,120.88
GWETROOT,1992,0.63,0.6,0.59,0.59,0.6,0.72,0.87,0.98,0.99,0.92,0.86,0.73,0.76,General Trias,14.38,120.88
GWETROOT,1993,0.62,0.59,0.59,0.59,0.6,0.69,0.88,0.97,0.99,0.96,0.9,0.86,0.77,General Trias,14.38,120.88
GWETROOT,1994,0.78,0.66,0.6,0.6,0.63,0.79,0.96,0.96,0.97,0.91,0.75,0.66,0.77,General Trias,14.38,120.88
GWETROOT,1995,0.62,0.61,0.59,0.58,0.64,0.81,0.89,0.96,0.99,0.97,0.94,0.87,0.79,General Trias,14.38,120.88
GWETROOT,1996,0.78,0.65,0.59,0.61,0.65,0.77,0.87,0.98,0.98,0.95,0.96,0.86,0.8,General Trias,14.38,120.88
GWETROOT,1997,0.7,0.62,0.6,0.59,0.66,0.91,0.98,1.0,0.97,0.88,0.72,0.62,0.77,General Trias,14.38,120.88
GWETROOT,1998,0.59,0.59,0.59,0.6,0.64,0.83,0.87,0.94,0.97,0.99,0.96,0.94,0.79,General Trias,14.38,120.88
GWETROOT,1999,0.89,0.73,0.66,0.68,0.7,0.87,0.99,0.99,0.99,0.98,0.93,0.9,0.86,General Trias,14.38,120.88
GWETROOT,2000,0.8,0.75,0.68,0.62,0.74,0.91,0.99,0.99,0.99,0.97,0.97,0.9,0.86,General Trias,14.38,120.88
GWETROOT,2001,0.79,0.7,0.66,0.62,0.69,0.85,0.98,0.99,0.96,0.9,0.85,0.78,0.82,General Trias,14.38,120.88
GWETROOT,2002,0.67,0.61,0.59,0.59,0.63,0.81,0.98,0.99,0.98,0.96,0.92,0.79,0.79,General Trias,14.38,120.88
GWETROOT,2003,0.67,0.6,0.59,0.59,0.66,0.94,0.94,0.99,0.99,0.93,0.83,0.72,0.79,General Trias,14.38,120.88
GWETROOT,2004,0.62,0.6,0.59,0.59,0.76,0.97,0.98,1.0,0.96,0.86,0.75,0.8,0.79,General Trias,14.38,120.88
GWETROOT,2005,0.66,0.6,0.59,0.59,0.61,0.88,0.97,0.99,0.99,0.96,0.92,0.87,0.8,General Trias,14.38,120.88
GWETROOT,2006,0.78,0.7,0.62,0.59,0.66,0.76,0.95,1.0,0.98,0.94,0.92,0.85,0.81,General Trias,14.38,120.88
GWETROOT,2007,0.73,0.62,0.59,0.59,0.64,0.77,0.89,0.97,0.99,0.97,0.94,0.89,0.8,General Trias,14.38,120.88
GWETROOT,2008,0.79,0.69,0.64,0.6,0.77,0.88,0.97,0.99,0.99,0.98,0.96,0.86,0.84,General Trias,14.38,120.88
GWETROOT,2009,0.75,0.65,0.61,0.67,0.91,0.99,0.99,0.98,0.99,0.97,0.86,0.7,0.84,General Trias,14.38,120.88
GWETROOT,2010,0.61,0.59,0.59,0.59,0.6,0.74,0.9,0.99,0.98,0.98,0.98,0.9,0.79,General Trias,14.38,120.88
GWETROOT,2011,0.81,0.7,0.63,0.59,0.73,0.94,0.99,1.0,0.99,0.98,0.95,0.92,0.85,General Trias,14.38,120.88
GWETROOT,2012,0.8,0.71,0.65,0.63,0.71,0.95,0.99,1.0,1.0,0.96,0.83,0.7,0.83,General Trias,14.38,120.88
GWETROOT,2013,0.64,0.62,0.64,0.59,0.62,0.85,0.98,1.0,1.0,0.97,0.89,0.81,0.8,General Trias,14.38,120.88
GWETROOT,2014,0.69,0.6,0.59,0.59,0.61,0.83,0.98,0.98,0.99,0.98,0.87,0.83,0.8,General Trias,14.38,120.88
GWETROOT,2015,0.76,0.63,0.59,0.59,0.6,0.68,0.92,0.97,0.99,0.97,0.83,0.8,0.78,General Trias,14.38,120.88
GWETROOT,2016,0.76,0.65,0.6,0.59,0.63,0.8,0.96,0.99,0.99,0.99,0.94,0.92,0.82,General Trias,14.38,120.88
GWETROOT,2017,0.85,0.75,0.64,0.6,0.68,0.85,0.96,0.99,0.98,0.98,0.96,0.9,0.85,General Trias,14.38,120.88
GWETROOT,2018,0.81,0.72,0.63,0.6,0.63,0.91,1.0,0.99,0.99,0.9,0.77,0.7,0.8,General Trias,14.38,120.88
GWETROOT,2019,0.74,0.62,0.59,0.6,0.68,0.81,0.96,0.99,0.99,0.91,0.92,0.84,0.81,General Trias,14.38,120.88
GWETROOT,2020,0.72,0.67,0.69,0.7,0.75,0.9,0.97,0.99,0.96,1.0,0.99,0.98,0.86,General Trias,14.38,120.88
GWETROOT,2021,0.92,0.79,0.67,0.6,0.6,0.76,0.94,0.98,0.99,0.99,0.9,0.81,0.83,General Trias,14.38,120.88
GWETROOT,2022,0.71,0.64,0.61,0.64,0.7,0.87,0.98,1.0,0.99,0.99,0.97,0.91,0.84,General Trias,14.38,120.88
GWETROOT,2023,0.87,0.73,0.62,0.64,0.65,0.84,0.96,0.97,0.99,0.98,0.9,0.82,0.83,General Trias,14.38,120.88
GWETROOT,2024,0.71,0.61,0.59,0.59,0.62,0.81,0.96,0.98,0.99,0.98,0.94,0.85,0.8,General Trias,14.38,120.88
GWETROOT,2025,0.82,0.73,0.64,0.6,0.68,0.91,0.99,0.97,1.0,0.99,0.98,0.95,0.86,General Trias,14.38,120.88
PRECTOTCORR,1990,0.46,0.11,0.34,0.11,6.32,20.15,15.81,23.75,14.23,4.62,3.58,1.33,7.61,General Trias,14.38,120.88
PRECTOTCORR,1991,0.36,0.8,0.66,0.51,2.95,6.62,16.03,24.88,14.87,2.47,3.28,0.77,6.23,General Trias,14.38,120.88
PRECTOTCORR,1992,0.32,0.6,0.19,0.58,2.41,5.69,9.09,20.77,10.79,4.34,2.74,0.67,4.87,General Trias,14.38,120.88
PRECTOTCORR,1993,0.45,0.21,0.17,0.79,1.28,6.87,10.15,16.21,7.57,4.79,4.05,4.57,4.8,General Trias,14.38,120.88
PRECTOTCORR,1994,1.2,0.47,0.36,1.47,2.87,9.64,18.07,9.2,6.33,3.08,0.58,1.84,4.63,General Trias,14.38,120.88
PRECTOTCORR,1995,0.44,0.87,0.14,0.15,4.18,6.09,7.03,15.15,14.91,6.05,3.37,3.68,5.2,General Trias,14.38,120.88
PRECTOTCORR,1996,0.49,0.24,0.35,1.59,4.49,5.02,13.39,7.63,12.42,3.71,6.92,0.81,4.76,General Trias,14.38,120.88
PRECTOTCORR,1997,0.32,1.04,0.27,0.75,11.66,8.27,12.5,21.06,4.3,1.49,0.88,0.56,5.31,General Trias,14.38,120.88
PRECTOTCORR,1998,0.42,0.06,0.28,1.01,6.4,5.29,4.47,9.06,16.14,11.0,2.68,6.77,5.33,General Trias,14.38,120.88
PRECTOTCORR,1999,1.29,0.62,2.96,3.59,3.09,11.07,17.22,22.36,11.48,9.64,3.73,4.5,7.69,General Trias,14.38,120.88
PRECTOTCORR,2000,1.07,2.53,1.73,1.71,8.62,6.94,20.84,12.94,14.73,8.46,3.37,3.55,7.24,General Trias,14.38,120.88
PRECTOTCORR,2001,0.58,3.59,1.1,1.52,5.53,11.88,11.31,13.48,2.72,3.45,3.28,3.05,5.14,General Trias,14.38,120.88
PRECTOTCORR,2002,0.3,0.66,0.39,0.62,3.7,7.49,29.46,9.42,9.58,4.37,3.13,1.04,5.9,General Trias,14.38,120.88
PRECTOTCORR,2003,0.5,0.25,0.47,0.29,13.6,8.28,8.09,19.14,14.0,2.39,3.03,0.7,5.94,General Trias,14.38,120.88
PRECTOTCORR,2004,0.4,0.91,0.21,0.79,12.33,16.51,11.69,16.16,3.47,2.59,5.21,2.2,6.06,General Trias,14.38,120.88
PRECTOTCORR,2005,0.5,0.38,0.58,0.51,2.6,11.65,12.92,15.89,11.53,6.71,2.5,3.91,5.84,General Trias,14.38,120.88
PRECTOTCORR,2006,2.15,0.55,1.46,0.21,3.74,8.06,18.88,17.03,11.99,5.27,1.75,4.23,6.33,General Trias,14.38,120.88
PRECTOTCORR,2007,0.62,0.23,0.42,0.38,5.19,3.2,8.6,25.52,19.93,7.67,7.71,1.74,6.81,General Trias,14.38,120.88
PRECTOTCORR,2008,2.03,1.43,0.88,1.05,9.37,10.86,10.42,14.67,22.03,5.66,6.53,1.7,7.22,General Trias,14.38,120.88
PRECTOTCORR,2009,0.95,0.98,1.15,6.56,11.37,20.57,17.6,9.33,28.22,7.32,1.62,0.29,8.84,General Trias,14.38,120.88
PRECTOTCORR,2010,0.39,0.04,0.34,0.57,1.24,6.84,12.07,12.0,8.27,11.45,4.89,2.44,5.09,General Trias,14.38,120.88
PRECTOTCORR,2011,1.5,0.43,1.33,0.33,8.71,30.88,19.75,22.99,23.66,8.1,5.3,4.77,10.68,General Trias,14.38,120.88
PRECTOTCORR,2012,1.27,2.4,2.24,0.65,7.32,17.53,25.28,40.15,17.06,9.48,0.73,0.99,10.48,General Trias,14.38,120.88
PRECTOTCORR,2013,1.14,2.57,1.78,0.5,2.95,15.36,11.6,34.83,29.91,7.44,3.91,1.77,9.5,General Trias,14.38,120.88
PRECTOTCORR,2014,0.13,0.23,0.41,0.71,2.55,12.91,20.18,14.43,20.05,7.29,1.72,4.68,7.14,General Trias,14.38,120.88
PRECTOTCORR,2015,0.91,0.3,0.4,0.58,1.24,6.17,14.1,12.91,9.04,8.32,1.24,9.62,5.46,General Trias,14.38,120.88
PRECTOTCORR,2016,0.53,1.51,0.56,0.81,3.88,7.97,12.41,18.46,8.93,10.36,4.63,5.54,6.33,General Trias,14.38,120.88
PRECTOTCORR,2017,2.3,1.33,0.65,2.28,5.97,7.69,13.84,11.71,10.81,8.81,6.83,3.61,6.35,General Trias,14.38,120.88
PRECTOTCORR,2018,2.16,1.41,1.23,1.21,3.95,21.99,22.42,13.89,10.69,3.51,1.23,4.63,7.39,General Trias,14.38,120.88
PRECTOTCORR,2019,0.77,0.17,0.23,1.19,6.99,9.71,11.23,16.93,12.28,3.58,4.99,4.57,6.09,General Trias,14.38,120.88
PRECTOTCORR,2020,1.13,4.27,5.52,6.44,3.87,18.38,9.09,9.13,10.06,26.07,20.68,10.17,10.4,General Trias,14.38,120.88
PRECTOTCORR,2021,2.73,1.45,1.27,1.01,1.57,8.28,20.66,7.3,14.88,11.54,2.57,2.12,6.32,General Trias,14.38,120.88
PRECTOTCORR,2022,0.95,1.12,1.74,3.21,6.77,9.02,10.8,20.59,13.73,19.19,3.74,2.94,7.88,General Trias,14.38,120.88
PRECTOTCORR,2023,3.63,0.71,0.37,4.02,3.79,10.08,17.34,9.1,10.09,6.28,3.5,2.48,5.98,General Trias,14.38,120.88
PRECTOTCORR,2024,0.59,0.2,1.04,0.48,5.8,7.82,21.17,10.51,16.09,16.3,2.74,5.0,7.36,General Trias,14.38,120.88
PRECTOTCORR,2025,1.56,2.21,1.23,1.27,6.57,18.22,25.72,10.29,16.94,11.12,9.9,3.21,9.05,General Trias,14.38,120.88
RH2M,1990,75.13,70.66,65.84,64.51,73.34,84.32,86.0,86.92,86.15,85.1,83.74,82.31,78.72,General Trias,14.38,120.88
RH2M,1991,77.82,73.52,69.65,66.99,71.77,78.44,83.42,89.52,88.22,80.87,81.73,80.11,78.54,General Trias,14.38,120.88
RH2M,1992,75.21,70.91,66.97,64.52,69.46,76.22,83.34,87.25,87.11,84.01,82.06,80.49,77.33,General Trias,14.38,120.88
RH2M,1993,74.33,70.82,66.4,64.36,66.6,77.62,84.56,86.32,87.37,85.58,86.41,85.33,78.02,General Trias,14.38,120.88
RH2M,1994,82.66,76.92,71.69,70.43,75.81,82.5,88.34,86.18,86.0,81.6,79.63,77.95,80.0,General Trias,14.38,120.88
RH2M,1995,76.1,73.72,68.17,64.77,75.31,80.54,83.81,86.46,87.46,84.87,86.38,86.08,79.52,General Trias,14.38,120.88
RH2M,1996,82.75,76.03,72.03,75.08,78.38,80.26,84.0,85.49,85.53,84.11,86.45,81.52,80.99,General Trias,14.38,120.88
RH2M,1997,77.94,76.15,68.61,65.12,72.8,83.22,86.98,88.39,85.14,80.81,76.99,74.56,78.08,General Trias,14.38,120.88
RH2M,1998,71.75,67.7,64.91,64.9,72.92,79.76,80.3,84.22,85.98,87.13,87.18,87.28,77.9,General Trias,14.38,120.88
RH2M,1999,85.1,77.82,78.45,78.91,78.93,83.74,87.6,86.76,86.59,86.61,84.77,87.65,83.63,General Trias,14.38,120.88
RH2M,2000,82.19,82.84,80.11,74.03,78.76,83.07,87.28,86.0,85.9,86.64,87.47,87.24,83.47,General Trias,14.38,120.88
RH2M,2001,81.95,80.98,78.27,72.1,77.02,82.44,87.06,88.74,86.72,84.15,82.82,82.58,82.09,General Trias,14.38,120.88
RH2M,2002,78.35,73.66,69.98,66.24,73.38,79.8,87.44,87.05,86.41,84.12,85.35,82.97,79.61,General Trias,14.38,120.88
RH2M,2003,77.03,72.15,67.65,64.47,74.05,83.34,82.41,87.88,87.31,80.34,82.27,78.8,78.18,General Trias,14.38,120.88
RH2M,2004,76.53,73.12,67.87,65.55,78.55,88.0,84.18,89.15,81.98,78.38,81.93,81.83,78.95,General Trias,14.38,120.88
RH2M,2005,76.83,71.03,68.25,64.14,70.41,84.25,85.29,85.7,86.05,84.15,83.82,86.75,78.95,General Trias,14.38,120.88
RH2M,2006,83.37,79.55,73.84,65.68,74.04,79.6,87.63,87.54,85.37,81.91,84.6,85.47,80.75,General Trias,14.38,120.88
RH2M,2007,80.61,74.27,69.19,67.01,74.96,79.83,82.47,85.46,86.89,85.31,85.02,86.16,79.81,General Trias,14.38,120.88
RH2M,2008,83.65,80.39,75.96,72.89,82.68,81.1,85.67,85.3,86.42,84.94,87.08,83.64,82.49,General Trias,14.38,120.88
RH2M,2009,81.72,79.46,72.59,78.6,83.54,86.29,86.63,85.49,87.75,83.54,83.32,76.78,82.14,General Trias,14.38,120.88
RH2M,2010,74.47,69.2,68.41,65.88,66.92,79.07,81.97,84.84,83.63,84.95,86.79,85.41,77.68,General Trias,14.38,120.88
RH2M,2011,82.8,78.31,76.98,68.11,77.53,83.37,84.9,85.85,88.07,84.76,86.12,86.78,82.0,General Trias,14.38,120.88
RH2M,2012,82.53,81.74,78.07,72.35,77.28,85.57,85.65,87.49,86.63,82.86,82.6,80.48,81.94,General Trias,14.38,120.88
RH2M,2013,77.11,75.6,74.94,65.61,73.82,80.74,82.61,86.23,86.6,81.79,84.85,84.12,79.53,General Trias,14.38,120.88
RH2M,2014,75.25,71.06,68.48,64.22,67.52,82.18,86.98,84.32,84.66,83.17,83.69,84.52,78.05,General Trias,14.38,120.88
RH2M,2015,79.98,74.24,68.27,67.03,66.95,75.24,83.58,83.6,83.1,82.12,82.15,82.99,77.47,General Trias,14.38,120.88
RH2M,2016,80.61,76.9,70.99,66.07,71.97,80.18,81.96,87.5,86.14,85.89,84.75,86.3,79.96,General Trias,14.38,120.88
RH2M,2017,83.35,80.22,73.84,69.96,76.79,79.32,84.14,83.17,82.46,82.8,86.77,84.94,80.66,General Trias,14.38,120.88
RH2M,2018,83.86,78.21,72.28,68.96,71.53,83.93,88.13,86.69,85.49,79.04,79.82,80.67,79.9,General Trias,14.38,120.88
RH2M,2019,79.13,72.18,65.13,64.94,75.51,80.94,84.12,87.15,85.26,80.4,83.92,83.49,78.56,General Trias,14.38,120.88
RH2M,2020,78.6,77.66,77.03,77.81,77.59,79.64,80.99,83.86,82.46,85.89,86.65,87.07,81.29,General Trias,14.38,120.88
RH2M,2021,84.71,81.12,77.09,68.29,71.48,81.89,85.37,83.69,84.09,85.73,85.12,82.34,80.92,General Trias,14.38,120.88
RH2M,2022,78.67,77.6,74.57,75.99,75.43,79.26,83.6,84.72,85.79,85.72,86.63,84.94,81.1,General Trias,14.38,120.88
RH2M,2023,84.5,79.48,70.66,71.58,76.21,82.27,82.36,85.83,83.72,83.6,84.11,83.58,80.67,General Trias,14.38,120.88
RH2M,2024,78.46,72.99,70.33,64.46,69.99,79.13,83.46,82.94,86.17,82.98,82.48,85.35,78.26,General Trias,14.38,120.88
RH2M,2025,82.75,80.18,75.3,66.37,74.12,83.76,87.09,82.93,85.95,84.66,86.38,84.54,81.18,General Trias,14.38,120.88
T2M_MAX,1990,31.46,32.4,33.89,35.47,35.21,31.14,30.08,29.94,29.92,30.22,30.0,30.11,35.47,General Trias,14.38,120.88
T2M_MAX,1991,30.06,31.5,32.91,35.34,34.28,33.65,31.66,29.81,29.42,30.1,29.79,29.78,35.34,General Trias,14.38,120.88
T2M_MAX,1992,30.86,32.06,33.58,34.98,34.87,33.63,32.31,29.34,30.33,30.51,29.66,29.54,34.98,General Trias,14.38,120.88
T2M_MAX,1993,31.15,32.91,34.43,35.45,35.42,33.52,31.44,30.1,30.77,29.73,29.66,29.42,35.45,General Trias,14.38,120.88
T2M_MAX,1994,29.41,30.78,32.56,35.92,33.31,32.18,29.66,30.32,29.18,30.31,30.86,30.84,35.92,General Trias,14.38,120.88
T2M_MAX,1995,30.54,32.02,34.64,34.85,34.57,33.19,31.18,30.25,29.65,30.41,30.23,28.38,34.85,General Trias,14.38,120.88
T2M_MAX,1996,29.59,31.55,33.84,32.89,33.55,33.01,30.8,30.15,30.7,30.81,30.15,29.07,33.84,General Trias,14.38,120.88
T2M_MAX,1997,29.48,31.07,32.98,34.56,35.04,31.12,29.55,28.69,30.66,31.15,31.79,31.27,35.04,General Trias,14.38,120.88
T2M_MAX,1998,32.04,33.48,34.19,35.09,35.0,33.45,31.7,31.12,30.29,30.73,30.21,29.44,35.09,General Trias,14.38,120.88
T2M_MAX,1999,29.88,30.77,32.56,32.78,32.14,31.26,29.07,29.53,29.49,30.13,30.1,29.29,32.78,General Trias,14.38,120.88
T2M_MAX,2000,29.46,30.76,31.58,34.92,35.13,31.16,28.79,29.79,30.27,30.44,29.74,29.71,35.13,General Trias,14.38,120.88
T2M_MAX,2001,30.33,30.43,32.7,34.64,34.75,31.67,28.81,29.51,29.74,30.89,30.64,30.02,34.75,General Trias,14.38,120.88
T2M_MAX,2002,30.59,31.22,33.67,34.49,35.1,32.62,30.61,30.14,29.5,30.5,30.51,30.21,35.1,General Trias,14.38,120.88
T2M_MAX,2003,30.39,31.34,34.15,35.56,36.45,30.64,32.14,30.11,29.51,30.73,30.66,30.16,36.45,General Trias,14.38,120.88
T2M_MAX,2004,31.6,32.14,34.68,35.59,34.98,29.13,30.56,28.62,31.29,30.8,31.54,29.55,35.59,General Trias,14.38,120.88
T2M_MAX,2005,30.99,32.55,35.39,35.53,35.51,31.65,30.65,30.67,30.76,30.79,30.71,29.46,35.53,General Trias,14.38,120.88
T2M_MAX,2006,29.46,30.69,34.0,35.43,35.82,32.87,28.92,30.46,30.29,30.3,30.3,29.91,35.82,General Trias,14.38,120.88
T2M_MAX,2007,30.32,32.85,34.05,34.93,34.77,32.64,31.5,30.26,30.32,30.19,30.4,29.38,34.93,General Trias,14.38,120.88
T2M_MAX,2008,29.72,30.1,32.62,34.87,31.52,31.55,30.3,30.8,30.68,30.43,30.27,29.28,34.87,General Trias,14.38,120.88
T2M_MAX,2009,29.87,31.35,32.79,33.13,31.32,31.08,30.07,31.06,30.85,29.78,30.17,30.58,33.13,General Trias,14.38,120.88
T2M_MAX,2010,31.1,33.05,33.84,35.2,36.78,33.22,30.86,30.05,30.44,30.74,29.8,30.02,36.78,General Trias,14.38,120.88
T2M_MAX,2011,28.57,30.66,32.43,33.4,34.43,31.58,30.71,30.81,28.81,30.56,29.91,29.66,34.43,General Trias,14.38,120.88
T2M_MAX,2012,29.9,30.78,31.87,33.65,33.45,30.07,30.14,29.69,30.01,30.18,30.52,31.26,33.65,General Trias,14.38,120.88
T2M_MAX,2013,30.65,32.72,33.1,35.43,34.78,33.11,30.49,29.93,30.04,30.13,30.04,29.64,35.43,General Trias,14.38,120.88
T2M_MAX,2014,29.66,31.89,33.85,35.41,35.99,33.96,31.01,30.88,30.99,30.21,30.67,29.77,35.99,General Trias,14.38,120.88
T2M_MAX,2015,29.78,31.71,33.91,34.62,35.18,34.78,30.82,30.83,31.18,31.33,31.01,31.73,35.18,General Trias,14.38,120.88
T2M_MAX,2016,31.01,31.34,33.31,35.67,36.01,31.62,31.06,30.54,29.99,30.41,30.28,29.62,36.01,General Trias,14.38,120.88
T2M_MAX,2017,29.18,30.62,33.57,35.09,34.16,31.97,31.5,31.78,31.94,30.72,30.25,30.24,35.09,General Trias,14.38,120.88
T2M_MAX,2018,29.97,31.54,32.99,35.32,34.8,33.09,28.68,29.4,30.27,31.54,31.2,31.6,35.32,General Trias,14.38,120.88
T2M_MAX,2019,29.78,31.3,34.63,35.67,34.08,33.26,30.24,29.28,31.17,31.22,30.28,29.97,35.67,General Trias,14.38,120.88
T2M_MAX,2020,30.77,30.89,31.7,32.16,32.84,33.12,31.34,30.85,31.71,31.0,29.96,29.58,33.12,General Trias,14.38,120.88
T2M_MAX,2021,29.63,30.61,33.25,34.23,35.21,32.19,31.52,30.77,30.58,30.5,30.58,30.02,35.21,General Trias,14.38,120.88
T2M_MAX,2022,30.79,32.0,33.7,33.55,34.35,31.23,30.85,30.49,31.15,30.48,30.28,29.97,34.35,General Trias,14.38,120.88
T2M_MAX,2023,29.14,30.83,34.18,34.09,34.27,32.09,32.25,29.8,31.4,31.27,30.97,30.69,34.27,General Trias,14.38,120.88
T2M_MAX,2024,30.83,32.38,33.74,37.57,36.77,33.33,31.4,32.31,31.39,31.17,30.81,30.73,37.57,General Trias,14.38,120.88
T2M_MAX,2025,30.89,30.58,33.34,36.41,34.8,31.22,29.26,31.19,30.3,30.99,30.32,30.16,36.41,General Trias,14.38,120.88
T2M_MIN,1990,21.23,22.51,22.61,24.73,25.83,25.55,25.03,25.47,24.95,24.3,21.85,21.83,21.23,General Trias,14.38,120.88
T2M_MIN,1991,21.86,22.62,22.59,24.3,25.67,25.56,25.54,25.47,24.81,23.91,22.03,21.51,21.51,General Trias,14.38,120.88
T2M_MIN,1992,21.62,21.45,23.0,24.78,25.62,26.37,25.31,25.34,24.93,24.38,20.67,21.81,20.67,General Trias,14.38,120.88
T2M_MIN,1993,20.25,21.25,22.55,24.13,25.31,25.64,25.53,24.99,24.57,23.43,23.67,21.47,20.25,General Trias,14.38,120.88
T2M_MIN,1994,21.07,22.17,22.9,23.75,26.66,25.4,25.04,24.97,24.52,23.32,22.83,22.05,21.07,General Trias,14.38,120.88
T2M_MIN,1995,21.06,21.11,21.95,24.79,25.25,26.02,25.25,25.48,25.1,24.6,24.08,20.85,20.85,General Trias,14.38,120.88
T2M_MIN,1996,20.85,20.56,22.98,24.3,25.74,25.5,25.99,25.03,24.98,25.05,24.04,20.23,20.23,General Trias,14.38,120.88
T2M_MIN,1997,20.79,21.23,21.29,24.27,25.08,25.83,24.98,25.22,24.98,24.08,23.03,22.06,20.79,General Trias,14.38,120.88
T2M_MIN,1998,21.69,22.29,23.07,24.12,26.29,25.67,25.69,25.87,25.73,25.4,24.96,24.12,21.69,General Trias,14.38,120.88
T2M_MIN,1999,22.79,20.82,22.28,24.29,25.47,25.22,25.26,24.76,24.94,24.65,23.13,20.84,20.82,General Trias,14.38,120.88
T2M_MIN,2000,20.6,22.31,23.22,24.82,25.71,25.42,24.57,24.79,24.86,24.73,23.5,23.2,20.6,General Trias,14.38,120.88
T2M_MIN,2001,21.38,22.05,23.38,25.28,26.12,25.65,25.13,25.47,24.47,24.56,21.06,20.7,20.7,General Trias,14.38,120.88
T2M_MIN,2002,20.28,21.31,21.29,24.1,25.5,26.21,25.52,24.93,25.04,24.96,23.32,23.32,20.28,General Trias,14.38,120.88
T2M_MIN,2003,21.12,21.66,22.24,25.41,26.05,25.17,25.73,25.14,24.81,23.68,23.4,21.49,21.12,General Trias,14.38,120.88
T2M_MIN,2004,21.93,21.08,23.4,25.81,25.75,24.8,25.23,25.14,24.96,23.48,23.47,22.07,21.08,General Trias,14.38,120.88
T2M_MIN,2005,21.02,22.43,21.86,23.33,26.35,25.99,25.55,25.4,25.32,25.21,23.55,21.84,21.02,General Trias,14.38,120.88
T2M_MIN,2006,21.73,22.0,23.59,25.12,25.89,25.9,25.22,25.06,25.2,23.9,24.12,23.3,21.73,General Trias,14.38,120.88
T2M_MIN,2007,20.64,20.68,22.98,24.52,25.7,26.42,25.97,24.87,25.01,24.3,21.51,21.45,20.64,General Trias,14.38,120.88
T2M_MIN,2008,21.72,22.01,21.85,25.01,25.42,24.63,25.0,24.47,25.18,25.23,23.73,21.51,21.51,General Trias,14.38,120.88
T2M_MIN,2009,19.75,21.92,23.57,24.6,24.54,25.64,25.24,25.93,25.39,22.49,23.69,21.96,19.75,General Trias,14.38,120.88
T2M_MIN,2010,21.71,22.62,22.9,24.65,25.49,26.33,25.11,25.0,24.94,24.62,24.4,23.04,21.71,General Trias,14.38,120.88
T2M_MIN,2011,21.36,21.24,22.39,23.21,25.39,25.73,25.45,25.33,24.86,24.55,24.19,22.95,21.24,General Trias,14.38,120.88
T2M_MIN,2012,22.53,22.29,22.85,24.66,26.14,25.64,25.61,24.94,25.09,23.76,23.5,23.15,22.29,General Trias,14.38,120.88
T2M_MIN,2013,21.35,22.84,22.53,25.17,26.66,25.51,25.02,25.31,25.56,23.49,23.81,22.99,21.35,General Trias,14.38,120.88
T2M_MIN,2014,19.51,22.17,22.7,25.1,26.38,26.26,25.27,25.08,25.29,24.15,22.7,22.28,19.51,General Trias,14.38,120.88
T2M_MIN,2015,21.22,20.91,22.38,24.45,26.66,26.62,24.97,25.3,25.64,24.82,23.88,22.38,20.91,General Trias,14.38,120.88
T2M_MIN,2016,22.05,21.54,23.42,25.05,26.87,26.45,25.81,25.92,25.05,24.91,23.63,23.1,21.54,General Trias,14.38,120.88
T2M_MIN,2017,21.98,20.09,22.5,23.52,26.16,25.22,26.11,24.86,25.94,25.38,24.11,22.7,20.09,General Trias,14.38,120.88
T2M_MIN,2018,21.83,22.05,22.4,24.42,26.45,25.58,25.1,25.74,25.38,22.62,23.71,23.33,21.83,General Trias,14.38,120.88
T2M_MIN,2019,20.4,21.67,22.97,25.08,26.61,26.42,25.87,25.07,25.25,24.88,22.78,22.81,20.4,General Trias,14.38,120.88
T2M_MIN,2020,21.91,20.72,23.09,24.38,25.71,26.15,26.08,25.46,25.33,25.35,23.35,23.07,20.72,General Trias,14.38,120.88
T2M_MIN,2021,21.17,20.79,23.44,24.35,26.2,25.93,25.81,25.64,25.63,24.52,24.07,22.15,20.79,General Trias,14.38,120.88
T2M_MIN,2022,21.54,23.44,23.71,24.59,26.33,26.06,26.13,25.58,25.68,25.26,24.19,21.73,21.54,General Trias,14.38,120.88
T2M_MIN,2023,21.66,21.9,21.68,24.55,26.02,26.66,26.54,26.5,26.14,25.48,24.11,23.87,21.66,General Trias,14.38,120.88
T2M_MIN,2024,21.89,22.88,23.7,25.55,27.02,26.97,26.24,26.29,25.83,25.52,24.79,24.26,21.89,General Trias,14.38,120.88
T2M_MIN,2025,22.81,22.89,22.98,25.54,26.44,26.13,25.92,25.63,25.16,25.1,24.8,22.86,22.81,General Trias,14.38,120.88
TS,1990,27.67,28.91,30.3,32.26,31.08,28.58,27.78,27.65,27.39,27.58,27.35,26.68,28.6,General Trias,14.38,120.88
TS,1991,26.86,28.61,29.31,31.77,31.07,29.49,28.15,27.22,27.24,27.78,26.91,26.51,28.4,General Trias,14.38,120.88
TS,1992,27.32,28.47,30.59,32.31,31.51,30.22,28.43,27.74,27.33,27.78,26.55,26.63,28.74,General Trias,14.38,120.88
TS,1993,26.87,28.3,29.74,31.81,31.81,30.04,28.39,27.57,27.44,27.13,27.07,26.05,28.51,General Trias,14.38,120.88
TS,1994,26.31,27.64,29.54,30.94,30.78,29.05,27.23,27.55,27.73,27.71,27.16,26.99,28.22,General Trias,14.38,120.88
TS,1995,27.11,28.05,29.87,31.96,30.33,29.63,28.53,27.98,27.82,28.01,27.43,25.89,28.55,General Trias,14.38,120.88
TS,1996,26.08,26.85,29.41,29.92,29.8,29.32,28.84,27.83,28.13,28.27,27.38,26.09,28.16,General Trias,14.38,120.88
TS,1997,26.09,27.5,29.56,32.1,30.83,28.61,27.81,27.21,27.69,28.53,28.67,28.18,28.57,General Trias,14.38,120.88
TS,1998,28.32,30.24,30.52,31.8,31.63,29.78,29.41,28.75,28.35,28.05,27.74,27.16,29.3,General Trias,14.38,120.88
TS,1999,26.78,26.73,28.83,29.33,29.62,28.42,27.47,27.18,27.49,27.53,27.11,26.32,27.74,General Trias,14.38,120.88
TS,2000,26.41,26.98,28.23,30.51,30.01,28.67,27.4,28.02,27.57,27.75,27.01,26.65,27.93,General Trias,14.38,120.88
TS,2001,27.1,27.34,28.62,31.31,30.63,29.1,27.66,27.8,27.65,28.19,27.28,26.56,28.27,General Trias,14.38,120.88
TS,2002,26.61,27.63,29.7,31.62,31.17,29.78,27.74,27.56,27.82,28.19,27.41,27.48,28.56,General Trias,14.38,120.88
TS,2003,26.74,28.09,30.04,32.77,31.59,28.26,28.77,27.55,27.58,28.22,28.02,26.34,28.66,General Trias,14.38,120.88
TS,2004,27.64,28.38,30.82,32.59,29.86,27.64,28.03,27.32,28.36,28.17,27.8,26.66,28.6,General Trias,14.38,120.88
TS,2005,26.65,28.84,29.93,31.9,32.16,28.94,28.54,28.05,28.04,28.25,27.74,26.5,28.79,General Trias,14.38,120.88
TS,2006,26.77,27.32,29.4,32.09,30.76,29.66,27.82,27.55,28.11,28.13,27.64,26.89,28.51,General Trias,14.38,120.88
TS,2007,26.88,28.04,30.17,32.09,30.9,29.96,29.11,28.13,27.96,27.75,27.12,26.47,28.71,General Trias,14.38,120.88
TS,2008,26.44,26.95,28.85,30.86,28.83,28.92,27.74,27.61,27.76,28.08,27.28,26.42,27.98,General Trias,14.38,120.88
TS,2009,25.97,27.48,30.19,29.46,28.52,27.91,27.98,28.32,27.77,27.34,27.69,27.02,27.97,General Trias,14.38,120.88
TS,2010,27.87,29.65,30.7,32.31,33.06,30.16,28.91,28.17,28.33,28.09,27.32,26.76,29.27,General Trias,14.38,120.88
TS,2011,26.12,27.16,28.07,30.52,29.9,28.39,27.99,27.75,27.49,27.68,27.31,26.69,27.92,General Trias,14.38,120.88
TS,2012,26.98,27.33,28.37,30.73,30.21,28.17,27.94,27.29,27.83,27.68,27.85,28.02,28.2,General Trias,14.38,120.88
TS,2013,27.17,28.37,29.25,32.78,31.09,29.43,28.42,27.73,27.81,27.76,27.37,27.25,28.7,General Trias,14.38,120.88
TS,2014,26.05,28.68,30.04,32.49,32.48,29.52,27.89,27.95,28.1,28.02,27.72,26.62,28.79,General Trias,14.38,120.88
TS,2015,26.03,27.21,29.61,31.67,32.65,31.0,28.31,28.51,28.78,28.33,28.12,27.4,28.97,General Trias,14.38,120.88
TS,2016,27.38,27.53,30.52,32.71,31.83,29.87,29.01,28.03,28.17,27.95,27.58,27.16,28.98,General Trias,14.38,120.88
TS,2017,26.43,26.64,28.97,31.36,30.52,29.93,28.63,28.74,28.78,28.48,27.73,27.06,28.61,General Trias,14.38,120.88
TS,2018,26.74,27.76,29.25,31.52,31.48,28.89,27.84,27.73,28.04,28.77,28.26,27.74,28.67,General Trias,14.38,120.88
TS,2019,26.5,27.92,31.09,32.32,30.92,30.14,28.56,27.91,27.96,28.64,27.8,27.1,28.91,General Trias,14.38,120.88
TS,2020,27.28,26.82,29.27,29.86,30.78,30.0,29.32,28.48,28.93,28.37,27.5,27.09,28.65,General Trias,14.38,120.88
TS,2021,26.35,27.15,29.06,31.46,31.9,29.46,28.7,28.54,28.51,28.13,28.19,26.88,28.7,General Trias,14.38,120.88
TS,2022,27.13,28.28,30.06,29.84,30.81,29.67,29.13,28.26,28.17,28.29,27.78,27.01,28.7,General Trias,14.38,120.88
TS,2023,26.18,27.25,29.39,30.78,30.98,29.63,29.09,28.63,28.86,28.7,28.26,27.94,28.81,General Trias,14.38,120.88
TS,2024,27.4,28.65,30.1,32.92,32.61,30.51,29.06,29.2,28.56,28.6,28.36,27.62,29.46,General Trias,14.38,120.88
TS,2025,27.15,27.69,29.34,32.73,31.03,29.09,28.26,28.52,27.97,28.19,27.84,27.27,28.76,General Trias,14.38,120.88
WS2M,1990,4.49,4.56,3.98,3.8,3.28,3.9,3.51,5.33,3.54,3.16,3.97,5.01,4.04,General Trias,14.38,120.88
WS2M,1991,4.7,4.42,4.67,3.71,3.54,4.34,3.88,4.59,4.47,3.44,4.17,5.37,4.27,General Trias,14.38,120.88
WS2M,1992,3.94,4.3,4.1,3.27,3.26,3.22,3.29,5.06,3.93,3.55,4.64,5.18,3.98,General Trias,14.38,120.88
WS2M,1993,4.71,4.46,4.55,3.41,3.2,2.72,3.36,3.98,3.2,4.31,4.53,5.74,4.02,General Trias,14.38,120.88
WS2M,1994,4.25,4.37,5.13,3.51,2.59,3.01,5.49,3.7,3.18,3.57,5.03,5.33,4.1,General Trias,14.38,120.88
WS2M,1995,5.18,4.52,4.5,4.43,3.11,3.05,3.28,3.16,3.69,3.37,4.15,5.7,4.01,General Trias,14.38,120.88
WS2M,1996,5.1,5.62,5.06,3.88,3.31,2.88,4.23,3.22,3.37,2.87,4.87,5.45,4.15,General Trias,14.38,120.88
WS2M,1997,4.4,5.26,4.03,3.17,4.22,3.15,2.97,5.13,2.64,3.3,4.04,4.65,3.91,General Trias,14.38,120.88
WS2M,1998,4.69,3.62,4.59,4.03,4.06,2.54,2.09,2.59,3.87,4.15,3.45,4.84,3.71,General Trias,14.38,120.88
WS2M,1999,5.13,5.41,4.01,3.13,2.39,3.22,4.39,4.05,3.56,3.41,4.24,5.05,3.99,General Trias,14.38,120.88
WS2M,2000,4.86,4.71,4.2,3.12,3.5,2.8,4.68,3.73,4.29,3.85,4.28,4.68,4.06,General Trias,14.38,120.88
WS2M,2001,4.36,4.9,4.32,3.14,3.06,2.99,4.24,4.81,3.7,3.29,5.05,5.8,4.14,General Trias,14.38,120.88
WS2M,2002,4.71,4.79,4.57,4.09,3.38,2.68,5.49,3.66,3.15,2.76,4.14,4.1,3.96,General Trias,14.38,120.88
WS2M,2003,4.96,5.02,4.11,3.38,4.24,3.35,2.99,3.89,3.43,2.95,4.0,5.71,4.0,General Trias,14.38,120.88
WS2M,2004,4.28,4.25,3.73,3.11,3.97,4.61,2.72,5.09,2.69,3.06,4.82,4.65,3.91,General Trias,14.38,120.88
WS2M,2005,3.88,3.76,4.22,3.16,2.22,2.91,3.37,3.89,3.28,2.96,3.39,5.22,3.52,General Trias,14.38,120.88
WS2M,2006,3.94,4.91,3.67,3.42,3.41,2.84,4.51,4.1,2.74,3.05,3.28,5.13,3.75,General Trias,14.38,120.88
WS2M,2007,4.87,4.16,4.1,3.68,2.88,2.34,2.86,4.13,3.53,3.83,4.4,4.59,3.78,General Trias,14.38,120.88
WS2M,2008,4.83,5.15,3.86,4.11,3.22,2.93,3.27,3.36,3.67,2.88,3.8,4.92,3.83,General Trias,14.38,120.88
WS2M,2009,5.22,4.19,3.66,3.19,3.06,4.17,3.56,4.13,4.36,3.92,3.61,4.07,3.93,General Trias,14.38,120.88
WS2M,2010,4.65,3.58,4.37,3.43,2.63,2.33,2.31,3.45,2.48,3.48,3.22,3.91,3.32,General Trias,14.38,120.88
WS2M,2011,4.88,4.1,5.19,3.88,2.94,3.3,3.75,3.87,4.01,3.22,3.88,4.13,3.93,General Trias,14.38,120.88
WS2M,2012,4.03,4.17,4.46,3.1,2.2,4.47,3.59,4.99,2.76,3.41,3.51,4.2,3.74,General Trias,14.38,120.88
WS2M,2013,4.68,4.89,3.4,2.73,2.46,3.01,2.51,4.03,3.7,3.12,4.17,3.4,3.5,General Trias,14.38,120.88
WS2M,2014,4.68,3.39,3.99,2.65,2.35,3.39,4.12,3.25,3.43,2.7,3.66,5.13,3.57,General Trias,14.38,120.88
WS2M,2015,4.47,3.99,4.03,3.55,2.66,2.75,4.17,3.42,2.56,3.72,4.04,4.46,3.65,General Trias,14.38,120.88
WS2M,2016,3.91,4.25,3.32,3.29,2.76,2.49,2.87,4.67,3.16,3.34,3.98,4.37,3.53,General Trias,14.38,120.88
WS2M,2017,4.85,4.45,3.82,3.39,2.61,2.26,3.45,3.18,2.58,2.92,4.14,4.64,3.52,General Trias,14.38,120.88
WS2M,2018,4.51,3.7,3.85,3.53,2.85,3.91,4.33,5.19,3.14,2.99,4.15,4.57,3.9,General Trias,14.38,120.88
WS2M,2019,4.72,4.2,3.38,3.15,2.5,3.23,3.49,5.35,4.02,2.93,3.27,4.38,3.72,General Trias,14.38,120.88
WS2M,2020,4.19,5.13,3.61,3.52,2.49,2.53,2.31,3.06,2.36,3.33,4.22,3.68,3.36,General Trias,14.38,120.88
WS2M,2021,4.73,3.99,3.94,3.51,3.54,3.08,4.54,3.27,2.7,3.65,3.6,5.08,3.81,General Trias,14.38,120.88
WS2M,2022,4.24,4.61,3.79,3.88,2.75,2.21,2.49,3.09,3.59,3.56,3.57,4.15,3.49,General Trias,14.38,120.88
WS2M,2023,4.83,4.5,3.94,2.89,3.18,2.97,3.87,4.77,2.8,2.91,3.98,4.18,3.74,General Trias,14.38,120.88
WS2M,2024,4.74,4.74,4.16,3.61,3.17,2.34,3.47,2.87,4.03,3.47,3.29,4.41,3.69,General Trias,14.38,120.88
WS2M,2025,4.26,4.56,4.21,2.97,3.11,3.04,5.4,2.68,3.34,2.73,4.0,3.8,3.67,General Trias,14.38,120.88
ALLSKY_SFC_SW_DWN,1990,18.17,21.72,22.51,24.96,21.21,17.22,18.27,16.04,17.99,18.14,16.46,16.23,19.05,Trece Martires City,14.28,120.86
ALLSKY_SFC_SW_DWN,1991,17.38,19.5,23.2,23.67,23.1,19.18,16.68,12.57,15.47,17.59,16.71,17.17,18.51,Trece Martires City,14.28,120.86
ALLSKY_SFC_SW_DWN,1992,17.47,20.64,23.46,23.65,21.92,20.46,17.94,13.29,15.93,17.84,17.48,16.78,18.89,Trece Martires City,14.28,120.86
ALLSKY_SFC_SW_DWN,1993,18.42,21.06,22.47,24.08,24.36,20.87,18.04,16.24,15.75,16.89,16.46,14.12,19.04,Trece Martires City,14.28,120.86
ALLSKY_SFC_SW_DWN,1994,17.31,20.13,21.72,23.41,21.92,19.63,12.53,18.8,16.86,19.07,19.06,16.68,18.91,Trece Martires City,14.28,120.86
ALLSKY_SFC_SW_DWN,1995,17.24,20.14,22.69,25.05,21.19,21.11,17.95,16.67,14.69,16.83,15.28,13.83,18.54,Trece Martires City,14.28,120.86
ALLSKY_SFC_SW_DWN,1996,15.56,19.01,21.36,21.13,19.89,20.44,15.7,18.79,16.1,17.37,14.37,15.87,17.96,Trece Martires City,14.28,120.86
ALLSKY_SFC_SW_DWN,1997,16.76,18.1,21.75,22.86,20.25,20.3,17.16,15.27,17.7,18.96,17.98,16.66,18.64,Trece Martires City,14.28,120.86
ALLSKY_SFC_SW_DWN,1998,16.77,20.22,22.1,23.65,19.57,20.71,19.95,19.22,15.18,14.6,16.26,13.64,18.47,Trece Martires City,14.28,120.86
ALLSKY_SFC_SW_DWN,1999,14.94,18.27,19.68,20.95,20.95,17.62,15.91,16.01,16.34,16.77,15.21,13.79,17.19,Trece Martires City,14.28,120.86
ALLSKY_SFC_SW_DWN,2000,16.35,16.51,19.4,22.38,17.88,19.72,13.99,17.06,16.84,15.56,14.73,14.19,17.04,Trece Martires City,14.28,120.86
ALLSKY_SFC_SW_DWN,2001,16.61,16.75,20.93,23.06,19.93,18.82,17.16,14.25,17.83,17.58,17.12,15.09,17.92,Trece Martires City,14.28,120.86
ALLSKY_SFC_SW_DWN,2002,17.65,19.49,22.84,24.71,21.94,20.53,12.71,17.32,16.54,18.36,15.72,16.38,18.67,Trece Martires City,14.28,120.86
ALLSKY_SFC_SW_DWN,2003,17.38,20.41,22.8,24.58,19.22,18.83,19.37,16.39,16.2,18.82,16.83,15.54,18.85,Trece Martires City,14.28,120.86
ALLSKY_SFC_SW_DWN,2004,17.49,18.76,22.85,24.28,20.54,14.73,20.08,15.69,20.23,18.54,15.33,16.05,18.72,Trece Martires City,14.28,120.86
ALLSKY_SFC_SW_DWN,2005,17.14,20.31,21.61,24.0,23.43,18.56,17.22,14.85,15.88,16.95,15.62,12.81,18.18,Trece Martires City,14.28,120.86
ALLSKY_SFC_SW_DWN,2006,15.53,18.66,21.98,24.6,20.56,20.85,12.31,14.35,18.09,17.1,17.24,14.39,17.94,Trece Martires City,14.28,120.86
ALLSKY_SFC_SW_DWN,2007,16.2,20.45,22.37,23.91,21.06,19.64,19.22,13.51,15.98,15.57,13.82,15.5,18.08,Trece Martires City,14.28,120.86
ALLSKY_SFC_SW_DWN,2008,15.49,16.25,21.94,22.61,18.64,20.51,17.34,16.01,16.85,17.15,14.87,14.47,17.67,Trece Martires City,14.28,120.86
ALLSKY_SFC_SW_DWN,2009,14.97,18.02,21.28,20.3,20.24,16.46,16.79,17.59,13.23,14.94,17.59,17.24,17.39,Trece Martires City,14.28,120.86
ALLSKY_SFC_SW_DWN,2010,17.29,22.02,22.61,24.49,24.41,18.96,18.92,17.62,19.22,15.55,15.31,14.54,19.22,Trece Martires City,14.28,120.86
ALLSKY_SFC_SW_DWN,2011,15.04,18.76,19.32,23.29,20.69,16.77,15.28,14.52,15.11,17.38,15.71,13.76,17.12,Trece Martires City,14.28,120.86
ALLSKY_SFC_SW_DWN,2012,16.27,18.66,18.76,24.62,20.63,16.81,15.51,13.33,16.23,16.53,18.29,15.5,17.57,Trece Martires City,14.28,120.86
ALLSKY_SFC_SW_DWN,2013,15.91,18.42,21.98,24.24,21.14,19.1,18.05,13.75,13.95,17.14,15.75,15.38,17.89,Trece Martires City,14.28,120.86
ALLSKY_SFC_SW_DWN,2014,17.17,20.26,21.73,23.91,24.27,17.6,14.99,17.92,16.71,17.75,17.13,13.29,18.54,Trece Martires City,14.28,120.86
ALLSKY_SFC_SW_DWN,2015,16.24,20.15,22.29,24.78,23.71,22.45,16.5,18.49,20.68,17.69,18.61,15.53,19.74,Trece Martires City,14.28,120.86
ALLSKY_SFC_SW_DWN,2016,18.22,18.92,23.14,25.13,22.41,19.94,18.91,14.1,16.8,16.12,15.82,14.52,18.66,Trece Martires City,14.28,120.86
ALLSKY_SFC_SW_DWN,2017,15.21,19.0,22.49,24.15,21.8,21.44,15.93,18.75,17.91,15.8,15.83,14.31,18.53,Trece Martires City,14.28,120.86
ALLSKY_SFC_SW_DWN,2018,15.37,20.27,22.62,24.53,23.64,15.56,12.8,14.11,18.68,20.34,18.21,14.05,18.32,Trece Martires City,14.28,120.86
ALLSKY_SFC_SW_DWN,2019,17.4,21.52,24.25,24.96,21.36,20.74,17.3,13.76,15.88,20.42,15.29,15.76,19.03,Trece Martires City,14.28,120.86
ALLSKY_SFC_SW_DWN,2020,17.35,19.87,24.03,23.88,23.06,21.32,20.27,16.84,20.28,14.9,15.35,14.37,19.28,Trece Martires City,14.28,120.86
ALLSKY_SFC_SW_DWN,2021,15.11,18.97,21.71,23.23,23.86,19.15,14.79,18.43,17.9,15.78,17.23,15.61,18.47,Trece Martires City,14.28,120.86
ALLSKY_SFC_SW_DWN,2022,17.8,18.11,22.98,21.41,22.26,21.09,17.8,16.01,16.05,16.83,16.85,14.3,18.46,Trece Martires City,14.28,120.86
ALLSKY_SFC_SW_DWN,2023,15.11,18.84,23.78,22.27,21.85,19.16,16.42,17.57,16.95,16.61,17.18,15.74,18.45,Trece Martires City,14.28,120.86
ALLSKY_SFC_SW_DWN,2024,17.12,21.06,22.14,25.92,22.92,20.66,15.12,19.55,14.06,15.79,17.45,13.07,18.72,Trece Martires City,14.28,120.86
ALLSKY_SFC_SW_DWN,2025,15.93,17.29,21.27,24.49,22.13,17.21,12.27,17.88,14.37,16.12,14.45,15.18,17.38,Trece Martires City,14.28,120.86
EVLAND,1990,1.12,0.28,0.35,0.12,1.78,3.64,3.79,4.49,3.57,3.42,3.63,3.15,2.46,Trece Martires City,14.28,120.86
EVLAND,1991,2.19,0.93,0.93,0.49,2.32,2.84,3.25,3.16,3.56,4.34,3.58,2.93,2.56,Trece Martires City,14.28,120.86
EVLAND,1992,1.68,0.78,0.23,0.56,1.22,2.7,3.05,3.44,3.44,3.58,3.95,2.83,2.29,Trece Martires City,14.28,120.86
EVLAND,1993,1.49,0.53,0.19,0.59,1.32,2.21,3.26,3.52,3.08,3.82,3.08,3.41,2.22,Trece Martires City,14.28,120.86
EVLAND,1994,3.05,2.52,0.77,1.34,2.0,2.81,3.68,3.9,3.35,4.17,3.36,2.17,2.76,Trece Martires City,14.28,120.86
EVLAND,1995,1.42,0.99,0.26,0.14,1.34,3.43,2.77,3.12,3.17,3.72,3.31,2.84,2.22,Trece Martires City,14.28,120.86
EVLAND,1996,2.93,2.24,0.57,1.4,1.8,2.77,2.73,3.39,3.56,3.06,3.48,3.76,2.64,Trece Martires City,14.28,120.86
EVLAND,1997,2.65,1.68,0.56,0.71,1.7,3.85,3.13,3.63,3.2,4.01,3.16,1.65,2.5,Trece Martires City,14.28,120.86
EVLAND,1998,0.42,0.29,0.22,0.91,1.57,3.2,3.2,3.18,3.34,3.21,2.67,2.99,2.11,Trece Martires City,14.28,120.86
EVLAND,1999,3.59,3.3,2.72,2.92,2.29,3.22,3.19,3.84,3.44,3.2,3.54,2.77,3.17,Trece Martires City,14.28,120.86
EVLAND,2000,3.41,2.94,2.57,2.32,2.26,3.08,3.66,3.5,3.85,3.23,3.34,2.82,3.08,Trece Martires City,14.28,120.86
EVLAND,2001,3.34,3.07,2.58,2.22,2.52,2.93,4.1,3.49,3.17,3.19,3.67,3.23,3.13,Trece Martires City,14.28,120.86
EVLAND,2002,2.43,1.12,0.47,0.59,1.31,3.55,3.94,3.63,3.26,3.29,3.16,3.11,2.5,Trece Martires City,14.28,120.86
EVLAND,2003,2.46,0.72,0.51,0.25,1.93,4.35,3.77,3.61,3.29,4.27,3.52,2.68,2.63,Trece Martires City,14.28,120.86
EVLAND,2004,1.55,0.86,0.43,0.77,2.87,3.48,3.44,3.6,3.97,3.99,2.98,3.29,2.61,Trece Martires City,14.28,120.86
EVLAND,2005,2.33,0.77,0.54,0.57,1.27,3.05,3.26,3.47,3.46,3.49,3.49,2.85,2.39,Trece Martires City,14.28,120.86
EVLAND,2006,3.01,3.07,1.81,0.63,1.58,3.0,2.99,3.72,3.39,4.13,3.05,3.25,2.8,Trece Martires City,14.28,120.86
EVLAND,2007,2.97,1.47,0.51,0.38,1.58,2.57,3.23,3.65,3.25,3.84,3.62,3.66,2.57,Trece Martires City,14.28,120.86
EVLAND,2008,3.12,2.68,2.06,0.89,3.02,3.64,3.49,3.76,3.5,3.32,3.08,3.39,3.0,Trece Martires City,14.28,120.86
EVLAND,2009,2.74,2.23,1.2,1.78,4.12,3.93,3.33,4.01,3.51,3.96,3.95,2.64,3.12,Trece Martires City,14.28,120.86
EVLAND,2010,1.13,0.22,0.31,0.25,0.96,2.57,3.2,3.75,3.22,3.32,2.8,3.08,2.08,Trece Martires City,14.28,120.86
EVLAND,2011,3.0,2.94,1.74,0.5,2.65,3.59,4.0,3.82,3.49,3.74,3.26,3.16,2.99,Trece Martires City,14.28,120.86
EVLAND,2012,3.39,2.82,2.47,1.86,2.77,3.66,3.54,4.04,3.43,4.24,3.48,2.47,3.18,Trece Martires City,14.28,120.86
EVLAND,2013,1.96,1.42,2.66,0.75,1.5,3.27,3.56,3.37,3.23,4.51,3.55,2.6,2.71,Trece Martires City,14.28,120.86
EVLAND,2014,2.57,0.94,0.42,0.58,1.51,3.33,3.53,3.98,3.8,3.65,3.64,3.22,2.61,Trece Martires City,14.28,120.86
EVLAND,2015,3.11,2.03,0.56,0.57,1.08,2.83,3.86,3.68,3.84,4.35,3.93,3.26,2.76,Trece Martires City,14.28,120.86
EVLAND,2016,3.27,2.37,1.21,0.68,1.89,3.07,3.77,3.72,3.24,3.58,3.79,3.28,2.83,Trece Martires City,14.28,120.86
EVLAND,2017,3.72,3.3,2.38,1.64,2.54,3.48,3.52,4.07,3.73,3.78,3.63,3.48,3.27,Trece Martires City,14.28,120.86
EVLAND,2018,3.3,3.18,2.51,1.36,2.2,3.4,3.21,3.99,3.74,4.28,3.48,2.4,3.09,Trece Martires City,14.28,120.86
EVLAND,2019,3.04,1.59,0.3,1.15,2.46,3.28,3.36,3.92,4.08,4.06,3.2,3.69,2.85,Trece Martires City,14.28,120.86
EVLAND,2020,3.01,2.79,3.18,3.85,3.35,3.97,3.53,3.62,3.54,3.27,3.73,3.17,3.42,Trece Martires City,14.28,120.86
EVLAND,2021,3.82,3.85,3.04,1.57,1.28,2.66,3.62,3.78,3.34,3.65,3.42,3.31,3.11,Trece Martires City,14.28,120.86
EVLAND,2022,2.71,2.4,1.78,2.64,2.66,3.4,3.57,3.38,3.41,3.21,3.34,3.17,2.97,Trece Martires City,14.28,120.86
EVLAND,2023,3.44,3.29,1.69,2.81,2.73,3.29,4.04,4.19,3.67,3.85,3.71,3.5,3.35,Trece Martires City,14.28,120.86
EVLAND,2024,2.81,1.24,0.9,0.63,1.94,3.4,3.73,3.74,3.57,3.56,4.05,3.34,2.75,Trece Martires City,14.28,120.86
EVLAND,2025,3.38,3.2,2.5,1.41,3.09,3.51,4.37,3.91,3.55,3.35,3.46,3.66,3.29,Trece Martires City,14.28,120.86
GWETROOT,1990,0.61,0.59,0.59,0.58,0.64,0.93,0.99,0.99,0.98,0.95,0.89,0.77,0.79,Trece Martires City,14.28,120.86
GWETROOT,1991,0.66,0.6,0.6,0.59,0.62,0.7,0.9,0.99,1.0,0.93,0.82,0.73,0.76,Trece Martires City,14.28,120.86
GWETROOT,1992,0.63,0.6,0.59,0.59,0.6,0.72,0.87,0.98,0.99,0.92,0.86,0.73,0.76,Trece Martires City,14.28,120.86
GWETROOT,1993,0.62,0.59,0.59,0.59,0.6,0.69,0.88,0.97,0.99,0.96,0.9,0.86,0.77,Trece Martires City,14.28,120.86
GWETROOT,1994,0.78,0.66,0.6,0.6,0.63,0.79,0.96,0.96,0.97,0.91,0.75,0.66,0.77,Trece Martires City,14.28,120.86
GWETROOT,1995,0.62,0.61,0.59,0.58,0.64,0.81,0.89,0.96,0.99,0.97,0.94,0.87,0.79,Trece Martires City,14.28,120.86
GWETROOT,1996,0.78,0.65,0.59,0.61,0.65,0.77,0.87,0.98,0.98,0.95,0.96,0.86,0.8,Trece Martires City,14.28,120.86
GWETROOT,1997,0.7,0.62,0.6,0.59,0.66,0.91,0.98,1.0,0.97,0.88,0.72,0.62,0.77,Trece Martires City,14.28,120.86
GWETROOT,1998,0.59,0.59,0.59,0.6,0.64,0.83,0.87,0.94,0.97,0.99,0.96,0.94,0.79,Trece Martires City,14.28,120.86
GWETROOT,1999,0.89,0.73,0.66,0.68,0.7,0.87,0.99,0.99,0.99,0.98,0.93,0.9,0.86,Trece Martires City,14.28,120.86
GWETROOT,2000,0.8,0.75,0.68,0.62,0.74,0.91,0.99,0.99,0.99,0.97,0.97,0.9,0.86,Trece Martires City,14.28,120.86
GWETROOT,2001,0.79,0.7,0.66,0.62,0.69,0.85,0.98,0.99,0.96,0.9,0.85,0.78,0.82,Trece Martires City,14.28,120.86
GWETROOT,2002,0.67,0.61,0.59,0.59,0.63,0.81,0.98,0.99,0.98,0.96,0.92,0.79,0.79,Trece Martires City,14.28,120.86
GWETROOT,2003,0.67,0.6,0.59,0.59,0.66,0.94,0.94,0.99,0.99,0.93,0.83,0.72,0.79,Trece Martires City,14.28,120.86
GWETROOT,2004,0.62,0.6,0.59,0.59,0.76,0.97,0.98,1.0,0.96,0.86,0.75,0.8,0.79,Trece Martires City,14.28,120.86
GWETROOT,2005,0.66,0.6,0.59,0.59,0.61,0.88,0.97,0.99,0.99,0.96,0.92,0.87,0.8,Trece Martires City,14.28,120.86
GWETROOT,2006,0.78,0.7,0.62,0.59,0.66,0.76,0.95,1.0,0.98,0.94,0.92,0.85,0.81,Trece Martires City,14.28,120.86
GWETROOT,2007,0.73,0.62,0.59,0.59,0.64,0.77,0.89,0.97,0.99,0.97,0.94,0.89,0.8,Trece Martires City,14.28,120.86
GWETROOT,2008,0.79,0.69,0.64,0.6,0.77,0.88,0.97,0.99,0.99,0.98,0.96,0.86,0.84,Trece Martires City,14.28,120.86
GWETROOT,2009,0.75,0.65,0.61,0.67,0.91,0.99,0.99,0.98,0.99,0.97,0.86,0.7,0.84,Trece Martires City,14.28,120.86
GWETROOT,2010,0.61,0.59,0.59,0.59,0.6,0.74,0.9,0.99,0.98,0.98,0.98,0.9,0.79,Trece Martires City,14.28,120.86
GWETROOT,2011,0.81,0.7,0.63,0.59,0.73,0.94,0.99,1.0,0.99,0.98,0.95,0.92,0.85,Trece Martires City,14.28,120.86
GWETROOT,2012,0.8,0.71,0.65,0.63,0.71,0.95,0.99,1.0,1.0,0.96,0.83,0.7,0.83,Trece Martires City,14.28,120.86
GWETROOT,2013,0.64,0.62,0.64,0.59,0.62,0.85,0.98,1.0,1.0,0.97,0.89,0.81,0.8,Trece Martires City,14.28,120.86
GWETROOT,2014,0.69,0.6,0.59,0.59,0.61,0.83,0.98,0.98,0.99,0.98,0.87,0.83,0.8,Trece Martires City,14.28,120.86
GWETROOT,2015,0.76,0.63,0.59,0.59,0.6,0.68,0.92,0.97,0.99,0.97,0.83,0.8,0.78,Trece Martires City,14.28,120.86
GWETROOT,2016,0.76,0.65,0.6,0.59,0.63,0.8,0.96,0.99,0.99,0.99,0.94,0.92,0.82,Trece Martires City,14.28,120.86
GWETROOT,2017,0.85,0.75,0.64,0.6,0.68,0.85,0.96,0.99,0.98,0.98,0.96,0.9,0.85,Trece Martires City,14.28,120.86
GWETROOT,2018,0.81,0.72,0.63,0.6,0.63,0.91,1.0,0.99,0.99,0.9,0.77,0.7,0.8,Trece Martires City,14.28,120.86
GWETROOT,2019,0.74,0.62,0.59,0.6,0.68,0.81,0.96,0.99,0.99,0.91,0.92,0.84,0.81,Trece Martires City,14.28,120.86
GWETROOT,2020,0.72,0.67,0.69,0.7,0.75,0.9,0.97,0.99,0.96,1.0,0.99,0.98,0.86,Trece Martires City,14.28,120.86
GWETROOT,2021,0.92,0.79,0.67,0.6,0.6,0.76,0.94,0.98,0.99,0.99,0.9,0.81,0.83,Trece Martires City,14.28,120.86
GWETROOT,2022,0.71,0.64,0.61,0.64,0.7,0.87,0.98,1.0,0.99,0.99,0.97,0.91,0.84,Trece Martires City,14.28,120.86
GWETROOT,2023,0.87,0.73,0.62,0.64,0.65,0.84,0.96,0.97,0.99,0.98,0.9,0.82,0.83,Trece Martires City,14.28,120.86
GWETROOT,2024,0.71,0.61,0.59,0.59,0.62,0.81,0.96,0.98,0.99,0.98,0.94,0.85,0.8,Trece Martires City,14.28,120.86
GWETROOT,2025,0.82,0.73,0.64,0.6,0.68,0.91,0.99,0.97,1.0,0.99,0.98,0.95,0.86,Trece Martires City,14.28,120.86
PRECTOTCORR,1990,0.46,0.11,0.34,0.11,6.32,20.15,15.81,23.75,14.23,4.62,3.58,1.33,7.61,Trece Martires City,14.28,120.86
PRECTOTCORR,1991,0.36,0.8,0.66,0.51,2.95,6.62,16.03,24.88,14.87,2.47,3.28,0.77,6.23,Trece Martires City,14.28,120.86
PRECTOTCORR,1992,0.32,0.6,0.19,0.58,2.41,5.69,9.09,20.77,10.79,4.34,2.74,0.67,4.87,Trece Martires City,14.28,120.86
PRECTOTCORR,1993,0.45,0.21,0.17,0.79,1.28,6.87,10.15,16.21,7.57,4.79,4.05,4.57,4.8,Trece Martires City,14.28,120.86
PRECTOTCORR,1994,1.2,0.47,0.36,1.47,2.87,9.64,18.07,9.2,6.33,3.08,0.58,1.84,4.63,Trece Martires City,14.28,120.86
PRECTOTCORR,1995,0.44,0.87,0.14,0.15,4.18,6.09,7.03,15.15,14.91,6.05,3.37,3.68,5.2,Trece Martires City,14.28,120.86
PRECTOTCORR,1996,0.49,0.24,0.35,1.59,4.49,5.02,13.39,7.63,12.42,3.71,6.92,0.81,4.76,Trece Martires City,14.28,120.86
PRECTOTCORR,1997,0.32,1.04,0.27,0.75,11.66,8.27,12.5,21.06,4.3,1.49,0.88,0.56,5.31,Trece Martires City,14.28,120.86
PRECTOTCORR,1998,0.42,0.06,0.28,1.01,6.4,5.29,4.47,9.06,16.14,11.0,2.68,6.77,5.33,Trece Martires City,14.28,120.86
PRECTOTCORR,1999,1.29,0.62,2.96,3.59,3.09,11.07,17.22,22.36,11.48,9.64,3.73,4.5,7.69,Trece Martires City,14.28,120.86
PRECTOTCORR,2000,1.07,2.53,1.73,1.71,8.62,6.94,20.84,12.94,14.73,8.46,3.37,3.55,7.24,Trece Martires City,14.28,120.86
PRECTOTCORR,2001,0.58,3.59,1.1,1.52,5.53,11.88,11.31,13.48,2.72,3.45,3.28,3.05,5.14,Trece Martires City,14.28,120.86
PRECTOTCORR,2002,0.3,0.66,0.39,0.62,3.7,7.49,29.46,9.42,9.58,4.37,3.13,1.04,5.9,Trece Martires City,14.28,120.86
PRECTOTCORR,2003,0.5,0.25,0.47,0.29,13.6,8.28,8.09,19.14,14.0,2.39,3.03,0.7,5.94,Trece Martires City,14.28,120.86
PRECTOTCORR,2004,0.4,0.91,0.21,0.79,12.33,16.51,11.69,16.16,3.47,2.59,5.21,2.2,6.06,Trece Martires City,14.28,120.86
PRECTOTCORR,2005,0.5,0.38,0.58,0.51,2.6,11.65,12.92,15.89,11.53,6.71,2.5,3.91,5.84,Trece Martires City,14.28,120.86
PRECTOTCORR,2006,2.15,0.55,1.46,0.21,3.74,8.06,18.88,17.03,11.99,5.27,1.75,4.23,6.33,Trece Martires City,14.28,120.86
PRECTOTCORR,2007,0.62,0.23,0.42,0.38,5.19,3.2,8.6,25.52,19.93,7.67,7.71,1.74,6.81,Trece Martires City,14.28,120.86
PRECTOTCORR,2008,2.03,1.43,0.88,1.05,9.37,10.86,10.42,14.67,22.03,5.66,6.53,1.7,7.22,Trece Martires City,14.28,120.86
PRECTOTCORR,2009,0.95,0.98,1.15,6.56,11.37,20.57,17.6,9.33,28.22,7.32,1.62,0.29,8.84,Trece Martires City,14.28,120.86
PRECTOTCORR,2010,0.39,0.04,0.34,0.57,1.24,6.84,12.07,12.0,8.27,11.45,4.89,2.44,5.09,Trece Martires City,14.28,120.86
PRECTOTCORR,2011,1.5,0.43,1.33,0.33,8.71,30.88,19.75,22.99,23.66,8.1,5.3,4.77,10.68,Trece Martires City,14.28,120.86
PRECTOTCORR,2012,1.27,2.4,2.24,0.65,7.32,17.53,25.28,40.15,17.06,9.48,0.73,0.99,10.48,Trece Martires City,14.28,120.86
PRECTOTCORR,2013,1.14,2.57,1.78,0.5,2.95,15.36,11.6,34.83,29.91,7.44,3.91,1.77,9.5,Trece Martires City,14.28,120.86
PRECTOTCORR,2014,0.13,0.23,0.41,0.71,2.55,12.91,20.18,14.43,20.05,7.29,1.72,4.68,7.14,Trece Martires City,14.28,120.86
PRECTOTCORR,2015,0.91,0.3,0.4,0.58,1.24,6.17,14.1,12.91,9.04,8.32,1.24,9.62,5.46,Trece Martires City,14.28,120.86
PRECTOTCORR,2016,0.53,1.51,0.56,0.81,3.88,7.97,12.41,18.46,8.93,10.36,4.63,5.54,6.33,Trece Martires City,14.28,120.86
PRECTOTCORR,2017,2.3,1.33,0.65,2.28,5.97,7.69,13.84,11.71,10.81,8.81,6.83,3.61,6.35,Trece Martires City,14.28,120.86
PRECTOTCORR,2018,2.16,1.41,1.23,1.21,3.95,21.99,22.42,13.89,10.69,3.51,1.23,4.63,7.39,Trece Martires City,14.28,120.86
PRECTOTCORR,2019,0.77,0.17,0.23,1.19,6.99,9.71,11.23,16.93,12.28,3.58,4.99,4.57,6.09,Trece Martires City,14.28,120.86
PRECTOTCORR,2020,1.13,4.27,5.52,6.44,3.87,18.38,9.09,9.13,10.06,26.07,20.68,10.17,10.4,Trece Martires City,14.28,120.86
PRECTOTCORR,2021,2.73,1.45,1.27,1.01,1.57,8.28,20.66,7.3,14.88,11.54,2.57,2.12,6.32,Trece Martires City,14.28,120.86
PRECTOTCORR,2022,0.95,1.12,1.74,3.21,6.77,9.02,10.8,20.59,13.73,19.19,3.74,2.94,7.88,Trece Martires City,14.28,120.86
PRECTOTCORR,2023,3.63,0.71,0.37,4.02,3.79,10.08,17.34,9.1,10.09,6.28,3.5,2.48,5.98,Trece Martires City,14.28,120.86
PRECTOTCORR,2024,0.59,0.2,1.04,0.48,5.8,7.82,21.17,10.51,16.09,16.3,2.74,5.0,7.36,Trece Martires City,14.28,120.86
PRECTOTCORR,2025,1.56,2.21,1.23,1.27,6.57,18.22,25.72,10.29,16.94,11.12,9.9,3.21,9.05,Trece Martires City,14.28,120.86
RH2M,1990,75.13,70.66,65.84,64.51,73.34,84.32,86.0,86.92,86.15,85.1,83.74,82.31,78.72,Trece Martires City,14.28,120.86
RH2M,1991,77.82,73.52,69.65,66.99,71.77,78.44,83.42,89.52,88.22,80.87,81.73,80.11,78.54,Trece Martires City,14.28,120.86
RH2M,1992,75.21,70.91,66.97,64.52,69.46,76.22,83.34,87.25,87.11,84.01,82.06,80.49,77.33,Trece Martires City,14.28,120.86
RH2M,1993,74.33,70.82,66.4,64.36,66.6,77.62,84.56,86.32,87.37,85.58,86.41,85.33,78.02,Trece Martires City,14.28,120.86
RH2M,1994,82.66,76.92,71.69,70.43,75.81,82.5,88.34,86.18,86.0,81.6,79.63,77.95,80.0,Trece Martires City,14.28,120.86
RH2M,1995,76.1,73.72,68.17,64.77,75.31,80.54,83.81,86.46,87.46,84.87,86.38,86.08,79.52,Trece Martires City,14.28,120.86
RH2M,1996,82.75,76.03,72.03,75.08,78.38,80.26,84.0,85.49,85.53,84.11,86.45,81.52,80.99,Trece Martires City,14.28,120.86
RH2M,1997,77.94,76.15,68.61,65.12,72.8,83.22,86.98,88.39,85.14,80.81,76.99,74.56,78.08,Trece Martires City,14.28,120.86
RH2M,1998,71.75,67.7,64.91,64.9,72.92,79.76,80.3,84.22,85.98,87.13,87.18,87.28,77.9,Trece Martires City,14.28,120.86
RH2M,1999,85.1,77.82,78.45,78.91,78.93,83.74,87.6,86.76,86.59,86.61,84.77,87.65,83.63,Trece Martires City,14.28,120.86
RH2M,2000,82.19,82.84,80.11,74.03,78.76,83.07,87.28,86.0,85.9,86.64,87.47,87.24,83.47,Trece Martires City,14.28,120.86
RH2M,2001,81.95,80.98,78.27,72.1,77.02,82.44,87.06,88.74,86.72,84.15,82.82,82.58,82.09,Trece Martires City,14.28,120.86
RH2M,2002,78.35,73.66,69.98,66.24,73.38,79.8,87.44,87.05,86.41,84.12,85.35,82.97,79.61,Trece Martires City,14.28,120.86
RH2M,2003,77.03,72.15,67.65,64.47,74.05,83.34,82.41,87.88,87.31,80.34,82.27,78.8,78.18,Trece Martires City,14.28,120.86
RH2M,2004,76.53,73.12,67.87,65.55,78.55,88.0,84.18,89.15,81.98,78.38,81.93,81.83,78.95,Trece Martires City,14.28,120.86
RH2M,2005,76.83,71.03,68.25,64.14,70.41,84.25,85.29,85.7,86.05,84.15,83.82,86.75,78.95,Trece Martires City,14.28,120.86
RH2M,2006,83.37,79.55,73.84,65.68,74.04,79.6,87.63,87.54,85.37,81.91,84.6,85.47,80.75,Trece Martires City,14.28,120.86
RH2M,2007,80.61,74.27,69.19,67.01,74.96,79.83,82.47,85.46,86.89,85.31,85.02,86.16,79.81,Trece Martires City,14.28,120.86
RH2M,2008,83.65,80.39,75.96,72.89,82.68,81.1,85.67,85.3,86.42,84.94,87.08,83.64,82.49,Trece Martires City,14.28,120.86
RH2M,2009,81.72,79.46,72.59,78.6,83.54,86.29,86.63,85.49,87.75,83.54,83.32,76.78,82.14,Trece Martires City,14.28,120.86
RH2M,2010,74.47,69.2,68.41,65.88,66.92,79.07,81.97,84.84,83.63,84.95,86.79,85.41,77.68,Trece Martires City,14.28,120.86
RH2M,2011,82.8,78.31,76.98,68.11,77.53,83.37,84.9,85.85,88.07,84.76,86.12,86.78,82.0,Trece Martires City,14.28,120.86
RH2M,2012,82.53,81.74,78.07,72.35,77.28,85.57,85.65,87.49,86.63,82.86,82.6,80.48,81.94,Trece Martires City,14.28,120.86
RH2M,2013,77.11,75.6,74.94,65.61,73.82,80.74,82.61,86.23,86.6,81.79,84.85,84.12,79.53,Trece Martires City,14.28,120.86
RH2M,2014,75.25,71.06,68.48,64.22,67.52,82.18,86.98,84.32,84.66,83.17,83.69,84.52,78.05,Trece Martires City,14.28,120.86
RH2M,2015,79.98,74.24,68.27,67.03,66.95,75.24,83.58,83.6,83.1,82.12,82.15,82.99,77.47,Trece Martires City,14.28,120.86
RH2M,2016,80.61,76.9,70.99,66.07,71.97,80.18,81.96,87.5,86.14,85.89,84.75,86.3,79.96,Trece Martires City,14.28,120.86
RH2M,2017,83.35,80.22,73.84,69.96,76.79,79.32,84.14,83.17,82.46,82.8,86.77,84.94,80.66,Trece Martires City,14.28,120.86
RH2M,2018,83.86,78.21,72.28,68.96,71.53,83.93,88.13,86.69,85.49,79.04,79.82,80.67,79.9,Trece Martires City,14.28,120.86
RH2M,2019,79.13,72.18,65.13,64.94,75.51,80.94,84.12,87.15,85.26,80.4,83.92,83.49,78.56,Trece Martires City,14.28,120.86
RH2M,2020,78.6,77.66,77.03,77.81,77.59,79.64,80.99,83.86,82.46,85.89,86.65,87.07,81.29,Trece Martires City,14.28,120.86
RH2M,2021,84.71,81.12,77.09,68.29,71.48,81.89,85.37,83.69,84.09,85.73,85.12,82.34,80.92,Trece Martires City,14.28,120.86
RH2M,2022,78.67,77.6,74.57,75.99,75.43,79.26,83.6,84.72,85.79,85.72,86.63,84.94,81.1,Trece Martires City,14.28,120.86
RH2M,2023,84.5,79.48,70.66,71.58,76.21,82.27,82.36,85.83,83.72,83.6,84.11,83.58,80.67,Trece Martires City,14.28,120.86
RH2M,2024,78.46,72.99,70.33,64.46,69.99,79.13,83.46,82.94,86.17,82.98,82.48,85.35,78.26,Trece Martires City,14.28,120.86
RH2M,2025,82.75,80.18,75.3,66.37,74.12,83.76,87.09,82.93,85.95,84.66,86.38,84.54,81.18,Trece Martires City,14.28,120.86
T2M_MAX,1990,31.46,32.4,33.89,35.47,35.21,31.14,30.08,29.94,29.92,30.22,30.0,30.11,35.47,Trece Martires City,14.28,120.86
T2M_MAX,1991,30.06,31.5,32.91,35.34,34.28,33.65,31.66,29.81,29.42,30.1,29.79,29.78,35.34,Trece Martires City,14.28,120.86
T2M_MAX,1992,30.86,32.06,33.58,34.98,34.87,33.63,32.31,29.34,30.33,30.51,29.66,29.54,34.98,Trece Martires City,14.28,120.86
T2M_MAX,1993,31.15,32.91,34.43,35.45,35.42,33.52,31.44,30.1,30.77,29.73,29.66,29.42,35.45,Trece Martires City,14.28,120.86
T2M_MAX,1994,29.41,30.78,32.56,35.92,33.31,32.18,29.66,30.32,29.18,30.31,30.86,30.84,35.92,Trece Martires City,14.28,120.86
T2M_MAX,1995,30.54,32.02,34.64,34.85,34.57,33.19,31.18,30.25,29.65,30.41,30.23,28.38,34.85,Trece Martires City,14.28,120.86
T2M_MAX,1996,29.59,31.55,33.84,32.89,33.55,33.01,30.8,30.15,30.7,30.81,30.15,29.07,33.84,Trece Martires City,14.28,120.86
T2M_MAX,1997,29.48,31.07,32.98,34.56,35.04,31.12,29.55,28.69,30.66,31.15,31.79,31.27,35.04,Trece Martires City,14.28,120.86
T2M_MAX,1998,32.04,33.48,34.19,35.09,35.0,33.45,31.7,31.12,30.29,30.73,30.21,29.44,35.09,Trece Martires City,14.28,120.86
T2M_MAX,1999,29.88,30.77,32.56,32.78,32.14,31.26,29.07,29.53,29.49,30.13,30.1,29.29,32.78,Trece Martires City,14.28,120.86
T2M_MAX,2000,29.46,30.76,31.58,34.92,35.13,31.16,28.79,29.79,30.27,30.44,29.74,29.71,35.13,Trece Martires City,14.28,120.86
T2M_MAX,2001,30.33,30.43,32.7,34.64,34.75,31.67,28.81,29.51,29.74,30.89,30.64,30.02,34.75,Trece Martires City,14.28,120.86
T2M_MAX,2002,30.59,31.22,33.67,34.49,35.1,32.62,30.61,30.14,29.5,30.5,30.51,30.21,35.1,Trece Martires City,14.28,120.86
T2M_MAX,2003,30.39,31.34,34.15,35.56,36.45,30.64,32.14,30.11,29.51,30.73,30.66,30.16,36.45,Trece Martires City,14.28,120.86
T2M_MAX,2004,31.6,32.14,34.68,35.59,34.98,29.13,30.56,28.62,31.29,30.8,31.54,29.55,35.59,Trece Martires City,14.28,120.86
T2M_MAX,2005,30.99,32.55,35.39,35.53,35.51,31.65,30.65,30.67,30.76,30.79,30.71,29.46,35.53,Trece Martires City,14.28,120.86
T2M_MAX,2006,29.46,30.69,34.0,35.43,35.82,32.87,28.92,30.46,30.29,30.3,30.3,29.91,35.82,Trece Martires City,14.28,120.86
T2M_MAX,2007,30.32,32.85,34.05,34.93,34.77,32.64,31.5,30.26,30.32,30.19,30.4,29.38,34.93,Trece Martires City,14.28,120.86
T2M_MAX,2008,29.72,30.1,32.62,34.87,31.52,31.55,30.3,30.8,30.68,30.43,30.27,29.28,34.87,Trece Martires City,14.28,120.86
T2M_MAX,2009,29.87,31.35,32.79,33.13,31.32,31.08,30.07,31.06,30.85,29.78,30.17,30.58,33.13,Trece Martires City,14.28,120.86
T2M_MAX,2010,31.1,33.05,33.84,35.2,36.78,33.22,30.86,30.05,30.44,30.74,29.8,30.02,36.78,Trece Martires City,14.28,120.86
T2M_MAX,2011,28.57,30.66,32.43,33.4,34.43,31.58,30.71,30.81,28.81,30.56,29.91,29.66,34.43,Trece Martires City,14.28,120.86
T2M_MAX,2012,29.9,30.78,31.87,33.65,33.45,30.07,30.14,29.69,30.01,30.18,30.52,31.26,33.65,Trece Martires City,14.28,120.86
T2M_MAX,2013,30.65,32.72,33.1,35.43,34.78,33.11,30.49,29.93,30.04,30.13,30.04,29.64,35.43,Trece Martires City,14.28,120.86
T2M_MAX,2014,29.66,31.89,33.85,35.41,35.99,33.96,31.01,30.88,30.99,30.21,30.67,29.77,35.99,Trece Martires City,14.28,120.86
T2M_MAX,2015,29.78,31.71,33.91,34.62,35.18,34.78,30.82,30.83,31.18,31.33,31.01,31.73,35.18,Trece Martires City,14.28,120.86
T2M_MAX,2016,31.01,31.34,33.31,35.67,36.01,31.62,31.06,30.54,29.99,30.41,30.28,29.62,36.01,Trece Martires City,14.28,120.86
T2M_MAX,2017,29.18,30.62,33.57,35.09,34.16,31.97,31.5,31.78,31.94,30.72,30.25,30.24,35.09,Trece Martires City,14.28,120.86
T2M_MAX,2018,29.97,31.54,32.99,35.32,34.8,33.09,28.68,29.4,30.27,31.54,31.2,31.6,35.32,Trece Martires City,14.28,120.86
T2M_MAX,2019,29.78,31.3,34.63,35.67,34.08,33.26,30.24,29.28,31.17,31.22,30.28,29.97,35.67,Trece Martires City,14.28,120.86
T2M_MAX,2020,30.77,30.89,31.7,32.16,32.84,33.12,31.34,30.85,31.71,31.0,29.96,29.58,33.12,Trece Martires City,14.28,120.86
T2M_MAX,2021,29.63,30.61,33.25,34.23,35.21,32.19,31.52,30.77,30.58,30.5,30.58,30.02,35.21,Trece Martires City,14.28,120.86
T2M_MAX,2022,30.79,32.0,33.7,33.55,34.35,31.23,30.85,30.49,31.15,30.48,30.28,29.97,34.35,Trece Martires City,14.28,120.86
T2M_MAX,2023,29.14,30.83,34.18,34.09,34.27,32.09,32.25,29.8,31.4,31.27,30.97,30.69,34.27,Trece Martires City,14.28,120.86
T2M_MAX,2024,30.83,32.38,33.74,37.57,36.77,33.33,31.4,32.31,31.39,31.17,30.81,30.73,37.57,Trece Martires City,14.28,120.86
T2M_MAX,2025,30.89,30.58,33.34,36.41,34.8,31.22,29.26,31.19,30.3,30.99,30.32,30.16,36.41,Trece Martires City,14.28,120.86
T2M_MIN,1990,21.23,22.51,22.61,24.73,25.83,25.55,25.03,25.47,24.95,24.3,21.85,21.83,21.23,Trece Martires City,14.28,120.86
T2M_MIN,1991,21.86,22.62,22.59,24.3,25.67,25.56,25.54,25.47,24.81,23.91,22.03,21.51,21.51,Trece Martires City,14.28,120.86
T2M_MIN,1992,21.62,21.45,23.0,24.78,25.62,26.37,25.31,25.34,24.93,24.38,20.67,21.81,20.67,Trece Martires City,14.28,120.86
T2M_MIN,1993,20.25,21.25,22.55,24.13,25.31,25.64,25.53,24.99,24.57,23.43,23.67,21.47,20.25,Trece Martires City,14.28,120.86
T2M_MIN,1994,21.07,22.17,22.9,23.75,26.66,25.4,25.04,24.97,24.52,23.32,22.83,22.05,21.07,Trece Martires City,14.28,120.86
T2M_MIN,1995,21.06,21.11,21.95,24.79,25.25,26.02,25.25,25.48,25.1,24.6,24.08,20.85,20.85,Trece Martires City,14.28,120.86
T2M_MIN,1996,20.85,20.56,22.98,24.3,25.74,25.5,25.99,25.03,24.98,25.05,24.04,20.23,20.23,Trece Martires City,14.28,120.86
T2M_MIN,1997,20.79,21.23,21.29,24.27,25.08,25.83,24.98,25.22,24.98,24.08,23.03,22.06,20.79,Trece Martires City,14.28,120.86
T2M_MIN,1998,21.69,22.29,23.07,24.12,26.29,25.67,25.69,25.87,25.73,25.4,24.96,24.12,21.69,Trece Martires City,14.28,120.86
T2M_MIN,1999,22.79,20.82,22.28,24.29,25.47,25.22,25.26,24.76,24.94,24.65,23.13,20.84,20.82,Trece Martires City,14.28,120.86
T2M_MIN,2000,20.6,22.31,23.22,24.82,25.71,25.42,24.57,24.79,24.86,24.73,23.5,23.2,20.6,Trece Martires City,14.28,120.86
T2M_MIN,2001,21.38,22.05,23.38,25.28,26.12,25.65,25.13,25.47,24.47,24.56,21.06,20.7,20.7,Trece Martires City,14.28,120.86
T2M_MIN,2002,20.28,21.31,21.29,24.1,25.5,26.21,25.52,24.93,25.04,24.96,23.32,23.32,20.28,Trece Martires City,14.28,120.86
T2M_MIN,2003,21.12,21.66,22.24,25.41,26.05,25.17,25.73,25.14,24.81,23.68,23.4,21.49,21.12,Trece Martires City,14.28,120.86
T2M_MIN,2004,21.93,21.08,23.4,25.81,25.75,24.8,25.23,25.14,24.96,23.48,23.47,22.07,21.08,Trece Martires City,14.28,120.86
T2M_MIN,2005,21.02,22.43,21.86,23.33,26.35,25.99,25.55,25.4,25.32,25.21,23.55,21.84,21.02,Trece Martires City,14.28,120.86
T2M_MIN,2006,21.73,22.0,23.59,25.12,25.89,25.9,25.22,25.06,25.2,23.9,24.12,23.3,21.73,Trece Martires City,14.28,120.86
T2M_MIN,2007,20.64,20.68,22.98,24.52,25.7,26.42,25.97,24.87,25.01,24.3,21.51,21.45,20.64,Trece Martires City,14.28,120.86
T2M_MIN,2008,21.72,22.01,21.85,25.01,25.42,24.63,25.0,24.47,25.18,25.23,23.73,21.51,21.51,Trece Martires City,14.28,120.86
T2M_MIN,2009,19.75,21.92,23.57,24.6,24.54,25.64,25.24,25.93,25.39,22.49,23.69,21.96,19.75,Trece Martires City,14.28,120.86
T2M_MIN,2010,21.71,22.62,22.9,24.65,25.49,26.33,25.11,25.0,24.94,24.62,24.4,23.04,21.71,Trece Martires City,14.28,120.86
T2M_MIN,2011,21.36,21.24,22.39,23.21,25.39,25.73,25.45,25.33,24.86,24.55,24.19,22.95,21.24,Trece Martires City,14.28,120.86
T2M_MIN,2012,22.53,22.29,22.85,24.66,26.14,25.64,25.61,24.94,25.09,23.76,23.5,23.15,22.29,Trece Martires City,14.28,120.86
T2M_MIN,2013,21.35,22.84,22.53,25.17,26.66,25.51,25.02,25.31,25.56,23.49,23.81,22.99,21.35,Trece Martires City,14.28,120.86
T2M_MIN,2014,19.51,22.17,22.7,25.1,26.38,26.26,25.27,25.08,25.29,24.15,22.7,22.28,19.51,Trece Martires City,14.28,120.86
T2M_MIN,2015,21.22,20.91,22.38,24.45,26.66,26.62,24.97,25.3,25.64,24.82,23.88,22.38,20.91,Trece Martires City,14.28,120.86
T2M_MIN,2016,22.05,21.54,23.42,25.05,26.87,26.45,25.81,25.92,25.05,24.91,23.63,23.1,21.54,Trece Martires City,14.28,120.86
T2M_MIN,2017,21.98,20.09,22.5,23.52,26.16,25.22,26.11,24.86,25.94,25.38,24.11,22.7,20.09,Trece Martires City,14.28,120.86
T2M_MIN,2018,21.83,22.05,22.4,24.42,26.45,25.58,25.1,25.74,25.38,22.62,23.71,23.33,21.83,Trece Martires City,14.28,120.86
T2M_MIN,2019,20.4,21.67,22.97,25.08,26.61,26.42,25.87,25.07,25.25,24.88,22.78,22.81,20.4,Trece Martires City,14.28,120.86
T2M_MIN,2020,21.91,20.72,23.09,24.38,25.71,26.15,26.08,25.46,25.33,25.35,23.35,23.07,20.72,Trece Martires City,14.28,120.86
T2M_MIN,2021,21.17,20.79,23.44,24.35,26.2,25.93,25.81,25.64,25.63,24.52,24.07,22.15,20.79,Trece Martires City,14.28,120.86
T2M_MIN,2022,21.54,23.44,23.71,24.59,26.33,26.06,26.13,25.58,25.68,25.26,24.19,21.73,21.54,Trece Martires City,14.28,120.86
T2M_MIN,2023,21.66,21.9,21.68,24.55,26.02,26.66,26.54,26.5,26.14,25.48,24.11,23.87,21.66,Trece Martires City,14.28,120.86
T2M_MIN,2024,21.89,22.88,23.7,25.55,27.02,26.97,26.24,26.29,25.83,25.52,24.79,24.26,21.89,Trece Martires City,14.28,120.86
T2M_MIN,2025,22.81,22.89,22.98,25.54,26.44,26.13,25.92,25.63,25.16,25.1,24.8,22.86,22.81,Trece Martires City,14.28,120.86
TS,1990,27.67,28.91,30.3,32.26,31.08,28.58,27.78,27.65,27.39,27.58,27.35,26.68,28.6,Trece Martires City,14.28,120.86
TS,1991,26.86,28.61,29.31,31.77,31.07,29.49,28.15,27.22,27.24,27.78,26.91,26.51,28.4,Trece Martires City,14.28,120.86
TS,1992,27.32,28.47,30.59,32.31,31.51,30.22,28.43,27.74,27.33,27.78,26.55,26.63,28.74,Trece Martires City,14.28,120.86
TS,1993,26.87,28.3,29.74,31.81,31.81,30.04,28.39,27.57,27.44,27.13,27.07,26.05,28.51,Trece Martires City,14.28,120.86
TS,1994,26.31,27.64,29.54,30.94,30.78,29.05,27.23,27.55,27.73,27.71,27.16,26.99,28.22,Trece Martires City,14.28,120.86
TS,1995,27.11,28.05,29.87,31.96,30.33,29.63,28.53,27.98,27.82,28.01,27.43,25.89,28.55,Trece Martires City,14.28,120.86
TS,1996,26.08,26.85,29.41,29.92,29.8,29.32,28.84,27.83,28.13,28.27,27.38,26.09,28.16,Trece Martires City,14.28,120.86
TS,1997,26.09,27.5,29.56,32.1,30.83,28.61,27.81,27.21,27.69,28.53,28.67,28.18,28.57,Trece Martires City,14.28,120.86
TS,1998,28.32,30.24,30.52,31.8,31.63,29.78,29.41,28.75,28.35,28.05,27.74,27.16,29.3,Trece Martires City,14.28,120.86
TS,1999,26.78,26.73,28.83,29.33,29.62,28.42,27.47,27.18,27.49,27.53,27.11,26.32,27.74,Trece Martires City,14.28,120.86
TS,2000,26.41,26.98,28.23,30.51,30.01,28.67,27.4,28.02,27.57,27.75,27.01,26.65,27.93,Trece Martires City,14.28,120.86
TS,2001,27.1,27.34,28.62,31.31,30.63,29.1,27.66,27.8,27.65,28.19,27.28,26.56,28.27,Trece Martires City,14.28,120.86
TS,2002,26.61,27.63,29.7,31.62,31.17,29.78,27.74,27.56,27.82,28.19,27.41,27.48,28.56,Trece Martires City,14.28,120.86
TS,2003,26.74,28.09,30.04,32.77,31.59,28.26,28.77,27.55,27.58,28.22,28.02,26.34,28.66,Trece Martires City,14.28,120.86
TS,2004,27.64,28.38,30.82,32.59,29.86,27.64,28.03,27.32,28.36,28.17,27.8,26.66,28.6,Trece Martires City,14.28,120.86
TS,2005,26.65,28.84,29.93,31.9,32.16,28.94,28.54,28.05,28.04,28.25,27.74,26.5,28.79,Trece Martires City,14.28,120.86
TS,2006,26.77,27.32,29.4,32.09,30.76,29.66,27.82,27.55,28.11,28.13,27.64,26.89,28.51,Trece Martires City,14.28,120.86
TS,2007,26.88,28.04,30.17,32.09,30.9,29.96,29.11,28.13,27.96,27.75,27.12,26.47,28.71,Trece Martires City,14.28,120.86
TS,2008,26.44,26.95,28.85,30.86,28.83,28.92,27.74,27.61,27.76,28.08,27.28,26.42,27.98,Trece Martires City,14.28,120.86
TS,2009,25.97,27.48,30.19,29.46,28.52,27.91,27.98,28.32,27.77,27.34,27.69,27.02,27.97,Trece Martires City,14.28,120.86
TS,2010,27.87,29.65,30.7,32.31,33.06,30.16,28.91,28.17,28.33,28.09,27.32,26.76,29.27,Trece Martires City,14.28,120.86
TS,2011,26.12,27.16,28.07,30.52,29.9,28.39,27.99,27.75,27.49,27.68,27.31,26.69,27.92,Trece Martires City,14.28,120.86
TS,2012,26.98,27.33,28.37,30.73,30.21,28.17,27.94,27.29,27.83,27.68,27.85,28.02,28.2,Trece Martires City,14.28,120.86
TS,2013,27.17,28.37,29.25,32.78,31.09,29.43,28.42,27.73,27.81,27.76,27.37,27.25,28.7,Trece Martires City,14.28,120.86
TS,2014,26.05,28.68,30.04,32.49,32.48,29.52,27.89,27.95,28.1,28.02,27.72,26.62,28.79,Trece Martires City,14.28,120.86
TS,2015,26.03,27.21,29.61,31.67,32.65,31.0,28.31,28.51,28.78,28.33,28.12,27.4,28.97,Trece Martires City,14.28,120.86
TS,2016,27.38,27.53,30.52,32.71,31.83,29.87,29.01,28.03,28.17,27.95,27.58,27.16,28.98,Trece Martires City,14.28,120.86
TS,2017,26.43,26.64,28.97,31.36,30.52,29.93,28.63,28.74,28.78,28.48,27.73,27.06,28.61,Trece Martires City,14.28,120.86
TS,2018,26.74,27.76,29.25,31.52,31.48,28.89,27.84,27.73,28.04,28.77,28.26,27.74,28.67,Trece Martires City,14.28,120.86
TS,2019,26.5,27.92,31.09,32.32,30.92,30.14,28.56,27.91,27.96,28.64,27.8,27.1,28.91,Trece Martires City,14.28,120.86
TS,2020,27.28,26.82,29.27,29.86,30.78,30.0,29.32,28.48,28.93,28.37,27.5,27.09,28.65,Trece Martires City,14.28,120.86
TS,2021,26.35,27.15,29.06,31.46,31.9,29.46,28.7,28.54,28.51,28.13,28.19,26.88,28.7,Trece Martires City,14.28,120.86
TS,2022,27.13,28.28,30.06,29.84,30.81,29.67,29.13,28.26,28.17,28.29,27.78,27.01,28.7,Trece Martires City,14.28,120.86
TS,2023,26.18,27.25,29.39,30.78,30.98,29.63,29.09,28.63,28.86,28.7,28.26,27.94,28.81,Trece Martires City,14.28,120.86
TS,2024,27.4,28.65,30.1,32.92,32.61,30.51,29.06,29.2,28.56,28.6,28.36,27.62,29.46,Trece Martires City,14.28,120.86
TS,2025,27.15,27.69,29.34,32.73,31.03,29.09,28.26,28.52,27.97,28.19,27.84,27.27,28.76,Trece Martires City,14.28,120.86
WS2M,1990,4.49,4.56,3.98,3.8,3.28,3.9,3.51,5.33,3.54,3.16,3.97,5.01,4.04,Trece Martires City,14.28,120.86
WS2M,1991,4.7,4.42,4.67,3.71,3.54,4.34,3.88,4.59,4.47,3.44,4.17,5.37,4.27,Trece Martires City,14.28,120.86
WS2M,1992,3.94,4.3,4.1,3.27,3.26,3.22,3.29,5.06,3.93,3.55,4.64,5.18,3.98,Trece Martires City,14.28,120.86
WS2M,1993,4.71,4.46,4.55,3.41,3.2,2.72,3.36,3.98,3.2,4.31,4.53,5.74,4.02,Trece Martires City,14.28,120.86
WS2M,1994,4.25,4.37,5.13,3.51,2.59,3.01,5.49,3.7,3.18,3.57,5.03,5.33,4.1,Trece Martires City,14.28,120.86
WS2M,1995,5.18,4.52,4.5,4.43,3.11,3.05,3.28,3.16,3.69,3.37,4.15,5.7,4.01,Trece Martires City,14.28,120.86
WS2M,1996,5.1,5.62,5.06,3.88,3.31,2.88,4.23,3.22,3.37,2.87,4.87,5.45,4.15,Trece Martires City,14.28,120.86
WS2M,1997,4.4,5.26,4.03,3.17,4.22,3.15,2.97,5.13,2.64,3.3,4.04,4.65,3.91,Trece Martires City,14.28,120.86
WS2M,1998,4.69,3.62,4.59,4.03,4.06,2.54,2.09,2.59,3.87,4.15,3.45,4.84,3.71,Trece Martires City,14.28,120.86
WS2M,1999,5.13,5.41,4.01,3.13,2.39,3.22,4.39,4.05,3.56,3.41,4.24,5.05,3.99,Trece Martires City,14.28,120.86
WS2M,2000,4.86,4.71,4.2,3.12,3.5,2.8,4.68,3.73,4.29,3.85,4.28,4.68,4.06,Trece Martires City,14.28,120.86
WS2M,2001,4.36,4.9,4.32,3.14,3.06,2.99,4.24,4.81,3.7,3.29,5.05,5.8,4.14,Trece Martires City,14.28,120.86
WS2M,2002,4.71,4.79,4.57,4.09,3.38,2.68,5.49,3.66,3.15,2.76,4.14,4.1,3.96,Trece Martires City,14.28,120.86
WS2M,2003,4.96,5.02,4.11,3.38,4.24,3.35,2.99,3.89,3.43,2.95,4.0,5.71,4.0,Trece Martires City,14.28,120.86
WS2M,2004,4.28,4.25,3.73,3.11,3.97,4.61,2.72,5.09,2.69,3.06,4.82,4.65,3.91,Trece Martires City,14.28,120.86
WS2M,2005,3.88,3.76,4.22,3.16,2.22,2.91,3.37,3.89,3.28,2.96,3.39,5.22,3.52,Trece Martires City,14.28,120.86
WS2M,2006,3.94,4.91,3.67,3.42,3.41,2.84,4.51,4.1,2.74,3.05,3.28,5.13,3.75,Trece Martires City,14.28,120.86
WS2M,2007,4.87,4.16,4.1,3.68,2.88,2.34,2.86,4.13,3.53,3.83,4.4,4.59,3.78,Trece Martires City,14.28,120.86
WS2M,2008,4.83,5.15,3.86,4.11,3.22,2.93,3.27,3.36,3.67,2.88,3.8,4.92,3.83,Trece Martires City,14.28,120.86
WS2M,2009,5.22,4.19,3.66,3.19,3.06,4.17,3.56,4.13,4.36,3.92,3.61,4.07,3.93,Trece Martires City,14.28,120.86
WS2M,2010,4.65,3.58,4.37,3.43,2.63,2.33,2.31,3.45,2.48,3.48,3.22,3.91,3.32,Trece Martires City,14.28,120.86
WS2M,2011,4.88,4.1,5.19,3.88,2.94,3.3,3.75,3.87,4.01,3.22,3.88,4.13,3.93,Trece Martires City,14.28,120.86
WS2M,2012,4.03,4.17,4.46,3.1,2.2,4.47,3.59,4.99,2.76,3.41,3.51,4.2,3.74,Trece Martires City,14.28,120.86
WS2M,2013,4.68,4.89,3.4,2.73,2.46,3.01,2.51,4.03,3.7,3.12,4.17,3.4,3.5,Trece Martires City,14.28,120.86
WS2M,2014,4.68,3.39,3.99,2.65,2.35,3.39,4.12,3.25,3.43,2.7,3.66,5.13,3.57,Trece Martires City,14.28,120.86
WS2M,2015,4.47,3.99,4.03,3.55,2.66,2.75,4.17,3.42,2.56,3.72,4.04,4.46,3.65,Trece Martires City,14.28,120.86
WS2M,2016,3.91,4.25,3.32,3.29,2.76,2.49,2.87,4.67,3.16,3.34,3.98,4.37,3.53,Trece Martires City,14.28,120.86
WS2M,2017,4.85,4.45,3.82,3.39,2.61,2.26,3.45,3.18,2.58,2.92,4.14,4.64,3.52,Trece Martires City,14.28,120.86
WS2M,2018,4.51,3.7,3.85,3.53,2.85,3.91,4.33,5.19,3.14,2.99,4.15,4.57,3.9,Trece Martires City,14.28,120.86
WS2M,2019,4.72,4.2,3.38,3.15,2.5,3.23,3.49,5.35,4.02,2.93,3.27,4.38,3.72,Trece Martires City,14.28,120.86
WS2M,2020,4.19,5.13,3.61,3.52,2.49,2.53,2.31,3.06,2.36,3.33,4.22,3.68,3.36,Trece Martires City,14.28,120.86
WS2M,2021,4.73,3.99,3.94,3.51,3.54,3.08,4.54,3.27,2.7,3.65,3.6,5.08,3.81,Trece Martires City,14.28,120.86
WS2M,2022,4.24,4.61,3.79,3.88,2.75,2.21,2.49,3.09,3.59,3.56,3.57,4.15,3.49,Trece Martires City,14.28,120.86
WS2M,2023,4.83,4.5,3.94,2.89,3.18,2.97,3.87,4.77,2.8,2.91,3.98,4.18,3.74,Trece Martires City,14.28,120.86
WS2M,2024,4.74,4.74,4.16,3.61,3.17,2.34,3.47,2.87,4.03,3.47,3.29,4.41,3.69,Trece Martires City,14.28,120.86
WS2M,2025,4.26,4.56,4.21,2.97,3.11,3.04,5.4,2.68,3.34,2.73,4.0,3.8,3.67,Trece Martires City,14.28,120.86
ALLSKY_SFC_SW_DWN,1990,18.17,21.72,22.51,24.96,21.21,17.22,18.27,16.04,17.99,18.14,16.46,16.23,19.05,Kawit,14.44,120.9
ALLSKY_SFC_SW_DWN,1991,17.38,19.5,23.2,23.67,23.1,19.18,16.68,12.57,15.47,17.59,16.71,17.17,18.51,Kawit,14.44,120.9
ALLSKY_SFC_SW_DWN,1992,17.47,20.64,23.46,23.65,21.92,20.46,17.94,13.29,15.93,17.84,17.48,16.78,18.89,Kawit,14.44,120.9
ALLSKY_SFC_SW_DWN,1993,18.42,21.06,22.47,24.08,24.36,20.87,18.04,16.24,15.75,16.89,16.46,14.12,19.04,Kawit,14.44,120.9
ALLSKY_SFC_SW_DWN,1994,17.31,20.13,21.72,23.41,21.92,19.63,12.53,18.8,16.86,19.07,19.06,16.68,18.91,Kawit,14.44,120.9
ALLSKY_SFC_SW_DWN,1995,17.24,20.14,22.69,25.05,21.19,21.11,17.95,16.67,14.69,16.83,15.28,13.83,18.54,Kawit,14.44,120.9
ALLSKY_SFC_SW_DWN,1996,15.56,19.01,21.36,21.13,19.89,20.44,15.7,18.79,16.1,17.37,14.37,15.87,17.96,Kawit,14.44,120.9
ALLSKY_SFC_SW_DWN,1997,16.76,18.1,21.75,22.86,20.25,20.3,17.16,15.27,17.7,18.96,17.98,16.66,18.64,Kawit,14.44,120.9
ALLSKY_SFC_SW_DWN,1998,16.77,20.22,22.1,23.65,19.57,20.71,19.95,19.22,15.18,14.6,16.26,13.64,18.47,Kawit,14.44,120.9
ALLSKY_SFC_SW_DWN,1999,14.94,18.27,19.68,20.95,20.95,17.62,15.91,16.01,16.34,16.77,15.21,13.79,17.19,Kawit,14.44,120.9
ALLSKY_SFC_SW_DWN,2000,16.35,16.51,19.4,22.38,17.88,19.72,13.99,17.06,16.84,15.56,14.73,14.19,17.04,Kawit,14.44,120.9
ALLSKY_SFC_SW_DWN,2001,16.61,16.75,20.93,23.06,19.93,18.82,17.16,14.25,17.83,17.58,17.12,15.09,17.92,Kawit,14.44,120.9
ALLSKY_SFC_SW_DWN,2002,17.65,19.49,22.84,24.71,21.94,20.53,12.71,17.32,16.54,18.36,15.72,16.38,18.67,Kawit,14.44,120.9
ALLSKY_SFC_SW_DWN,2003,17.38,20.41,22.8,24.58,19.22,18.83,19.37,16.39,16.2,18.82,16.83,15.54,18.85,Kawit,14.44,120.9
ALLSKY_SFC_SW_DWN,2004,17.49,18.76,22.85,24.28,20.54,14.73,20.08,15.69,20.23,18.54,15.33,16.05,18.72,Kawit,14.44,120.9
ALLSKY_SFC_SW_DWN,2005,17.14,20.31,21.61,24.0,23.43,18.56,17.22,14.85,15.88,16.95,15.62,12.81,18.18,Kawit,14.44,120.9
ALLSKY_SFC_SW_DWN,2006,15.53,18.66,21.98,24.6,20.56,20.85,12.31,14.35,18.09,17.1,17.24,14.39,17.94,Kawit,14.44,120.9
ALLSKY_SFC_SW_DWN,2007,16.2,20.45,22.37,23.91,21.06,19.64,19.22,13.51,15.98,15.57,13.82,15.5,18.08,Kawit,14.44,120.9
ALLSKY_SFC_SW_DWN,2008,15.49,16.25,21.94,22.61,18.64,20.51,17.34,16.01,16.85,17.15,14.87,14.47,17.67,Kawit,14.44,120.9
ALLSKY_SFC_SW_DWN,2009,14.97,18.02,21.28,20.3,20.24,16.46,16.79,17.59,13.23,14.94,17.59,17.24,17.39,Kawit,14.44,120.9
ALLSKY_SFC_SW_DWN,2010,17.29,22.02,22.61,24.49,24.41,18.96,18.92,17.62,19.22,15.55,15.31,14.54,19.22,Kawit,14.44,120.9
ALLSKY_SFC_SW_DWN,2011,15.04,18.76,19.32,23.29,20.69,16.77,15.28,14.52,15.11,17.38,15.71,13.76,17.12,Kawit,14.44,120.9
ALLSKY_SFC_SW_DWN,2012,16.27,18.66,18.76,24.62,20.63,16.81,15.51,13.33,16.23,16.53,18.29,15.5,17.57,Kawit,14.44,120.9
ALLSKY_SFC_SW_DWN,2013,15.91,18.42,21.98,24.24,21.14,19.1,18.05,13.75,13.95,17.14,15.75,15.38,17.89,Kawit,14.44,120.9
ALLSKY_SFC_SW_DWN,2014,17.17,20.26,21.73,23.91,24.27,17.6,14.99,17.92,16.71,17.75,17.13,13.29,18.54,Kawit,14.44,120.9
ALLSKY_SFC_SW_DWN,2015,16.24,20.15,22.29,24.78,23.71,22.45,16.5,18.49,20.68,17.69,18.61,15.53,19.74,Kawit,14.44,120.9
ALLSKY_SFC_SW_DWN,2016,18.22,18.92,23.14,25.13,22.41,19.94,18.91,14.1,16.8,16.12,15.82,14.52,18.66,Kawit,14.44,120.9
ALLSKY_SFC_SW_DWN,2017,15.21,19.0,22.49,24.15,21.8,21.44,15.93,18.75,17.91,15.8,15.83,14.31,18.53,Kawit,14.44,120.9
ALLSKY_SFC_SW_DWN,2018,15.37,20.27,22.62,24.53,23.64,15.56,12.8,14.11,18.68,20.34,18.21,14.05,18.32,Kawit,14.44,120.9
ALLSKY_SFC_SW_DWN,2019,17.4,21.52,24.25,24.96,21.36,20.74,17.3,13.76,15.88,20.42,15.29,15.76,19.03,Kawit,14.44,120.9
ALLSKY_SFC_SW_DWN,2020,17.35,19.87,24.03,23.88,23.06,21.32,20.27,16.84,20.28,14.9,15.35,14.37,19.28,Kawit,14.44,120.9
ALLSKY_SFC_SW_DWN,2021,15.11,18.97,21.71,23.23,23.86,19.15,14.79,18.43,17.9,15.78,17.23,15.61,18.47,Kawit,14.44,120.9
ALLSKY_SFC_SW_DWN,2022,17.8,18.11,22.98,21.41,22.26,21.09,17.8,16.01,16.05,16.83,16.85,14.3,18.46,Kawit,14.44,120.9
ALLSKY_SFC_SW_DWN,2023,15.11,18.84,23.78,22.27,21.85,19.16,16.42,17.57,16.95,16.61,17.18,15.74,18.45,Kawit,14.44,120.9
ALLSKY_SFC_SW_DWN,2024,17.12,21.06,22.14,25.92,22.92,20.66,15.12,19.55,14.06,15.79,17.45,13.07,18.72,Kawit,14.44,120.9
ALLSKY_SFC_SW_DWN,2025,15.93,17.29,21.27,24.49,22.13,17.21,12.27,17.88,14.37,16.12,14.45,15.18,17.38,Kawit,14.44,120.9
EVLAND,1990,1.12,0.28,0.35,0.12,1.78,3.64,3.79,4.49,3.57,3.42,3.63,3.15,2.46,Kawit,14.44,120.9
EVLAND,1991,2.19,0.93,0.93,0.49,2.32,2.84,3.25,3.16,3.56,4.34,3.58,2.93,2.56,Kawit,14.44,120.9
EVLAND,1992,1.68,0.78,0.23,0.56,1.22,2.7,3.05,3.44,3.44,3.58,3.95,2.83,2.29,Kawit,14.44,120.9
EVLAND,1993,1.49,0.53,0.19,0.59,1.32,2.21,3.26,3.52,3.08,3.82,3.08,3.41,2.22,Kawit,14.44,120.9
EVLAND,1994,3.05,2.52,0.77,1.34,2.0,2.81,3.68,3.9,3.35,4.17,3.36,2.17,2.76,Kawit,14.44,120.9
EVLAND,1995,1.42,0.99,0.26,0.14,1.34,3.43,2.77,3.12,3.17,3.72,3.31,2.84,2.22,Kawit,14.44,120.9
EVLAND,1996,2.93,2.24,0.57,1.4,1.8,2.77,2.73,3.39,3.56,3.06,3.48,3.76,2.64,Kawit,14.44,120.9
EVLAND,1997,2.65,1.68,0.56,0.71,1.7,3.85,3.13,3.63,3.2,4.01,3.16,1.65,2.5,Kawit,14.44,120.9
EVLAND,1998,0.42,0.29,0.22,0.91,1.57,3.2,3.2,3.18,3.34,3.21,2.67,2.99,2.11,Kawit,14.44,120.9
EVLAND,1999,3.59,3.3,2.72,2.92,2.29,3.22,3.19,3.84,3.44,3.2,3.54,2.77,3.17,Kawit,14.44,120.9
EVLAND,2000,3.41,2.94,2.57,2.32,2.26,3.08,3.66,3.5,3.85,3.23,3.34,2.82,3.08,Kawit,14.44,120.9
EVLAND,2001,3.34,3.07,2.58,2.22,2.52,2.93,4.1,3.49,3.17,3.19,3.67,3.23,3.13,Kawit,14.44,120.9
EVLAND,2002,2.43,1.12,0.47,0.59,1.31,3.55,3.94,3.63,3.26,3.29,3.16,3.11,2.5,Kawit,14.44,120.9
EVLAND,2003,2.46,0.72,0.51,0.25,1.93,4.35,3.77,3.61,3.29,4.27,3.52,2.68,2.63,Kawit,14.44,120.9
EVLAND,2004,1.55,0.86,0.43,0.77,2.87,3.48,3.44,3.6,3.97,3.99,2.98,3.29,2.61,Kawit,14.44,120.9
EVLAND,2005,2.33,0.77,0.54,0.57,1.27,3.05,3.26,3.47,3.46,3.49,3.49,2.85,2.39,Kawit,14.44,120.9
EVLAND,2006,3.01,3.07,1.81,0.63,1.58,3.0,2.99,3.72,3.39,4.13,3.05,3.25,2.8,Kawit,14.44,120.9
EVLAND,2007,2.97,1.47,0.51,0.38,1.58,2.57,3.23,3.65,3.25,3.84,3.62,3.66,2.57,Kawit,14.44,120.9
EVLAND,2008,3.12,2.68,2.06,0.89,3.02,3.64,3.49,3.76,3.5,3.32,3.08,3.39,3.0,Kawit,14.44,120.9
EVLAND,2009,2.74,2.23,1.2,1.78,4.12,3.93,3.33,4.01,3.51,3.96,3.95,2.64,3.12,Kawit,14.44,120.9
EVLAND,2010,1.13,0.22,0.31,0.25,0.96,2.57,3.2,3.75,3.22,3.32,2.8,3.08,2.08,Kawit,14.44,120.9
EVLAND,2011,3.0,2.94,1.74,0.5,2.65,3.59,4.0,3.82,3.49,3.74,3.26,3.16,2.99,Kawit,14.44,120.9
EVLAND,2012,3.39,2.82,2.47,1.86,2.77,3.66,3.54,4.04,3.43,4.24,3.48,2.47,3.18,Kawit,14.44,120.9
EVLAND,2013,1.96,1.42,2.66,0.75,1.5,3.27,3.56,3.37,3.23,4.51,3.55,2.6,2.71,Kawit,14.44,120.9
EVLAND,2014,2.57,0.94,0.42,0.58,1.51,3.33,3.53,3.98,3.8,3.65,3.64,3.22,2.61,Kawit,14.44,120.9
EVLAND,2015,3.11,2.03,0.56,0.57,1.08,2.83,3.86,3.68,3.84,4.35,3.93,3.26,2.76,Kawit,14.44,120.9
EVLAND,2016,3.27,2.37,1.21,0.68,1.89,3.07,3.77,3.72,3.24,3.58,3.79,3.28,2.83,Kawit,14.44,120.9
EVLAND,2017,3.72,3.3,2.38,1.64,2.54,3.48,3.52,4.07,3.73,3.78,3.63,3.48,3.27,Kawit,14.44,120.9
EVLAND,2018,3.3,3.18,2.51,1.36,2.2,3.4,3.21,3.99,3.74,4.28,3.48,2.4,3.09,Kawit,14.44,120.9
EVLAND,2019,3.04,1.59,0.3,1.15,2.46,3.28,3.36,3.92,4.08,4.06,3.2,3.69,2.85,Kawit,14.44,120.9
EVLAND,2020,3.01,2.79,3.18,3.85,3.35,3.97,3.53,3.62,3.54,3.27,3.73,3.17,3.42,Kawit,14.44,120.9
EVLAND,2021,3.82,3.85,3.04,1.57,1.28,2.66,3.62,3.78,3.34,3.65,3.42,3.31,3.11,Kawit,14.44,120.9
EVLAND,2022,2.71,2.4,1.78,2.64,2.66,3.4,3.57,3.38,3.41,3.21,3.34,3.17,2.97,Kawit,14.44,120.9
EVLAND,2023,3.44,3.29,1.69,2.81,2.73,3.29,4.04,4.19,3.67,3.85,3.71,3.5,3.35,Kawit,14.44,120.9
EVLAND,2024,2.81,1.24,0.9,0.63,1.94,3.4,3.73,3.74,3.57,3.56,4.05,3.34,2.75,Kawit,14.44,120.9
EVLAND,2025,3.38,3.2,2.5,1.41,3.09,3.51,4.37,3.91,3.55,3.35,3.46,3.66,3.29,Kawit,14.44,120.9
GWETROOT,1990,0.61,0.59,0.59,0.58,0.64,0.93,0.99,0.99,0.98,0.95,0.89,0.77,0.79,Kawit,14.44,120.9
GWETROOT,1991,0.66,0.6,0.6,0.59,0.62,0.7,0.9,0.99,1.0,0.93,0.82,0.73,0.76,Kawit,14.44,120.9
GWETROOT,1992,0.63,0.6,0.59,0.59,0.6,0.72,0.87,0.98,0.99,0.92,0.86,0.73,0.76,Kawit,14.44,120.9
GWETROOT,1993,0.62,0.59,0.59,0.59,0.6,0.69,0.88,0.97,0.99,0.96,0.9,0.86,0.77,Kawit,14.44,120.9
GWETROOT,1994,0.78,0.66,0.6,0.6,0.63,0.79,0.96,0.96,0.97,0.91,0.75,0.66,0.77,Kawit,14.44,120.9
GWETROOT,1995,0.62,0.61,0.59,0.58,0.64,0.81,0.89,0.96,0.99,0.97,0.94,0.87,0.79,Kawit,14.44,120.9
GWETROOT,1996,0.78,0.65,0.59,0.61,0.65,0.77,0.87,0.98,0.98,0.95,0.96,0.86,0.8,Kawit,14.44,120.9
GWETROOT,1997,0.7,0.62,0.6,0.59,0.66,0.91,0.98,1.0,0.97,0.88,0.72,0.62,0.77,Kawit,14.44,120.9
GWETROOT,1998,0.59,0.59,0.59,0.6,0.64,0.83,0.87,0.94,0.97,0.99,0.96,0.94,0.79,Kawit,14.44,120.9
GWETROOT,1999,0.89,0.73,0.66,0.68,0.7,0.87,0.99,0.99,0.99,0.98,0.93,0.9,0.86,Kawit,14.44,120.9
GWETROOT,2000,0.8,0.75,0.68,0.62,0.74,0.91,0.99,0.99,0.99,0.97,0.97,0.9,0.86,Kawit,14.44,120.9
GWETROOT,2001,0.79,0.7,0.66,0.62,0.69,0.85,0.98,0.99,0.96,0.9,0.85,0.78,0.82,Kawit,14.44,120.9
GWETROOT,2002,0.67,0.61,0.59,0.59,0.63,0.81,0.98,0.99,0.98,0.96,0.92,0.79,0.79,Kawit,14.44,120.9
GWETROOT,2003,0.67,0.6,0.59,0.59,0.66,0.94,0.94,0.99,0.99,0.93,0.83,0.72,0.79,Kawit,14.44,120.9
GWETROOT,2004,0.62,0.6,0.59,0.59,0.76,0.97,0.98,1.0,0.96,0.86,0.75,0.8,0.79,Kawit,14.44,120.9
GWETROOT,2005,0.66,0.6,0.59,0.59,0.61,0.88,0.97,0.99,0.99,0.96,0.92,0.87,0.8,Kawit,14.44,120.9
GWETROOT,2006,0.78,0.7,0.62,0.59,0.66,0.76,0.95,1.0,0.98,0.94,0.92,0.85,0.81,Kawit,14.44,120.9
GWETROOT,2007,0.73,0.62,0.59,0.59,0.64,0.77,0.89,0.97,0.99,0.97,0.94,0.89,0.8,Kawit,14.44,120.9
GWETROOT,2008,0.79,0.69,0.64,0.6,0.77,0.88,0.97,0.99,0.99,0.98,0.96,0.86,0.84,Kawit,14.44,120.9
GWETROOT,2009,0.75,0.65,0.61,0.67,0.91,0.99,0.99,0.98,0.99,0.97,0.86,0.7,0.84,Kawit,14.44,120.9
GWETROOT,2010,0.61,0.59,0.59,0.59,0.6,0.74,0.9,0.99,0.98,0.98,0.98,0.9,0.79,Kawit,14.44,120.9
GWETROOT,2011,0.81,0.7,0.63,0.59,0.73,0.94,0.99,1.0,0.99,0.98,0.95,0.92,0.85,Kawit,14.44,120.9
GWETROOT,2012,0.8,0.71,0.65,0.63,0.71,0.95,0.99,1.0,1.0,0.96,0.83,0.7,0.83,Kawit,14.44,120.9
GWETROOT,2013,0.64,0.62,0.64,0.59,0.62,0.85,0.98,1.0,1.0,0.97,0.89,0.81,0.8,Kawit,14.44,120.9
GWETROOT,2014,0.69,0.6,0.59,0.59,0.61,0.83,0.98,0.98,0.99,0.98,0.87,0.83,0.8,Kawit,14.44,120.9
GWETROOT,2015,0.76,0.63,0.59,0.59,0.6,0.68,0.92,0.97,0.99,0.97,0.83,0.8,0.78,Kawit,14.44,120.9
GWETROOT,2016,0.76,0.65,0.6,0.59,0.63,0.8,0.96,0.99,0.99,0.99,0.94,0.92,0.82,Kawit,14.44,120.9
GWETROOT,2017,0.85,0.75,0.64,0.6,0.68,0.85,0.96,0.99,0.98,0.98,0.96,0.9,0.85,Kawit,14.44,120.9
GWETROOT,2018,0.81,0.72,0.63,0.6,0.63,0.91,1.0,0.99,0.99,0.9,0.77,0.7,0.8,Kawit,14.44,120.9
GWETROOT,2019,0.74,0.62,0.59,0.6,0.68,0.81,0.96,0.99,0.99,0.91,0.92,0.84,0.81,Kawit,14.44,120.9
GWETROOT,2020,0.72,0.67,0.69,0.7,0.75,0.9,0.97,0.99,0.96,1.0,0.99,0.98,0.86,Kawit,14.44,120.9
GWETROOT,2021,0.92,0.79,0.67,0.6,0.6,0.76,0.94,0.98,0.99,0.99,0.9,0.81,0.83,Kawit,14.44,120.9
GWETROOT,2022,0.71,0.64,0.61,0.64,0.7,0.87,0.98,1.0,0.99,0.99,0.97,0.91,0.84,Kawit,14.44,120.9
GWETROOT,2023,0.87,0.73,0.62,0.64,0.65,0.84,0.96,0.97,0.99,0.98,0.9,0.82,0.83,Kawit,14.44,120.9
GWETROOT,2024,0.71,0.61,0.59,0.59,0.62,0.81,0.96,0.98,0.99,0.98,0.94,0.85,0.8,Kawit,14.44,120.9
GWETROOT,2025,0.82,0.73,0.64,0.6,0.68,0.91,0.99,0.97,1.0,0.99,0.98,0.95,0.86,Kawit,14.44,120.9
PRECTOTCORR,1990,0.46,0.11,0.34,0.11,6.32,20.15,15.81,23.75,14.23,4.62,3.58,1.33,7.61,Kawit,14.44,120.9
PRECTOTCORR,1991,0.36,0.8,0.66,0.51,2.95,6.62,16.03,24.88,14.87,2.47,3.28,0.77,6.23,Kawit,14.44,120.9
PRECTOTCORR,1992,0.32,0.6,0.19,0.58,2.41,5.69,9.09,20.77,10.79,4.34,2.74,0.67,4.87,Kawit,14.44,120.9
PRECTOTCORR,1993,0.45,0.21,0.17,0.79,1.28,6.87,10.15,16.21,7.57,4.79,4.05,4.57,4.8,Kawit,14.44,120.9
PRECTOTCORR,1994,1.2,0.47,0.36,1.47,2.87,9.64,18.07,9.2,6.33,3.08,0.58,1.84,4.63,Kawit,14.44,120.9
PRECTOTCORR,1995,0.44,0.87,0.14,0.15,4.18,6.09,7.03,15.15,14.91,6.05,3.37,3.68,5.2,Kawit,14.44,120.9
PRECTOTCORR,1996,0.49,0.24,0.35,1.59,4.49,5.02,13.39,7.63,12.42,3.71,6.92,0.81,4.76,Kawit,14.44,120.9
PRECTOTCORR,1997,0.32,1.04,0.27,0.75,11.66,8.27,12.5,21.06,4.3,1.49,0.88,0.56,5.31,Kawit,14.44,120.9
PRECTOTCORR,1998,0.42,0.06,0.28,1.01,6.4,5.29,4.47,9.06,16.14,11.0,2.68,6.77,5.33,Kawit,14.44,120.9
PRECTOTCORR,1999,1.29,0.62,2.96,3.59,3.09,11.07,17.22,22.36,11.48,9.64,3.73,4.5,7.69,Kawit,14.44,120.9
PRECTOTCORR,2000,1.07,2.53,1.73,1.71,8.62,6.94,20.84,12.94,14.73,8.46,3.37,3.55,7.24,Kawit,14.44,120.9
PRECTOTCORR,2001,0.58,3.59,1.1,1.52,5.53,11.88,11.31,13.48,2.72,3.45,3.28,3.05,5.14,Kawit,14.44,120.9
PRECTOTCORR,2002,0.3,0.66,0.39,0.62,3.7,7.49,29.46,9.42,9.58,4.37,3.13,1.04,5.9,Kawit,14.44,120.9
PRECTOTCORR,2003,0.5,0.25,0.47,0.29,13.6,8.28,8.09,19.14,14.0,2.39,3.03,0.7,5.94,Kawit,14.44,120.9
PRECTOTCORR,2004,0.4,0.91,0.21,0.79,12.33,16.51,11.69,16.16,3.47,2.59,5.21,2.2,6.06,Kawit,14.44,120.9
PRECTOTCORR,2005,0.5,0.38,0.58,0.51,2.6,11.65,12.92,15.89,11.53,6.71,2.5,3.91,5.84,Kawit,14.44,120.9
PRECTOTCORR,2006,2.15,0.55,1.46,0.21,3.74,8.06,18.88,17.03,11.99,5.27,1.75,4.23,6.33,Kawit,14.44,120.9
PRECTOTCORR,2007,0.62,0.23,0.42,0.38,5.19,3.2,8.6,25.52,19.93,7.67,7.71,1.74,6.81,Kawit,14.44,120.9
PRECTOTCORR,2008,2.03,1.43,0.88,1.05,9.37,10.86,10.42,14.67,22.03,5.66,6.53,1.7,7.22,Kawit,14.44,120.9
PRECTOTCORR,2009,0.95,0.98,1.15,6.56,11.37,20.57,17.6,9.33,28.22,7.32,1.62,0.29,8.84,Kawit,14.44,120.9
PRECTOTCORR,2010,0.39,0.04,0.34,0.57,1.24,6.84,12.07,12.0,8.27,11.45,4.89,2.44,5.09,Kawit,14.44,120.9
PRECTOTCORR,2011,1.5,0.43,1.33,0.33,8.71,30.88,19.75,22.99,23.66,8.1,5.3,4.77,10.68,Kawit,14.44,120.9
PRECTOTCORR,2012,1.27,2.4,2.24,0.65,7.32,17.53,25.28,40.15,17.06,9.48,0.73,0.99,10.48,Kawit,14.44,120.9
PRECTOTCORR,2013,1.14,2.57,1.78,0.5,2.95,15.36,11.6,34.83,29.91,7.44,3.91,1.77,9.5,Kawit,14.44,120.9
PRECTOTCORR,2014,0.13,0.23,0.41,0.71,2.55,12.91,20.18,14.43,20.05,7.29,1.72,4.68,7.14,Kawit,14.44,120.9
PRECTOTCORR,2015,0.91,0.3,0.4,0.58,1.24,6.17,14.1,12.91,9.04,8.32,1.24,9.62,5.46,Kawit,14.44,120.9
PRECTOTCORR,2016,0.53,1.51,0.56,0.81,3.88,7.97,12.41,18.46,8.93,10.36,4.63,5.54,6.33,Kawit,14.44,120.9
PRECTOTCORR,2017,2.3,1.33,0.65,2.28,5.97,7.69,13.84,11.71,10.81,8.81,6.83,3.61,6.35,Kawit,14.44,120.9
PRECTOTCORR,2018,2.16,1.41,1.23,1.21,3.95,21.99,22.42,13.89,10.69,3.51,1.23,4.63,7.39,Kawit,14.44,120.9
PRECTOTCORR,2019,0.77,0.17,0.23,1.19,6.99,9.71,11.23,16.93,12.28,3.58,4.99,4.57,6.09,Kawit,14.44,120.9
PRECTOTCORR,2020,1.13,4.27,5.52,6.44,3.87,18.38,9.09,9.13,10.06,26.07,20.68,10.17,10.4,Kawit,14.44,120.9
PRECTOTCORR,2021,2.73,1.45,1.27,1.01,1.57,8.28,20.66,7.3,14.88,11.54,2.57,2.12,6.32,Kawit,14.44,120.9
PRECTOTCORR,2022,0.95,1.12,1.74,3.21,6.77,9.02,10.8,20.59,13.73,19.19,3.74,2.94,7.88,Kawit,14.44,120.9
PRECTOTCORR,2023,3.63,0.71,0.37,4.02,3.79,10.08,17.34,9.1,10.09,6.28,3.5,2.48,5.98,Kawit,14.44,120.9
PRECTOTCORR,2024,0.59,0.2,1.04,0.48,5.8,7.82,21.17,10.51,16.09,16.3,2.74,5.0,7.36,Kawit,14.44,120.9
PRECTOTCORR,2025,1.56,2.21,1.23,1.27,6.57,18.22,25.72,10.29,16.94,11.12,9.9,3.21,9.05,Kawit,14.44,120.9
RH2M,1990,75.13,70.66,65.84,64.51,73.34,84.32,86.0,86.92,86.15,85.1,83.74,82.31,78.72,Kawit,14.44,120.9
RH2M,1991,77.82,73.52,69.65,66.99,71.77,78.44,83.42,89.52,88.22,80.87,81.73,80.11,78.54,Kawit,14.44,120.9
RH2M,1992,75.21,70.91,66.97,64.52,69.46,76.22,83.34,87.25,87.11,84.01,82.06,80.49,77.33,Kawit,14.44,120.9
RH2M,1993,74.33,70.82,66.4,64.36,66.6,77.62,84.56,86.32,87.37,85.58,86.41,85.33,78.02,Kawit,14.44,120.9
RH2M,1994,82.66,76.92,71.69,70.43,75.81,82.5,88.34,86.18,86.0,81.6,79.63,77.95,80.0,Kawit,14.44,120.9
RH2M,1995,76.1,73.72,68.17,64.77,75.31,80.54,83.81,86.46,87.46,84.87,86.38,86.08,79.52,Kawit,14.44,120.9
RH2M,1996,82.75,76.03,72.03,75.08,78.38,80.26,84.0,85.49,85.53,84.11,86.45,81.52,80.99,Kawit,14.44,120.9
RH2M,1997,77.94,76.15,68.61,65.12,72.8,83.22,86.98,88.39,85.14,80.81,76.99,74.56,78.08,Kawit,14.44,120.9
RH2M,1998,71.75,67.7,64.91,64.9,72.92,79.76,80.3,84.22,85.98,87.13,87.18,87.28,77.9,Kawit,14.44,120.9
RH2M,1999,85.1,77.82,78.45,78.91,78.93,83.74,87.6,86.76,86.59,86.61,84.77,87.65,83.63,Kawit,14.44,120.9
RH2M,2000,82.19,82.84,80.11,74.03,78.76,83.07,87.28,86.0,85.9,86.64,87.47,87.24,83.47,Kawit,14.44,120.9
RH2M,2001,81.95,80.98,78.27,72.1,77.02,82.44,87.06,88.74,86.72,84.15,82.82,82.58,82.09,Kawit,14.44,120.9
RH2M,2002,78.35,73.66,69.98,66.24,73.38,79.8,87.44,87.05,86.41,84.12,85.35,82.97,79.61,Kawit,14.44,120.9
RH2M,2003,77.03,72.15,67.65,64.47,74.05,83.34,82.41,87.88,87.31,80.34,82.27,78.8,78.18,Kawit,14.44,120.9
RH2M,2004,76.53,73.12,67.87,65.55,78.55,88.0,84.18,89.15,81.98,78.38,81.93,81.83,78.95,Kawit,14.44,120.9
RH2M,2005,76.83,71.03,68.25,64.14,70.41,84.25,85.29,85.7,86.05,84.15,83.82,86.75,78.95,Kawit,14.44,120.9
RH2M,2006,83.37,79.55,73.84,65.68,74.04,79.6,87.63,87.54,85.37,81.91,84.6,85.47,80.75,Kawit,14.44,120.9
RH2M,2007,80.61,74.27,69.19,67.01,74.96,79.83,82.47,85.46,86.89,85.31,85.02,86.16,79.81,Kawit,14.44,120.9
RH2M,2008,83.65,80.39,75.96,72.89,82.68,81.1,85.67,85.3,86.42,84.94,87.08,83.64,82.49,Kawit,14.44,120.9
RH2M,2009,81.72,79.46,72.59,78.6,83.54,86.29,86.63,85.49,87.75,83.54,83.32,76.78,82.14,Kawit,14.44,120.9
RH2M,2010,74.47,69.2,68.41,65.88,66.92,79.07,81.97,84.84,83.63,84.95,86.79,85.41,77.68,Kawit,14.44,120.9
RH2M,2011,82.8,78.31,76.98,68.11,77.53,83.37,84.9,85.85,88.07,84.76,86.12,86.78,82.0,Kawit,14.44,120.9
RH2M,2012,82.53,81.74,78.07,72.35,77.28,85.57,85.65,87.49,86.63,82.86,82.6,80.48,81.94,Kawit,14.44,120.9
RH2M,2013,77.11,75.6,74.94,65.61,73.82,80.74,82.61,86.23,86.6,81.79,84.85,84.12,79.53,Kawit,14.44,120.9
RH2M,2014,75.25,71.06,68.48,64.22,67.52,82.18,86.98,84.32,84.66,83.17,83.69,84.52,78.05,Kawit,14.44,120.9
RH2M,2015,79.98,74.24,68.27,67.03,66.95,75.24,83.58,83.6,83.1,82.12,82.15,82.99,77.47,Kawit,14.44,120.9
RH2M,2016,80.61,76.9,70.99,66.07,71.97,80.18,81.96,87.5,86.14,85.89,84.75,86.3,79.96,Kawit,14.44,120.9
RH2M,2017,83.35,80.22,73.84,69.96,76.79,79.32,84.14,83.17,82.46,82.8,86.77,84.94,80.66,Kawit,14.44,120.9
RH2M,2018,83.86,78.21,72.28,68.96,71.53,83.93,88.13,86.69,85.49,79.04,79.82,80.67,79.9,Kawit,14.44,120.9
RH2M,2019,79.13,72.18,65.13,64.94,75.51,80.94,84.12,87.15,85.26,80.4,83.92,83.49,78.56,Kawit,14.44,120.9
RH2M,2020,78.6,77.66,77.03,77.81,77.59,79.64,80.99,83.86,82.46,85.89,86.65,87.07,81.29,Kawit,14.44,120.9
RH2M,2021,84.71,81.12,77.09,68.29,71.48,81.89,85.37,83.69,84.09,85.73,85.12,82.34,80.92,Kawit,14.44,120.9
RH2M,2022,78.67,77.6,74.57,75.99,75.43,79.26,83.6,84.72,85.79,85.72,86.63,84.94,81.1,Kawit,14.44,120.9
RH2M,2023,84.5,79.48,70.66,71.58,76.21,82.27,82.36,85.83,83.72,83.6,84.11,83.58,80.67,Kawit,14.44,120.9
RH2M,2024,78.46,72.99,70.33,64.46,69.99,79.13,83.46,82.94,86.17,82.98,82.48,85.35,78.26,Kawit,14.44,120.9
RH2M,2025,82.75,80.18,75.3,66.37,74.12,83.76,87.09,82.93,85.95,84.66,86.38,84.54,81.18,Kawit,14.44,120.9
T2M_MAX,1990,31.46,32.4,33.89,35.47,35.21,31.14,30.08,29.94,29.92,30.22,30.0,30.11,35.47,Kawit,14.44,120.9
T2M_MAX,1991,30.06,31.5,32.91,35.34,34.28,33.65,31.66,29.81,29.42,30.1,29.79,29.78,35.34,Kawit,14.44,120.9
T2M_MAX,1992,30.86,32.06,33.58,34.98,34.87,33.63,32.31,29.34,30.33,30.51,29.66,29.54,34.98,Kawit,14.44,120.9
T2M_MAX,1993,31.15,32.91,34.43,35.45,35.42,33.52,31.44,30.1,30.77,29.73,29.66,29.42,35.45,Kawit,14.44,120.9
T2M_MAX,1994,29.41,30.78,32.56,35.92,33.31,32.18,29.66,30.32,29.18,30.31,30.86,30.84,35.92,Kawit,14.44,120.9
T2M_MAX,1995,30.54,32.02,34.64,34.85,34.57,33.19,31.18,30.25,29.65,30.41,30.23,28.38,34.85,Kawit,14.44,120.9
T2M_MAX,1996,29.59,31.55,33.84,32.89,33.55,33.01,30.8,30.15,30.7,30.81,30.15,29.07,33.84,Kawit,14.44,120.9
T2M_MAX,1997,29.48,31.07,32.98,34.56,35.04,31.12,29.55,28.69,30.66,31.15,31.79,31.27,35.04,Kawit,14.44,120.9
T2M_MAX,1998,32.04,33.48,34.19,35.09,35.0,33.45,31.7,31.12,30.29,30.73,30.21,29.44,35.09,Kawit,14.44,120.9
T2M_MAX,1999,29.88,30.77,32.56,32.78,32.14,31.26,29.07,29.53,29.49,30.13,30.1,29.29,32.78,Kawit,14.44,120.9
T2M_MAX,2000,29.46,30.76,31.58,34.92,35.13,31.16,28.79,29.79,30.27,30.44,29.74,29.71,35.13,Kawit,14.44,120.9
T2M_MAX,2001,30.33,30.43,32.7,34.64,34.75,31.67,28.81,29.51,29.74,30.89,30.64,30.02,34.75,Kawit,14.44,120.9
T2M_MAX,2002,30.59,31.22,33.67,34.49,35.1,32.62,30.61,30.14,29.5,30.5,30.51,30.21,35.1,Kawit,14.44,120.9
T2M_MAX,2003,30.39,31.34,34.15,35.56,36.45,30.64,32.14,30.11,29.51,30.73,30.66,30.16,36.45,Kawit,14.44,120.9
T2M_MAX,2004,31.6,32.14,34.68,35.59,34.98,29.13,30.56,28.62,31.29,30.8,31.54,29.55,35.59,Kawit,14.44,120.9
T2M_MAX,2005,30.99,32.55,35.39,35.53,35.51,31.65,30.65,30.67,30.76,30.79,30.71,29.46,35.53,Kawit,14.44,120.9
T2M_MAX,2006,29.46,30.69,34.0,35.43,35.82,32.87,28.92,30.46,30.29,30.3,30.3,29.91,35.82,Kawit,14.44,120.9
T2M_MAX,2007,30.32,32.85,34.05,34.93,34.77,32.64,31.5,30.26,30.32,30.19,30.4,29.38,34.93,Kawit,14.44,120.9
T2M_MAX,2008,29.72,30.1,32.62,34.87,31.52,31.55,30.3,30.8,30.68,30.43,30.27,29.28,34.87,Kawit,14.44,120.9
T2M_MAX,2009,29.87,31.35,32.79,33.13,31.32,31.08,30.07,31.06,30.85,29.78,30.17,30.58,33.13,Kawit,14.44,120.9
T2M_MAX,2010,31.1,33.05,33.84,35.2,36.78,33.22,30.86,30.05,30.44,30.74,29.8,30.02,36.78,Kawit,14.44,120.9
T2M_MAX,2011,28.57,30.66,32.43,33.4,34.43,31.58,30.71,30.81,28.81,30.56,29.91,29.66,34.43,Kawit,14.44,120.9
T2M_MAX,2012,29.9,30.78,31.87,33.65,33.45,30.07,30.14,29.69,30.01,30.18,30.52,31.26,33.65,Kawit,14.44,120.9
T2M_MAX,2013,30.65,32.72,33.1,35.43,34.78,33.11,30.49,29.93,30.04,30.13,30.04,29.64,35.43,Kawit,14.44,120.9
T2M_MAX,2014,29.66,31.89,33.85,35.41,35.99,33.96,31.01,30.88,30.99,30.21,30.67,29.77,35.99,Kawit,14.44,120.9
T2M_MAX,2015,29.78,31.71,33.91,34.62,35.18,34.78,30.82,30.83,31.18,31.33,31.01,31.73,35.18,Kawit,14.44,120.9
T2M_MAX,2016,31.01,31.34,33.31,35.67,36.01,31.62,31.06,30.54,29.99,30.41,30.28,29.62,36.01,Kawit,14.44,120.9
T2M_MAX,2017,29.18,30.62,33.57,35.09,34.16,31.97,31.5,31.78,31.94,30.72,30.25,30.24,35.09,Kawit,14.44,120.9
T2M_MAX,2018,29.97,31.54,32.99,35.32,34.8,33.09,28.68,29.4,30.27,31.54,31.2,31.6,35.32,Kawit,14.44,120.9
T2M_MAX,2019,29.78,31.3,34.63,35.67,34.08,33.26,30.24,29.28,31.17,31.22,30.28,29.97,35.67,Kawit,14.44,120.9
T2M_MAX,2020,30.77,30.89,31.7,32.16,32.84,33.12,31.34,30.85,31.71,31.0,29.96,29.58,33.12,Kawit,14.44,120.9
T2M_MAX,2021,29.63,30.61,33.25,34.23,35.21,32.19,31.52,30.77,30.58,30.5,30.58,30.02,35.21,Kawit,14.44,120.9
T2M_MAX,2022,30.79,32.0,33.7,33.55,34.35,31.23,30.85,30.49,31.15,30.48,30.28,29.97,34.35,Kawit,14.44,120.9
T2M_MAX,2023,29.14,30.83,34.18,34.09,34.27,32.09,32.25,29.8,31.4,31.27,30.97,30.69,34.27,Kawit,14.44,120.9
T2M_MAX,2024,30.83,32.38,33.74,37.57,36.77,33.33,31.4,32.31,31.39,31.17,30.81,30.73,37.57,Kawit,14.44,120.9
T2M_MAX,2025,30.89,30.58,33.34,36.41,34.8,31.22,29.26,31.19,30.3,30.99,30.32,30.16,36.41,Kawit,14.44,120.9
T2M_MIN,1990,21.23,22.51,22.61,24.73,25.83,25.55,25.03,25.47,24.95,24.3,21.85,21.83,21.23,Kawit,14.44,120.9
T2M_MIN,1991,21.86,22.62,22.59,24.3,25.67,25.56,25.54,25.47,24.81,23.91,22.03,21.51,21.51,Kawit,14.44,120.9
T2M_MIN,1992,21.62,21.45,23.0,24.78,25.62,26.37,25.31,25.34,24.93,24.38,20.67,21.81,20.67,Kawit,14.44,120.9
T2M_MIN,1993,20.25,21.25,22.55,24.13,25.31,25.64,25.53,24.99,24.57,23.43,23.67,21.47,20.25,Kawit,14.44,120.9
T2M_MIN,1994,21.07,22.17,22.9,23.75,26.66,25.4,25.04,24.97,24.52,23.32,22.83,22.05,21.07,Kawit,14.44,120.9
T2M_MIN,1995,21.06,21.11,21.95,24.79,25.25,26.02,25.25,25.48,25.1,24.6,24.08,20.85,20.85,Kawit,14.44,120.9
T2M_MIN,1996,20.85,20.56,22.98,24.3,25.74,25.5,25.99,25.03,24.98,25.05,24.04,20.23,20.23,Kawit,14.44,120.9
T2M_MIN,1997,20.79,21.23,21.29,24.27,25.08,25.83,24.98,25.22,24.98,24.08,23.03,22.06,20.79,Kawit,14.44,120.9
T2M_MIN,1998,21.69,22.29,23.07,24.12,26.29,25.67,25.69,25.87,25.73,25.4,24.96,24.12,21.69,Kawit,14.44,120.9
T2M_MIN,1999,22.79,20.82,22.28,24.29,25.47,25.22,25.26,24.76,24.94,24.65,23.13,20.84,20.82,Kawit,14.44,120.9
T2M_MIN,2000,20.6,22.31,23.22,24.82,25.71,25.42,24.57,24.79,24.86,24.73,23.5,23.2,20.6,Kawit,14.44,120.9
T2M_MIN,2001,21.38,22.05,23.38,25.28,26.12,25.65,25.13,25.47,24.47,24.56,21.06,20.7,20.7,Kawit,14.44,120.9
T2M_MIN,2002,20.28,21.31,21.29,24.1,25.5,26.21,25.52,24.93,25.04,24.96,23.32,23.32,20.28,Kawit,14.44,120.9
T2M_MIN,2003,21.12,21.66,22.24,25.41,26.05,25.17,25.73,25.14,24.81,23.68,23.4,21.49,21.12,Kawit,14.44,120.9
T2M_MIN,2004,21.93,21.08,23.4,25.81,25.75,24.8,25.23,25.14,24.96,23.48,23.47,22.07,21.08,Kawit,14.44,120.9
T2M_MIN,2005,21.02,22.43,21.86,23.33,26.35,25.99,25.55,25.4,25.32,25.21,23.55,21.84,21.02,Kawit,14.44,120.9
T2M_MIN,2006,21.73,22.0,23.59,25.12,25.89,25.9,25.22,25.06,25.2,23.9,24.12,23.3,21.73,Kawit,14.44,120.9
T2M_MIN,2007,20.64,20.68,22.98,24.52,25.7,26.42,25.97,24.87,25.01,24.3,21.51,21.45,20.64,Kawit,14.44,120.9
T2M_MIN,2008,21.72,22.01,21.85,25.01,25.42,24.63,25.0,24.47,25.18,25.23,23.73,21.51,21.51,Kawit,14.44,120.9
T2M_MIN,2009,19.75,21.92,23.57,24.6,24.54,25.64,25.24,25.93,25.39,22.49,23.69,21.96,19.75,Kawit,14.44,120.9
T2M_MIN,2010,21.71,22.62,22.9,24.65,25.49,26.33,25.11,25.0,24.94,24.62,24.4,23.04,21.71,Kawit,14.44,120.9
T2M_MIN,2011,21.36,21.24,22.39,23.21,25.39,25.73,25.45,25.33,24.86,24.55,24.19,22.95,21.24,Kawit,14.44,120.9
T2M_MIN,2012,22.53,22.29,22.85,24.66,26.14,25.64,25.61,24.94,25.09,23.76,23.5,23.15,22.29,Kawit,14.44,120.9
T2M_MIN,2013,21.35,22.84,22.53,25.17,26.66,25.51,25.02,25.31,25.56,23.49,23.81,22.99,21.35,Kawit,14.44,120.9
T2M_MIN,2014,19.51,22.17,22.7,25.1,26.38,26.26,25.27,25.08,25.29,24.15,22.7,22.28,19.51,Kawit,14.44,120.9
T2M_MIN,2015,21.22,20.91,22.38,24.45,26.66,26.62,24.97,25.3,25.64,24.82,23.88,22.38,20.91,Kawit,14.44,120.9
T2M_MIN,2016,22.05,21.54,23.42,25.05,26.87,26.45,25.81,25.92,25.05,24.91,23.63,23.1,21.54,Kawit,14.44,120.9
T2M_MIN,2017,21.98,20.09,22.5,23.52,26.16,25.22,26.11,24.86,25.94,25.38,24.11,22.7,20.09,Kawit,14.44,120.9
T2M_MIN,2018,21.83,22.05,22.4,24.42,26.45,25.58,25.1,25.74,25.38,22.62,23.71,23.33,21.83,Kawit,14.44,120.9
T2M_MIN,2019,20.4,21.67,22.97,25.08,26.61,26.42,25.87,25.07,25.25,24.88,22.78,22.81,20.4,Kawit,14.44,120.9
T2M_MIN,2020,21.91,20.72,23.09,24.38,25.71,26.15,26.08,25.46,25.33,25.35,23.35,23.07,20.72,Kawit,14.44,120.9
T2M_MIN,2021,21.17,20.79,23.44,24.35,26.2,25.93,25.81,25.64,25.63,24.52,24.07,22.15,20.79,Kawit,14.44,120.9
T2M_MIN,2022,21.54,23.44,23.71,24.59,26.33,26.06,26.13,25.58,25.68,25.26,24.19,21.73,21.54,Kawit,14.44,120.9
T2M_MIN,2023,21.66,21.9,21.68,24.55,26.02,26.66,26.54,26.5,26.14,25.48,24.11,23.87,21.66,Kawit,14.44,120.9
T2M_MIN,2024,21.89,22.88,23.7,25.55,27.02,26.97,26.24,26.29,25.83,25.52,24.79,24.26,21.89,Kawit,14.44,120.9
T2M_MIN,2025,22.81,22.89,22.98,25.54,26.44,26.13,25.92,25.63,25.16,25.1,24.8,22.86,22.81,Kawit,14.44,120.9
TS,1990,27.67,28.91,30.3,32.26,31.08,28.58,27.78,27.65,27.39,27.58,27.35,26.68,28.6,Kawit,14.44,120.9
TS,1991,26.86,28.61,29.31,31.77,31.07,29.49,28.15,27.22,27.24,27.78,26.91,26.51,28.4,Kawit,14.44,120.9
TS,1992,27.32,28.47,30.59,32.31,31.51,30.22,28.43,27.74,27.33,27.78,26.55,26.63,28.74,Kawit,14.44,120.9
TS,1993,26.87,28.3,29.74,31.81,31.81,30.04,28.39,27.57,27.44,27.13,27.07,26.05,28.51,Kawit,14.44,120.9
TS,1994,26.31,27.64,29.54,30.94,30.78,29.05,27.23,27.55,27.73,27.71,27.16,26.99,28.22,Kawit,14.44,120.9
TS,1995,27.11,28.05,29.87,31.96,30.33,29.63,28.53,27.98,27.82,28.01,27.43,25.89,28.55,Kawit,14.44,120.9
TS,1996,26.08,26.85,29.41,29.92,29.8,29.32,28.84,27.83,28.13,28.27,27.38,26.09,28.16,Kawit,14.44,120.9
TS,1997,26.09,27.5,29.56,32.1,30.83,28.61,27.81,27.21,27.69,28.53,28.67,28.18,28.57,Kawit,14.44,120.9
TS,1998,28.32,30.24,30.52,31.8,31.63,29.78,29.41,28.75,28.35,28.05,27.74,27.16,29.3,Kawit,14.44,120.9
TS,1999,26.78,26.73,28.83,29.33,29.62,28.42,27.47,27.18,27.49,27.53,27.11,26.32,27.74,Kawit,14.44,120.9
TS,2000,26.41,26.98,28.23,30.51,30.01,28.67,27.4,28.02,27.57,27.75,27.01,26.65,27.93,Kawit,14.44,120.9
TS,2001,27.1,27.34,28.62,31.31,30.63,29.1,27.66,27.8,27.65,28.19,27.28,26.56,28.27,Kawit,14.44,120.9
TS,2002,26.61,27.63,29.7,31.62,31.17,29.78,27.74,27.56,27.82,28.19,27.41,27.48,28.56,Kawit,14.44,120.9
TS,2003,26.74,28.09,30.04,32.77,31.59,28.26,28.77,27.55,27.58,28.22,28.02,26.34,28.66,Kawit,14.44,120.9
TS,2004,27.64,28.38,30.82,32.59,29.86,27.64,28.03,27.32,28.36,28.17,27.8,26.66,28.6,Kawit,14.44,120.9
TS,2005,26.65,28.84,29.93,31.9,32.16,28.94,28.54,28.05,28.04,28.25,27.74,26.5,28.79,Kawit,14.44,120.9
TS,2006,26.77,27.32,29.4,32.09,30.76,29.66,27.82,27.55,28.11,28.13,27.64,26.89,28.51,Kawit,14.44,120.9
TS,2007,26.88,28.04,30.17,32.09,30.9,29.96,29.11,28.13,27.96,27.75,27.12,26.47,28.71,Kawit,14.44,120.9
TS,2008,26.44,26.95,28.85,30.86,28.83,28.92,27.74,27.61,27.76,28.08,27.28,26.42,27.98,Kawit,14.44,120.9
TS,2009,25.97,27.48,30.19,29.46,28.52,27.91,27.98,28.32,27.77,27.34,27.69,27.02,27.97,Kawit,14.44,120.9
TS,2010,27.87,29.65,30.7,32.31,33.06,30.16,28.91,28.17,28.33,28.09,27.32,26.76,29.27,Kawit,14.44,120.9
TS,2011,26.12,27.16,28.07,30.52,29.9,28.39,27.99,27.75,27.49,27.68,27.31,26.69,27.92,Kawit,14.44,120.9
TS,2012,26.98,27.33,28.37,30.73,30.21,28.17,27.94,27.29,27.83,27.68,27.85,28.02,28.2,Kawit,14.44,120.9
TS,2013,27.17,28.37,29.25,32.78,31.09,29.43,28.42,27.73,27.81,27.76,27.37,27.25,28.7,Kawit,14.44,120.9
TS,2014,26.05,28.68,30.04,32.49,32.48,29.52,27.89,27.95,28.1,28.02,27.72,26.62,28.79,Kawit,14.44,120.9
TS,2015,26.03,27.21,29.61,31.67,32.65,31.0,28.31,28.51,28.78,28.33,28.12,27.4,28.97,Kawit,14.44,120.9
TS,2016,27.38,27.53,30.52,32.71,31.83,29.87,29.01,28.03,28.17,27.95,27.58,27.16,28.98,Kawit,14.44,120.9
TS,2017,26.43,26.64,28.97,31.36,30.52,29.93,28.63,28.74,28.78,28.48,27.73,27.06,28.61,Kawit,14.44,120.9
TS,2018,26.74,27.76,29.25,31.52,31.48,28.89,27.84,27.73,28.04,28.77,28.26,27.74,28.67,Kawit,14.44,120.9
TS,2019,26.5,27.92,31.09,32.32,30.92,30.14,28.56,27.91,27.96,28.64,27.8,27.1,28.91,Kawit,14.44,120.9
TS,2020,27.28,26.82,29.27,29.86,30.78,30.0,29.32,28.48,28.93,28.37,27.5,27.09,28.65,Kawit,14.44,120.9
TS,2021,26.35,27.15,29.06,31.46,31.9,29.46,28.7,28.54,28.51,28.13,28.19,26.88,28.7,Kawit,14.44,120.9
TS,2022,27.13,28.28,30.06,29.84,30.81,29.67,29.13,28.26,28.17,28.29,27.78,27.01,28.7,Kawit,14.44,120.9
TS,2023,26.18,27.25,29.39,30.78,30.98,29.63,29.09,28.63,28.86,28.7,28.26,27.94,28.81,Kawit,14.44,120.9
TS,2024,27.4,28.65,30.1,32.92,32.61,30.51,29.06,29.2,28.56,28.6,28.36,27.62,29.46,Kawit,14.44,120.9
TS,2025,27.15,27.69,29.34,32.73,31.03,29.09,28.26,28.52,27.97,28.19,27.84,27.27,28.76,Kawit,14.44,120.9
WS2M,1990,4.49,4.56,3.98,3.8,3.28,3.9,3.51,5.33,3.54,3.16,3.97,5.01,4.04,Kawit,14.44,120.9
WS2M,1991,4.7,4.42,4.67,3.71,3.54,4.34,3.88,4.59,4.47,3.44,4.17,5.37,4.27,Kawit,14.44,120.9
WS2M,1992,3.94,4.3,4.1,3.27,3.26,3.22,3.29,5.06,3.93,3.55,4.64,5.18,3.98,Kawit,14.44,120.9
WS2M,1993,4.71,4.46,4.55,3.41,3.2,2.72,3.36,3.98,3.2,4.31,4.53,5.74,4.02,Kawit,14.44,120.9
WS2M,1994,4.25,4.37,5.13,3.51,2.59,3.01,5.49,3.7,3.18,3.57,5.03,5.33,4.1,Kawit,14.44,120.9
WS2M,1995,5.18,4.52,4.5,4.43,3.11,3.05,3.28,3.16,3.69,3.37,4.15,5.7,4.01,Kawit,14.44,120.9
WS2M,1996,5.1,5.62,5.06,3.88,3.31,2.88,4.23,3.22,3.37,2.87,4.87,5.45,4.15,Kawit,14.44,120.9
WS2M,1997,4.4,5.26,4.03,3.17,4.22,3.15,2.97,5.13,2.64,3.3,4.04,4.65,3.91,Kawit,14.44,120.9
WS2M,1998,4.69,3.62,4.59,4.03,4.06,2.54,2.09,2.59,3.87,4.15,3.45,4.84,3.71,Kawit,14.44,120.9
WS2M,1999,5.13,5.41,4.01,3.13,2.39,3.22,4.39,4.05,3.56,3.41,4.24,5.05,3.99,Kawit,14.44,120.9
WS2M,2000,4.86,4.71,4.2,3.12,3.5,2.8,4.68,3.73,4.29,3.85,4.28,4.68,4.06,Kawit,14.44,120.9
WS2M,2001,4.36,4.9,4.32,3.14,3.06,2.99,4.24,4.81,3.7,3.29,5.05,5.8,4.14,Kawit,14.44,120.9
WS2M,2002,4.71,4.79,4.57,4.09,3.38,2.68,5.49,3.66,3.15,2.76,4.14,4.1,3.96,Kawit,14.44,120.9
WS2M,2003,4.96,5.02,4.11,3.38,4.24,3.35,2.99,3.89,3.43,2.95,4.0,5.71,4.0,Kawit,14.44,120.9
WS2M,2004,4.28,4.25,3.73,3.11,3.97,4.61,2.72,5.09,2.69,3.06,4.82,4.65,3.91,Kawit,14.44,120.9
WS2M,2005,3.88,3.76,4.22,3.16,2.22,2.91,3.37,3.89,3.28,2.96,3.39,5.22,3.52,Kawit,14.44,120.9
WS2M,2006,3.94,4.91,3.67,3.42,3.41,2.84,4.51,4.1,2.74,3.05,3.28,5.13,3.75,Kawit,14.44,120.9
WS2M,2007,4.87,4.16,4.1,3.68,2.88,2.34,2.86,4.13,3.53,3.83,4.4,4.59,3.78,Kawit,14.44,120.9
WS2M,2008,4.83,5.15,3.86,4.11,3.22,2.93,3.27,3.36,3.67,2.88,3.8,4.92,3.83,Kawit,14.44,120.9
WS2M,2009,5.22,4.19,3.66,3.19,3.06,4.17,3.56,4.13,4.36,3.92,3.61,4.07,3.93,Kawit,14.44,120.9
WS2M,2010,4.65,3.58,4.37,3.43,2.63,2.33,2.31,3.45,2.48,3.48,3.22,3.91,3.32,Kawit,14.44,120.9
WS2M,2011,4.88,4.1,5.19,3.88,2.94,3.3,3.75,3.87,4.01,3.22,3.88,4.13,3.93,Kawit,14.44,120.9
WS2M,2012,4.03,4.17,4.46,3.1,2.2,4.47,3.59,4.99,2.76,3.41,3.51,4.2,3.74,Kawit,14.44,120.9
WS2M,2013,4.68,4.89,3.4,2.73,2.46,3.01,2.51,4.03,3.7,3.12,4.17,3.4,3.5,Kawit,14.44,120.9
WS2M,2014,4.68,3.39,3.99,2.65,2.35,3.39,4.12,3.25,3.43,2.7,3.66,5.13,3.57,Kawit,14.44,120.9
WS2M,2015,4.47,3.99,4.03,3.55,2.66,2.75,4.17,3.42,2.56,3.72,4.04,4.46,3.65,Kawit,14.44,120.9
WS2M,2016,3.91,4.25,3.32,3.29,2.76,2.49,2.87,4.67,3.16,3.34,3.98,4.37,3.53,Kawit,14.44,120.9
WS2M,2017,4.85,4.45,3.82,3.39,2.61,2.26,3.45,3.18,2.58,2.92,4.14,4.64,3.52,Kawit,14.44,120.9
WS2M,2018,4.51,3.7,3.85,3.53,2.85,3.91,4.33,5.19,3.14,2.99,4.15,4.57,3.9,Kawit,14.44,120.9
WS2M,2019,4.72,4.2,3.38,3.15,2.5,3.23,3.49,5.35,4.02,2.93,3.27,4.38,3.72,Kawit,14.44,120.9
WS2M,2020,4.19,5.13,3.61,3.52,2.49,2.53,2.31,3.06,2.36,3.33,4.22,3.68,3.36,Kawit,14.44,120.9
WS2M,2021,4.73,3.99,3.94,3.51,3.54,3.08,4.54,3.27,2.7,3.65,3.6,5.08,3.81,Kawit,14.44,120.9
WS2M,2022,4.24,4.61,3.79,3.88,2.75,2.21,2.49,3.09,3.59,3.56,3.57,4.15,3.49,Kawit,14.44,120.9
WS2M,2023,4.83,4.5,3.94,2.89,3.18,2.97,3.87,4.77,2.8,2.91,3.98,4.18,3.74,Kawit,14.44,120.9
WS2M,2024,4.74,4.74,4.16,3.61,3.17,2.34,3.47,2.87,4.03,3.47,3.29,4.41,3.69,Kawit,14.44,120.9
WS2M,2025,4.26,4.56,4.21,2.97,3.11,3.04,5.4,2.68,3.34,2.73,4.0,3.8,3.67,Kawit,14.44,120.9
ALLSKY_SFC_SW_DWN,1990,18.17,21.72,22.51,24.96,21.21,17.22,18.27,16.04,17.99,18.14,16.46,16.23,19.05,Noveleta,14.43,120.88
ALLSKY_SFC_SW_DWN,1991,17.38,19.5,23.2,23.67,23.1,19.18,16.68,12.57,15.47,17.59,16.71,17.17,18.51,Noveleta,14.43,120.88
ALLSKY_SFC_SW_DWN,1992,17.47,20.64,23.46,23.65,21.92,20.46,17.94,13.29,15.93,17.84,17.48,16.78,18.89,Noveleta,14.43,120.88
ALLSKY_SFC_SW_DWN,1993,18.42,21.06,22.47,24.08,24.36,20.87,18.04,16.24,15.75,16.89,16.46,14.12,19.04,Noveleta,14.43,120.88
ALLSKY_SFC_SW_DWN,1994,17.31,20.13,21.72,23.41,21.92,19.63,12.53,18.8,16.86,19.07,19.06,16.68,18.91,Noveleta,14.43,120.88
ALLSKY_SFC_SW_DWN,1995,17.24,20.14,22.69,25.05,21.19,21.11,17.95,16.67,14.69,16.83,15.28,13.83,18.54,Noveleta,14.43,120.88
ALLSKY_SFC_SW_DWN,1996,15.56,19.01,21.36,21.13,19.89,20.44,15.7,18.79,16.1,17.37,14.37,15.87,17.96,Noveleta,14.43,120.88
ALLSKY_SFC_SW_DWN,1997,16.76,18.1,21.75,22.86,20.25,20.3,17.16,15.27,17.7,18.96,17.98,16.66,18.64,Noveleta,14.43,120.88
ALLSKY_SFC_SW_DWN,1998,16.77,20.22,22.1,23.65,19.57,20.71,19.95,19.22,15.18,14.6,16.26,13.64,18.47,Noveleta,14.43,120.88
ALLSKY_SFC_SW_DWN,1999,14.94,18.27,19.68,20.95,20.95,17.62,15.91,16.01,16.34,16.77,15.21,13.79,17.19,Noveleta,14.43,120.88
ALLSKY_SFC_SW_DWN,2000,16.35,16.51,19.4,22.38,17.88,19.72,13.99,17.06,16.84,15.56,14.73,14.19,17.04,Noveleta,14.43,120.88
ALLSKY_SFC_SW_DWN,2001,16.61,16.75,20.93,23.06,19.93,18.82,17.16,14.25,17.83,17.58,17.12,15.09,17.92,Noveleta,14.43,120.88
ALLSKY_SFC_SW_DWN,2002,17.65,19.49,22.84,24.71,21.94,20.53,12.71,17.32,16.54,18.36,15.72,16.38,18.67,Noveleta,14.43,120.88
ALLSKY_SFC_SW_DWN,2003,17.38,20.41,22.8,24.58,19.22,18.83,19.37,16.39,16.2,18.82,16.83,15.54,18.85,Noveleta,14.43,120.88
ALLSKY_SFC_SW_DWN,2004,17.49,18.76,22.85,24.28,20.54,14.73,20.08,15.69,20.23,18.54,15.33,16.05,18.72,Noveleta,14.43,120.88
ALLSKY_SFC_SW_DWN,2005,17.14,20.31,21.61,24.0,23.43,18.56,17.22,14.85,15.88,16.95,15.62,12.81,18.18,Noveleta,14.43,120.88
ALLSKY_SFC_SW_DWN,2006,15.53,18.66,21.98,24.6,20.56,20.85,12.31,14.35,18.09,17.1,17.24,14.39,17.94,Noveleta,14.43,120.88
ALLSKY_SFC_SW_DWN,2007,16.2,20.45,22.37,23.91,21.06,19.64,19.22,13.51,15.98,15.57,13.82,15.5,18.08,Noveleta,14.43,120.88
ALLSKY_SFC_SW_DWN,2008,15.49,16.25,21.94,22.61,18.64,20.51,17.34,16.01,16.85,17.15,14.87,14.47,17.67,Noveleta,14.43,120.88
ALLSKY_SFC_SW_DWN,2009,14.97,18.02,21.28,20.3,20.24,16.46,16.79,17.59,13.23,14.94,17.59,17.24,17.39,Noveleta,14.43,120.88
ALLSKY_SFC_SW_DWN,2010,17.29,22.02,22.61,24.49,24.41,18.96,18.92,17.62,19.22,15.55,15.31,14.54,19.22,Noveleta,14.43,120.88
ALLSKY_SFC_SW_DWN,2011,15.04,18.76,19.32,23.29,20.69,16.77,15.28,14.52,15.11,17.38,15.71,13.76,17.12,Noveleta,14.43,120.88
ALLSKY_SFC_SW_DWN,2012,16.27,18.66,18.76,24.62,20.63,16.81,15.51,13.33,16.23,16.53,18.29,15.5,17.57,Noveleta,14.43,120.88
ALLSKY_SFC_SW_DWN,2013,15.91,18.42,21.98,24.24,21.14,19.1,18.05,13.75,13.95,17.14,15.75,15.38,17.89,Noveleta,14.43,120.88
ALLSKY_SFC_SW_DWN,2014,17.17,20.26,21.73,23.91,24.27,17.6,14.99,17.92,16.71,17.75,17.13,13.29,18.54,Noveleta,14.43,120.88
ALLSKY_SFC_SW_DWN,2015,16.24,20.15,22.29,24.78,23.71,22.45,16.5,18.49,20.68,17.69,18.61,15.53,19.74,Noveleta,14.43,120.88
ALLSKY_SFC_SW_DWN,2016,18.22,18.92,23.14,25.13,22.41,19.94,18.91,14.1,16.8,16.12,15.82,14.52,18.66,Noveleta,14.43,120.88
ALLSKY_SFC_SW_DWN,2017,15.21,19.0,22.49,24.15,21.8,21.44,15.93,18.75,17.91,15.8,15.83,14.31,18.53,Noveleta,14.43,120.88
ALLSKY_SFC_SW_DWN,2018,15.37,20.27,22.62,24.53,23.64,15.56,12.8,14.11,18.68,20.34,18.21,14.05,18.32,Noveleta,14.43,120.88
ALLSKY_SFC_SW_DWN,2019,17.4,21.52,24.25,24.96,21.36,20.74,17.3,13.76,15.88,20.42,15.29,15.76,19.03,Noveleta,14.43,120.88
ALLSKY_SFC_SW_DWN,2020,17.35,19.87,24.03,23.88,23.06,21.32,20.27,16.84,20.28,14.9,15.35,14.37,19.28,Noveleta,14.43,120.88
ALLSKY_SFC_SW_DWN,2021,15.11,18.97,21.71,23.23,23.86,19.15,14.79,18.43,17.9,15.78,17.23,15.61,18.47,Noveleta,14.43,120.88
ALLSKY_SFC_SW_DWN,2022,17.8,18.11,22.98,21.41,22.26,21.09,17.8,16.01,16.05,16.83,16.85,14.3,18.46,Noveleta,14.43,120.88
ALLSKY_SFC_SW_DWN,2023,15.11,18.84,23.78,22.27,21.85,19.16,16.42,17.57,16.95,16.61,17.18,15.74,18.45,Noveleta,14.43,120.88
ALLSKY_SFC_SW_DWN,2024,17.12,21.06,22.14,25.92,22.92,20.66,15.12,19.55,14.06,15.79,17.45,13.07,18.72,Noveleta,14.43,120.88
ALLSKY_SFC_SW_DWN,2025,15.93,17.29,21.27,24.49,22.13,17.21,12.27,17.88,14.37,16.12,14.45,15.18,17.38,Noveleta,14.43,120.88
EVLAND,1990,1.12,0.28,0.35,0.12,1.78,3.64,3.79,4.49,3.57,3.42,3.63,3.15,2.46,Noveleta,14.43,120.88
EVLAND,1991,2.19,0.93,0.93,0.49,2.32,2.84,3.25,3.16,3.56,4.34,3.58,2.93,2.56,Noveleta,14.43,120.88
EVLAND,1992,1.68,0.78,0.23,0.56,1.22,2.7,3.05,3.44,3.44,3.58,3.95,2.83,2.29,Noveleta,14.43,120.88
EVLAND,1993,1.49,0.53,0.19,0.59,1.32,2.21,3.26,3.52,3.08,3.82,3.08,3.41,2.22,Noveleta,14.43,120.88
EVLAND,1994,3.05,2.52,0.77,1.34,2.0,2.81,3.68,3.9,3.35,4.17,3.36,2.17,2.76,Noveleta,14.43,120.88
EVLAND,1995,1.42,0.99,0.26,0.14,1.34,3.43,2.77,3.12,3.17,3.72,3.31,2.84,2.22,Noveleta,14.43,120.88
EVLAND,1996,2.93,2.24,0.57,1.4,1.8,2.77,2.73,3.39,3.56,3.06,3.48,3.76,2.64,Noveleta,14.43,120.88
EVLAND,1997,2.65,1.68,0.56,0.71,1.7,3.85,3.13,3.63,3.2,4.01,3.16,1.65,2.5,Noveleta,14.43,120.88
EVLAND,1998,0.42,0.29,0.22,0.91,1.57,3.2,3.2,3.18,3.34,3.21,2.67,2.99,2.11,Noveleta,14.43,120.88
EVLAND,1999,3.59,3.3,2.72,2.92,2.29,3.22,3.19,3.84,3.44,3.2,3.54,2.77,3.17,Noveleta,14.43,120.88
EVLAND,2000,3.41,2.94,2.57,2.32,2.26,3.08,3.66,3.5,3.85,3.23,3.34,2.82,3.08,Noveleta,14.43,120.88
EVLAND,2001,3.34,3.07,2.58,2.22,2.52,2.93,4.1,3.49,3.17,3.19,3.67,3.23,3.13,Noveleta,14.43,120.88
EVLAND,2002,2.43,1.12,0.47,0.59,1.31,3.55,3.94,3.63,3.26,3.29,3.16,3.11,2.5,Noveleta,14.43,120.88
EVLAND,2003,2.46,0.72,0.51,0.25,1.93,4.35,3.77,3.61,3.29,4.27,3.52,2.68,2.63,Noveleta,14.43,120.88
EVLAND,2004,1.55,0.86,0.43,0.77,2.87,3.48,3.44,3.6,3.97,3.99,2.98,3.29,2.61,Noveleta,14.43,120.88
EVLAND,2005,2.33,0.77,0.54,0.57,1.27,3.05,3.26,3.47,3.46,3.49,3.49,2.85,2.39,Noveleta,14.43,120.88
EVLAND,2006,3.01,3.07,1.81,0.63,1.58,3.0,2.99,3.72,3.39,4.13,3.05,3.25,2.8,Noveleta,14.43,120.88
EVLAND,2007,2.97,1.47,0.51,0.38,1.58,2.57,3.23,3.65,3.25,3.84,3.62,3.66,2.57,Noveleta,14.43,120.88
EVLAND,2008,3.12,2.68,2.06,0.89,3.02,3.64,3.49,3.76,3.5,3.32,3.08,3.39,3.0,Noveleta,14.43,120.88
EVLAND,2009,2.74,2.23,1.2,1.78,4.12,3.93,3.33,4.01,3.51,3.96,3.95,2.64,3.12,Noveleta,14.43,120.88
EVLAND,2010,1.13,0.22,0.31,0.25,0.96,2.57,3.2,3.75,3.22,3.32,2.8,3.08,2.08,Noveleta,14.43,120.88
EVLAND,2011,3.0,2.94,1.74,0.5,2.65,3.59,4.0,3.82,3.49,3.74,3.26,3.16,2.99,Noveleta,14.43,120.88
EVLAND,2012,3.39,2.82,2.47,1.86,2.77,3.66,3.54,4.04,3.43,4.24,3.48,2.47,3.18,Noveleta,14.43,120.88
EVLAND,2013,1.96,1.42,2.66,0.75,1.5,3.27,3.56,3.37,3.23,4.51,3.55,2.6,2.71,Noveleta,14.43,120.88
EVLAND,2014,2.57,0.94,0.42,0.58,1.51,3.33,3.53,3.98,3.8,3.65,3.64,3.22,2.61,Noveleta,14.43,120.88
EVLAND,2015,3.11,2.03,0.56,0.57,1.08,2.83,3.86,3.68,3.84,4.35,3.93,3.26,2.76,Noveleta,14.43,120.88
EVLAND,2016,3.27,2.37,1.21,0.68,1.89,3.07,3.77,3.72,3.24,3.58,3.79,3.28,2.83,Noveleta,14.43,120.88
EVLAND,2017,3.72,3.3,2.38,1.64,2.54,3.48,3.52,4.07,3.73,3.78,3.63,3.48,3.27,Noveleta,14.43,120.88
EVLAND,2018,3.3,3.18,2.51,1.36,2.2,3.4,3.21,3.99,3.74,4.28,3.48,2.4,3.09,Noveleta,14.43,120.88
EVLAND,2019,3.04,1.59,0.3,1.15,2.46,3.28,3.36,3.92,4.08,4.06,3.2,3.69,2.85,Noveleta,14.43,120.88
EVLAND,2020,3.01,2.79,3.18,3.85,3.35,3.97,3.53,3.62,3.54,3.27,3.73,3.17,3.42,Noveleta,14.43,120.88
EVLAND,2021,3.82,3.85,3.04,1.57,1.28,2.66,3.62,3.78,3.34,3.65,3.42,3.31,3.11,Noveleta,14.43,120.88
EVLAND,2022,2.71,2.4,1.78,2.64,2.66,3.4,3.57,3.38,3.41,3.21,3.34,3.17,2.97,Noveleta,14.43,120.88
EVLAND,2023,3.44,3.29,1.69,2.81,2.73,3.29,4.04,4.19,3.67,3.85,3.71,3.5,3.35,Noveleta,14.43,120.88
EVLAND,2024,2.81,1.24,0.9,0.63,1.94,3.4,3.73,3.74,3.57,3.56,4.05,3.34,2.75,Noveleta,14.43,120.88
EVLAND,2025,3.38,3.2,2.5,1.41,3.09,3.51,4.37,3.91,3.55,3.35,3.46,3.66,3.29,Noveleta,14.43,120.88
GWETROOT,1990,0.61,0.59,0.59,0.58,0.64,0.93,0.99,0.99,0.98,0.95,0.89,0.77,0.79,Noveleta,14.43,120.88
GWETROOT,1991,0.66,0.6,0.6,0.59,0.62,0.7,0.9,0.99,1.0,0.93,0.82,0.73,0.76,Noveleta,14.43,120.88
GWETROOT,1992,0.63,0.6,0.59,0.59,0.6,0.72,0.87,0.98,0.99,0.92,0.86,0.73,0.76,Noveleta,14.43,120.88
GWETROOT,1993,0.62,0.59,0.59,0.59,0.6,0.69,0.88,0.97,0.99,0.96,0.9,0.86,0.77,Noveleta,14.43,120.88
GWETROOT,1994,0.78,0.66,0.6,0.6,0.63,0.79,0.96,0.96,0.97,0.91,0.75,0.66,0.77,Noveleta,14.43,120.88
GWETROOT,1995,0.62,0.61,0.59,0.58,0.64,0.81,0.89,0.96,0.99,0.97,0.94,0.87,0.79,Noveleta,14.43,120.88
GWETROOT,1996,0.78,0.65,0.59,0.61,0.65,0.77,0.87,0.98,0.98,0.95,0.96,0.86,0.8,Noveleta,14.43,120.88
GWETROOT,1997,0.7,0.62,0.6,0.59,0.66,0.91,0.98,1.0,0.97,0.88,0.72,0.62,0.77,Noveleta,14.43,120.88
GWETROOT,1998,0.59,0.59,0.59,0.6,0.64,0.83,0.87,0.94,0.97,0.99,0.96,0.94,0.79,Noveleta,14.43,120.88
GWETROOT,1999,0.89,0.73,0.66,0.68,0.7,0.87,0.99,0.99,0.99,0.98,0.93,0.9,0.86,Noveleta,14.43,120.88
GWETROOT,2000,0.8,0.75,0.68,0.62,0.74,0.91,0.99,0.99,0.99,0.97,0.97,0.9,0.86,Noveleta,14.43,120.88
GWETROOT,2001,0.79,0.7,0.66,0.62,0.69,0.85,0.98,0.99,0.96,0.9,0.85,0.78,0.82,Noveleta,14.43,120.88
GWETROOT,2002,0.67,0.61,0.59,0.59,0.63,0.81,0.98,0.99,0.98,0.96,0.92,0.79,0.79,Noveleta,14.43,120.88
GWETROOT,2003,0.67,0.6,0.59,0.59,0.66,0.94,0.94,0.99,0.99,0.93,0.83,0.72,0.79,Noveleta,14.43,120.88
GWETROOT,2004,0.62,0.6,0.59,0.59,0.76,0.97,0.98,1.0,0.96,0.86,0.75,0.8,0.79,Noveleta,14.43,120.88
GWETROOT,2005,0.66,0.6,0.59,0.59,0.61,0.88,0.97,0.99,0.99,0.96,0.92,0.87,0.8,Noveleta,14.43,120.88
GWETROOT,2006,0.78,0.7,0.62,0.59,0.66,0.76,0.95,1.0,0.98,0.94,0.92,0.85,0.81,Noveleta,14.43,120.88
GWETROOT,2007,0.73,0.62,0.59,0.59,0.64,0.77,0.89,0.97,0.99,0.97,0.94,0.89,0.8,Noveleta,14.43,120.88
GWETROOT,2008,0.79,0.69,0.64,0.6,0.77,0.88,0.97,0.99,0.99,0.98,0.96,0.86,0.84,Noveleta,14.43,120.88
GWETROOT,2009,0.75,0.65,0.61,0.67,0.91,0.99,0.99,0.98,0.99,0.97,0.86,0.7,0.84,Noveleta,14.43,120.88
GWETROOT,2010,0.61,0.59,0.59,0.59,0.6,0.74,0.9,0.99,0.98,0.98,0.98,0.9,0.79,Noveleta,14.43,120.88
GWETROOT,2011,0.81,0.7,0.63,0.59,0.73,0.94,0.99,1.0,0.99,0.98,0.95,0.92,0.85,Noveleta,14.43,120.88
GWETROOT,2012,0.8,0.71,0.65,0.63,0.71,0.95,0.99,1.0,1.0,0.96,0.83,0.7,0.83,Noveleta,14.43,120.88
GWETROOT,2013,0.64,0.62,0.64,0.59,0.62,0.85,0.98,1.0,1.0,0.97,0.89,0.81,0.8,Noveleta,14.43,120.88
GWETROOT,2014,0.69,0.6,0.59,0.59,0.61,0.83,0.98,0.98,0.99,0.98,0.87,0.83,0.8,Noveleta,14.43,120.88
GWETROOT,2015,0.76,0.63,0.59,0.59,0.6,0.68,0.92,0.97,0.99,0.97,0.83,0.8,0.78,Noveleta,14.43,120.88
GWETROOT,2016,0.76,0.65,0.6,0.59,0.63,0.8,0.96,0.99,0.99,0.99,0.94,0.92,0.82,Noveleta,14.43,120.88
GWETROOT,2017,0.85,0.75,0.64,0.6,0.68,0.85,0.96,0.99,0.98,0.98,0.96,0.9,0.85,Noveleta,14.43,120.88
GWETROOT,2018,0.81,0.72,0.63,0.6,0.63,0.91,1.0,0.99,0.99,0.9,0.77,0.7,0.8,Noveleta,14.43,120.88
GWETROOT,2019,0.74,0.62,0.59,0.6,0.68,0.81,0.96,0.99,0.99,0.91,0.92,0.84,0.81,Noveleta,14.43,120.88
GWETROOT,2020,0.72,0.67,0.69,0.7,0.75,0.9,0.97,0.99,0.96,1.0,0.99,0.98,0.86,Noveleta,14.43,120.88
GWETROOT,2021,0.92,0.79,0.67,0.6,0.6,0.76,0.94,0.98,0.99,0.99,0.9,0.81,0.83,Noveleta,14.43,120.88
GWETROOT,2022,0.71,0.64,0.61,0.64,0.7,0.87,0.98,1.0,0.99,0.99,0.97,0.91,0.84,Noveleta,14.43,120.88
GWETROOT,2023,0.87,0.73,0.62,0.64,0.65,0.84,0.96,0.97,0.99,0.98,0.9,0.82,0.83,Noveleta,14.43,120.88
GWETROOT,2024,0.71,0.61,0.59,0.59,0.62,0.81,0.96,0.98,0.99,0.98,0.94,0.85,0.8,Noveleta,14.43,120.88
GWETROOT,2025,0.82,0.73,0.64,0.6,0.68,0.91,0.99,0.97,1.0,0.99,0.98,0.95,0.86,Noveleta,14.43,120.88
PRECTOTCORR,1990,0.46,0.11,0.34,0.11,6.32,20.15,15.81,23.75,14.23,4.62,3.58,1.33,7.61,Noveleta,14.43,120.88
PRECTOTCORR,1991,0.36,0.8,0.66,0.51,2.95,6.62,16.03,24.88,14.87,2.47,3.28,0.77,6.23,Noveleta,14.43,120.88
PRECTOTCORR,1992,0.32,0.6,0.19,0.58,2.41,5.69,9.09,20.77,10.79,4.34,2.74,0.67,4.87,Noveleta,14.43,120.88
PRECTOTCORR,1993,0.45,0.21,0.17,0.79,1.28,6.87,10.15,16.21,7.57,4.79,4.05,4.57,4.8,Noveleta,14.43,120.88
PRECTOTCORR,1994,1.2,0.47,0.36,1.47,2.87,9.64,18.07,9.2,6.33,3.08,0.58,1.84,4.63,Noveleta,14.43,120.88
PRECTOTCORR,1995,0.44,0.87,0.14,0.15,4.18,6.09,7.03,15.15,14.91,6.05,3.37,3.68,5.2,Noveleta,14.43,120.88
PRECTOTCORR,1996,0.49,0.24,0.35,1.59,4.49,5.02,13.39,7.63,12.42,3.71,6.92,0.81,4.76,Noveleta,14.43,120.88
PRECTOTCORR,1997,0.32,1.04,0.27,0.75,11.66,8.27,12.5,21.06,4.3,1.49,0.88,0.56,5.31,Noveleta,14.43,120.88
PRECTOTCORR,1998,0.42,0.06,0.28,1.01,6.4,5.29,4.47,9.06,16.14,11.0,2.68,6.77,5.33,Noveleta,14.43,120.88
PRECTOTCORR,1999,1.29,0.62,2.96,3.59,3.09,11.07,17.22,22.36,11.48,9.64,3.73,4.5,7.69,Noveleta,14.43,120.88
PRECTOTCORR,2000,1.07,2.53,1.73,1.71,8.62,6.94,20.84,12.94,14.73,8.46,3.37,3.55,7.24,Noveleta,14.43,120.88
PRECTOTCORR,2001,0.58,3.59,1.1,1.52,5.53,11.88,11.31,13.48,2.72,3.45,3.28,3.05,5.14,Noveleta,14.43,120.88
PRECTOTCORR,2002,0.3,0.66,0.39,0.62,3.7,7.49,29.46,9.42,9.58,4.37,3.13,1.04,5.9,Noveleta,14.43,120.88
PRECTOTCORR,2003,0.5,0.25,0.47,0.29,13.6,8.28,8.09,19.14,14.0,2.39,3.03,0.7,5.94,Noveleta,14.43,120.88
PRECTOTCORR,2004,0.4,0.91,0.21,0.79,12.33,16.51,11.69,16.16,3.47,2.59,5.21,2.2,6.06,Noveleta,14.43,120.88
PRECTOTCORR,2005,0.5,0.38,0.58,0.51,2.6,11.65,12.92,15.89,11.53,6.71,2.5,3.91,5.84,Noveleta,14.43,120.88
PRECTOTCORR,2006,2.15,0.55,1.46,0.21,3.74,8.06,18.88,17.03,11.99,5.27,1.75,4.23,6.33,Noveleta,14.43,120.88
PRECTOTCORR,2007,0.62,0.23,0.42,0.38,5.19,3.2,8.6,25.52,19.93,7.67,7.71,1.74,6.81,Noveleta,14.43,120.88
PRECTOTCORR,2008,2.03,1.43,0.88,1.05,9.37,10.86,10.42,14.67,22.03,5.66,6.53,1.7,7.22,Noveleta,14.43,120.88
PRECTOTCORR,2009,0.95,0.98,1.15,6.56,11.37,20.57,17.6,9.33,28.22,7.32,1.62,0.29,8.84,Noveleta,14.43,120.88
PRECTOTCORR,2010,0.39,0.04,0.34,0.57,1.24,6.84,12.07,12.0,8.27,11.45,4.89,2.44,5.09,Noveleta,14.43,120.88
PRECTOTCORR,2011,1.5,0.43,1.33,0.33,8.71,30.88,19.75,22.99,23.66,8.1,5.3,4.77,10.68,Noveleta,14.43,120.88
PRECTOTCORR,2012,1.27,2.4,2.24,0.65,7.32,17.53,25.28,40.15,17.06,9.48,0.73,0.99,10.48,Noveleta,14.43,120.88
PRECTOTCORR,2013,1.14,2.57,1.78,0.5,2.95,15.36,11.6,34.83,29.91,7.44,3.91,1.77,9.5,Noveleta,14.43,120.88
PRECTOTCORR,2014,0.13,0.23,0.41,0.71,2.55,12.91,20.18,14.43,20.05,7.29,1.72,4.68,7.14,Noveleta,14.43,120.88
PRECTOTCORR,2015,0.91,0.3,0.4,0.58,1.24,6.17,14.1,12.91,9.04,8.32,1.24,9.62,5.46,Noveleta,14.43,120.88
PRECTOTCORR,2016,0.53,1.51,0.56,0.81,3.88,7.97,12.41,18.46,8.93,10.36,4.63,5.54,6.33,Noveleta,14.43,120.88
PRECTOTCORR,2017,2.3,1.33,0.65,2.28,5.97,7.69,13.84,11.71,10.81,8.81,6.83,3.61,6.35,Noveleta,14.43,120.88
PRECTOTCORR,2018,2.16,1.41,1.23,1.21,3.95,21.99,22.42,13.89,10.69,3.51,1.23,4.63,7.39,Noveleta,14.43,120.88
PRECTOTCORR,2019,0.77,0.17,0.23,1.19,6.99,9.71,11.23,16.93,12.28,3.58,4.99,4.57,6.09,Noveleta,14.43,120.88
PRECTOTCORR,2020,1.13,4.27,5.52,6.44,3.87,18.38,9.09,9.13,10.06,26.07,20.68,10.17,10.4,Noveleta,14.43,120.88
PRECTOTCORR,2021,2.73,1.45,1.27,1.01,1.57,8.28,20.66,7.3,14.88,11.54,2.57,2.12,6.32,Noveleta,14.43,120.88
PRECTOTCORR,2022,0.95,1.12,1.74,3.21,6.77,9.02,10.8,20.59,13.73,19.19,3.74,2.94,7.88,Noveleta,14.43,120.88
PRECTOTCORR,2023,3.63,0.71,0.37,4.02,3.79,10.08,17.34,9.1,10.09,6.28,3.5,2.48,5.98,Noveleta,14.43,120.88
PRECTOTCORR,2024,0.59,0.2,1.04,0.48,5.8,7.82,21.17,10.51,16.09,16.3,2.74,5.0,7.36,Noveleta,14.43,120.88
PRECTOTCORR,2025,1.56,2.21,1.23,1.27,6.57,18.22,25.72,10.29,16.94,11.12,9.9,3.21,9.05,Noveleta,14.43,120.88
RH2M,1990,75.13,70.66,65.84,64.51,73.34,84.32,86.0,86.92,86.15,85.1,83.74,82.31,78.72,Noveleta,14.43,120.88
RH2M,1991,77.82,73.52,69.65,66.99,71.77,78.44,83.42,89.52,88.22,80.87,81.73,80.11,78.54,Noveleta,14.43,120.88
RH2M,1992,75.21,70.91,66.97,64.52,69.46,76.22,83.34,87.25,87.11,84.01,82.06,80.49,77.33,Noveleta,14.43,120.88
RH2M,1993,74.33,70.82,66.4,64.36,66.6,77.62,84.56,86.32,87.37,85.58,86.41,85.33,78.02,Noveleta,14.43,120.88
RH2M,1994,82.66,76.92,71.69,70.43,75.81,82.5,88.34,86.18,86.0,81.6,79.63,77.95,80.0,Noveleta,14.43,120.88
RH2M,1995,76.1,73.72,68.17,64.77,75.31,80.54,83.81,86.46,87.46,84.87,86.38,86.08,79.52,Noveleta,14.43,120.88
RH2M,1996,82.75,76.03,72.03,75.08,78.38,80.26,84.0,85.49,85.53,84.11,86.45,81.52,80.99,Noveleta,14.43,120.88
RH2M,1997,77.94,76.15,68.61,65.12,72.8,83.22,86.98,88.39,85.14,80.81,76.99,74.56,78.08,Noveleta,14.43,120.88
RH2M,1998,71.75,67.7,64.91,64.9,72.92,79.76,80.3,84.22,85.98,87.13,87.18,87.28,77.9,Noveleta,14.43,120.88
RH2M,1999,85.1,77.82,78.45,78.91,78.93,83.74,87.6,86.76,86.59,86.61,84.77,87.65,83.63,Noveleta,14.43,120.88
RH2M,2000,82.19,82.84,80.11,74.03,78.76,83.07,87.28,86.0,85.9,86.64,87.47,87.24,83.47,Noveleta,14.43,120.88
RH2M,2001,81.95,80.98,78.27,72.1,77.02,82.44,87.06,88.74,86.72,84.15,82.82,82.58,82.09,Noveleta,14.43,120.88
RH2M,2002,78.35,73.66,69.98,66.24,73.38,79.8,87.44,87.05,86.41,84.12,85.35,82.97,79.61,Noveleta,14.43,120.88
RH2M,2003,77.03,72.15,67.65,64.47,74.05,83.34,82.41,87.88,87.31,80.34,82.27,78.8,78.18,Noveleta,14.43,120.88
RH2M,2004,76.53,73.12,67.87,65.55,78.55,88.0,84.18,89.15,81.98,78.38,81.93,81.83,78.95,Noveleta,14.43,120.88
RH2M,2005,76.83,71.03,68.25,64.14,70.41,84.25,85.29,85.7,86.05,84.15,83.82,86.75,78.95,Noveleta,14.43,120.88
RH2M,2006,83.37,79.55,73.84,65.68,74.04,79.6,87.63,87.54,85.37,81.91,84.6,85.47,80.75,Noveleta,14.43,120.88
RH2M,2007,80.61,74.27,69.19,67.01,74.96,79.83,82.47,85.46,86.89,85.31,85.02,86.16,79.81,Noveleta,14.43,120.88
RH2M,2008,83.65,80.39,75.96,72.89,82.68,81.1,85.67,85.3,86.42,84.94,87.08,83.64,82.49,Noveleta,14.43,120.88
RH2M,2009,81.72,79.46,72.59,78.6,83.54,86.29,86.63,85.49,87.75,83.54,83.32,76.78,82.14,Noveleta,14.43,120.88
RH2M,2010,74.47,69.2,68.41,65.88,66.92,79.07,81.97,84.84,83.63,84.95,86.79,85.41,77.68,Noveleta,14.43,120.88
RH2M,2011,82.8,78.31,76.98,68.11,77.53,83.37,84.9,85.85,88.07,84.76,86.12,86.78,82.0,Noveleta,14.43,120.88
RH2M,2012,82.53,81.74,78.07,72.35,77.28,85.57,85.65,87.49,86.63,82.86,82.6,80.48,81.94,Noveleta,14.43,120.88
RH2M,2013,77.11,75.6,74.94,65.61,73.82,80.74,82.61,86.23,86.6,81.79,84.85,84.12,79.53,Noveleta,14.43,120.88
RH2M,2014,75.25,71.06,68.48,64.22,67.52,82.18,86.98,84.32,84.66,83.17,83.69,84.52,78.05,Noveleta,14.43,120.88
RH2M,2015,79.98,74.24,68.27,67.03,66.95,75.24,83.58,83.6,83.1,82.12,82.15,82.99,77.47,Noveleta,14.43,120.88
RH2M,2016,80.61,76.9,70.99,66.07,71.97,80.18,81.96,87.5,86.14,85.89,84.75,86.3,79.96,Noveleta,14.43,120.88
RH2M,2017,83.35,80.22,73.84,69.96,76.79,79.32,84.14,83.17,82.46,82.8,86.77,84.94,80.66,Noveleta,14.43,120.88
RH2M,2018,83.86,78.21,72.28,68.96,71.53,83.93,88.13,86.69,85.49,79.04,79.82,80.67,79.9,Noveleta,14.43,120.88
RH2M,2019,79.13,72.18,65.13,64.94,75.51,80.94,84.12,87.15,85.26,80.4,83.92,83.49,78.56,Noveleta,14.43,120.88
RH2M,2020,78.6,77.66,77.03,77.81,77.59,79.64,80.99,83.86,82.46,85.89,86.65,87.07,81.29,Noveleta,14.43,120.88
RH2M,2021,84.71,81.12,77.09,68.29,71.48,81.89,85.37,83.69,84.09,85.73,85.12,82.34,80.92,Noveleta,14.43,120.88
RH2M,2022,78.67,77.6,74.57,75.99,75.43,79.26,83.6,84.72,85.79,85.72,86.63,84.94,81.1,Noveleta,14.43,120.88
RH2M,2023,84.5,79.48,70.66,71.58,76.21,82.27,82.36,85.83,83.72,83.6,84.11,83.58,80.67,Noveleta,14.43,120.88
RH2M,2024,78.46,72.99,70.33,64.46,69.99,79.13,83.46,82.94,86.17,82.98,82.48,85.35,78.26,Noveleta,14.43,120.88
RH2M,2025,82.75,80.18,75.3,66.37,74.12,83.76,87.09,82.93,85.95,84.66,86.38,84.54,81.18,Noveleta,14.43,120.88
T2M_MAX,1990,31.46,32.4,33.89,35.47,35.21,31.14,30.08,29.94,29.92,30.22,30.0,30.11,35.47,Noveleta,14.43,120.88
T2M_MAX,1991,30.06,31.5,32.91,35.34,34.28,33.65,31.66,29.81,29.42,30.1,29.79,29.78,35.34,Noveleta,14.43,120.88
T2M_MAX,1992,30.86,32.06,33.58,34.98,34.87,33.63,32.31,29.34,30.33,30.51,29.66,29.54,34.98,Noveleta,14.43,120.88
T2M_MAX,1993,31.15,32.91,34.43,35.45,35.42,33.52,31.44,30.1,30.77,29.73,29.66,29.42,35.45,Noveleta,14.43,120.88
T2M_MAX,1994,29.41,30.78,32.56,35.92,33.31,32.18,29.66,30.32,29.18,30.31,30.86,30.84,35.92,Noveleta,14.43,120.88
T2M_MAX,1995,30.54,32.02,34.64,34.85,34.57,33.19,31.18,30.25,29.65,30.41,30.23,28.38,34.85,Noveleta,14.43,120.88
T2M_MAX,1996,29.59,31.55,33.84,32.89,33.55,33.01,30.8,30.15,30.7,30.81,30.15,29.07,33.84,Noveleta,14.43,120.88
T2M_MAX,1997,29.48,31.07,32.98,34.56,35.04,31.12,29.55,28.69,30.66,31.15,31.79,31.27,35.04,Noveleta,14.43,120.88
T2M_MAX,1998,32.04,33.48,34.19,35.09,35.0,33.45,31.7,31.12,30.29,30.73,30.21,29.44,35.09,Noveleta,14.43,120.88
T2M_MAX,1999,29.88,30.77,32.56,32.78,32.14,31.26,29.07,29.53,29.49,30.13,30.1,29.29,32.78,Noveleta,14.43,120.88
T2M_MAX,2000,29.46,30.76,31.58,34.92,35.13,31.16,28.79,29.79,30.27,30.44,29.74,29.71,35.13,Noveleta,14.43,120.88
T2M_MAX,2001,30.33,30.43,32.7,34.64,34.75,31.67,28.81,29.51,29.74,30.89,30.64,30.02,34.75,Noveleta,14.43,120.88
T2M_MAX,2002,30.59,31.22,33.67,34.49,35.1,32.62,30.61,30.14,29.5,30.5,30.51,30.21,35.1,Noveleta,14.43,120.88
T2M_MAX,2003,30.39,31.34,34.15,35.56,36.45,30.64,32.14,30.11,29.51,30.73,30.66,30.16,36.45,Noveleta,14.43,120.88
T2M_MAX,2004,31.6,32.14,34.68,35.59,34.98,29.13,30.56,28.62,31.29,30.8,31.54,29.55,35.59,Noveleta,14.43,120.88
T2M_MAX,2005,30.99,32.55,35.39,35.53,35.51,31.65,30.65,30.67,30.76,30.79,30.71,29.46,35.53,Noveleta,14.43,120.88
T2M_MAX,2006,29.46,30.69,34.0,35.43,35.82,32.87,28.92,30.46,30.29,30.3,30.3,29.91,35.82,Noveleta,14.43,120.88
T2M_MAX,2007,30.32,32.85,34.05,34.93,34.77,32.64,31.5,30.26,30.32,30.19,30.4,29.38,34.93,Noveleta,14.43,120.88
T2M_MAX,2008,29.72,30.1,32.62,34.87,31.52,31.55,30.3,30.8,30.68,30.43,30.27,29.28,34.87,Noveleta,14.43,120.88
T2M_MAX,2009,29.87,31.35,32.79,33.13,31.32,31.08,30.07,31.06,30.85,29.78,30.17,30.58,33.13,Noveleta,14.43,120.88
T2M_MAX,2010,31.1,33.05,33.84,35.2,36.78,33.22,30.86,30.05,30.44,30.74,29.8,30.02,36.78,Noveleta,14.43,120.88
T2M_MAX,2011,28.57,30.66,32.43,33.4,34.43,31.58,30.71,30.81,28.81,30.56,29.91,29.66,34.43,Noveleta,14.43,120.88
T2M_MAX,2012,29.9,30.78,31.87,33.65,33.45,30.07,30.14,29.69,30.01,30.18,30.52,31.26,33.65,Noveleta,14.43,120.88
T2M_MAX,2013,30.65,32.72,33.1,35.43,34.78,33.11,30.49,29.93,30.04,30.13,30.04,29.64,35.43,Noveleta,14.43,120.88
T2M_MAX,2014,29.66,31.89,33.85,35.41,35.99,33.96,31.01,30.88,30.99,30.21,30.67,29.77,35.99,Noveleta,14.43,120.88
T2M_MAX,2015,29.78,31.71,33.91,34.62,35.18,34.78,30.82,30.83,31.18,31.33,31.01,31.73,35.18,Noveleta,14.43,120.88
T2M_MAX,2016,31.01,31.34,33.31,35.67,36.01,31.62,31.06,30.54,29.99,30.41,30.28,29.62,36.01,Noveleta,14.43,120.88
T2M_MAX,2017,29.18,30.62,33.57,35.09,34.16,31.97,31.5,31.78,31.94,30.72,30.25,30.24,35.09,Noveleta,14.43,120.88
T2M_MAX,2018,29.97,31.54,32.99,35.32,34.8,33.09,28.68,29.4,30.27,31.54,31.2,31.6,35.32,Noveleta,14.43,120.88
T2M_MAX,2019,29.78,31.3,34.63,35.67,34.08,33.26,30.24,29.28,31.17,31.22,30.28,29.97,35.67,Noveleta,14.43,120.88
T2M_MAX,2020,30.77,30.89,31.7,32.16,32.84,33.12,31.34,30.85,31.71,31.0,29.96,29.58,33.12,Noveleta,14.43,120.88
T2M_MAX,2021,29.63,30.61,33.25,34.23,35.21,32.19,31.52,30.77,30.58,30.5,30.58,30.02,35.21,Noveleta,14.43,120.88
T2M_MAX,2022,30.79,32.0,33.7,33.55,34.35,31.23,30.85,30.49,31.15,30.48,30.28,29.97,34.35,Noveleta,14.43,120.88
T2M_MAX,2023,29.14,30.83,34.18,34.09,34.27,32.09,32.25,29.8,31.4,31.27,30.97,30.69,34.27,Noveleta,14.43,120.88
T2M_MAX,2024,30.83,32.38,33.74,37.57,36.77,33.33,31.4,32.31,31.39,31.17,30.81,30.73,37.57,Noveleta,14.43,120.88
T2M_MAX,2025,30.89,30.58,33.34,36.41,34.8,31.22,29.26,31.19,30.3,30.99,30.32,30.16,36.41,Noveleta,14.43,120.88
T2M_MIN,1990,21.23,22.51,22.61,24.73,25.83,25.55,25.03,25.47,24.95,24.3,21.85,21.83,21.23,Noveleta,14.43,120.88
T2M_MIN,1991,21.86,22.62,22.59,24.3,25.67,25.56,25.54,25.47,24.81,23.91,22.03,21.51,21.51,Noveleta,14.43,120.88
T2M_MIN,1992,21.62,21.45,23.0,24.78,25.62,26.37,25.31,25.34,24.93,24.38,20.67,21.81,20.67,Noveleta,14.43,120.88
T2M_MIN,1993,20.25,21.25,22.55,24.13,25.31,25.64,25.53,24.99,24.57,23.43,23.67,21.47,20.25,Noveleta,14.43,120.88
T2M_MIN,1994,21.07,22.17,22.9,23.75,26.66,25.4,25.04,24.97,24.52,23.32,22.83,22.05,21.07,Noveleta,14.43,120.88
T2M_MIN,1995,21.06,21.11,21.95,24.79,25.25,26.02,25.25,25.48,25.1,24.6,24.08,20.85,20.85,Noveleta,14.43,120.88
T2M_MIN,1996,20.85,20.56,22.98,24.3,25.74,25.5,25.99,25.03,24.98,25.05,24.04,20.23,20.23,Noveleta,14.43,120.88
T2M_MIN,1997,20.79,21.23,21.29,24.27,25.08,25.83,24.98,25.22,24.98,24.08,23.03,22.06,20.79,Noveleta,14.43,120.88
T2M_MIN,1998,21.69,22.29,23.07,24.12,26.29,25.67,25.69,25.87,25.73,25.4,24.96,24.12,21.69,Noveleta,14.43,120.88
T2M_MIN,1999,22.79,20.82,22.28,24.29,25.47,25.22,25.26,24.76,24.94,24.65,23.13,20.84,20.82,Noveleta,14.43,120.88
T2M_MIN,2000,20.6,22.31,23.22,24.82,25.71,25.42,24.57,24.79,24.86,24.73,23.5,23.2,20.6,Noveleta,14.43,120.88
T2M_MIN,2001,21.38,22.05,23.38,25.28,26.12,25.65,25.13,25.47,24.47,24.56,21.06,20.7,20.7,Noveleta,14.43,120.88
T2M_MIN,2002,20.28,21.31,21.29,24.1,25.5,26.21,25.52,24.93,25.04,24.96,23.32,23.32,20.28,Noveleta,14.43,120.88
T2M_MIN,2003,21.12,21.66,22.24,25.41,26.05,25.17,25.73,25.14,24.81,23.68,23.4,21.49,21.12,Noveleta,14.43,120.88
T2M_MIN,2004,21.93,21.08,23.4,25.81,25.75,24.8,25.23,25.14,24.96,23.48,23.47,22.07,21.08,Noveleta,14.43,120.88
T2M_MIN,2005,21.02,22.43,21.86,23.33,26.35,25.99,25.55,25.4,25.32,25.21,23.55,21.84,21.02,Noveleta,14.43,120.88
T2M_MIN,2006,21.73,22.0,23.59,25.12,25.89,25.9,25.22,25.06,25.2,23.9,24.12,23.3,21.73,Noveleta,14.43,120.88
T2M_MIN,2007,20.64,20.68,22.98,24.52,25.7,26.42,25.97,24.87,25.01,24.3,21.51,21.45,20.64,Noveleta,14.43,120.88
T2M_MIN,2008,21.72,22.01,21.85,25.01,25.42,24.63,25.0,24.47,25.18,25.23,23.73,21.51,21.51,Noveleta,14.43,120.88
T2M_MIN,2009,19.75,21.92,23.57,24.6,24.54,25.64,25.24,25.93,25.39,22.49,23.69,21.96,19.75,Noveleta,14.43,120.88
T2M_MIN,2010,21.71,22.62,22.9,24.65,25.49,26.33,25.11,25.0,24.94,24.62,24.4,23.04,21.71,Noveleta,14.43,120.88
T2M_MIN,2011,21.36,21.24,22.39,23.21,25.39,25.73,25.45,25.33,24.86,24.55,24.19,22.95,21.24,Noveleta,14.43,120.88
T2M_MIN,2012,22.53,22.29,22.85,24.66,26.14,25.64,25.61,24.94,25.09,23.76,23.5,23.15,22.29,Noveleta,14.43,120.88
T2M_MIN,2013,21.35,22.84,22.53,25.17,26.66,25.51,25.02,25.31,25.56,23.49,23.81,22.99,21.35,Noveleta,14.43,120.88
T2M_MIN,2014,19.51,22.17,22.7,25.1,26.38,26.26,25.27,25.08,25.29,24.15,22.7,22.28,19.51,Noveleta,14.43,120.88
T2M_MIN,2015,21.22,20.91,22.38,24.45,26.66,26.62,24.97,25.3,25.64,24.82,23.88,22.38,20.91,Noveleta,14.43,120.88
T2M_MIN,2016,22.05,21.54,23.42,25.05,26.87,26.45,25.81,25.92,25.05,24.91,23.63,23.1,21.54,Noveleta,14.43,120.88
T2M_MIN,2017,21.98,20.09,22.5,23.52,26.16,25.22,26.11,24.86,25.94,25.38,24.11,22.7,20.09,Noveleta,14.43,120.88
T2M_MIN,2018,21.83,22.05,22.4,24.42,26.45,25.58,25.1,25.74,25.38,22.62,23.71,23.33,21.83,Noveleta,14.43,120.88
T2M_MIN,2019,20.4,21.67,22.97,25.08,26.61,26.42,25.87,25.07,25.25,24.88,22.78,22.81,20.4,Noveleta,14.43,120.88
T2M_MIN,2020,21.91,20.72,23.09,24.38,25.71,26.15,26.08,25.46,25.33,25.35,23.35,23.07,20.72,Noveleta,14.43,120.88
T2M_MIN,2021,21.17,20.79,23.44,24.35,26.2,25.93,25.81,25.64,25.63,24.52,24.07,22.15,20.79,Noveleta,14.43,120.88
T2M_MIN,2022,21.54,23.44,23.71,24.59,26.33,26.06,26.13,25.58,25.68,25.26,24.19,21.73,21.54,Noveleta,14.43,120.88
T2M_MIN,2023,21.66,21.9,21.68,24.55,26.02,26.66,26.54,26.5,26.14,25.48,24.11,23.87,21.66,Noveleta,14.43,120.88
T2M_MIN,2024,21.89,22.88,23.7,25.55,27.02,26.97,26.24,26.29,25.83,25.52,24.79,24.26,21.89,Noveleta,14.43,120.88
T2M_MIN,2025,22.81,22.89,22.98,25.54,26.44,26.13,25.92,25.63,25.16,25.1,24.8,22.86,22.81,Noveleta,14.43,120.88
TS,1990,27.67,28.91,30.3,32.26,31.08,28.58,27.78,27.65,27.39,27.58,27.35,26.68,28.6,Noveleta,14.43,120.88
TS,1991,26.86,28.61,29.31,31.77,31.07,29.49,28.15,27.22,27.24,27.78,26.91,26.51,28.4,Noveleta,14.43,120.88
TS,1992,27.32,28.47,30.59,32.31,31.51,30.22,28.43,27.74,27.33,27.78,26.55,26.63,28.74,Noveleta,14.43,120.88
TS,1993,26.87,28.3,29.74,31.81,31.81,30.04,28.39,27.57,27.44,27.13,27.07,26.05,28.51,Noveleta,14.43,120.88
TS,1994,26.31,27.64,29.54,30.94,30.78,29.05,27.23,27.55,27.73,27.71,27.16,26.99,28.22,Noveleta,14.43,120.88
TS,1995,27.11,28.05,29.87,31.96,30.33,29.63,28.53,27.98,27.82,28.01,27.43,25.89,28.55,Noveleta,14.43,120.88
TS,1996,26.08,26.85,29.41,29.92,29.8,29.32,28.84,27.83,28.13,28.27,27.38,26.09,28.16,Noveleta,14.43,120.88
TS,1997,26.09,27.5,29.56,32.1,30.83,28.61,27.81,27.21,27.69,28.53,28.67,28.18,28.57,Noveleta,14.43,120.88
TS,1998,28.32,30.24,30.52,31.8,31.63,29.78,29.41,28.75,28.35,28.05,27.74,27.16,29.3,Noveleta,14.43,120.88
TS,1999,26.78,26.73,28.83,29.33,29.62,28.42,27.47,27.18,27.49,27.53,27.11,26.32,27.74,Noveleta,14.43,120.88
TS,2000,26.41,26.98,28.23,30.51,30.01,28.67,27.4,28.02,27.57,27.75,27.01,26.65,27.93,Noveleta,14.43,120.88
TS,2001,27.1,27.34,28.62,31.31,30.63,29.1,27.66,27.8,27.65,28.19,27.28,26.56,28.27,Noveleta,14.43,120.88
TS,2002,26.61,27.63,29.7,31.62,31.17,29.78,27.74,27.56,27.82,28.19,27.41,27.48,28.56,Noveleta,14.43,120.88
TS,2003,26.74,28.09,30.04,32.77,31.59,28.26,28.77,27.55,27.58,28.22,28.02,26.34,28.66,Noveleta,14.43,120.88
TS,2004,27.64,28.38,30.82,32.59,29.86,27.64,28.03,27.32,28.36,28.17,27.8,26.66,28.6,Noveleta,14.43,120.88
TS,2005,26.65,28.84,29.93,31.9,32.16,28.94,28.54,28.05,28.04,28.25,27.74,26.5,28.79,Noveleta,14.43,120.88
TS,2006,26.77,27.32,29.4,32.09,30.76,29.66,27.82,27.55,28.11,28.13,27.64,26.89,28.51,Noveleta,14.43,120.88
TS,2007,26.88,28.04,30.17,32.09,30.9,29.96,29.11,28.13,27.96,27.75,27.12,26.47,28.71,Noveleta,14.43,120.88
TS,2008,26.44,26.95,28.85,30.86,28.83,28.92,27.74,27.61,27.76,28.08,27.28,26.42,27.98,Noveleta,14.43,120.88
TS,2009,25.97,27.48,30.19,29.46,28.52,27.91,27.98,28.32,27.77,27.34,27.69,27.02,27.97,Noveleta,14.43,120.88
TS,2010,27.87,29.65,30.7,32.31,33.06,30.16,28.91,28.17,28.33,28.09,27.32,26.76,29.27,Noveleta,14.43,120.88
TS,2011,26.12,27.16,28.07,30.52,29.9,28.39,27.99,27.75,27.49,27.68,27.31,26.69,27.92,Noveleta,14.43,120.88
TS,2012,26.98,27.33,28.37,30.73,30.21,28.17,27.94,27.29,27.83,27.68,27.85,28.02,28.2,Noveleta,14.43,120.88
TS,2013,27.17,28.37,29.25,32.78,31.09,29.43,28.42,27.73,27.81,27.76,27.37,27.25,28.7,Noveleta,14.43,120.88
TS,2014,26.05,28.68,30.04,32.49,32.48,29.52,27.89,27.95,28.1,28.02,27.72,26.62,28.79,Noveleta,14.43,120.88
TS,2015,26.03,27.21,29.61,31.67,32.65,31.0,28.31,28.51,28.78,28.33,28.12,27.4,28.97,Noveleta,14.43,120.88
TS,2016,27.38,27.53,30.52,32.71,31.83,29.87,29.01,28.03,28.17,27.95,27.58,27.16,28.98,Noveleta,14.43,120.88
TS,2017,26.43,26.64,28.97,31.36,30.52,29.93,28.63,28.74,28.78,28.48,27.73,27.06,28.61,Noveleta,14.43,120.88
TS,2018,26.74,27.76,29.25,31.52,31.48,28.89,27.84,27.73,28.04,28.77,28.26,27.74,28.67,Noveleta,14.43,120.88
TS,2019,26.5,27.92,31.09,32.32,30.92,30.14,28.56,27.91,27.96,28.64,27.8,27.1,28.91,Noveleta,14.43,120.88
TS,2020,27.28,26.82,29.27,29.86,30.78,30.0,29.32,28.48,28.93,28.37,27.5,27.09,28.65,Noveleta,14.43,120.88
TS,2021,26.35,27.15,29.06,31.46,31.9,29.46,28.7,28.54,28.51,28.13,28.19,26.88,28.7,Noveleta,14.43,120.88
TS,2022,27.13,28.28,30.06,29.84,30.81,29.67,29.13,28.26,28.17,28.29,27.78,27.01,28.7,Noveleta,14.43,120.88
TS,2023,26.18,27.25,29.39,30.78,30.98,29.63,29.09,28.63,28.86,28.7,28.26,27.94,28.81,Noveleta,14.43,120.88
TS,2024,27.4,28.65,30.1,32.92,32.61,30.51,29.06,29.2,28.56,28.6,28.36,27.62,29.46,Noveleta,14.43,120.88
TS,2025,27.15,27.69,29.34,32.73,31.03,29.09,28.26,28.52,27.97,28.19,27.84,27.27,28.76,Noveleta,14.43,120.88
WS2M,1990,4.49,4.56,3.98,3.8,3.28,3.9,3.51,5.33,3.54,3.16,3.97,5.01,4.04,Noveleta,14.43,120.88
WS2M,1991,4.7,4.42,4.67,3.71,3.54,4.34,3.88,4.59,4.47,3.44,4.17,5.37,4.27,Noveleta,14.43,120.88
WS2M,1992,3.94,4.3,4.1,3.27,3.26,3.22,3.29,5.06,3.93,3.55,4.64,5.18,3.98,Noveleta,14.43,120.88
WS2M,1993,4.71,4.46,4.55,3.41,3.2,2.72,3.36,3.98,3.2,4.31,4.53,5.74,4.02,Noveleta,14.43,120.88
WS2M,1994,4.25,4.37,5.13,3.51,2.59,3.01,5.49,3.7,3.18,3.57,5.03,5.33,4.1,Noveleta,14.43,120.88
WS2M,1995,5.18,4.52,4.5,4.43,3.11,3.05,3.28,3.16,3.69,3.37,4.15,5.7,4.01,Noveleta,14.43,120.88
WS2M,1996,5.1,5.62,5.06,3.88,3.31,2.88,4.23,3.22,3.37,2.87,4.87,5.45,4.15,Noveleta,14.43,120.88
WS2M,1997,4.4,5.26,4.03,3.17,4.22,3.15,2.97,5.13,2.64,3.3,4.04,4.65,3.91,Noveleta,14.43,120.88
WS2M,1998,4.69,3.62,4.59,4.03,4.06,2.54,2.09,2.59,3.87,4.15,3.45,4.84,3.71,Noveleta,14.43,120.88
WS2M,1999,5.13,5.41,4.01,3.13,2.39,3.22,4.39,4.05,3.56,3.41,4.24,5.05,3.99,Noveleta,14.43,120.88
WS2M,2000,4.86,4.71,4.2,3.12,3.5,2.8,4.68,3.73,4.29,3.85,4.28,4.68,4.06,Noveleta,14.43,120.88
WS2M,2001,4.36,4.9,4.32,3.14,3.06,2.99,4.24,4.81,3.7,3.29,5.05,5.8,4.14,Noveleta,14.43,120.88
WS2M,2002,4.71,4.79,4.57,4.09,3.38,2.68,5.49,3.66,3.15,2.76,4.14,4.1,3.96,Noveleta,14.43,120.88
WS2M,2003,4.96,5.02,4.11,3.38,4.24,3.35,2.99,3.89,3.43,2.95,4.0,5.71,4.0,Noveleta,14.43,120.88
WS2M,2004,4.28,4.25,3.73,3.11,3.97,4.61,2.72,5.09,2.69,3.06,4.82,4.65,3.91,Noveleta,14.43,120.88
WS2M,2005,3.88,3.76,4.22,3.16,2.22,2.91,3.37,3.89,3.28,2.96,3.39,5.22,3.52,Noveleta,14.43,120.88
WS2M,2006,3.94,4.91,3.67,3.42,3.41,2.84,4.51,4.1,2.74,3.05,3.28,5.13,3.75,Noveleta,14.43,120.88
WS2M,2007,4.87,4.16,4.1,3.68,2.88,2.34,2.86,4.13,3.53,3.83,4.4,4.59,3.78,Noveleta,14.43,120.88
WS2M,2008,4.83,5.15,3.86,4.11,3.22,2.93,3.27,3.36,3.67,2.88,3.8,4.92,3.83,Noveleta,14.43,120.88
WS2M,2009,5.22,4.19,3.66,3.19,3.06,4.17,3.56,4.13,4.36,3.92,3.61,4.07,3.93,Noveleta,14.43,120.88
WS2M,2010,4.65,3.58,4.37,3.43,2.63,2.33,2.31,3.45,2.48,3.48,3.22,3.91,3.32,Noveleta,14.43,120.88
WS2M,2011,4.88,4.1,5.19,3.88,2.94,3.3,3.75,3.87,4.01,3.22,3.88,4.13,3.93,Noveleta,14.43,120.88
WS2M,2012,4.03,4.17,4.46,3.1,2.2,4.47,3.59,4.99,2.76,3.41,3.51,4.2,3.74,Noveleta,14.43,120.88
WS2M,2013,4.68,4.89,3.4,2.73,2.46,3.01,2.51,4.03,3.7,3.12,4.17,3.4,3.5,Noveleta,14.43,120.88
WS2M,2014,4.68,3.39,3.99,2.65,2.35,3.39,4.12,3.25,3.43,2.7,3.66,5.13,3.57,Noveleta,14.43,120.88
WS2M,2015,4.47,3.99,4.03,3.55,2.66,2.75,4.17,3.42,2.56,3.72,4.04,4.46,3.65,Noveleta,14.43,120.88
WS2M,2016,3.91,4.25,3.32,3.29,2.76,2.49,2.87,4.67,3.16,3.34,3.98,4.37,3.53,Noveleta,14.43,120.88
WS2M,2017,4.85,4.45,3.82,3.39,2.61,2.26,3.45,3.18,2.58,2.92,4.14,4.64,3.52,Noveleta,14.43,120.88
WS2M,2018,4.51,3.7,3.85,3.53,2.85,3.91,4.33,5.19,3.14,2.99,4.15,4.57,3.9,Noveleta,14.43,120.88
WS2M,2019,4.72,4.2,3.38,3.15,2.5,3.23,3.49,5.35,4.02,2.93,3.27,4.38,3.72,Noveleta,14.43,120.88
WS2M,2020,4.19,5.13,3.61,3.52,2.49,2.53,2.31,3.06,2.36,3.33,4.22,3.68,3.36,Noveleta,14.43,120.88
WS2M,2021,4.73,3.99,3.94,3.51,3.54,3.08,4.54,3.27,2.7,3.65,3.6,5.08,3.81,Noveleta,14.43,120.88
WS2M,2022,4.24,4.61,3.79,3.88,2.75,2.21,2.49,3.09,3.59,3.56,3.57,4.15,3.49,Noveleta,14.43,120.88
WS2M,2023,4.83,4.5,3.94,2.89,3.18,2.97,3.87,4.77,2.8,2.91,3.98,4.18,3.74,Noveleta,14.43,120.88
WS2M,2024,4.74,4.74,4.16,3.61,3.17,2.34,3.47,2.87,4.03,3.47,3.29,4.41,3.69,Noveleta,14.43,120.88
WS2M,2025,4.26,4.56,4.21,2.97,3.11,3.04,5.4,2.68,3.34,2.73,4.0,3.8,3.67,Noveleta,14.43,120.88
ALLSKY_SFC_SW_DWN,1990,18.17,21.72,22.51,24.96,21.21,17.22,18.27,16.04,17.99,18.14,16.46,16.23,19.05,Cavite City,14.48,120.9
ALLSKY_SFC_SW_DWN,1991,17.38,19.5,23.2,23.67,23.1,19.18,16.68,12.57,15.47,17.59,16.71,17.17,18.51,Cavite City,14.48,120.9
ALLSKY_SFC_SW_DWN,1992,17.47,20.64,23.46,23.65,21.92,20.46,17.94,13.29,15.93,17.84,17.48,16.78,18.89,Cavite City,14.48,120.9
ALLSKY_SFC_SW_DWN,1993,18.42,21.06,22.47,24.08,24.36,20.87,18.04,16.24,15.75,16.89,16.46,14.12,19.04,Cavite City,14.48,120.9
ALLSKY_SFC_SW_DWN,1994,17.31,20.13,21.72,23.41,21.92,19.63,12.53,18.8,16.86,19.07,19.06,16.68,18.91,Cavite City,14.48,120.9
ALLSKY_SFC_SW_DWN,1995,17.24,20.14,22.69,25.05,21.19,21.11,17.95,16.67,14.69,16.83,15.28,13.83,18.54,Cavite City,14.48,120.9
ALLSKY_SFC_SW_DWN,1996,15.56,19.01,21.36,21.13,19.89,20.44,15.7,18.79,16.1,17.37,14.37,15.87,17.96,Cavite City,14.48,120.9
ALLSKY_SFC_SW_DWN,1997,16.76,18.1,21.75,22.86,20.25,20.3,17.16,15.27,17.7,18.96,17.98,16.66,18.64,Cavite City,14.48,120.9
ALLSKY_SFC_SW_DWN,1998,16.77,20.22,22.1,23.65,19.57,20.71,19.95,19.22,15.18,14.6,16.26,13.64,18.47,Cavite City,14.48,120.9
ALLSKY_SFC_SW_DWN,1999,14.94,18.27,19.68,20.95,20.95,17.62,15.91,16.01,16.34,16.77,15.21,13.79,17.19,Cavite City,14.48,120.9
ALLSKY_SFC_SW_DWN,2000,16.35,16.51,19.4,22.38,17.88,19.72,13.99,17.06,16.84,15.56,14.73,14.19,17.04,Cavite City,14.48,120.9
ALLSKY_SFC_SW_DWN,2001,16.61,16.75,20.93,23.06,19.93,18.82,17.16,14.25,17.83,17.58,17.12,15.09,17.92,Cavite City,14.48,120.9
ALLSKY_SFC_SW_DWN,2002,17.65,19.49,22.84,24.71,21.94,20.53,12.71,17.32,16.54,18.36,15.72,16.38,18.67,Cavite City,14.48,120.9
ALLSKY_SFC_SW_DWN,2003,17.38,20.41,22.8,24.58,19.22,18.83,19.37,16.39,16.2,18.82,16.83,15.54,18.85,Cavite City,14.48,120.9
ALLSKY_SFC_SW_DWN,2004,17.49,18.76,22.85,24.28,20.54,14.73,20.08,15.69,20.23,18.54,15.33,16.05,18.72,Cavite City,14.48,120.9
ALLSKY_SFC_SW_DWN,2005,17.14,20.31,21.61,24.0,23.43,18.56,17.22,14.85,15.88,16.95,15.62,12.81,18.18,Cavite City,14.48,120.9
ALLSKY_SFC_SW_DWN,2006,15.53,18.66,21.98,24.6,20.56,20.85,12.31,14.35,18.09,17.1,17.24,14.39,17.94,Cavite City,14.48,120.9
ALLSKY_SFC_SW_DWN,2007,16.2,20.45,22.37,23.91,21.06,19.64,19.22,13.51,15.98,15.57,13.82,15.5,18.08,Cavite City,14.48,120.9
ALLSKY_SFC_SW_DWN,2008,15.49,16.25,21.94,22.61,18.64,20.51,17.34,16.01,16.85,17.15,14.87,14.47,17.67,Cavite City,14.48,120.9
ALLSKY_SFC_SW_DWN,2009,14.97,18.02,21.28,20.3,20.24,16.46,16.79,17.59,13.23,14.94,17.59,17.24,17.39,Cavite City,14.48,120.9
ALLSKY_SFC_SW_DWN,2010,17.29,22.02,22.61,24.49,24.41,18.96,18.92,17.62,19.22,15.55,15.31,14.54,19.22,Cavite City,14.48,120.9
ALLSKY_SFC_SW_DWN,2011,15.04,18.76,19.32,23.29,20.69,16.77,15.28,14.52,15.11,17.38,15.71,13.76,17.12,Cavite City,14.48,120.9
ALLSKY_SFC_SW_DWN,2012,16.27,18.66,18.76,24.62,20.63,16.81,15.51,13.33,16.23,16.53,18.29,15.5,17.57,Cavite City,14.48,120.9
ALLSKY_SFC_SW_DWN,2013,15.91,18.42,21.98,24.24,21.14,19.1,18.05,13.75,13.95,17.14,15.75,15.38,17.89,Cavite City,14.48,120.9
ALLSKY_SFC_SW_DWN,2014,17.17,20.26,21.73,23.91,24.27,17.6,14.99,17.92,16.71,17.75,17.13,13.29,18.54,Cavite City,14.48,120.9
ALLSKY_SFC_SW_DWN,2015,16.24,20.15,22.29,24.78,23.71,22.45,16.5,18.49,20.68,17.69,18.61,15.53,19.74,Cavite City,14.48,120.9
ALLSKY_SFC_SW_DWN,2016,18.22,18.92,23.14,25.13,22.41,19.94,18.91,14.1,16.8,16.12,15.82,14.52,18.66,Cavite City,14.48,120.9
ALLSKY_SFC_SW_DWN,2017,15.21,19.0,22.49,24.15,21.8,21.44,15.93,18.75,17.91,15.8,15.83,14.31,18.53,Cavite City,14.48,120.9
ALLSKY_SFC_SW_DWN,2018,15.37,20.27,22.62,24.53,23.64,15.56,12.8,14.11,18.68,20.34,18.21,14.05,18.32,Cavite City,14.48,120.9
ALLSKY_SFC_SW_DWN,2019,17.4,21.52,24.25,24.96,21.36,20.74,17.3,13.76,15.88,20.42,15.29,15.76,19.03,Cavite City,14.48,120.9
ALLSKY_SFC_SW_DWN,2020,17.35,19.87,24.03,23.88,23.06,21.32,20.27,16.84,20.28,14.9,15.35,14.37,19.28,Cavite City,14.48,120.9
ALLSKY_SFC_SW_DWN,2021,15.11,18.97,21.71,23.23,23.86,19.15,14.79,18.43,17.9,15.78,17.23,15.61,18.47,Cavite City,14.48,120.9
ALLSKY_SFC_SW_DWN,2022,17.8,18.11,22.98,21.41,22.26,21.09,17.8,16.01,16.05,16.83,16.85,14.3,18.46,Cavite City,14.48,120.9
ALLSKY_SFC_SW_DWN,2023,15.11,18.84,23.78,22.27,21.85,19.16,16.42,17.57,16.95,16.61,17.18,15.74,18.45,Cavite City,14.48,120.9
ALLSKY_SFC_SW_DWN,2024,17.12,21.06,22.14,25.92,22.92,20.66,15.12,19.55,14.06,15.79,17.45,13.07,18.72,Cavite City,14.48,120.9
ALLSKY_SFC_SW_DWN,2025,15.93,17.29,21.27,24.49,22.13,17.21,12.27,17.88,14.37,16.12,14.45,15.18,17.38,Cavite City,14.48,120.9
EVLAND,1990,1.12,0.28,0.35,0.12,1.78,3.64,3.79,4.49,3.57,3.42,3.63,3.15,2.46,Cavite City,14.48,120.9
EVLAND,1991,2.19,0.93,0.93,0.49,2.32,2.84,3.25,3.16,3.56,4.34,3.58,2.93,2.56,Cavite City,14.48,120.9
EVLAND,1992,1.68,0.78,0.23,0.56,1.22,2.7,3.05,3.44,3.44,3.58,3.95,2.83,2.29,Cavite City,14.48,120.9
EVLAND,1993,1.49,0.53,0.19,0.59,1.32,2.21,3.26,3.52,3.08,3.82,3.08,3.41,2.22,Cavite City,14.48,120.9
EVLAND,1994,3.05,2.52,0.77,1.34,2.0,2.81,3.68,3.9,3.35,4.17,3.36,2.17,2.76,Cavite City,14.48,120.9
EVLAND,1995,1.42,0.99,0.26,0.14,1.34,3.43,2.77,3.12,3.17,3.72,3.31,2.84,2.22,Cavite City,14.48,120.9
EVLAND,1996,2.93,2.24,0.57,1.4,1.8,2.77,2.73,3.39,3.56,3.06,3.48,3.76,2.64,Cavite City,14.48,120.9
EVLAND,1997,2.65,1.68,0.56,0.71,1.7,3.85,3.13,3.63,3.2,4.01,3.16,1.65,2.5,Cavite City,14.48,120.9
EVLAND,1998,0.42,0.29,0.22,0.91,1.57,3.2,3.2,3.18,3.34,3.21,2.67,2.99,2.11,Cavite City,14.48,120.9
EVLAND,1999,3.59,3.3,2.72,2.92,2.29,3.22,3.19,3.84,3.44,3.2,3.54,2.77,3.17,Cavite City,14.48,120.9
EVLAND,2000,3.41,2.94,2.57,2.32,2.26,3.08,3.66,3.5,3.85,3.23,3.34,2.82,3.08,Cavite City,14.48,120.9
EVLAND,2001,3.34,3.07,2.58,2.22,2.52,2.93,4.1,3.49,3.17,3.19,3.67,3.23,3.13,Cavite City,14.48,120.9
EVLAND,2002,2.43,1.12,0.47,0.59,1.31,3.55,3.94,3.63,3.26,3.29,3.16,3.11,2.5,Cavite City,14.48,120.9
EVLAND,2003,2.46,0.72,0.51,0.25,1.93,4.35,3.77,3.61,3.29,4.27,3.52,2.68,2.63,Cavite City,14.48,120.9
EVLAND,2004,1.55,0.86,0.43,0.77,2.87,3.48,3.44,3.6,3.97,3.99,2.98,3.29,2.61,Cavite City,14.48,120.9
EVLAND,2005,2.33,0.77,0.54,0.57,1.27,3.05,3.26,3.47,3.46,3.49,3.49,2.85,2.39,Cavite City,14.48,120.9
EVLAND,2006,3.01,3.07,1.81,0.63,1.58,3.0,2.99,3.72,3.39,4.13,3.05,3.25,2.8,Cavite City,14.48,120.9
EVLAND,2007,2.97,1.47,0.51,0.38,1.58,2.57,3.23,3.65,3.25,3.84,3.62,3.66,2.57,Cavite City,14.48,120.9
EVLAND,2008,3.12,2.68,2.06,0.89,3.02,3.64,3.49,3.76,3.5,3.32,3.08,3.39,3.0,Cavite City,14.48,120.9
EVLAND,2009,2.74,2.23,1.2,1.78,4.12,3.93,3.33,4.01,3.51,3.96,3.95,2.64,3.12,Cavite City,14.48,120.9
EVLAND,2010,1.13,0.22,0.31,0.25,0.96,2.57,3.2,3.75,3.22,3.32,2.8,3.08,2.08,Cavite City,14.48,120.9
EVLAND,2011,3.0,2.94,1.74,0.5,2.65,3.59,4.0,3.82,3.49,3.74,3.26,3.16,2.99,Cavite City,14.48,120.9
EVLAND,2012,3.39,2.82,2.47,1.86,2.77,3.66,3.54,4.04,3.43,4.24,3.48,2.47,3.18,Cavite City,14.48,120.9
EVLAND,2013,1.96,1.42,2.66,0.75,1.5,3.27,3.56,3.37,3.23,4.51,3.55,2.6,2.71,Cavite City,14.48,120.9
EVLAND,2014,2.57,0.94,0.42,0.58,1.51,3.33,3.53,3.98,3.8,3.65,3.64,3.22,2.61,Cavite City,14.48,120.9
EVLAND,2015,3.11,2.03,0.56,0.57,1.08,2.83,3.86,3.68,3.84,4.35,3.93,3.26,2.76,Cavite City,14.48,120.9
EVLAND,2016,3.27,2.37,1.21,0.68,1.89,3.07,3.77,3.72,3.24,3.58,3.79,3.28,2.83,Cavite City,14.48,120.9
EVLAND,2017,3.72,3.3,2.38,1.64,2.54,3.48,3.52,4.07,3.73,3.78,3.63,3.48,3.27,Cavite City,14.48,120.9
EVLAND,2018,3.3,3.18,2.51,1.36,2.2,3.4,3.21,3.99,3.74,4.28,3.48,2.4,3.09,Cavite City,14.48,120.9
EVLAND,2019,3.04,1.59,0.3,1.15,2.46,3.28,3.36,3.92,4.08,4.06,3.2,3.69,2.85,Cavite City,14.48,120.9
EVLAND,2020,3.01,2.79,3.18,3.85,3.35,3.97,3.53,3.62,3.54,3.27,3.73,3.17,3.42,Cavite City,14.48,120.9
EVLAND,2021,3.82,3.85,3.04,1.57,1.28,2.66,3.62,3.78,3.34,3.65,3.42,3.31,3.11,Cavite City,14.48,120.9
EVLAND,2022,2.71,2.4,1.78,2.64,2.66,3.4,3.57,3.38,3.41,3.21,3.34,3.17,2.97,Cavite City,14.48,120.9
EVLAND,2023,3.44,3.29,1.69,2.81,2.73,3.29,4.04,4.19,3.67,3.85,3.71,3.5,3.35,Cavite City,14.48,120.9
EVLAND,2024,2.81,1.24,0.9,0.63,1.94,3.4,3.73,3.74,3.57,3.56,4.05,3.34,2.75,Cavite City,14.48,120.9
EVLAND,2025,3.38,3.2,2.5,1.41,3.09,3.51,4.37,3.91,3.55,3.35,3.46,3.66,3.29,Cavite City,14.48,120.9
GWETROOT,1990,0.61,0.59,0.59,0.58,0.64,0.93,0.99,0.99,0.98,0.95,0.89,0.77,0.79,Cavite City,14.48,120.9
GWETROOT,1991,0.66,0.6,0.6,0.59,0.62,0.7,0.9,0.99,1.0,0.93,0.82,0.73,0.76,Cavite City,14.48,120.9
GWETROOT,1992,0.63,0.6,0.59,0.59,0.6,0.72,0.87,0.98,0.99,0.92,0.86,0.73,0.76,Cavite City,14.48,120.9
GWETROOT,1993,0.62,0.59,0.59,0.59,0.6,0.69,0.88,0.97,0.99,0.96,0.9,0.86,0.77,Cavite City,14.48,120.9
GWETROOT,1994,0.78,0.66,0.6,0.6,0.63,0.79,0.96,0.96,0.97,0.91,0.75,0.66,0.77,Cavite City,14.48,120.9
GWETROOT,1995,0.62,0.61,0.59,0.58,0.64,0.81,0.89,0.96,0.99,0.97,0.94,0.87,0.79,Cavite City,14.48,120.9
GWETROOT,1996,0.78,0.65,0.59,0.61,0.65,0.77,0.87,0.98,0.98,0.95,0.96,0.86,0.8,Cavite City,14.48,120.9
GWETROOT,1997,0.7,0.62,0.6,0.59,0.66,0.91,0.98,1.0,0.97,0.88,0.72,0.62,0.77,Cavite City,14.48,120.9
GWETROOT,1998,0.59,0.59,0.59,0.6,0.64,0.83,0.87,0.94,0.97,0.99,0.96,0.94,0.79,Cavite City,14.48,120.9
GWETROOT,1999,0.89,0.73,0.66,0.68,0.7,0.87,0.99,0.99,0.99,0.98,0.93,0.9,0.86,Cavite City,14.48,120.9
GWETROOT,2000,0.8,0.75,0.68,0.62,0.74,0.91,0.99,0.99,0.99,0.97,0.97,0.9,0.86,Cavite City,14.48,120.9
GWETROOT,2001,0.79,0.7,0.66,0.62,0.69,0.85,0.98,0.99,0.96,0.9,0.85,0.78,0.82,Cavite City,14.48,120.9
GWETROOT,2002,0.67,0.61,0.59,0.59,0.63,0.81,0.98,0.99,0.98,0.96,0.92,0.79,0.79,Cavite City,14.48,120.9
GWETROOT,2003,0.67,0.6,0.59,0.59,0.66,0.94,0.94,0.99,0.99,0.93,0.83,0.72,0.79,Cavite City,14.48,120.9
GWETROOT,2004,0.62,0.6,0.59,0.59,0.76,0.97,0.98,1.0,0.96,0.86,0.75,0.8,0.79,Cavite City,14.48,120.9
GWETROOT,2005,0.66,0.6,0.59,0.59,0.61,0.88,0.97,0.99,0.99,0.96,0.92,0.87,0.8,Cavite City,14.48,120.9
GWETROOT,2006,0.78,0.7,0.62,0.59,0.66,0.76,0.95,1.0,0.98,0.94,0.92,0.85,0.81,Cavite City,14.48,120.9
GWETROOT,2007,0.73,0.62,0.59,0.59,0.64,0.77,0.89,0.97,0.99,0.97,0.94,0.89,0.8,Cavite City,14.48,120.9
GWETROOT,2008,0.79,0.69,0.64,0.6,0.77,0.88,0.97,0.99,0.99,0.98,0.96,0.86,0.84,Cavite City,14.48,120.9
GWETROOT,2009,0.75,0.65,0.61,0.67,0.91,0.99,0.99,0.98,0.99,0.97,0.86,0.7,0.84,Cavite City,14.48,120.9
GWETROOT,2010,0.61,0.59,0.59,0.59,0.6,0.74,0.9,0.99,0.98,0.98,0.98,0.9,0.79,Cavite City,14.48,120.9
GWETROOT,2011,0.81,0.7,0.63,0.59,0.73,0.94,0.99,1.0,0.99,0.98,0.95,0.92,0.85,Cavite City,14.48,120.9
GWETROOT,2012,0.8,0.71,0.65,0.63,0.71,0.95,0.99,1.0,1.0,0.96,0.83,0.7,0.83,Cavite City,14.48,120.9
GWETROOT,2013,0.64,0.62,0.64,0.59,0.62,0.85,0.98,1.0,1.0,0.97,0.89,0.81,0.8,Cavite City,14.48,120.9
GWETROOT,2014,0.69,0.6,0.59,0.59,0.61,0.83,0.98,0.98,0.99,0.98,0.87,0.83,0.8,Cavite City,14.48,120.9
GWETROOT,2015,0.76,0.63,0.59,0.59,0.6,0.68,0.92,0.97,0.99,0.97,0.83,0.8,0.78,Cavite City,14.48,120.9
GWETROOT,2016,0.76,0.65,0.6,0.59,0.63,0.8,0.96,0.99,0.99,0.99,0.94,0.92,0.82,Cavite City,14.48,120.9
GWETROOT,2017,0.85,0.75,0.64,0.6,0.68,0.85,0.96,0.99,0.98,0.98,0.96,0.9,0.85,Cavite City,14.48,120.9
GWETROOT,2018,0.81,0.72,0.63,0.6,0.63,0.91,1.0,0.99,0.99,0.9,0.77,0.7,0.8,Cavite City,14.48,120.9
GWETROOT,2019,0.74,0.62,0.59,0.6,0.68,0.81,0.96,0.99,0.99,0.91,0.92,0.84,0.81,Cavite City,14.48,120.9
GWETROOT,2020,0.72,0.67,0.69,0.7,0.75,0.9,0.97,0.99,0.96,1.0,0.99,0.98,0.86,Cavite City,14.48,120.9
GWETROOT,2021,0.92,0.79,0.67,0.6,0.6,0.76,0.94,0.98,0.99,0.99,0.9,0.81,0.83,Cavite City,14.48,120.9
GWETROOT,2022,0.71,0.64,0.61,0.64,0.7,0.87,0.98,1.0,0.99,0.99,0.97,0.91,0.84,Cavite City,14.48,120.9
GWETROOT,2023,0.87,0.73,0.62,0.64,0.65,0.84,0.96,0.97,0.99,0.98,0.9,0.82,0.83,Cavite City,14.48,120.9
GWETROOT,2024,0.71,0.61,0.59,0.59,0.62,0.81,0.96,0.98,0.99,0.98,0.94,0.85,0.8,Cavite City,14.48,120.9
GWETROOT,2025,0.82,0.73,0.64,0.6,0.68,0.91,0.99,0.97,1.0,0.99,0.98,0.95,0.86,Cavite City,14.48,120.9
PRECTOTCORR,1990,0.46,0.11,0.34,0.11,6.32,20.15,15.81,23.75,14.23,4.62,3.58,1.33,7.61,Cavite City,14.48,120.9
PRECTOTCORR,1991,0.36,0.8,0.66,0.51,2.95,6.62,16.03,24.88,14.87,2.47,3.28,0.77,6.23,Cavite City,14.48,120.9
PRECTOTCORR,1992,0.32,0.6,0.19,0.58,2.41,5.69,9.09,20.77,10.79,4.34,2.74,0.67,4.87,Cavite City,14.48,120.9
PRECTOTCORR,1993,0.45,0.21,0.17,0.79,1.28,6.87,10.15,16.21,7.57,4.79,4.05,4.57,4.8,Cavite City,14.48,120.9
PRECTOTCORR,1994,1.2,0.47,0.36,1.47,2.87,9.64,18.07,9.2,6.33,3.08,0.58,1.84,4.63,Cavite City,14.48,120.9
PRECTOTCORR,1995,0.44,0.87,0.14,0.15,4.18,6.09,7.03,15.15,14.91,6.05,3.37,3.68,5.2,Cavite City,14.48,120.9
PRECTOTCORR,1996,0.49,0.24,0.35,1.59,4.49,5.02,13.39,7.63,12.42,3.71,6.92,0.81,4.76,Cavite City,14.48,120.9
PRECTOTCORR,1997,0.32,1.04,0.27,0.75,11.66,8.27,12.5,21.06,4.3,1.49,0.88,0.56,5.31,Cavite City,14.48,120.9
PRECTOTCORR,1998,0.42,0.06,0.28,1.01,6.4,5.29,4.47,9.06,16.14,11.0,2.68,6.77,5.33,Cavite City,14.48,120.9
PRECTOTCORR,1999,1.29,0.62,2.96,3.59,3.09,11.07,17.22,22.36,11.48,9.64,3.73,4.5,7.69,Cavite City,14.48,120.9
PRECTOTCORR,2000,1.07,2.53,1.73,1.71,8.62,6.94,20.84,12.94,14.73,8.46,3.37,3.55,7.24,Cavite City,14.48,120.9
PRECTOTCORR,2001,0.58,3.59,1.1,1.52,5.53,11.88,11.31,13.48,2.72,3.45,3.28,3.05,5.14,Cavite City,14.48,120.9
PRECTOTCORR,2002,0.3,0.66,0.39,0.62,3.7,7.49,29.46,9.42,9.58,4.37,3.13,1.04,5.9,Cavite City,14.48,120.9
PRECTOTCORR,2003,0.5,0.25,0.47,0.29,13.6,8.28,8.09,19.14,14.0,2.39,3.03,0.7,5.94,Cavite City,14.48,120.9
PRECTOTCORR,2004,0.4,0.91,0.21,0.79,12.33,16.51,11.69,16.16,3.47,2.59,5.21,2.2,6.06,Cavite City,14.48,120.9
PRECTOTCORR,2005,0.5,0.38,0.58,0.51,2.6,11.65,12.92,15.89,11.53,6.71,2.5,3.91,5.84,Cavite City,14.48,120.9
PRECTOTCORR,2006,2.15,0.55,1.46,0.21,3.74,8.06,18.88,17.03,11.99,5.27,1.75,4.23,6.33,Cavite City,14.48,120.9
PRECTOTCORR,2007,0.62,0.23,0.42,0.38,5.19,3.2,8.6,25.52,19.93,7.67,7.71,1.74,6.81,Cavite City,14.48,120.9
PRECTOTCORR,2008,2.03,1.43,0.88,1.05,9.37,10.86,10.42,14.67,22.03,5.66,6.53,1.7,7.22,Cavite City,14.48,120.9
PRECTOTCORR,2009,0.95,0.98,1.15,6.56,11.37,20.57,17.6,9.33,28.22,7.32,1.62,0.29,8.84,Cavite City,14.48,120.9
PRECTOTCORR,2010,0.39,0.04,0.34,0.57,1.24,6.84,12.07,12.0,8.27,11.45,4.89,2.44,5.09,Cavite City,14.48,120.9
PRECTOTCORR,2011,1.5,0.43,1.33,0.33,8.71,30.88,19.75,22.99,23.66,8.1,5.3,4.77,10.68,Cavite City,14.48,120.9
PRECTOTCORR,2012,1.27,2.4,2.24,0.65,7.32,17.53,25.28,40.15,17.06,9.48,0.73,0.99,10.48,Cavite City,14.48,120.9
PRECTOTCORR,2013,1.14,2.57,1.78,0.5,2.95,15.36,11.6,34.83,29.91,7.44,3.91,1.77,9.5,Cavite City,14.48,120.9
PRECTOTCORR,2014,0.13,0.23,0.41,0.71,2.55,12.91,20.18,14.43,20.05,7.29,1.72,4.68,7.14,Cavite City,14.48,120.9
PRECTOTCORR,2015,0.91,0.3,0.4,0.58,1.24,6.17,14.1,12.91,9.04,8.32,1.24,9.62,5.46,Cavite City,14.48,120.9
PRECTOTCORR,2016,0.53,1.51,0.56,0.81,3.88,7.97,12.41,18.46,8.93,10.36,4.63,5.54,6.33,Cavite City,14.48,120.9
PRECTOTCORR,2017,2.3,1.33,0.65,2.28,5.97,7.69,13.84,11.71,10.81,8.81,6.83,3.61,6.35,Cavite City,14.48,120.9
PRECTOTCORR,2018,2.16,1.41,1.23,1.21,3.95,21.99,22.42,13.89,10.69,3.51,1.23,4.63,7.39,Cavite City,14.48,120.9
PRECTOTCORR,2019,0.77,0.17,0.23,1.19,6.99,9.71,11.23,16.93,12.28,3.58,4.99,4.57,6.09,Cavite City,14.48,120.9
PRECTOTCORR,2020,1.13,4.27,5.52,6.44,3.87,18.38,9.09,9.13,10.06,26.07,20.68,10.17,10.4,Cavite City,14.48,120.9
PRECTOTCORR,2021,2.73,1.45,1.27,1.01,1.57,8.28,20.66,7.3,14.88,11.54,2.57,2.12,6.32,Cavite City,14.48,120.9
PRECTOTCORR,2022,0.95,1.12,1.74,3.21,6.77,9.02,10.8,20.59,13.73,19.19,3.74,2.94,7.88,Cavite City,14.48,120.9
PRECTOTCORR,2023,3.63,0.71,0.37,4.02,3.79,10.08,17.34,9.1,10.09,6.28,3.5,2.48,5.98,Cavite City,14.48,120.9
PRECTOTCORR,2024,0.59,0.2,1.04,0.48,5.8,7.82,21.17,10.51,16.09,16.3,2.74,5.0,7.36,Cavite City,14.48,120.9
PRECTOTCORR,2025,1.56,2.21,1.23,1.27,6.57,18.22,25.72,10.29,16.94,11.12,9.9,3.21,9.05,Cavite City,14.48,120.9
RH2M,1990,75.13,70.66,65.84,64.51,73.34,84.32,86.0,86.92,86.15,85.1,83.74,82.31,78.72,Cavite City,14.48,120.9
RH2M,1991,77.82,73.52,69.65,66.99,71.77,78.44,83.42,89.52,88.22,80.87,81.73,80.11,78.54,Cavite City,14.48,120.9
RH2M,1992,75.21,70.91,66.97,64.52,69.46,76.22,83.34,87.25,87.11,84.01,82.06,80.49,77.33,Cavite City,14.48,120.9
RH2M,1993,74.33,70.82,66.4,64.36,66.6,77.62,84.56,86.32,87.37,85.58,86.41,85.33,78.02,Cavite City,14.48,120.9
RH2M,1994,82.66,76.92,71.69,70.43,75.81,82.5,88.34,86.18,86.0,81.6,79.63,77.95,80.0,Cavite City,14.48,120.9
RH2M,1995,76.1,73.72,68.17,64.77,75.31,80.54,83.81,86.46,87.46,84.87,86.38,86.08,79.52,Cavite City,14.48,120.9
RH2M,1996,82.75,76.03,72.03,75.08,78.38,80.26,84.0,85.49,85.53,84.11,86.45,81.52,80.99,Cavite City,14.48,120.9
RH2M,1997,77.94,76.15,68.61,65.12,72.8,83.22,86.98,88.39,85.14,80.81,76.99,74.56,78.08,Cavite City,14.48,120.9
RH2M,1998,71.75,67.7,64.91,64.9,72.92,79.76,80.3,84.22,85.98,87.13,87.18,87.28,77.9,Cavite City,14.48,120.9
RH2M,1999,85.1,77.82,78.45,78.91,78.93,83.74,87.6,86.76,86.59,86.61,84.77,87.65,83.63,Cavite City,14.48,120.9
RH2M,2000,82.19,82.84,80.11,74.03,78.76,83.07,87.28,86.0,85.9,86.64,87.47,87.24,83.47,Cavite City,14.48,120.9
RH2M,2001,81.95,80.98,78.27,72.1,77.02,82.44,87.06,88.74,86.72,84.15,82.82,82.58,82.09,Cavite City,14.48,120.9
RH2M,2002,78.35,73.66,69.98,66.24,73.38,79.8,87.44,87.05,86.41,84.12,85.35,82.97,79.61,Cavite City,14.48,120.9
RH2M,2003,77.03,72.15,67.65,64.47,74.05,83.34,82.41,87.88,87.31,80.34,82.27,78.8,78.18,Cavite City,14.48,120.9
RH2M,2004,76.53,73.12,67.87,65.55,78.55,88.0,84.18,89.15,81.98,78.38,81.93,81.83,78.95,Cavite City,14.48,120.9
RH2M,2005,76.83,71.03,68.25,64.14,70.41,84.25,85.29,85.7,86.05,84.15,83.82,86.75,78.95,Cavite City,14.48,120.9
RH2M,2006,83.37,79.55,73.84,65.68,74.04,79.6,87.63,87.54,85.37,81.91,84.6,85.47,80.75,Cavite City,14.48,120.9
RH2M,2007,80.61,74.27,69.19,67.01,74.96,79.83,82.47,85.46,86.89,85.31,85.02,86.16,79.81,Cavite City,14.48,120.9
RH2M,2008,83.65,80.39,75.96,72.89,82.68,81.1,85.67,85.3,86.42,84.94,87.08,83.64,82.49,Cavite City,14.48,120.9
RH2M,2009,81.72,79.46,72.59,78.6,83.54,86.29,86.63,85.49,87.75,83.54,83.32,76.78,82.14,Cavite City,14.48,120.9
RH2M,2010,74.47,69.2,68.41,65.88,66.92,79.07,81.97,84.84,83.63,84.95,86.79,85.41,77.68,Cavite City,14.48,120.9
RH2M,2011,82.8,78.31,76.98,68.11,77.53,83.37,84.9,85.85,88.07,84.76,86.12,86.78,82.0,Cavite City,14.48,120.9
RH2M,2012,82.53,81.74,78.07,72.35,77.28,85.57,85.65,87.49,86.63,82.86,82.6,80.48,81.94,Cavite City,14.48,120.9
RH2M,2013,77.11,75.6,74.94,65.61,73.82,80.74,82.61,86.23,86.6,81.79,84.85,84.12,79.53,Cavite City,14.48,120.9
RH2M,2014,75.25,71.06,68.48,64.22,67.52,82.18,86.98,84.32,84.66,83.17,83.69,84.52,78.05,Cavite City,14.48,120.9
RH2M,2015,79.98,74.24,68.27,67.03,66.95,75.24,83.58,83.6,83.1,82.12,82.15,82.99,77.47,Cavite City,14.48,120.9
RH2M,2016,80.61,76.9,70.99,66.07,71.97,80.18,81.96,87.5,86.14,85.89,84.75,86.3,79.96,Cavite City,14.48,120.9
RH2M,2017,83.35,80.22,73.84,69.96,76.79,79.32,84.14,83.17,82.46,82.8,86.77,84.94,80.66,Cavite City,14.48,120.9
RH2M,2018,83.86,78.21,72.28,68.96,71.53,83.93,88.13,86.69,85.49,79.04,79.82,80.67,79.9,Cavite City,14.48,120.9
RH2M,2019,79.13,72.18,65.13,64.94,75.51,80.94,84.12,87.15,85.26,80.4,83.92,83.49,78.56,Cavite City,14.48,120.9
RH2M,2020,78.6,77.66,77.03,77.81,77.59,79.64,80.99,83.86,82.46,85.89,86.65,87.07,81.29,Cavite City,14.48,120.9
RH2M,2021,84.71,81.12,77.09,68.29,71.48,81.89,85.37,83.69,84.09,85.73,85.12,82.34,80.92,Cavite City,14.48,120.9
RH2M,2022,78.67,77.6,74.57,75.99,75.43,79.26,83.6,84.72,85.79,85.72,86.63,84.94,81.1,Cavite City,14.48,120.9
RH2M,2023,84.5,79.48,70.66,71.58,76.21,82.27,82.36,85.83,83.72,83.6,84.11,83.58,80.67,Cavite City,14.48,120.9
RH2M,2024,78.46,72.99,70.33,64.46,69.99,79.13,83.46,82.94,86.17,82.98,82.48,85.35,78.26,Cavite City,14.48,120.9
RH2M,2025,82.75,80.18,75.3,66.37,74.12,83.76,87.09,82.93,85.95,84.66,86.38,84.54,81.18,Cavite City,14.48,120.9
T2M_MAX,1990,31.46,32.4,33.89,35.47,35.21,31.14,30.08,29.94,29.92,30.22,30.0,30.11,35.47,Cavite City,14.48,120.9
T2M_MAX,1991,30.06,31.5,32.91,35.34,34.28,33.65,31.66,29.81,29.42,30.1,29.79,29.78,35.34,Cavite City,14.48,120.9
T2M_MAX,1992,30.86,32.06,33.58,34.98,34.87,33.63,32.31,29.34,30.33,30.51,29.66,29.54,34.98,Cavite City,14.48,120.9
T2M_MAX,1993,31.15,32.91,34.43,35.45,35.42,33.52,31.44,30.1,30.77,29.73,29.66,29.42,35.45,Cavite City,14.48,120.9
T2M_MAX,1994,29.41,30.78,32.56,35.92,33.31,32.18,29.66,30.32,29.18,30.31,30.86,30.84,35.92,Cavite City,14.48,120.9
T2M_MAX,1995,30.54,32.02,34.64,34.85,34.57,33.19,31.18,30.25,29.65,30.41,30.23,28.38,34.85,Cavite City,14.48,120.9
T2M_MAX,1996,29.59,31.55,33.84,32.89,33.55,33.01,30.8,30.15,30.7,30.81,30.15,29.07,33.84,Cavite City,14.48,120.9
T2M_MAX,1997,29.48,31.07,32.98,34.56,35.04,31.12,29.55,28.69,30.66,31.15,31.79,31.27,35.04,Cavite City,14.48,120.9
T2M_MAX,1998,32.04,33.48,34.19,35.09,35.0,33.45,31.7,31.12,30.29,30.73,30.21,29.44,35.09,Cavite City,14.48,120.9
T2M_MAX,1999,29.88,30.77,32.56,32.78,32.14,31.26,29.07,29.53,29.49,30.13,30.1,29.29,32.78,Cavite City,14.48,120.9
T2M_MAX,2000,29.46,30.76,31.58,34.92,35.13,31.16,28.79,29.79,30.27,30.44,29.74,29.71,35.13,Cavite City,14.48,120.9
T2M_MAX,2001,30.33,30.43,32.7,34.64,34.75,31.67,28.81,29.51,29.74,30.89,30.64,30.02,34.75,Cavite City,14.48,120.9
T2M_MAX,2002,30.59,31.22,33.67,34.49,35.1,32.62,30.61,30.14,29.5,30.5,30.51,30.21,35.1,Cavite City,14.48,120.9
T2M_MAX,2003,30.39,31.34,34.15,35.56,36.45,30.64,32.14,30.11,29.51,30.73,30.66,30.16,36.45,Cavite City,14.48,120.9
T2M_MAX,2004,31.6,32.14,34.68,35.59,34.98,29.13,30.56,28.62,31.29,30.8,31.54,29.55,35.59,Cavite City,14.48,120.9
T2M_MAX,2005,30.99,32.55,35.39,35.53,35.51,31.65,30.65,30.67,30.76,30.79,30.71,29.46,35.53,Cavite City,14.48,120.9
T2M_MAX,2006,29.46,30.69,34.0,35.43,35.82,32.87,28.92,30.46,30.29,30.3,30.3,29.91,35.82,Cavite City,14.48,120.9
T2M_MAX,2007,30.32,32.85,34.05,34.93,34.77,32.64,31.5,30.26,30.32,30.19,30.4,29.38,34.93,Cavite City,14.48,120.9
T2M_MAX,2008,29.72,30.1,32.62,34.87,31.52,31.55,30.3,30.8,30.68,30.43,30.27,29.28,34.87,Cavite City,14.48,120.9
T2M_MAX,2009,29.87,31.35,32.79,33.13,31.32,31.08,30.07,31.06,30.85,29.78,30.17,30.58,33.13,Cavite City,14.48,120.9
T2M_MAX,2010,31.1,33.05,33.84,35.2,36.78,33.22,30.86,30.05,30.44,30.74,29.8,30.02,36.78,Cavite City,14.48,120.9
T2M_MAX,2011,28.57,30.66,32.43,33.4,34.43,31.58,30.71,30.81,28.81,30.56,29.91,29.66,34.43,Cavite City,14.48,120.9
T2M_MAX,2012,29.9,30.78,31.87,33.65,33.45,30.07,30.14,29.69,30.01,30.18,30.52,31.26,33.65,Cavite City,14.48,120.9
T2M_MAX,2013,30.65,32.72,33.1,35.43,34.78,33.11,30.49,29.93,30.04,30.13,30.04,29.64,35.43,Cavite City,14.48,120.9
T2M_MAX,2014,29.66,31.89,33.85,35.41,35.99,33.96,31.01,30.88,30.99,30.21,30.67,29.77,35.99,Cavite City,14.48,120.9
T2M_MAX,2015,29.78,31.71,33.91,34.62,35.18,34.78,30.82,30.83,31.18,31.33,31.01,31.73,35.18,Cavite City,14.48,120.9
T2M_MAX,2016,31.01,31.34,33.31,35.67,36.01,31.62,31.06,30.54,29.99,30.41,30.28,29.62,36.01,Cavite City,14.48,120.9
T2M_MAX,2017,29.18,30.62,33.57,35.09,34.16,31.97,31.5,31.78,31.94,30.72,30.25,30.24,35.09,Cavite City,14.48,120.9
T2M_MAX,2018,29.97,31.54,32.99,35.32,34.8,33.09,28.68,29.4,30.27,31.54,31.2,31.6,35.32,Cavite City,14.48,120.9
T2M_MAX,2019,29.78,31.3,34.63,35.67,34.08,33.26,30.24,29.28,31.17,31.22,30.28,29.97,35.67,Cavite City,14.48,120.9
T2M_MAX,2020,30.77,30.89,31.7,32.16,32.84,33.12,31.34,30.85,31.71,31.0,29.96,29.58,33.12,Cavite City,14.48,120.9
T2M_MAX,2021,29.63,30.61,33.25,34.23,35.21,32.19,31.52,30.77,30.58,30.5,30.58,30.02,35.21,Cavite City,14.48,120.9
T2M_MAX,2022,30.79,32.0,33.7,33.55,34.35,31.23,30.85,30.49,31.15,30.48,30.28,29.97,34.35,Cavite City,14.48,120.9
T2M_MAX,2023,29.14,30.83,34.18,34.09,34.27,32.09,32.25,29.8,31.4,31.27,30.97,30.69,34.27,Cavite City,14.48,120.9
T2M_MAX,2024,30.83,32.38,33.74,37.57,36.77,33.33,31.4,32.31,31.39,31.17,30.81,30.73,37.57,Cavite City,14.48,120.9
T2M_MAX,2025,30.89,30.58,33.34,36.41,34.8,31.22,29.26,31.19,30.3,30.99,30.32,30.16,36.41,Cavite City,14.48,120.9
T2M_MIN,1990,21.23,22.51,22.61,24.73,25.83,25.55,25.03,25.47,24.95,24.3,21.85,21.83,21.23,Cavite City,14.48,120.9
T2M_MIN,1991,21.86,22.62,22.59,24.3,25.67,25.56,25.54,25.47,24.81,23.91,22.03,21.51,21.51,Cavite City,14.48,120.9
T2M_MIN,1992,21.62,21.45,23.0,24.78,25.62,26.37,25.31,25.34,24.93,24.38,20.67,21.81,20.67,Cavite City,14.48,120.9
T2M_MIN,1993,20.25,21.25,22.55,24.13,25.31,25.64,25.53,24.99,24.57,23.43,23.67,21.47,20.25,Cavite City,14.48,120.9
T2M_MIN,1994,21.07,22.17,22.9,23.75,26.66,25.4,25.04,24.97,24.52,23.32,22.83,22.05,21.07,Cavite City,14.48,120.9
T2M_MIN,1995,21.06,21.11,21.95,24.79,25.25,26.02,25.25,25.48,25.1,24.6,24.08,20.85,20.85,Cavite City,14.48,120.9
T2M_MIN,1996,20.85,20.56,22.98,24.3,25.74,25.5,25.99,25.03,24.98,25.05,24.04,20.23,20.23,Cavite City,14.48,120.9
T2M_MIN,1997,20.79,21.23,21.29,24.27,25.08,25.83,24.98,25.22,24.98,24.08,23.03,22.06,20.79,Cavite City,14.48,120.9
T2M_MIN,1998,21.69,22.29,23.07,24.12,26.29,25.67,25.69,25.87,25.73,25.4,24.96,24.12,21.69,Cavite City,14.48,120.9
T2M_MIN,1999,22.79,20.82,22.28,24.29,25.47,25.22,25.26,24.76,24.94,24.65,23.13,20.84,20.82,Cavite City,14.48,120.9
T2M_MIN,2000,20.6,22.31,23.22,24.82,25.71,25.42,24.57,24.79,24.86,24.73,23.5,23.2,20.6,Cavite City,14.48,120.9
T2M_MIN,2001,21.38,22.05,23.38,25.28,26.12,25.65,25.13,25.47,24.47,24.56,21.06,20.7,20.7,Cavite City,14.48,120.9
T2M_MIN,2002,20.28,21.31,21.29,24.1,25.5,26.21,25.52,24.93,25.04,24.96,23.32,23.32,20.28,Cavite City,14.48,120.9
T2M_MIN,2003,21.12,21.66,22.24,25.41,26.05,25.17,25.73,25.14,24.81,23.68,23.4,21.49,21.12,Cavite City,14.48,120.9
T2M_MIN,2004,21.93,21.08,23.4,25.81,25.75,24.8,25.23,25.14,24.96,23.48,23.47,22.07,21.08,Cavite City,14.48,120.9
T2M_MIN,2005,21.02,22.43,21.86,23.33,26.35,25.99,25.55,25.4,25.32,25.21,23.55,21.84,21.02,Cavite City,14.48,120.9
T2M_MIN,2006,21.73,22.0,23.59,25.12,25.89,25.9,25.22,25.06,25.2,23.9,24.12,23.3,21.73,Cavite City,14.48,120.9
T2M_MIN,2007,20.64,20.68,22.98,24.52,25.7,26.42,25.97,24.87,25.01,24.3,21.51,21.45,20.64,Cavite City,14.48,120.9
T2M_MIN,2008,21.72,22.01,21.85,25.01,25.42,24.63,25.0,24.47,25.18,25.23,23.73,21.51,21.51,Cavite City,14.48,120.9
T2M_MIN,2009,19.75,21.92,23.57,24.6,24.54,25.64,25.24,25.93,25.39,22.49,23.69,21.96,19.75,Cavite City,14.48,120.9
T2M_MIN,2010,21.71,22.62,22.9,24.65,25.49,26.33,25.11,25.0,24.94,24.62,24.4,23.04,21.71,Cavite City,14.48,120.9
T2M_MIN,2011,21.36,21.24,22.39,23.21,25.39,25.73,25.45,25.33,24.86,24.55,24.19,22.95,21.24,Cavite City,14.48,120.9
T2M_MIN,2012,22.53,22.29,22.85,24.66,26.14,25.64,25.61,24.94,25.09,23.76,23.5,23.15,22.29,Cavite City,14.48,120.9
T2M_MIN,2013,21.35,22.84,22.53,25.17,26.66,25.51,25.02,25.31,25.56,23.49,23.81,22.99,21.35,Cavite City,14.48,120.9
T2M_MIN,2014,19.51,22.17,22.7,25.1,26.38,26.26,25.27,25.08,25.29,24.15,22.7,22.28,19.51,Cavite City,14.48,120.9
T2M_MIN,2015,21.22,20.91,22.38,24.45,26.66,26.62,24.97,25.3,25.64,24.82,23.88,22.38,20.91,Cavite City,14.48,120.9
T2M_MIN,2016,22.05,21.54,23.42,25.05,26.87,26.45,25.81,25.92,25.05,24.91,23.63,23.1,21.54,Cavite City,14.48,120.9
T2M_MIN,2017,21.98,20.09,22.5,23.52,26.16,25.22,26.11,24.86,25.94,25.38,24.11,22.7,20.09,Cavite City,14.48,120.9
T2M_MIN,2018,21.83,22.05,22.4,24.42,26.45,25.58,25.1,25.74,25.38,22.62,23.71,23.33,21.83,Cavite City,14.48,120.9
T2M_MIN,2019,20.4,21.67,22.97,25.08,26.61,26.42,25.87,25.07,25.25,24.88,22.78,22.81,20.4,Cavite City,14.48,120.9
T2M_MIN,2020,21.91,20.72,23.09,24.38,25.71,26.15,26.08,25.46,25.33,25.35,23.35,23.07,20.72,Cavite City,14.48,120.9
T2M_MIN,2021,21.17,20.79,23.44,24.35,26.2,25.93,25.81,25.64,25.63,24.52,24.07,22.15,20.79,Cavite City,14.48,120.9
T2M_MIN,2022,21.54,23.44,23.71,24.59,26.33,26.06,26.13,25.58,25.68,25.26,24.19,21.73,21.54,Cavite City,14.48,120.9
T2M_MIN,2023,21.66,21.9,21.68,24.55,26.02,26.66,26.54,26.5,26.14,25.48,24.11,23.87,21.66,Cavite City,14.48,120.9
T2M_MIN,2024,21.89,22.88,23.7,25.55,27.02,26.97,26.24,26.29,25.83,25.52,24.79,24.26,21.89,Cavite City,14.48,120.9
T2M_MIN,2025,22.81,22.89,22.98,25.54,26.44,26.13,25.92,25.63,25.16,25.1,24.8,22.86,22.81,Cavite City,14.48,120.9
TS,1990,27.67,28.91,30.3,32.26,31.08,28.58,27.78,27.65,27.39,27.58,27.35,26.68,28.6,Cavite City,14.48,120.9
TS,1991,26.86,28.61,29.31,31.77,31.07,29.49,28.15,27.22,27.24,27.78,26.91,26.51,28.4,Cavite City,14.48,120.9
TS,1992,27.32,28.47,30.59,32.31,31.51,30.22,28.43,27.74,27.33,27.78,26.55,26.63,28.74,Cavite City,14.48,120.9
TS,1993,26.87,28.3,29.74,31.81,31.81,30.04,28.39,27.57,27.44,27.13,27.07,26.05,28.51,Cavite City,14.48,120.9
TS,1994,26.31,27.64,29.54,30.94,30.78,29.05,27.23,27.55,27.73,27.71,27.16,26.99,28.22,Cavite City,14.48,120.9
TS,1995,27.11,28.05,29.87,31.96,30.33,29.63,28.53,27.98,27.82,28.01,27.43,25.89,28.55,Cavite City,14.48,120.9
TS,1996,26.08,26.85,29.41,29.92,29.8,29.32,28.84,27.83,28.13,28.27,27.38,26.09,28.16,Cavite City,14.48,120.9
TS,1997,26.09,27.5,29.56,32.1,30.83,28.61,27.81,27.21,27.69,28.53,28.67,28.18,28.57,Cavite City,14.48,120.9
TS,1998,28.32,30.24,30.52,31.8,31.63,29.78,29.41,28.75,28.35,28.05,27.74,27.16,29.3,Cavite City,14.48,120.9
TS,1999,26.78,26.73,28.83,29.33,29.62,28.42,27.47,27.18,27.49,27.53,27.11,26.32,27.74,Cavite City,14.48,120.9
TS,2000,26.41,26.98,28.23,30.51,30.01,28.67,27.4,28.02,27.57,27.75,27.01,26.65,27.93,Cavite City,14.48,120.9
TS,2001,27.1,27.34,28.62,31.31,30.63,29.1,27.66,27.8,27.65,28.19,27.28,26.56,28.27,Cavite City,14.48,120.9
TS,2002,26.61,27.63,29.7,31.62,31.17,29.78,27.74,27.56,27.82,28.19,27.41,27.48,28.56,Cavite City,14.48,120.9
TS,2003,26.74,28.09,30.04,32.77,31.59,28.26,28.77,27.55,27.58,28.22,28.02,26.34,28.66,Cavite City,14.48,120.9
TS,2004,27.64,28.38,30.82,32.59,29.86,27.64,28.03,27.32,28.36,28.17,27.8,26.66,28.6,Cavite City,14.48,120.9
TS,2005,26.65,28.84,29.93,31.9,32.16,28.94,28.54,28.05,28.04,28.25,27.74,26.5,28.79,Cavite City,14.48,120.9
TS,2006,26.77,27.32,29.4,32.09,30.76,29.66,27.82,27.55,28.11,28.13,27.64,26.89,28.51,Cavite City,14.48,120.9
TS,2007,26.88,28.04,30.17,32.09,30.9,29.96,29.11,28.13,27.96,27.75,27.12,26.47,28.71,Cavite City,14.48,120.9
TS,2008,26.44,26.95,28.85,30.86,28.83,28.92,27.74,27.61,27.76,28.08,27.28,26.42,27.98,Cavite City,14.48,120.9
TS,2009,25.97,27.48,30.19,29.46,28.52,27.91,27.98,28.32,27.77,27.34,27.69,27.02,27.97,Cavite City,14.48,120.9
TS,2010,27.87,29.65,30.7,32.31,33.06,30.16,28.91,28.17,28.33,28.09,27.32,26.76,29.27,Cavite City,14.48,120.9
TS,2011,26.12,27.16,28.07,30.52,29.9,28.39,27.99,27.75,27.49,27.68,27.31,26.69,27.92,Cavite City,14.48,120.9
TS,2012,26.98,27.33,28.37,30.73,30.21,28.17,27.94,27.29,27.83,27.68,27.85,28.02,28.2,Cavite City,14.48,120.9
TS,2013,27.17,28.37,29.25,32.78,31.09,29.43,28.42,27.73,27.81,27.76,27.37,27.25,28.7,Cavite City,14.48,120.9
TS,2014,26.05,28.68,30.04,32.49,32.48,29.52,27.89,27.95,28.1,28.02,27.72,26.62,28.79,Cavite City,14.48,120.9
TS,2015,26.03,27.21,29.61,31.67,32.65,31.0,28.31,28.51,28.78,28.33,28.12,27.4,28.97,Cavite City,14.48,120.9
TS,2016,27.38,27.53,30.52,32.71,31.83,29.87,29.01,28.03,28.17,27.95,27.58,27.16,28.98,Cavite City,14.48,120.9
TS,2017,26.43,26.64,28.97,31.36,30.52,29.93,28.63,28.74,28.78,28.48,27.73,27.06,28.61,Cavite City,14.48,120.9
TS,2018,26.74,27.76,29.25,31.52,31.48,28.89,27.84,27.73,28.04,28.77,28.26,27.74,28.67,Cavite City,14.48,120.9
TS,2019,26.5,27.92,31.09,32.32,30.92,30.14,28.56,27.91,27.96,28.64,27.8,27.1,28.91,Cavite City,14.48,120.9
TS,2020,27.28,26.82,29.27,29.86,30.78,30.0,29.32,28.48,28.93,28.37,27.5,27.09,28.65,Cavite City,14.48,120.9
TS,2021,26.35,27.15,29.06,31.46,31.9,29.46,28.7,28.54,28.51,28.13,28.19,26.88,28.7,Cavite City,14.48,120.9
TS,2022,27.13,28.28,30.06,29.84,30.81,29.67,29.13,28.26,28.17,28.29,27.78,27.01,28.7,Cavite City,14.48,120.9
TS,2023,26.18,27.25,29.39,30.78,30.98,29.63,29.09,28.63,28.86,28.7,28.26,27.94,28.81,Cavite City,14.48,120.9
TS,2024,27.4,28.65,30.1,32.92,32.61,30.51,29.06,29.2,28.56,28.6,28.36,27.62,29.46,Cavite City,14.48,120.9
TS,2025,27.15,27.69,29.34,32.73,31.03,29.09,28.26,28.52,27.97,28.19,27.84,27.27,28.76,Cavite City,14.48,120.9
WS2M,1990,4.49,4.56,3.98,3.8,3.28,3.9,3.51,5.33,3.54,3.16,3.97,5.01,4.04,Cavite City,14.48,120.9
WS2M,1991,4.7,4.42,4.67,3.71,3.54,4.34,3.88,4.59,4.47,3.44,4.17,5.37,4.27,Cavite City,14.48,120.9
WS2M,1992,3.94,4.3,4.1,3.27,3.26,3.22,3.29,5.06,3.93,3.55,4.64,5.18,3.98,Cavite City,14.48,120.9
WS2M,1993,4.71,4.46,4.55,3.41,3.2,2.72,3.36,3.98,3.2,4.31,4.53,5.74,4.02,Cavite City,14.48,120.9
WS2M,1994,4.25,4.37,5.13,3.51,2.59,3.01,5.49,3.7,3.18,3.57,5.03,5.33,4.1,Cavite City,14.48,120.9
WS2M,1995,5.18,4.52,4.5,4.43,3.11,3.05,3.28,3.16,3.69,3.37,4.15,5.7,4.01,Cavite City,14.48,120.9
WS2M,1996,5.1,5.62,5.06,3.88,3.31,2.88,4.23,3.22,3.37,2.87,4.87,5.45,4.15,Cavite City,14.48,120.9
WS2M,1997,4.4,5.26,4.03,3.17,4.22,3.15,2.97,5.13,2.64,3.3,4.04,4.65,3.91,Cavite City,14.48,120.9
WS2M,1998,4.69,3.62,4.59,4.03,4.06,2.54,2.09,2.59,3.87,4.15,3.45,4.84,3.71,Cavite City,14.48,120.9
WS2M,1999,5.13,5.41,4.01,3.13,2.39,3.22,4.39,4.05,3.56,3.41,4.24,5.05,3.99,Cavite City,14.48,120.9
WS2M,2000,4.86,4.71,4.2,3.12,3.5,2.8,4.68,3.73,4.29,3.85,4.28,4.68,4.06,Cavite City,14.48,120.9
WS2M,2001,4.36,4.9,4.32,3.14,3.06,2.99,4.24,4.81,3.7,3.29,5.05,5.8,4.14,Cavite City,14.48,120.9
WS2M,2002,4.71,4.79,4.57,4.09,3.38,2.68,5.49,3.66,3.15,2.76,4.14,4.1,3.96,Cavite City,14.48,120.9
WS2M,2003,4.96,5.02,4.11,3.38,4.24,3.35,2.99,3.89,3.43,2.95,4.0,5.71,4.0,Cavite City,14.48,120.9
WS2M,2004,4.28,4.25,3.73,3.11,3.97,4.61,2.72,5.09,2.69,3.06,4.82,4.65,3.91,Cavite City,14.48,120.9
WS2M,2005,3.88,3.76,4.22,3.16,2.22,2.91,3.37,3.89,3.28,2.96,3.39,5.22,3.52,Cavite City,14.48,120.9
WS2M,2006,3.94,4.91,3.67,3.42,3.41,2.84,4.51,4.1,2.74,3.05,3.28,5.13,3.75,Cavite City,14.48,120.9
WS2M,2007,4.87,4.16,4.1,3.68,2.88,2.34,2.86,4.13,3.53,3.83,4.4,4.59,3.78,Cavite City,14.48,120.9
WS2M,2008,4.83,5.15,3.86,4.11,3.22,2.93,3.27,3.36,3.67,2.88,3.8,4.92,3.83,Cavite City,14.48,120.9
WS2M,2009,5.22,4.19,3.66,3.19,3.06,4.17,3.56,4.13,4.36,3.92,3.61,4.07,3.93,Cavite City,14.48,120.9
WS2M,2010,4.65,3.58,4.37,3.43,2.63,2.33,2.31,3.45,2.48,3.48,3.22,3.91,3.32,Cavite City,14.48,120.9
WS2M,2011,4.88,4.1,5.19,3.88,2.94,3.3,3.75,3.87,4.01,3.22,3.88,4.13,3.93,Cavite City,14.48,120.9
WS2M,2012,4.03,4.17,4.46,3.1,2.2,4.47,3.59,4.99,2.76,3.41,3.51,4.2,3.74,Cavite City,14.48,120.9
WS2M,2013,4.68,4.89,3.4,2.73,2.46,3.01,2.51,4.03,3.7,3.12,4.17,3.4,3.5,Cavite City,14.48,120.9
WS2M,2014,4.68,3.39,3.99,2.65,2.35,3.39,4.12,3.25,3.43,2.7,3.66,5.13,3.57,Cavite City,14.48,120.9
WS2M,2015,4.47,3.99,4.03,3.55,2.66,2.75,4.17,3.42,2.56,3.72,4.04,4.46,3.65,Cavite City,14.48,120.9
WS2M,2016,3.91,4.25,3.32,3.29,2.76,2.49,2.87,4.67,3.16,3.34,3.98,4.37,3.53,Cavite City,14.48,120.9
WS2M,2017,4.85,4.45,3.82,3.39,2.61,2.26,3.45,3.18,2.58,2.92,4.14,4.64,3.52,Cavite City,14.48,120.9
WS2M,2018,4.51,3.7,3.85,3.53,2.85,3.91,4.33,5.19,3.14,2.99,4.15,4.57,3.9,Cavite City,14.48,120.9
WS2M,2019,4.72,4.2,3.38,3.15,2.5,3.23,3.49,5.35,4.02,2.93,3.27,4.38,3.72,Cavite City,14.48,120.9
WS2M,2020,4.19,5.13,3.61,3.52,2.49,2.53,2.31,3.06,2.36,3.33,4.22,3.68,3.36,Cavite City,14.48,120.9
WS2M,2021,4.73,3.99,3.94,3.51,3.54,3.08,4.54,3.27,2.7,3.65,3.6,5.08,3.81,Cavite City,14.48,120.9
WS2M,2022,4.24,4.61,3.79,3.88,2.75,2.21,2.49,3.09,3.59,3.56,3.57,4.15,3.49,Cavite City,14.48,120.9
WS2M,2023,4.83,4.5,3.94,2.89,3.18,2.97,3.87,4.77,2.8,2.91,3.98,4.18,3.74,Cavite City,14.48,120.9
WS2M,2024,4.74,4.74,4.16,3.61,3.17,2.34,3.47,2.87,4.03,3.47,3.29,4.41,3.69,Cavite City,14.48,120.9
WS2M,2025,4.26,4.56,4.21,2.97,3.11,3.04,5.4,2.68,3.34,2.73,4.0,3.8,3.67,Cavite City,14.48,120.9
ALLSKY_SFC_SW_DWN,1990,18.17,21.72,22.51,24.96,21.21,17.22,18.27,16.04,17.99,18.14,16.46,16.23,19.05,Rosario,14.41,120.85
ALLSKY_SFC_SW_DWN,1991,17.38,19.5,23.2,23.67,23.1,19.18,16.68,12.57,15.47,17.59,16.71,17.17,18.51,Rosario,14.41,120.85
ALLSKY_SFC_SW_DWN,1992,17.47,20.64,23.46,23.65,21.92,20.46,17.94,13.29,15.93,17.84,17.48,16.78,18.89,Rosario,14.41,120.85
ALLSKY_SFC_SW_DWN,1993,18.42,21.06,22.47,24.08,24.36,20.87,18.04,16.24,15.75,16.89,16.46,14.12,19.04,Rosario,14.41,120.85
ALLSKY_SFC_SW_DWN,1994,17.31,20.13,21.72,23.41,21.92,19.63,12.53,18.8,16.86,19.07,19.06,16.68,18.91,Rosario,14.41,120.85
ALLSKY_SFC_SW_DWN,1995,17.24,20.14,22.69,25.05,21.19,21.11,17.95,16.67,14.69,16.83,15.28,13.83,18.54,Rosario,14.41,120.85
ALLSKY_SFC_SW_DWN,1996,15.56,19.01,21.36,21.13,19.89,20.44,15.7,18.79,16.1,17.37,14.37,15.87,17.96,Rosario,14.41,120.85
ALLSKY_SFC_SW_DWN,1997,16.76,18.1,21.75,22.86,20.25,20.3,17.16,15.27,17.7,18.96,17.98,16.66,18.64,Rosario,14.41,120.85
ALLSKY_SFC_SW_DWN,1998,16.77,20.22,22.1,23.65,19.57,20.71,19.95,19.22,15.18,14.6,16.26,13.64,18.47,Rosario,14.41,120.85
ALLSKY_SFC_SW_DWN,1999,14.94,18.27,19.68,20.95,20.95,17.62,15.91,16.01,16.34,16.77,15.21,13.79,17.19,Rosario,14.41,120.85
ALLSKY_SFC_SW_DWN,2000,16.35,16.51,19.4,22.38,17.88,19.72,13.99,17.06,16.84,15.56,14.73,14.19,17.04,Rosario,14.41,120.85
ALLSKY_SFC_SW_DWN,2001,16.61,16.75,20.93,23.06,19.93,18.82,17.16,14.25,17.83,17.58,17.12,15.09,17.92,Rosario,14.41,120.85
ALLSKY_SFC_SW_DWN,2002,17.65,19.49,22.84,24.71,21.94,20.53,12.71,17.32,16.54,18.36,15.72,16.38,18.67,Rosario,14.41,120.85
ALLSKY_SFC_SW_DWN,2003,17.38,20.41,22.8,24.58,19.22,18.83,19.37,16.39,16.2,18.82,16.83,15.54,18.85,Rosario,14.41,120.85
ALLSKY_SFC_SW_DWN,2004,17.49,18.76,22.85,24.28,20.54,14.73,20.08,15.69,20.23,18.54,15.33,16.05,18.72,Rosario,14.41,120.85
ALLSKY_SFC_SW_DWN,2005,17.14,20.31,21.61,24.0,23.43,18.56,17.22,14.85,15.88,16.95,15.62,12.81,18.18,Rosario,14.41,120.85
ALLSKY_SFC_SW_DWN,2006,15.53,18.66,21.98,24.6,20.56,20.85,12.31,14.35,18.09,17.1,17.24,14.39,17.94,Rosario,14.41,120.85
ALLSKY_SFC_SW_DWN,2007,16.2,20.45,22.37,23.91,21.06,19.64,19.22,13.51,15.98,15.57,13.82,15.5,18.08,Rosario,14.41,120.85
ALLSKY_SFC_SW_DWN,2008,15.49,16.25,21.94,22.61,18.64,20.51,17.34,16.01,16.85,17.15,14.87,14.47,17.67,Rosario,14.41,120.85
ALLSKY_SFC_SW_DWN,2009,14.97,18.02,21.28,20.3,20.24,16.46,16.79,17.59,13.23,14.94,17.59,17.24,17.39,Rosario,14.41,120.85
ALLSKY_SFC_SW_DWN,2010,17.29,22.02,22.61,24.49,24.41,18.96,18.92,17.62,19.22,15.55,15.31,14.54,19.22,Rosario,14.41,120.85
ALLSKY_SFC_SW_DWN,2011,15.04,18.76,19.32,23.29,20.69,16.77,15.28,14.52,15.11,17.38,15.71,13.76,17.12,Rosario,14.41,120.85
ALLSKY_SFC_SW_DWN,2012,16.27,18.66,18.76,24.62,20.63,16.81,15.51,13.33,16.23,16.53,18.29,15.5,17.57,Rosario,14.41,120.85
ALLSKY_SFC_SW_DWN,2013,15.91,18.42,21.98,24.24,21.14,19.1,18.05,13.75,13.95,17.14,15.75,15.38,17.89,Rosario,14.41,120.85
ALLSKY_SFC_SW_DWN,2014,17.17,20.26,21.73,23.91,24.27,17.6,14.99,17.92,16.71,17.75,17.13,13.29,18.54,Rosario,14.41,120.85
ALLSKY_SFC_SW_DWN,2015,16.24,20.15,22.29,24.78,23.71,22.45,16.5,18.49,20.68,17.69,18.61,15.53,19.74,Rosario,14.41,120.85
ALLSKY_SFC_SW_DWN,2016,18.22,18.92,23.14,25.13,22.41,19.94,18.91,14.1,16.8,16.12,15.82,14.52,18.66,Rosario,14.41,120.85
ALLSKY_SFC_SW_DWN,2017,15.21,19.0,22.49,24.15,21.8,21.44,15.93,18.75,17.91,15.8,15.83,14.31,18.53,Rosario,14.41,120.85
ALLSKY_SFC_SW_DWN,2018,15.37,20.27,22.62,24.53,23.64,15.56,12.8,14.11,18.68,20.34,18.21,14.05,18.32,Rosario,14.41,120.85
ALLSKY_SFC_SW_DWN,2019,17.4,21.52,24.25,24.96,21.36,20.74,17.3,13.76,15.88,20.42,15.29,15.76,19.03,Rosario,14.41,120.85
ALLSKY_SFC_SW_DWN,2020,17.35,19.87,24.03,23.88,23.06,21.32,20.27,16.84,20.28,14.9,15.35,14.37,19.28,Rosario,14.41,120.85
ALLSKY_SFC_SW_DWN,2021,15.11,18.97,21.71,23.23,23.86,19.15,14.79,18.43,17.9,15.78,17.23,15.61,18.47,Rosario,14.41,120.85
ALLSKY_SFC_SW_DWN,2022,17.8,18.11,22.98,21.41,22.26,21.09,17.8,16.01,16.05,16.83,16.85,14.3,18.46,Rosario,14.41,120.85
ALLSKY_SFC_SW_DWN,2023,15.11,18.84,23.78,22.27,21.85,19.16,16.42,17.57,16.95,16.61,17.18,15.74,18.45,Rosario,14.41,120.85
ALLSKY_SFC_SW_DWN,2024,17.12,21.06,22.14,25.92,22.92,20.66,15.12,19.55,14.06,15.79,17.45,13.07,18.72,Rosario,14.41,120.85
ALLSKY_SFC_SW_DWN,2025,15.93,17.29,21.27,24.49,22.13,17.21,12.27,17.88,14.37,16.12,14.45,15.18,17.38,Rosario,14.41,120.85
EVLAND,1990,1.12,0.28,0.35,0.12,1.78,3.64,3.79,4.49,3.57,3.42,3.63,3.15,2.46,Rosario,14.41,120.85
EVLAND,1991,2.19,0.93,0.93,0.49,2.32,2.84,3.25,3.16,3.56,4.34,3.58,2.93,2.56,Rosario,14.41,120.85
EVLAND,1992,1.68,0.78,0.23,0.56,1.22,2.7,3.05,3.44,3.44,3.58,3.95,2.83,2.29,Rosario,14.41,120.85
EVLAND,1993,1.49,0.53,0.19,0.59,1.32,2.21,3.26,3.52,3.08,3.82,3.08,3.41,2.22,Rosario,14.41,120.85
EVLAND,1994,3.05,2.52,0.77,1.34,2.0,2.81,3.68,3.9,3.35,4.17,3.36,2.17,2.76,Rosario,14.41,120.85
EVLAND,1995,1.42,0.99,0.26,0.14,1.34,3.43,2.77,3.12,3.17,3.72,3.31,2.84,2.22,Rosario,14.41,120.85
EVLAND,1996,2.93,2.24,0.57,1.4,1.8,2.77,2.73,3.39,3.56,3.06,3.48,3.76,2.64,Rosario,14.41,120.85
EVLAND,1997,2.65,1.68,0.56,0.71,1.7,3.85,3.13,3.63,3.2,4.01,3.16,1.65,2.5,Rosario,14.41,120.85
EVLAND,1998,0.42,0.29,0.22,0.91,1.57,3.2,3.2,3.18,3.34,3.21,2.67,2.99,2.11,Rosario,14.41,120.85
EVLAND,1999,3.59,3.3,2.72,2.92,2.29,3.22,3.19,3.84,3.44,3.2,3.54,2.77,3.17,Rosario,14.41,120.85
EVLAND,2000,3.41,2.94,2.57,2.32,2.26,3.08,3.66,3.5,3.85,3.23,3.34,2.82,3.08,Rosario,14.41,120.85
EVLAND,2001,3.34,3.07,2.58,2.22,2.52,2.93,4.1,3.49,3.17,3.19,3.67,3.23,3.13,Rosario,14.41,120.85
EVLAND,2002,2.43,1.12,0.47,0.59,1.31,3.55,3.94,3.63,3.26,3.29,3.16,3.11,2.5,Rosario,14.41,120.85
EVLAND,2003,2.46,0.72,0.51,0.25,1.93,4.35,3.77,3.61,3.29,4.27,3.52,2.68,2.63,Rosario,14.41,120.85
EVLAND,2004,1.55,0.86,0.43,0.77,2.87,3.48,3.44,3.6,3.97,3.99,2.98,3.29,2.61,Rosario,14.41,120.85
EVLAND,2005,2.33,0.77,0.54,0.57,1.27,3.05,3.26,3.47,3.46,3.49,3.49,2.85,2.39,Rosario,14.41,120.85
EVLAND,2006,3.01,3.07,1.81,0.63,1.58,3.0,2.99,3.72,3.39,4.13,3.05,3.25,2.8,Rosario,14.41,120.85
EVLAND,2007,2.97,1.47,0.51,0.38,1.58,2.57,3.23,3.65,3.25,3.84,3.62,3.66,2.57,Rosario,14.41,120.85
EVLAND,2008,3.12,2.68,2.06,0.89,3.02,3.64,3.49,3.76,3.5,3.32,3.08,3.39,3.0,Rosario,14.41,120.85
EVLAND,2009,2.74,2.23,1.2,1.78,4.12,3.93,3.33,4.01,3.51,3.96,3.95,2.64,3.12,Rosario,14.41,120.85
EVLAND,2010,1.13,0.22,0.31,0.25,0.96,2.57,3.2,3.75,3.22,3.32,2.8,3.08,2.08,Rosario,14.41,120.85
EVLAND,2011,3.0,2.94,1.74,0.5,2.65,3.59,4.0,3.82,3.49,3.74,3.26,3.16,2.99,Rosario,14.41,120.85
EVLAND,2012,3.39,2.82,2.47,1.86,2.77,3.66,3.54,4.04,3.43,4.24,3.48,2.47,3.18,Rosario,14.41,120.85
EVLAND,2013,1.96,1.42,2.66,0.75,1.5,3.27,3.56,3.37,3.23,4.51,3.55,2.6,2.71,Rosario,14.41,120.85
EVLAND,2014,2.57,0.94,0.42,0.58,1.51,3.33,3.53,3.98,3.8,3.65,3.64,3.22,2.61,Rosario,14.41,120.85
EVLAND,2015,3.11,2.03,0.56,0.57,1.08,2.83,3.86,3.68,3.84,4.35,3.93,3.26,2.76,Rosario,14.41,120.85
EVLAND,2016,3.27,2.37,1.21,0.68,1.89,3.07,3.77,3.72,3.24,3.58,3.79,3.28,2.83,Rosario,14.41,120.85
EVLAND,2017,3.72,3.3,2.38,1.64,2.54,3.48,3.52,4.07,3.73,3.78,3.63,3.48,3.27,Rosario,14.41,120.85
EVLAND,2018,3.3,3.18,2.51,1.36,2.2,3.4,3.21,3.99,3.74,4.28,3.48,2.4,3.09,Rosario,14.41,120.85
EVLAND,2019,3.04,1.59,0.3,1.15,2.46,3.28,3.36,3.92,4.08,4.06,3.2,3.69,2.85,Rosario,14.41,120.85
EVLAND,2020,3.01,2.79,3.18,3.85,3.35,3.97,3.53,3.62,3.54,3.27,3.73,3.17,3.42,Rosario,14.41,120.85
EVLAND,2021,3.82,3.85,3.04,1.57,1.28,2.66,3.62,3.78,3.34,3.65,3.42,3.31,3.11,Rosario,14.41,120.85
EVLAND,2022,2.71,2.4,1.78,2.64,2.66,3.4,3.57,3.38,3.41,3.21,3.34,3.17,2.97,Rosario,14.41,120.85
EVLAND,2023,3.44,3.29,1.69,2.81,2.73,3.29,4.04,4.19,3.67,3.85,3.71,3.5,3.35,Rosario,14.41,120.85
EVLAND,2024,2.81,1.24,0.9,0.63,1.94,3.4,3.73,3.74,3.57,3.56,4.05,3.34,2.75,Rosario,14.41,120.85
EVLAND,2025,3.38,3.2,2.5,1.41,3.09,3.51,4.37,3.91,3.55,3.35,3.46,3.66,3.29,Rosario,14.41,120.85
GWETROOT,1990,0.61,0.59,0.59,0.58,0.64,0.93,0.99,0.99,0.98,0.95,0.89,0.77,0.79,Rosario,14.41,120.85
GWETROOT,1991,0.66,0.6,0.6,0.59,0.62,0.7,0.9,0.99,1.0,0.93,0.82,0.73,0.76,Rosario,14.41,120.85
GWETROOT,1992,0.63,0.6,0.59,0.59,0.6,0.72,0.87,0.98,0.99,0.92,0.86,0.73,0.76,Rosario,14.41,120.85
GWETROOT,1993,0.62,0.59,0.59,0.59,0.6,0.69,0.88,0.97,0.99,0.96,0.9,0.86,0.77,Rosario,14.41,120.85
GWETROOT,1994,0.78,0.66,0.6,0.6,0.63,0.79,0.96,0.96,0.97,0.91,0.75,0.66,0.77,Rosario,14.41,120.85
GWETROOT,1995,0.62,0.61,0.59,0.58,0.64,0.81,0.89,0.96,0.99,0.97,0.94,0.87,0.79,Rosario,14.41,120.85
GWETROOT,1996,0.78,0.65,0.59,0.61,0.65,0.77,0.87,0.98,0.98,0.95,0.96,0.86,0.8,Rosario,14.41,120.85
GWETROOT,1997,0.7,0.62,0.6,0.59,0.66,0.91,0.98,1.0,0.97,0.88,0.72,0.62,0.77,Rosario,14.41,120.85
GWETROOT,1998,0.59,0.59,0.59,0.6,0.64,0.83,0.87,0.94,0.97,0.99,0.96,0.94,0.79,Rosario,14.41,120.85
GWETROOT,1999,0.89,0.73,0.66,0.68,0.7,0.87,0.99,0.99,0.99,0.98,0.93,0.9,0.86,Rosario,14.41,120.85
GWETROOT,2000,0.8,0.75,0.68,0.62,0.74,0.91,0.99,0.99,0.99,0.97,0.97,0.9,0.86,Rosario,14.41,120.85
GWETROOT,2001,0.79,0.7,0.66,0.62,0.69,0.85,0.98,0.99,0.96,0.9,0.85,0.78,0.82,Rosario,14.41,120.85
GWETROOT,2002,0.67,0.61,0.59,0.59,0.63,0.81,0.98,0.99,0.98,0.96,0.92,0.79,0.79,Rosario,14.41,120.85
GWETROOT,2003,0.67,0.6,0.59,0.59,0.66,0.94,0.94,0.99,0.99,0.93,0.83,0.72,0.79,Rosario,14.41,120.85
GWETROOT,2004,0.62,0.6,0.59,0.59,0.76,0.97,0.98,1.0,0.96,0.86,0.75,0.8,0.79,Rosario,14.41,120.85
GWETROOT,2005,0.66,0.6,0.59,0.59,0.61,0.88,0.97,0.99,0.99,0.96,0.92,0.87,0.8,Rosario,14.41,120.85
GWETROOT,2006,0.78,0.7,0.62,0.59,0.66,0.76,0.95,1.0,0.98,0.94,0.92,0.85,0.81,Rosario,14.41,120.85
GWETROOT,2007,0.73,0.62,0.59,0.59,0.64,0.77,0.89,0.97,0.99,0.97,0.94,0.89,0.8,Rosario,14.41,120.85
GWETROOT,2008,0.79,0.69,0.64,0.6,0.77,0.88,0.97,0.99,0.99,0.98,0.96,0.86,0.84,Rosario,14.41,120.85
GWETROOT,2009,0.75,0.65,0.61,0.67,0.91,0.99,0.99,0.98,0.99,0.97,0.86,0.7,0.84,Rosario,14.41,120.85
GWETROOT,2010,0.61,0.59,0.59,0.59,0.6,0.74,0.9,0.99,0.98,0.98,0.98,0.9,0.79,Rosario,14.41,120.85
GWETROOT,2011,0.81,0.7,0.63,0.59,0.73,0.94,0.99,1.0,0.99,0.98,0.95,0.92,0.85,Rosario,14.41,120.85
GWETROOT,2012,0.8,0.71,0.65,0.63,0.71,0.95,0.99,1.0,1.0,0.96,0.83,0.7,0.83,Rosario,14.41,120.85
GWETROOT,2013,0.64,0.62,0.64,0.59,0.62,0.85,0.98,1.0,1.0,0.97,0.89,0.81,0.8,Rosario,14.41,120.85
GWETROOT,2014,0.69,0.6,0.59,0.59,0.61,0.83,0.98,0.98,0.99,0.98,0.87,0.83,0.8,Rosario,14.41,120.85
GWETROOT,2015,0.76,0.63,0.59,0.59,0.6,0.68,0.92,0.97,0.99,0.97,0.83,0.8,0.78,Rosario,14.41,120.85
GWETROOT,2016,0.76,0.65,0.6,0.59,0.63,0.8,0.96,0.99,0.99,0.99,0.94,0.92,0.82,Rosario,14.41,120.85
GWETROOT,2017,0.85,0.75,0.64,0.6,0.68,0.85,0.96,0.99,0.98,0.98,0.96,0.9,0.85,Rosario,14.41,120.85
GWETROOT,2018,0.81,0.72,0.63,0.6,0.63,0.91,1.0,0.99,0.99,0.9,0.77,0.7,0.8,Rosario,14.41,120.85
GWETROOT,2019,0.74,0.62,0.59,0.6,0.68,0.81,0.96,0.99,0.99,0.91,0.92,0.84,0.81,Rosario,14.41,120.85
GWETROOT,2020,0.72,0.67,0.69,0.7,0.75,0.9,0.97,0.99,0.96,1.0,0.99,0.98,0.86,Rosario,14.41,120.85
GWETROOT,2021,0.92,0.79,0.67,0.6,0.6,0.76,0.94,0.98,0.99,0.99,0.9,0.81,0.83,Rosario,14.41,120.85
GWETROOT,2022,0.71,0.64,0.61,0.64,0.7,0.87,0.98,1.0,0.99,0.99,0.97,0.91,0.84,Rosario,14.41,120.85
GWETROOT,2023,0.87,0.73,0.62,0.64,0.65,0.84,0.96,0.97,0.99,0.98,0.9,0.82,0.83,Rosario,14.41,120.85
GWETROOT,2024,0.71,0.61,0.59,0.59,0.62,0.81,0.96,0.98,0.99,0.98,0.94,0.85,0.8,Rosario,14.41,120.85
GWETROOT,2025,0.82,0.73,0.64,0.6,0.68,0.91,0.99,0.97,1.0,0.99,0.98,0.95,0.86,Rosario,14.41,120.85
PRECTOTCORR,1990,0.46,0.11,0.34,0.11,6.32,20.15,15.81,23.75,14.23,4.62,3.58,1.33,7.61,Rosario,14.41,120.85
PRECTOTCORR,1991,0.36,0.8,0.66,0.51,2.95,6.62,16.03,24.88,14.87,2.47,3.28,0.77,6.23,Rosario,14.41,120.85
PRECTOTCORR,1992,0.32,0.6,0.19,0.58,2.41,5.69,9.09,20.77,10.79,4.34,2.74,0.67,4.87,Rosario,14.41,120.85
PRECTOTCORR,1993,0.45,0.21,0.17,0.79,1.28,6.87,10.15,16.21,7.57,4.79,4.05,4.57,4.8,Rosario,14.41,120.85
PRECTOTCORR,1994,1.2,0.47,0.36,1.47,2.87,9.64,18.07,9.2,6.33,3.08,0.58,1.84,4.63,Rosario,14.41,120.85
PRECTOTCORR,1995,0.44,0.87,0.14,0.15,4.18,6.09,7.03,15.15,14.91,6.05,3.37,3.68,5.2,Rosario,14.41,120.85
PRECTOTCORR,1996,0.49,0.24,0.35,1.59,4.49,5.02,13.39,7.63,12.42,3.71,6.92,0.81,4.76,Rosario,14.41,120.85
PRECTOTCORR,1997,0.32,1.04,0.27,0.75,11.66,8.27,12.5,21.06,4.3,1.49,0.88,0.56,5.31,Rosario,14.41,120.85
PRECTOTCORR,1998,0.42,0.06,0.28,1.01,6.4,5.29,4.47,9.06,16.14,11.0,2.68,6.77,5.33,Rosario,14.41,120.85
PRECTOTCORR,1999,1.29,0.62,2.96,3.59,3.09,11.07,17.22,22.36,11.48,9.64,3.73,4.5,7.69,Rosario,14.41,120.85
PRECTOTCORR,2000,1.07,2.53,1.73,1.71,8.62,6.94,20.84,12.94,14.73,8.46,3.37,3.55,7.24,Rosario,14.41,120.85
PRECTOTCORR,2001,0.58,3.59,1.1,1.52,5.53,11.88,11.31,13.48,2.72,3.45,3.28,3.05,5.14,Rosario,14.41,120.85
PRECTOTCORR,2002,0.3,0.66,0.39,0.62,3.7,7.49,29.46,9.42,9.58,4.37,3.13,1.04,5.9,Rosario,14.41,120.85
PRECTOTCORR,2003,0.5,0.25,0.47,0.29,13.6,8.28,8.09,19.14,14.0,2.39,3.03,0.7,5.94,Rosario,14.41,120.85
PRECTOTCORR,2004,0.4,0.91,0.21,0.79,12.33,16.51,11.69,16.16,3.47,2.59,5.21,2.2,6.06,Rosario,14.41,120.85
PRECTOTCORR,2005,0.5,0.38,0.58,0.51,2.6,11.65,12.92,15.89,11.53,6.71,2.5,3.91,5.84,Rosario,14.41,120.85
PRECTOTCORR,2006,2.15,0.55,1.46,0.21,3.74,8.06,18.88,17.03,11.99,5.27,1.75,4.23,6.33,Rosario,14.41,120.85
PRECTOTCORR,2007,0.62,0.23,0.42,0.38,5.19,3.2,8.6,25.52,19.93,7.67,7.71,1.74,6.81,Rosario,14.41,120.85
PRECTOTCORR,2008,2.03,1.43,0.88,1.05,9.37,10.86,10.42,14.67,22.03,5.66,6.53,1.7,7.22,Rosario,14.41,120.85
PRECTOTCORR,2009,0.95,0.98,1.15,6.56,11.37,20.57,17.6,9.33,28.22,7.32,1.62,0.29,8.84,Rosario,14.41,120.85
PRECTOTCORR,2010,0.39,0.04,0.34,0.57,1.24,6.84,12.07,12.0,8.27,11.45,4.89,2.44,5.09,Rosario,14.41,120.85
PRECTOTCORR,2011,1.5,0.43,1.33,0.33,8.71,30.88,19.75,22.99,23.66,8.1,5.3,4.77,10.68,Rosario,14.41,120.85
PRECTOTCORR,2012,1.27,2.4,2.24,0.65,7.32,17.53,25.28,40.15,17.06,9.48,0.73,0.99,10.48,Rosario,14.41,120.85
PRECTOTCORR,2013,1.14,2.57,1.78,0.5,2.95,15.36,11.6,34.83,29.91,7.44,3.91,1.77,9.5,Rosario,14.41,120.85
PRECTOTCORR,2014,0.13,0.23,0.41,0.71,2.55,12.91,20.18,14.43,20.05,7.29,1.72,4.68,7.14,Rosario,14.41,120.85
PRECTOTCORR,2015,0.91,0.3,0.4,0.58,1.24,6.17,14.1,12.91,9.04,8.32,1.24,9.62,5.46,Rosario,14.41,120.85
PRECTOTCORR,2016,0.53,1.51,0.56,0.81,3.88,7.97,12.41,18.46,8.93,10.36,4.63,5.54,6.33,Rosario,14.41,120.85
PRECTOTCORR,2017,2.3,1.33,0.65,2.28,5.97,7.69,13.84,11.71,10.81,8.81,6.83,3.61,6.35,Rosario,14.41,120.85
PRECTOTCORR,2018,2.16,1.41,1.23,1.21,3.95,21.99,22.42,13.89,10.69,3.51,1.23,4.63,7.39,Rosario,14.41,120.85
PRECTOTCORR,2019,0.77,0.17,0.23,1.19,6.99,9.71,11.23,16.93,12.28,3.58,4.99,4.57,6.09,Rosario,14.41,120.85
PRECTOTCORR,2020,1.13,4.27,5.52,6.44,3.87,18.38,9.09,9.13,10.06,26.07,20.68,10.17,10.4,Rosario,14.41,120.85
PRECTOTCORR,2021,2.73,1.45,1.27,1.01,1.57,8.28,20.66,7.3,14.88,11.54,2.57,2.12,6.32,Rosario,14.41,120.85
PRECTOTCORR,2022,0.95,1.12,1.74,3.21,6.77,9.02,10.8,20.59,13.73,19.19,3.74,2.94,7.88,Rosario,14.41,120.85
PRECTOTCORR,2023,3.63,0.71,0.37,4.02,3.79,10.08,17.34,9.1,10.09,6.28,3.5,2.48,5.98,Rosario,14.41,120.85
PRECTOTCORR,2024,0.59,0.2,1.04,0.48,5.8,7.82,21.17,10.51,16.09,16.3,2.74,5.0,7.36,Rosario,14.41,120.85
PRECTOTCORR,2025,1.56,2.21,1.23,1.27,6.57,18.22,25.72,10.29,16.94,11.12,9.9,3.21,9.05,Rosario,14.41,120.85
RH2M,1990,75.13,70.66,65.84,64.51,73.34,84.32,86.0,86.92,86.15,85.1,83.74,82.31,78.72,Rosario,14.41,120.85
RH2M,1991,77.82,73.52,69.65,66.99,71.77,78.44,83.42,89.52,88.22,80.87,81.73,80.11,78.54,Rosario,14.41,120.85
RH2M,1992,75.21,70.91,66.97,64.52,69.46,76.22,83.34,87.25,87.11,84.01,82.06,80.49,77.33,Rosario,14.41,120.85
RH2M,1993,74.33,70.82,66.4,64.36,66.6,77.62,84.56,86.32,87.37,85.58,86.41,85.33,78.02,Rosario,14.41,120.85
RH2M,1994,82.66,76.92,71.69,70.43,75.81,82.5,88.34,86.18,86.0,81.6,79.63,77.95,80.0,Rosario,14.41,120.85
RH2M,1995,76.1,73.72,68.17,64.77,75.31,80.54,83.81,86.46,87.46,84.87,86.38,86.08,79.52,Rosario,14.41,120.85
RH2M,1996,82.75,76.03,72.03,75.08,78.38,80.26,84.0,85.49,85.53,84.11,86.45,81.52,80.99,Rosario,14.41,120.85
RH2M,1997,77.94,76.15,68.61,65.12,72.8,83.22,86.98,88.39,85.14,80.81,76.99,74.56,78.08,Rosario,14.41,120.85
RH2M,1998,71.75,67.7,64.91,64.9,72.92,79.76,80.3,84.22,85.98,87.13,87.18,87.28,77.9,Rosario,14.41,120.85
RH2M,1999,85.1,77.82,78.45,78.91,78.93,83.74,87.6,86.76,86.59,86.61,84.77,87.65,83.63,Rosario,14.41,120.85
RH2M,2000,82.19,82.84,80.11,74.03,78.76,83.07,87.28,86.0,85.9,86.64,87.47,87.24,83.47,Rosario,14.41,120.85
RH2M,2001,81.95,80.98,78.27,72.1,77.02,82.44,87.06,88.74,86.72,84.15,82.82,82.58,82.09,Rosario,14.41,120.85
RH2M,2002,78.35,73.66,69.98,66.24,73.38,79.8,87.44,87.05,86.41,84.12,85.35,82.97,79.61,Rosario,14.41,120.85
RH2M,2003,77.03,72.15,67.65,64.47,74.05,83.34,82.41,87.88,87.31,80.34,82.27,78.8,78.18,Rosario,14.41,120.85
RH2M,2004,76.53,73.12,67.87,65.55,78.55,88.0,84.18,89.15,81.98,78.38,81.93,81.83,78.95,Rosario,14.41,120.85
RH2M,2005,76.83,71.03,68.25,64.14,70.41,84.25,85.29,85.7,86.05,84.15,83.82,86.75,78.95,Rosario,14.41,120.85
RH2M,2006,83.37,79.55,73.84,65.68,74.04,79.6,87.63,87.54,85.37,81.91,84.6,85.47,80.75,Rosario,14.41,120.85
RH2M,2007,80.61,74.27,69.19,67.01,74.96,79.83,82.47,85.46,86.89,85.31,85.02,86.16,79.81,Rosario,14.41,120.85
RH2M,2008,83.65,80.39,75.96,72.89,82.68,81.1,85.67,85.3,86.42,84.94,87.08,83.64,82.49,Rosario,14.41,120.85
RH2M,2009,81.72,79.46,72.59,78.6,83.54,86.29,86.63,85.49,87.75,83.54,83.32,76.78,82.14,Rosario,14.41,120.85
RH2M,2010,74.47,69.2,68.41,65.88,66.92,79.07,81.97,84.84,83.63,84.95,86.79,85.41,77.68,Rosario,14.41,120.85
RH2M,2011,82.8,78.31,76.98,68.11,77.53,83.37,84.9,85.85,88.07,84.76,86.12,86.78,82.0,Rosario,14.41,120.85
RH2M,2012,82.53,81.74,78.07,72.35,77.28,85.57,85.65,87.49,86.63,82.86,82.6,80.48,81.94,Rosario,14.41,120.85
RH2M,2013,77.11,75.6,74.94,65.61,73.82,80.74,82.61,86.23,86.6,81.79,84.85,84.12,79.53,Rosario,14.41,120.85
RH2M,2014,75.25,71.06,68.48,64.22,67.52,82.18,86.98,84.32,84.66,83.17,83.69,84.52,78.05,Rosario,14.41,120.85
RH2M,2015,79.98,74.24,68.27,67.03,66.95,75.24,83.58,83.6,83.1,82.12,82.15,82.99,77.47,Rosario,14.41,120.85
RH2M,2016,80.61,76.9,70.99,66.07,71.97,80.18,81.96,87.5,86.14,85.89,84.75,86.3,79.96,Rosario,14.41,120.85
RH2M,2017,83.35,80.22,73.84,69.96,76.79,79.32,84.14,83.17,82.46,82.8,86.77,84.94,80.66,Rosario,14.41,120.85
RH2M,2018,83.86,78.21,72.28,68.96,71.53,83.93,88.13,86.69,85.49,79.04,79.82,80.67,79.9,Rosario,14.41,120.85
RH2M,2019,79.13,72.18,65.13,64.94,75.51,80.94,84.12,87.15,85.26,80.4,83.92,83.49,78.56,Rosario,14.41,120.85
RH2M,2020,78.6,77.66,77.03,77.81,77.59,79.64,80.99,83.86,82.46,85.89,86.65,87.07,81.29,Rosario,14.41,120.85
RH2M,2021,84.71,81.12,77.09,68.29,71.48,81.89,85.37,83.69,84.09,85.73,85.12,82.34,80.92,Rosario,14.41,120.85
RH2M,2022,78.67,77.6,74.57,75.99,75.43,79.26,83.6,84.72,85.79,85.72,86.63,84.94,81.1,Rosario,14.41,120.85
RH2M,2023,84.5,79.48,70.66,71.58,76.21,82.27,82.36,85.83,83.72,83.6,84.11,83.58,80.67,Rosario,14.41,120.85
RH2M,2024,78.46,72.99,70.33,64.46,69.99,79.13,83.46,82.94,86.17,82.98,82.48,85.35,78.26,Rosario,14.41,120.85
RH2M,2025,82.75,80.18,75.3,66.37,74.12,83.76,87.09,82.93,85.95,84.66,86.38,84.54,81.18,Rosario,14.41,120.85
T2M_MAX,1990,31.46,32.4,33.89,35.47,35.21,31.14,30.08,29.94,29.92,30.22,30.0,30.11,35.47,Rosario,14.41,120.85
T2M_MAX,1991,30.06,31.5,32.91,35.34,34.28,33.65,31.66,29.81,29.42,30.1,29.79,29.78,35.34,Rosario,14.41,120.85
T2M_MAX,1992,30.86,32.06,33.58,34.98,34.87,33.63,32.31,29.34,30.33,30.51,29.66,29.54,34.98,Rosario,14.41,120.85
T2M_MAX,1993,31.15,32.91,34.43,35.45,35.42,33.52,31.44,30.1,30.77,29.73,29.66,29.42,35.45,Rosario,14.41,120.85
T2M_MAX,1994,29.41,30.78,32.56,35.92,33.31,32.18,29.66,30.32,29.18,30.31,30.86,30.84,35.92,Rosario,14.41,120.85
T2M_MAX,1995,30.54,32.02,34.64,34.85,34.57,33.19,31.18,30.25,29.65,30.41,30.23,28.38,34.85,Rosario,14.41,120.85
T2M_MAX,1996,29.59,31.55,33.84,32.89,33.55,33.01,30.8,30.15,30.7,30.81,30.15,29.07,33.84,Rosario,14.41,120.85
T2M_MAX,1997,29.48,31.07,32.98,34.56,35.04,31.12,29.55,28.69,30.66,31.15,31.79,31.27,35.04,Rosario,14.41,120.85
T2M_MAX,1998,32.04,33.48,34.19,35.09,35.0,33.45,31.7,31.12,30.29,30.73,30.21,29.44,35.09,Rosario,14.41,120.85
T2M_MAX,1999,29.88,30.77,32.56,32.78,32.14,31.26,29.07,29.53,29.49,30.13,30.1,29.29,32.78,Rosario,14.41,120.85
T2M_MAX,2000,29.46,30.76,31.58,34.92,35.13,31.16,28.79,29.79,30.27,30.44,29.74,29.71,35.13,Rosario,14.41,120.85
T2M_MAX,2001,30.33,30.43,32.7,34.64,34.75,31.67,28.81,29.51,29.74,30.89,30.64,30.02,34.75,Rosario,14.41,120.85
T2M_MAX,2002,30.59,31.22,33.67,34.49,35.1,32.62,30.61,30.14,29.5,30.5,30.51,30.21,35.1,Rosario,14.41,120.85
T2M_MAX,2003,30.39,31.34,34.15,35.56,36.45,30.64,32.14,30.11,29.51,30.73,30.66,30.16,36.45,Rosario,14.41,120.85
T2M_MAX,2004,31.6,32.14,34.68,35.59,34.98,29.13,30.56,28.62,31.29,30.8,31.54,29.55,35.59,Rosario,14.41,120.85
T2M_MAX,2005,30.99,32.55,35.39,35.53,35.51,31.65,30.65,30.67,30.76,30.79,30.71,29.46,35.53,Rosario,14.41,120.85
T2M_MAX,2006,29.46,30.69,34.0,35.43,35.82,32.87,28.92,30.46,30.29,30.3,30.3,29.91,35.82,Rosario,14.41,120.85
T2M_MAX,2007,30.32,32.85,34.05,34.93,34.77,32.64,31.5,30.26,30.32,30.19,30.4,29.38,34.93,Rosario,14.41,120.85
T2M_MAX,2008,29.72,30.1,32.62,34.87,31.52,31.55,30.3,30.8,30.68,30.43,30.27,29.28,34.87,Rosario,14.41,120.85
T2M_MAX,2009,29.87,31.35,32.79,33.13,31.32,31.08,30.07,31.06,30.85,29.78,30.17,30.58,33.13,Rosario,14.41,120.85
T2M_MAX,2010,31.1,33.05,33.84,35.2,36.78,33.22,30.86,30.05,30.44,30.74,29.8,30.02,36.78,Rosario,14.41,120.85
T2M_MAX,2011,28.57,30.66,32.43,33.4,34.43,31.58,30.71,30.81,28.81,30.56,29.91,29.66,34.43,Rosario,14.41,120.85
T2M_MAX,2012,29.9,30.78,31.87,33.65,33.45,30.07,30.14,29.69,30.01,30.18,30.52,31.26,33.65,Rosario,14.41,120.85
T2M_MAX,2013,30.65,32.72,33.1,35.43,34.78,33.11,30.49,29.93,30.04,30.13,30.04,29.64,35.43,Rosario,14.41,120.85
T2M_MAX,2014,29.66,31.89,33.85,35.41,35.99,33.96,31.01,30.88,30.99,30.21,30.67,29.77,35.99,Rosario,14.41,120.85
T2M_MAX,2015,29.78,31.71,33.91,34.62,35.18,34.78,30.82,30.83,31.18,31.33,31.01,31.73,35.18,Rosario,14.41,120.85
T2M_MAX,2016,31.01,31.34,33.31,35.67,36.01,31.62,31.06,30.54,29.99,30.41,30.28,29.62,36.01,Rosario,14.41,120.85
T2M_MAX,2017,29.18,30.62,33.57,35.09,34.16,31.97,31.5,31.78,31.94,30.72,30.25,30.24,35.09,Rosario,14.41,120.85
T2M_MAX,2018,29.97,31.54,32.99,35.32,34.8,33.09,28.68,29.4,30.27,31.54,31.2,31.6,35.32,Rosario,14.41,120.85
T2M_MAX,2019,29.78,31.3,34.63,35.67,34.08,33.26,30.24,29.28,31.17,31.22,30.28,29.97,35.67,Rosario,14.41,120.85
T2M_MAX,2020,30.77,30.89,31.7,32.16,32.84,33.12,31.34,30.85,31.71,31.0,29.96,29.58,33.12,Rosario,14.41,120.85
T2M_MAX,2021,29.63,30.61,33.25,34.23,35.21,32.19,31.52,30.77,30.58,30.5,30.58,30.02,35.21,Rosario,14.41,120.85
T2M_MAX,2022,30.79,32.0,33.7,33.55,34.35,31.23,30.85,30.49,31.15,30.48,30.28,29.97,34.35,Rosario,14.41,120.85
T2M_MAX,2023,29.14,30.83,34.18,34.09,34.27,32.09,32.25,29.8,31.4,31.27,30.97,30.69,34.27,Rosario,14.41,120.85
T2M_MAX,2024,30.83,32.38,33.74,37.57,36.77,33.33,31.4,32.31,31.39,31.17,30.81,30.73,37.57,Rosario,14.41,120.85
T2M_MAX,2025,30.89,30.58,33.34,36.41,34.8,31.22,29.26,31.19,30.3,30.99,30.32,30.16,36.41,Rosario,14.41,120.85
T2M_MIN,1990,21.23,22.51,22.61,24.73,25.83,25.55,25.03,25.47,24.95,24.3,21.85,21.83,21.23,Rosario,14.41,120.85
T2M_MIN,1991,21.86,22.62,22.59,24.3,25.67,25.56,25.54,25.47,24.81,23.91,22.03,21.51,21.51,Rosario,14.41,120.85
T2M_MIN,1992,21.62,21.45,23.0,24.78,25.62,26.37,25.31,25.34,24.93,24.38,20.67,21.81,20.67,Rosario,14.41,120.85
T2M_MIN,1993,20.25,21.25,22.55,24.13,25.31,25.64,25.53,24.99,24.57,23.43,23.67,21.47,20.25,Rosario,14.41,120.85
T2M_MIN,1994,21.07,22.17,22.9,23.75,26.66,25.4,25.04,24.97,24.52,23.32,22.83,22.05,21.07,Rosario,14.41,120.85
T2M_MIN,1995,21.06,21.11,21.95,24.79,25.25,26.02,25.25,25.48,25.1,24.6,24.08,20.85,20.85,Rosario,14.41,120.85
T2M_MIN,1996,20.85,20.56,22.98,24.3,25.74,25.5,25.99,25.03,24.98,25.05,24.04,20.23,20.23,Rosario,14.41,120.85
T2M_MIN,1997,20.79,21.23,21.29,24.27,25.08,25.83,24.98,25.22,24.98,24.08,23.03,22.06,20.79,Rosario,14.41,120.85
T2M_MIN,1998,21.69,22.29,23.07,24.12,26.29,25.67,25.69,25.87,25.73,25.4,24.96,24.12,21.69,Rosario,14.41,120.85
T2M_MIN,1999,22.79,20.82,22.28,24.29,25.47,25.22,25.26,24.76,24.94,24.65,23.13,20.84,20.82,Rosario,14.41,120.85
T2M_MIN,2000,20.6,22.31,23.22,24.82,25.71,25.42,24.57,24.79,24.86,24.73,23.5,23.2,20.6,Rosario,14.41,120.85
T2M_MIN,2001,21.38,22.05,23.38,25.28,26.12,25.65,25.13,25.47,24.47,24.56,21.06,20.7,20.7,Rosario,14.41,120.85
T2M_MIN,2002,20.28,21.31,21.29,24.1,25.5,26.21,25.52,24.93,25.04,24.96,23.32,23.32,20.28,Rosario,14.41,120.85
T2M_MIN,2003,21.12,21.66,22.24,25.41,26.05,25.17,25.73,25.14,24.81,23.68,23.4,21.49,21.12,Rosario,14.41,120.85
T2M_MIN,2004,21.93,21.08,23.4,25.81,25.75,24.8,25.23,25.14,24.96,23.48,23.47,22.07,21.08,Rosario,14.41,120.85
T2M_MIN,2005,21.02,22.43,21.86,23.33,26.35,25.99,25.55,25.4,25.32,25.21,23.55,21.84,21.02,Rosario,14.41,120.85
T2M_MIN,2006,21.73,22.0,23.59,25.12,25.89,25.9,25.22,25.06,25.2,23.9,24.12,23.3,21.73,Rosario,14.41,120.85
T2M_MIN,2007,20.64,20.68,22.98,24.52,25.7,26.42,25.97,24.87,25.01,24.3,21.51,21.45,20.64,Rosario,14.41,120.85
T2M_MIN,2008,21.72,22.01,21.85,25.01,25.42,24.63,25.0,24.47,25.18,25.23,23.73,21.51,21.51,Rosario,14.41,120.85
T2M_MIN,2009,19.75,21.92,23.57,24.6,24.54,25.64,25.24,25.93,25.39,22.49,23.69,21.96,19.75,Rosario,14.41,120.85
T2M_MIN,2010,21.71,22.62,22.9,24.65,25.49,26.33,25.11,25.0,24.94,24.62,24.4,23.04,21.71,Rosario,14.41,120.85
T2M_MIN,2011,21.36,21.24,22.39,23.21,25.39,25.73,25.45,25.33,24.86,24.55,24.19,22.95,21.24,Rosario,14.41,120.85
T2M_MIN,2012,22.53,22.29,22.85,24.66,26.14,25.64,25.61,24.94,25.09,23.76,23.5,23.15,22.29,Rosario,14.41,120.85
T2M_MIN,2013,21.35,22.84,22.53,25.17,26.66,25.51,25.02,25.31,25.56,23.49,23.81,22.99,21.35,Rosario,14.41,120.85
T2M_MIN,2014,19.51,22.17,22.7,25.1,26.38,26.26,25.27,25.08,25.29,24.15,22.7,22.28,19.51,Rosario,14.41,120.85
T2M_MIN,2015,21.22,20.91,22.38,24.45,26.66,26.62,24.97,25.3,25.64,24.82,23.88,22.38,20.91,Rosario,14.41,120.85
T2M_MIN,2016,22.05,21.54,23.42,25.05,26.87,26.45,25.81,25.92,25.05,24.91,23.63,23.1,21.54,Rosario,14.41,120.85
T2M_MIN,2017,21.98,20.09,22.5,23.52,26.16,25.22,26.11,24.86,25.94,25.38,24.11,22.7,20.09,Rosario,14.41,120.85
T2M_MIN,2018,21.83,22.05,22.4,24.42,26.45,25.58,25.1,25.74,25.38,22.62,23.71,23.33,21.83,Rosario,14.41,120.85
T2M_MIN,2019,20.4,21.67,22.97,25.08,26.61,26.42,25.87,25.07,25.25,24.88,22.78,22.81,20.4,Rosario,14.41,120.85
T2M_MIN,2020,21.91,20.72,23.09,24.38,25.71,26.15,26.08,25.46,25.33,25.35,23.35,23.07,20.72,Rosario,14.41,120.85
T2M_MIN,2021,21.17,20.79,23.44,24.35,26.2,25.93,25.81,25.64,25.63,24.52,24.07,22.15,20.79,Rosario,14.41,120.85
T2M_MIN,2022,21.54,23.44,23.71,24.59,26.33,26.06,26.13,25.58,25.68,25.26,24.19,21.73,21.54,Rosario,14.41,120.85
T2M_MIN,2023,21.66,21.9,21.68,24.55,26.02,26.66,26.54,26.5,26.14,25.48,24.11,23.87,21.66,Rosario,14.41,120.85
T2M_MIN,2024,21.89,22.88,23.7,25.55,27.02,26.97,26.24,26.29,25.83,25.52,24.79,24.26,21.89,Rosario,14.41,120.85
T2M_MIN,2025,22.81,22.89,22.98,25.54,26.44,26.13,25.92,25.63,25.16,25.1,24.8,22.86,22.81,Rosario,14.41,120.85
TS,1990,27.67,28.91,30.3,32.26,31.08,28.58,27.78,27.65,27.39,27.58,27.35,26.68,28.6,Rosario,14.41,120.85
TS,1991,26.86,28.61,29.31,31.77,31.07,29.49,28.15,27.22,27.24,27.78,26.91,26.51,28.4,Rosario,14.41,120.85
TS,1992,27.32,28.47,30.59,32.31,31.51,30.22,28.43,27.74,27.33,27.78,26.55,26.63,28.74,Rosario,14.41,120.85
TS,1993,26.87,28.3,29.74,31.81,31.81,30.04,28.39,27.57,27.44,27.13,27.07,26.05,28.51,Rosario,14.41,120.85
TS,1994,26.31,27.64,29.54,30.94,30.78,29.05,27.23,27.55,27.73,27.71,27.16,26.99,28.22,Rosario,14.41,120.85
TS,1995,27.11,28.05,29.87,31.96,30.33,29.63,28.53,27.98,27.82,28.01,27.43,25.89,28.55,Rosario,14.41,120.85
TS,1996,26.08,26.85,29.41,29.92,29.8,29.32,28.84,27.83,28.13,28.27,27.38,26.09,28.16,Rosario,14.41,120.85
TS,1997,26.09,27.5,29.56,32.1,30.83,28.61,27.81,27.21,27.69,28.53,28.67,28.18,28.57,Rosario,14.41,120.85
TS,1998,28.32,30.24,30.52,31.8,31.63,29.78,29.41,28.75,28.35,28.05,27.74,27.16,29.3,Rosario,14.41,120.85
TS,1999,26.78,26.73,28.83,29.33,29.62,28.42,27.47,27.18,27.49,27.53,27.11,26.32,27.74,Rosario,14.41,120.85
TS,2000,26.41,26.98,28.23,30.51,30.01,28.67,27.4,28.02,27.57,27.75,27.01,26.65,27.93,Rosario,14.41,120.85
TS,2001,27.1,27.34,28.62,31.31,30.63,29.1,27.66,27.8,27.65,28.19,27.28,26.56,28.27,Rosario,14.41,120.85
TS,2002,26.61,27.63,29.7,31.62,31.17,29.78,27.74,27.56,27.82,28.19,27.41,27.48,28.56,Rosario,14.41,120.85
TS,2003,26.74,28.09,30.04,32.77,31.59,28.26,28.77,27.55,27.58,28.22,28.02,26.34,28.66,Rosario,14.41,120.85
TS,2004,27.64,28.38,30.82,32.59,29.86,27.64,28.03,27.32,28.36,28.17,27.8,26.66,28.6,Rosario,14.41,120.85
TS,2005,26.65,28.84,29.93,31.9,32.16,28.94,28.54,28.05,28.04,28.25,27.74,26.5,28.79,Rosario,14.41,120.85
TS,2006,26.77,27.32,29.4,32.09,30.76,29.66,27.82,27.55,28.11,28.13,27.64,26.89,28.51,Rosario,14.41,120.85
TS,2007,26.88,28.04,30.17,32.09,30.9,29.96,29.11,28.13,27.96,27.75,27.12,26.47,28.71,Rosario,14.41,120.85
TS,2008,26.44,26.95,28.85,30.86,28.83,28.92,27.74,27.61,27.76,28.08,27.28,26.42,27.98,Rosario,14.41,120.85
TS,2009,25.97,27.48,30.19,29.46,28.52,27.91,27.98,28.32,27.77,27.34,27.69,27.02,27.97,Rosario,14.41,120.85
TS,2010,27.87,29.65,30.7,32.31,33.06,30.16,28.91,28.17,28.33,28.09,27.32,26.76,29.27,Rosario,14.41,120.85
TS,2011,26.12,27.16,28.07,30.52,29.9,28.39,27.99,27.75,27.49,27.68,27.31,26.69,27.92,Rosario,14.41,120.85
TS,2012,26.98,27.33,28.37,30.73,30.21,28.17,27.94,27.29,27.83,27.68,27.85,28.02,28.2,Rosario,14.41,120.85
TS,2013,27.17,28.37,29.25,32.78,31.09,29.43,28.42,27.73,27.81,27.76,27.37,27.25,28.7,Rosario,14.41,120.85
TS,2014,26.05,28.68,30.04,32.49,32.48,29.52,27.89,27.95,28.1,28.02,27.72,26.62,28.79,Rosario,14.41,120.85
TS,2015,26.03,27.21,29.61,31.67,32.65,31.0,28.31,28.51,28.78,28.33,28.12,27.4,28.97,Rosario,14.41,120.85
TS,2016,27.38,27.53,30.52,32.71,31.83,29.87,29.01,28.03,28.17,27.95,27.58,27.16,28.98,Rosario,14.41,120.85
TS,2017,26.43,26.64,28.97,31.36,30.52,29.93,28.63,28.74,28.78,28.48,27.73,27.06,28.61,Rosario,14.41,120.85
TS,2018,26.74,27.76,29.25,31.52,31.48,28.89,27.84,27.73,28.04,28.77,28.26,27.74,28.67,Rosario,14.41,120.85
TS,2019,26.5,27.92,31.09,32.32,30.92,30.14,28.56,27.91,27.96,28.64,27.8,27.1,28.91,Rosario,14.41,120.85
TS,2020,27.28,26.82,29.27,29.86,30.78,30.0,29.32,28.48,28.93,28.37,27.5,27.09,28.65,Rosario,14.41,120.85
TS,2021,26.35,27.15,29.06,31.46,31.9,29.46,28.7,28.54,28.51,28.13,28.19,26.88,28.7,Rosario,14.41,120.85
TS,2022,27.13,28.28,30.06,29.84,30.81,29.67,29.13,28.26,28.17,28.29,27.78,27.01,28.7,Rosario,14.41,120.85
TS,2023,26.18,27.25,29.39,30.78,30.98,29.63,29.09,28.63,28.86,28.7,28.26,27.94,28.81,Rosario,14.41,120.85
TS,2024,27.4,28.65,30.1,32.92,32.61,30.51,29.06,29.2,28.56,28.6,28.36,27.62,29.46,Rosario,14.41,120.85
TS,2025,27.15,27.69,29.34,32.73,31.03,29.09,28.26,28.52,27.97,28.19,27.84,27.27,28.76,Rosario,14.41,120.85
WS2M,1990,4.49,4.56,3.98,3.8,3.28,3.9,3.51,5.33,3.54,3.16,3.97,5.01,4.04,Rosario,14.41,120.85
WS2M,1991,4.7,4.42,4.67,3.71,3.54,4.34,3.88,4.59,4.47,3.44,4.17,5.37,4.27,Rosario,14.41,120.85
WS2M,1992,3.94,4.3,4.1,3.27,3.26,3.22,3.29,5.06,3.93,3.55,4.64,5.18,3.98,Rosario,14.41,120.85
WS2M,1993,4.71,4.46,4.55,3.41,3.2,2.72,3.36,3.98,3.2,4.31,4.53,5.74,4.02,Rosario,14.41,120.85
WS2M,1994,4.25,4.37,5.13,3.51,2.59,3.01,5.49,3.7,3.18,3.57,5.03,5.33,4.1,Rosario,14.41,120.85
WS2M,1995,5.18,4.52,4.5,4.43,3.11,3.05,3.28,3.16,3.69,3.37,4.15,5.7,4.01,Rosario,14.41,120.85
WS2M,1996,5.1,5.62,5.06,3.88,3.31,2.88,4.23,3.22,3.37,2.87,4.87,5.45,4.15,Rosario,14.41,120.85
WS2M,1997,4.4,5.26,4.03,3.17,4.22,3.15,2.97,5.13,2.64,3.3,4.04,4.65,3.91,Rosario,14.41,120.85
WS2M,1998,4.69,3.62,4.59,4.03,4.06,2.54,2.09,2.59,3.87,4.15,3.45,4.84,3.71,Rosario,14.41,120.85
WS2M,1999,5.13,5.41,4.01,3.13,2.39,3.22,4.39,4.05,3.56,3.41,4.24,5.05,3.99,Rosario,14.41,120.85
WS2M,2000,4.86,4.71,4.2,3.12,3.5,2.8,4.68,3.73,4.29,3.85,4.28,4.68,4.06,Rosario,14.41,120.85
WS2M,2001,4.36,4.9,4.32,3.14,3.06,2.99,4.24,4.81,3.7,3.29,5.05,5.8,4.14,Rosario,14.41,120.85
WS2M,2002,4.71,4.79,4.57,4.09,3.38,2.68,5.49,3.66,3.15,2.76,4.14,4.1,3.96,Rosario,14.41,120.85
WS2M,2003,4.96,5.02,4.11,3.38,4.24,3.35,2.99,3.89,3.43,2.95,4.0,5.71,4.0,Rosario,14.41,120.85
WS2M,2004,4.28,4.25,3.73,3.11,3.97,4.61,2.72,5.09,2.69,3.06,4.82,4.65,3.91,Rosario,14.41,120.85
WS2M,2005,3.88,3.76,4.22,3.16,2.22,2.91,3.37,3.89,3.28,2.96,3.39,5.22,3.52,Rosario,14.41,120.85
WS2M,2006,3.94,4.91,3.67,3.42,3.41,2.84,4.51,4.1,2.74,3.05,3.28,5.13,3.75,Rosario,14.41,120.85
WS2M,2007,4.87,4.16,4.1,3.68,2.88,2.34,2.86,4.13,3.53,3.83,4.4,4.59,3.78,Rosario,14.41,120.85
WS2M,2008,4.83,5.15,3.86,4.11,3.22,2.93,3.27,3.36,3.67,2.88,3.8,4.92,3.83,Rosario,14.41,120.85
WS2M,2009,5.22,4.19,3.66,3.19,3.06,4.17,3.56,4.13,4.36,3.92,3.61,4.07,3.93,Rosario,14.41,120.85
WS2M,2010,4.65,3.58,4.37,3.43,2.63,2.33,2.31,3.45,2.48,3.48,3.22,3.91,3.32,Rosario,14.41,120.85
WS2M,2011,4.88,4.1,5.19,3.88,2.94,3.3,3.75,3.87,4.01,3.22,3.88,4.13,3.93,Rosario,14.41,120.85
WS2M,2012,4.03,4.17,4.46,3.1,2.2,4.47,3.59,4.99,2.76,3.41,3.51,4.2,3.74,Rosario,14.41,120.85
WS2M,2013,4.68,4.89,3.4,2.73,2.46,3.01,2.51,4.03,3.7,3.12,4.17,3.4,3.5,Rosario,14.41,120.85
WS2M,2014,4.68,3.39,3.99,2.65,2.35,3.39,4.12,3.25,3.43,2.7,3.66,5.13,3.57,Rosario,14.41,120.85
WS2M,2015,4.47,3.99,4.03,3.55,2.66,2.75,4.17,3.42,2.56,3.72,4.04,4.46,3.65,Rosario,14.41,120.85
WS2M,2016,3.91,4.25,3.32,3.29,2.76,2.49,2.87,4.67,3.16,3.34,3.98,4.37,3.53,Rosario,14.41,120.85
WS2M,2017,4.85,4.45,3.82,3.39,2.61,2.26,3.45,3.18,2.58,2.92,4.14,4.64,3.52,Rosario,14.41,120.85
WS2M,2018,4.51,3.7,3.85,3.53,2.85,3.91,4.33,5.19,3.14,2.99,4.15,4.57,3.9,Rosario,14.41,120.85
WS2M,2019,4.72,4.2,3.38,3.15,2.5,3.23,3.49,5.35,4.02,2.93,3.27,4.38,3.72,Rosario,14.41,120.85
WS2M,2020,4.19,5.13,3.61,3.52,2.49,2.53,2.31,3.06,2.36,3.33,4.22,3.68,3.36,Rosario,14.41,120.85
WS2M,2021,4.73,3.99,3.94,3.51,3.54,3.08,4.54,3.27,2.7,3.65,3.6,5.08,3.81,Rosario,14.41,120.85
WS2M,2022,4.24,4.61,3.79,3.88,2.75,2.21,2.49,3.09,3.59,3.56,3.57,4.15,3.49,Rosario,14.41,120.85
WS2M,2023,4.83,4.5,3.94,2.89,3.18,2.97,3.87,4.77,2.8,2.91,3.98,4.18,3.74,Rosario,14.41,120.85
WS2M,2024,4.74,4.74,4.16,3.61,3.17,2.34,3.47,2.87,4.03,3.47,3.29,4.41,3.69,Rosario,14.41,120.85
WS2M,2025,4.26,4.56,4.21,2.97,3.11,3.04,5.4,2.68,3.34,2.73,4.0,3.8,3.67,Rosario,14.41,120.85
ALLSKY_SFC_SW_DWN,1990,18.17,21.72,22.51,24.96,21.21,17.22,18.27,16.04,17.99,18.14,16.46,16.23,19.05,Alfonso,14.14,120.85
ALLSKY_SFC_SW_DWN,1991,17.38,19.5,23.2,23.67,23.1,19.18,16.68,12.57,15.47,17.59,16.71,17.17,18.51,Alfonso,14.14,120.85
ALLSKY_SFC_SW_DWN,1992,17.47,20.64,23.46,23.65,21.92,20.46,17.94,13.29,15.93,17.84,17.48,16.78,18.89,Alfonso,14.14,120.85
ALLSKY_SFC_SW_DWN,1993,18.42,21.06,22.47,24.08,24.36,20.87,18.04,16.24,15.75,16.89,16.46,14.12,19.04,Alfonso,14.14,120.85
ALLSKY_SFC_SW_DWN,1994,17.31,20.13,21.72,23.41,21.92,19.63,12.53,18.8,16.86,19.07,19.06,16.68,18.91,Alfonso,14.14,120.85
ALLSKY_SFC_SW_DWN,1995,17.24,20.14,22.69,25.05,21.19,21.11,17.95,16.67,14.69,16.83,15.28,13.83,18.54,Alfonso,14.14,120.85
ALLSKY_SFC_SW_DWN,1996,15.56,19.01,21.36,21.13,19.89,20.44,15.7,18.79,16.1,17.37,14.37,15.87,17.96,Alfonso,14.14,120.85
ALLSKY_SFC_SW_DWN,1997,16.76,18.1,21.75,22.86,20.25,20.3,17.16,15.27,17.7,18.96,17.98,16.66,18.64,Alfonso,14.14,120.85
ALLSKY_SFC_SW_DWN,1998,16.77,20.22,22.1,23.65,19.57,20.71,19.95,19.22,15.18,14.6,16.26,13.64,18.47,Alfonso,14.14,120.85
ALLSKY_SFC_SW_DWN,1999,14.94,18.27,19.68,20.95,20.95,17.62,15.91,16.01,16.34,16.77,15.21,13.79,17.19,Alfonso,14.14,120.85
ALLSKY_SFC_SW_DWN,2000,16.35,16.51,19.4,22.38,17.88,19.72,13.99,17.06,16.84,15.56,14.73,14.19,17.04,Alfonso,14.14,120.85
ALLSKY_SFC_SW_DWN,2001,16.61,16.75,20.93,23.06,19.93,18.82,17.16,14.25,17.83,17.58,17.12,15.09,17.92,Alfonso,14.14,120.85
ALLSKY_SFC_SW_DWN,2002,17.65,19.49,22.84,24.71,21.94,20.53,12.71,17.32,16.54,18.36,15.72,16.38,18.67,Alfonso,14.14,120.85
ALLSKY_SFC_SW_DWN,2003,17.38,20.41,22.8,24.58,19.22,18.83,19.37,16.39,16.2,18.82,16.83,15.54,18.85,Alfonso,14.14,120.85
ALLSKY_SFC_SW_DWN,2004,17.49,18.76,22.85,24.28,20.54,14.73,20.08,15.69,20.23,18.54,15.33,16.05,18.72,Alfonso,14.14,120.85
ALLSKY_SFC_SW_DWN,2005,17.14,20.31,21.61,24.0,23.43,18.56,17.22,14.85,15.88,16.95,15.62,12.81,18.18,Alfonso,14.14,120.85
ALLSKY_SFC_SW_DWN,2006,15.53,18.66,21.98,24.6,20.56,20.85,12.31,14.35,18.09,17.1,17.24,14.39,17.94,Alfonso,14.14,120.85
ALLSKY_SFC_SW_DWN,2007,16.2,20.45,22.37,23.91,21.06,19.64,19.22,13.51,15.98,15.57,13.82,15.5,18.08,Alfonso,14.14,120.85
ALLSKY_SFC_SW_DWN,2008,15.49,16.25,21.94,22.61,18.64,20.51,17.34,16.01,16.85,17.15,14.87,14.47,17.67,Alfonso,14.14,120.85
ALLSKY_SFC_SW_DWN,2009,14.97,18.02,21.28,20.3,20.24,16.46,16.79,17.59,13.23,14.94,17.59,17.24,17.39,Alfonso,14.14,120.85
ALLSKY_SFC_SW_DWN,2010,17.29,22.02,22.61,24.49,24.41,18.96,18.92,17.62,19.22,15.55,15.31,14.54,19.22,Alfonso,14.14,120.85
ALLSKY_SFC_SW_DWN,2011,15.04,18.76,19.32,23.29,20.69,16.77,15.28,14.52,15.11,17.38,15.71,13.76,17.12,Alfonso,14.14,120.85
ALLSKY_SFC_SW_DWN,2012,16.27,18.66,18.76,24.62,20.63,16.81,15.51,13.33,16.23,16.53,18.29,15.5,17.57,Alfonso,14.14,120.85
ALLSKY_SFC_SW_DWN,2013,15.91,18.42,21.98,24.24,21.14,19.1,18.05,13.75,13.95,17.14,15.75,15.38,17.89,Alfonso,14.14,120.85
ALLSKY_SFC_SW_DWN,2014,17.17,20.26,21.73,23.91,24.27,17.6,14.99,17.92,16.71,17.75,17.13,13.29,18.54,Alfonso,14.14,120.85
ALLSKY_SFC_SW_DWN,2015,16.24,20.15,22.29,24.78,23.71,22.45,16.5,18.49,20.68,17.69,18.61,15.53,19.74,Alfonso,14.14,120.85
ALLSKY_SFC_SW_DWN,2016,18.22,18.92,23.14,25.13,22.41,19.94,18.91,14.1,16.8,16.12,15.82,14.52,18.66,Alfonso,14.14,120.85
ALLSKY_SFC_SW_DWN,2017,15.21,19.0,22.49,24.15,21.8,21.44,15.93,18.75,17.91,15.8,15.83,14.31,18.53,Alfonso,14.14,120.85
ALLSKY_SFC_SW_DWN,2018,15.37,20.27,22.62,24.53,23.64,15.56,12.8,14.11,18.68,20.34,18.21,14.05,18.32,Alfonso,14.14,120.85
ALLSKY_SFC_SW_DWN,2019,17.4,21.52,24.25,24.96,21.36,20.74,17.3,13.76,15.88,20.42,15.29,15.76,19.03,Alfonso,14.14,120.85
ALLSKY_SFC_SW_DWN,2020,17.35,19.87,24.03,23.88,23.06,21.32,20.27,16.84,20.28,14.9,15.35,14.37,19.28,Alfonso,14.14,120.85
ALLSKY_SFC_SW_DWN,2021,15.11,18.97,21.71,23.23,23.86,19.15,14.79,18.43,17.9,15.78,17.23,15.61,18.47,Alfonso,14.14,120.85
ALLSKY_SFC_SW_DWN,2022,17.8,18.11,22.98,21.41,22.26,21.09,17.8,16.01,16.05,16.83,16.85,14.3,18.46,Alfonso,14.14,120.85
ALLSKY_SFC_SW_DWN,2023,15.11,18.84,23.78,22.27,21.85,19.16,16.42,17.57,16.95,16.61,17.18,15.74,18.45,Alfonso,14.14,120.85
ALLSKY_SFC_SW_DWN,2024,17.12,21.06,22.14,25.92,22.92,20.66,15.12,19.55,14.06,15.79,17.45,13.07,18.72,Alfonso,14.14,120.85
ALLSKY_SFC_SW_DWN,2025,15.93,17.29,21.27,24.49,22.13,17.21,12.27,17.88,14.37,16.12,14.45,15.18,17.38,Alfonso,14.14,120.85
EVLAND,1990,1.96,0.64,0.72,0.17,2.09,3.92,4.19,5.32,4.15,4.02,4.56,4.74,3.06,Alfonso,14.14,120.85
EVLAND,1991,2.95,2.16,1.74,1.16,2.37,3.08,3.78,3.52,3.89,4.94,4.76,3.97,3.2,Alfonso,14.14,120.85
EVLAND,1992,2.29,1.24,0.65,0.81,1.37,2.49,3.18,3.65,3.9,4.15,5.22,4.18,2.77,Alfonso,14.14,120.85
EVLAND,1993,2.52,1.43,0.71,0.74,1.48,2.43,3.63,3.57,3.41,4.55,3.86,4.71,2.77,Alfonso,14.14,120.85
EVLAND,1994,4.51,3.45,2.05,1.93,1.81,2.93,3.92,4.12,3.6,5.0,4.89,2.89,3.43,Alfonso,14.14,120.85
EVLAND,1995,2.23,1.27,0.43,0.23,1.44,3.23,3.0,3.42,3.6,4.37,4.07,4.11,2.63,Alfonso,14.14,120.85
EVLAND,1996,4.22,3.02,1.68,1.81,1.69,2.85,3.05,3.78,3.78,3.4,4.34,5.32,3.25,Alfonso,14.14,120.85
EVLAND,1997,3.42,2.51,1.19,0.96,2.02,4.02,3.47,4.05,3.64,4.86,4.56,2.34,3.09,Alfonso,14.14,120.85
EVLAND,1998,1.09,0.51,0.45,0.61,1.87,3.5,3.75,3.47,3.86,3.64,3.39,4.01,2.53,Alfonso,14.14,120.85
EVLAND,1999,4.92,5.07,3.63,3.96,3.04,3.78,3.71,4.31,3.72,3.7,4.42,3.92,4.01,Alfonso,14.14,120.85
EVLAND,2000,5.12,4.06,3.32,2.97,3.08,3.61,4.19,3.83,4.32,3.97,3.99,3.87,3.86,Alfonso,14.14,120.85
EVLAND,2001,4.86,4.38,3.18,2.58,3.32,3.38,4.38,3.88,3.58,3.81,5.01,5.22,3.97,Alfonso,14.14,120.85
EVLAND,2002,3.76,2.64,1.28,0.89,1.26,3.47,4.45,4.02,3.54,3.92,4.17,4.52,3.17,Alfonso,14.14,120.85
EVLAND,2003,3.43,1.9,0.79,0.47,1.89,4.73,4.27,3.81,3.62,4.98,4.69,4.25,3.25,Alfonso,14.14,120.85
EVLAND,2004,2.6,1.61,0.79,0.74,3.38,3.78,3.84,4.02,4.56,5.04,4.45,4.56,3.29,Alfonso,14.14,120.85
EVLAND,2005,3.06,1.91,1.02,0.96,1.09,3.08,3.46,3.99,3.77,4.06,4.32,4.13,2.91,Alfonso,14.14,120.85
EVLAND,2006,4.64,4.36,3.05,1.71,2.32,3.57,3.29,4.07,3.73,4.72,3.89,4.55,3.66,Alfonso,14.14,120.85
EVLAND,2007,4.53,2.74,1.32,0.56,2.04,2.92,3.69,3.97,3.47,4.29,4.37,4.72,3.23,Alfonso,14.14,120.85
EVLAND,2008,4.77,3.91,2.95,2.09,3.64,4.13,3.84,4.18,3.96,3.78,3.67,4.54,3.79,Alfonso,14.14,120.85
EVLAND,2009,4.03,2.82,2.5,2.56,4.74,4.32,3.69,4.62,3.95,4.38,5.01,4.11,3.9,Alfonso,14.14,120.85
EVLAND,2010,2.38,0.93,0.78,0.61,1.08,2.34,3.46,4.13,3.78,3.74,3.47,3.94,2.57,Alfonso,14.14,120.85
EVLAND,2011,4.44,3.53,2.69,1.15,2.9,4.19,4.35,4.16,3.82,4.12,4.1,4.16,3.64,Alfonso,14.14,120.85
EVLAND,2012,4.88,4.01,3.49,3.34,3.12,4.05,3.99,4.7,3.85,5.01,4.69,4.04,4.1,Alfonso,14.14,120.85
EVLAND,2013,3.11,2.9,3.32,1.74,2.14,3.93,3.94,3.76,3.78,4.92,4.66,3.86,3.51,Alfonso,14.14,120.85
EVLAND,2014,4.04,2.39,1.15,0.86,1.86,3.47,3.87,4.46,4.22,4.3,4.67,4.65,3.34,Alfonso,14.14,120.85
EVLAND,2015,4.82,3.25,1.74,0.82,0.85,2.94,4.14,4.09,4.24,4.95,5.18,4.6,3.47,Alfonso,14.14,120.85
EVLAND,2016,4.94,3.69,2.13,1.06,1.77,3.28,4.27,4.18,3.66,3.97,4.63,4.23,3.49,Alfonso,14.14,120.85
EVLAND,2017,5.13,4.59,2.94,1.93,2.83,4.01,4.02,4.53,4.24,4.14,4.68,4.58,3.97,Alfonso,14.14,120.85
EVLAND,2018,4.67,4.06,2.93,1.5,2.25,3.93,3.56,4.54,4.21,4.99,5.1,3.43,3.76,Alfonso,14.14,120.85
EVLAND,2019,4.46,2.59,0.81,0.86,2.28,3.55,3.79,4.47,4.65,4.86,3.92,4.91,3.44,Alfonso,14.14,120.85
EVLAND,2020,4.67,3.63,2.98,2.98,2.9,4.24,4.12,4.1,3.99,3.6,4.41,3.78,3.78,Alfonso,14.14,120.85
EVLAND,2021,4.9,5.32,3.9,2.14,1.58,3.44,4.23,4.27,3.85,4.18,4.29,4.74,3.9,Alfonso,14.14,120.85
EVLAND,2022,3.67,2.91,2.48,3.03,3.5,4.08,3.97,3.93,3.85,3.98,3.91,4.15,3.63,Alfonso,14.14,120.85
EVLAND,2023,4.7,4.68,2.81,2.75,2.81,3.84,4.58,4.74,4.06,4.18,4.6,4.76,4.04,Alfonso,14.14,120.85
EVLAND,2024,4.11,2.45,1.08,0.81,2.0,4.36,4.14,4.19,4.17,4.13,4.78,4.48,3.4,Alfonso,14.14,120.85
EVLAND,2025,4.55,4.27,3.31,1.93,3.46,4.09,4.88,4.36,3.93,3.91,4.1,4.47,3.94,Alfonso,14.14,120.85
GWETROOT,1990,0.5,0.46,0.45,0.44,0.5,0.77,0.95,0.98,0.97,0.94,0.89,0.73,0.72,Alfonso,14.14,120.85
GWETROOT,1991,0.58,0.5,0.48,0.46,0.48,0.56,0.78,0.97,0.98,0.9,0.76,0.65,0.68,Alfonso,14.14,120.85
GWETROOT,1992,0.54,0.47,0.45,0.44,0.46,0.52,0.64,0.82,0.94,0.89,0.85,0.67,0.64,Alfonso,14.14,120.85
GWETROOT,1993,0.55,0.48,0.45,0.44,0.46,0.53,0.68,0.89,0.94,0.92,0.85,0.87,0.67,Alfonso,14.14,120.85
GWETROOT,1994,0.77,0.61,0.5,0.48,0.48,0.58,0.8,0.91,0.89,0.86,0.68,0.56,0.68,Alfonso,14.14,120.85
GWETROOT,1995,0.52,0.47,0.45,0.44,0.47,0.58,0.64,0.75,0.96,0.96,0.93,0.86,0.67,Alfonso,14.14,120.85
GWETROOT,1996,0.73,0.57,0.49,0.49,0.49,0.57,0.67,0.89,0.93,0.91,0.94,0.83,0.71,Alfonso,14.14,120.85
GWETROOT,1997,0.62,0.52,0.47,0.45,0.51,0.72,0.88,0.96,0.93,0.83,0.64,0.52,0.67,Alfonso,14.14,120.85
GWETROOT,1998,0.47,0.45,0.44,0.44,0.49,0.63,0.72,0.79,0.87,0.98,0.96,0.96,0.68,Alfonso,14.14,120.85
GWETROOT,1999,0.89,0.69,0.59,0.63,0.63,0.71,0.92,0.98,0.97,0.96,0.93,0.91,0.82,Alfonso,14.14,120.85
GWETROOT,2000,0.78,0.68,0.61,0.54,0.59,0.7,0.94,0.95,0.98,0.94,0.96,0.92,0.8,Alfonso,14.14,120.85
GWETROOT,2001,0.78,0.65,0.58,0.51,0.57,0.69,0.91,0.95,0.94,0.88,0.88,0.81,0.76,Alfonso,14.14,120.85
GWETROOT,2002,0.65,0.54,0.47,0.45,0.46,0.58,0.92,0.97,0.97,0.96,0.92,0.78,0.72,Alfonso,14.14,120.85
GWETROOT,2003,0.61,0.5,0.46,0.44,0.51,0.82,0.84,0.94,0.97,0.91,0.82,0.68,0.71,Alfonso,14.14,120.85
GWETROOT,2004,0.55,0.48,0.46,0.44,0.6,0.88,0.93,0.97,0.92,0.84,0.72,0.75,0.71,Alfonso,14.14,120.85
GWETROOT,2005,0.6,0.5,0.46,0.45,0.45,0.63,0.83,0.95,0.97,0.95,0.91,0.9,0.72,Alfonso,14.14,120.85
GWETROOT,2006,0.78,0.66,0.55,0.48,0.54,0.64,0.88,0.98,0.95,0.93,0.87,0.85,0.76,Alfonso,14.14,120.85
GWETROOT,2007,0.7,0.55,0.47,0.45,0.49,0.61,0.75,0.91,0.97,0.97,0.94,0.89,0.73,Alfonso,14.14,120.85
GWETROOT,2008,0.79,0.66,0.57,0.5,0.64,0.76,0.91,0.95,0.97,0.97,0.95,0.86,0.79,Alfonso,14.14,120.85
GWETROOT,2009,0.7,0.59,0.51,0.55,0.84,0.97,0.97,0.95,0.98,0.97,0.87,0.67,0.8,Alfonso,14.14,120.85
GWETROOT,2010,0.54,0.47,0.45,0.44,0.45,0.52,0.76,0.94,0.96,0.98,0.97,0.9,0.7,Alfonso,14.14,120.85
GWETROOT,2011,0.78,0.63,0.54,0.47,0.57,0.87,0.97,0.99,0.98,0.98,0.95,0.94,0.81,Alfonso,14.14,120.85
GWETROOT,2012,0.79,0.67,0.58,0.57,0.58,0.78,0.95,0.99,0.99,0.96,0.85,0.68,0.78,Alfonso,14.14,120.85
GWETROOT,2013,0.6,0.54,0.55,0.47,0.51,0.77,0.96,0.99,0.99,0.97,0.92,0.83,0.76,Alfonso,14.14,120.85
GWETROOT,2014,0.67,0.53,0.47,0.45,0.47,0.64,0.88,0.95,0.98,0.97,0.85,0.83,0.73,Alfonso,14.14,120.85
GWETROOT,2015,0.75,0.59,0.48,0.45,0.44,0.54,0.76,0.87,0.95,0.95,0.79,0.78,0.7,Alfonso,14.14,120.85
GWETROOT,2016,0.75,0.59,0.5,0.45,0.48,0.61,0.82,0.95,0.96,0.98,0.94,0.92,0.75,Alfonso,14.14,120.85
GWETROOT,2017,0.85,0.69,0.54,0.48,0.53,0.67,0.86,0.96,0.98,0.98,0.97,0.91,0.79,Alfonso,14.14,120.85
GWETROOT,2018,0.79,0.65,0.53,0.47,0.49,0.84,0.98,0.98,0.98,0.89,0.72,0.62,0.75,Alfonso,14.14,120.85
GWETROOT,2019,0.69,0.53,0.46,0.45,0.5,0.62,0.83,0.97,0.97,0.87,0.88,0.83,0.72,Alfonso,14.14,120.85
GWETROOT,2020,0.69,0.59,0.56,0.54,0.56,0.76,0.9,0.98,0.93,0.99,0.98,0.97,0.79,Alfonso,14.14,120.85
GWETROOT,2021,0.9,0.74,0.59,0.49,0.47,0.65,0.84,0.95,0.98,0.98,0.88,0.76,0.77,Alfonso,14.14,120.85
GWETROOT,2022,0.63,0.54,0.51,0.53,0.59,0.78,0.94,0.98,0.99,0.97,0.97,0.89,0.78,Alfonso,14.14,120.85
GWETROOT,2023,0.86,0.68,0.53,0.51,0.51,0.68,0.86,0.94,0.97,0.96,0.91,0.81,0.77,Alfonso,14.14,120.85
GWETROOT,2024,0.66,0.52,0.46,0.45,0.48,0.7,0.89,0.96,0.98,0.97,0.92,0.83,0.74,Alfonso,14.14,120.85
GWETROOT,2025,0.77,0.66,0.57,0.49,0.54,0.79,0.95,0.94,0.99,0.99,0.98,0.94,0.8,Alfonso,14.14,120.85
PRECTOTCORR,1990,0.67,0.11,0.57,0.09,6.31,13.59,14.07,18.31,9.74,5.74,4.65,1.62,6.33,Alfonso,14.14,120.85
PRECTOTCORR,1991,0.61,1.31,1.38,0.96,3.59,5.45,12.76,16.72,8.8,2.5,3.79,1.16,4.95,Alfonso,14.14,120.85
PRECTOTCORR,1992,0.39,0.51,0.38,0.69,2.22,4.24,7.29,10.72,6.8,4.78,3.62,1.12,3.58,Alfonso,14.14,120.85
PRECTOTCORR,1993,1.03,0.25,0.36,0.84,1.88,4.96,8.28,11.36,5.37,4.44,4.35,8.54,4.34,Alfonso,14.14,120.85
PRECTOTCORR,1994,1.35,0.81,0.34,2.11,2.26,7.1,12.41,5.41,5.83,3.9,0.91,2.79,3.79,Alfonso,14.14,120.85
PRECTOTCORR,1995,0.5,0.81,0.12,0.15,3.28,4.68,5.33,9.81,12.89,6.98,4.63,4.87,4.52,Alfonso,14.14,120.85
PRECTOTCORR,1996,0.56,0.34,0.88,1.98,2.87,4.88,10.54,3.97,9.75,4.17,8.49,0.99,4.12,Alfonso,14.14,120.85
PRECTOTCORR,1997,0.33,1.39,0.31,0.83,8.11,6.48,10.87,10.97,3.99,1.59,1.34,0.84,3.95,Alfonso,14.14,120.85
PRECTOTCORR,1998,0.63,0.07,0.39,0.68,5.6,6.34,3.81,6.59,13.31,13.59,4.35,9.57,5.45,Alfonso,14.14,120.85
PRECTOTCORR,1999,2.12,1.02,4.24,4.77,3.17,9.67,13.74,15.9,7.93,8.5,5.35,5.75,6.89,Alfonso,14.14,120.85
PRECTOTCORR,2000,1.82,2.81,2.5,2.3,6.43,6.31,14.03,8.88,11.65,8.57,4.54,5.29,6.28,Alfonso,14.14,120.85
PRECTOTCORR,2001,0.98,4.16,1.32,1.39,6.01,10.0,7.94,11.91,2.7,4.63,6.21,5.58,5.25,Alfonso,14.14,120.85
PRECTOTCORR,2002,0.45,0.8,0.72,0.61,2.45,6.92,22.35,6.97,8.13,6.48,4.03,1.51,5.16,Alfonso,14.14,120.85
PRECTOTCORR,2003,0.68,0.26,0.35,0.37,10.66,6.04,7.82,11.06,10.65,3.48,4.36,1.06,4.76,Alfonso,14.14,120.85
PRECTOTCORR,2004,0.72,1.06,0.26,0.61,9.63,11.71,8.79,11.2,3.02,4.01,6.63,2.28,5.01,Alfonso,14.14,120.85
PRECTOTCORR,2005,0.97,0.47,0.72,0.75,1.86,8.74,8.74,12.06,9.72,7.89,2.97,7.28,5.22,Alfonso,14.14,120.85
PRECTOTCORR,2006,2.67,0.98,2.25,0.31,5.14,9.41,11.96,11.19,11.74,3.98,2.51,6.87,5.79,Alfonso,14.14,120.85
PRECTOTCORR,2007,1.05,0.33,0.51,0.37,4.75,5.71,6.26,16.58,13.84,7.19,9.1,2.61,5.72,Alfonso,14.14,120.85
PRECTOTCORR,2008,3.86,1.93,0.75,2.1,8.36,10.4,6.54,8.79,14.11,6.36,7.09,2.34,6.05,Alfonso,14.14,120.85
PRECTOTCORR,2009,1.15,1.49,1.47,7.4,11.37,12.61,11.49,6.84,20.6,7.07,2.26,0.52,7.03,Alfonso,14.14,120.85
PRECTOTCORR,2010,0.6,0.04,0.65,0.66,1.04,5.75,12.82,8.06,7.43,11.17,6.76,3.15,4.88,Alfonso,14.14,120.85
PRECTOTCORR,2011,1.73,0.43,1.53,0.62,7.25,22.86,14.16,16.92,14.14,8.44,6.57,6.54,8.47,Alfonso,14.14,120.85
PRECTOTCORR,2012,1.88,2.97,3.97,1.26,5.46,9.66,21.97,25.59,14.02,11.37,1.12,1.77,8.47,Alfonso,14.14,120.85
PRECTOTCORR,2013,1.81,3.97,1.99,0.94,4.83,13.77,12.36,25.55,25.25,6.47,7.6,2.46,8.92,Alfonso,14.14,120.85
PRECTOTCORR,2014,0.29,0.23,0.65,0.72,3.66,8.27,14.83,9.98,15.19,8.29,2.2,8.07,6.07,Alfonso,14.14,120.85
PRECTOTCORR,2015,1.56,0.42,0.55,0.49,0.84,5.97,10.69,10.69,8.43,7.13,1.79,10.71,4.98,Alfonso,14.14,120.85
PRECTOTCORR,2016,0.77,1.95,0.57,0.81,3.35,7.02,9.88,15.26,8.01,10.76,6.58,6.88,6.01,Alfonso,14.14,120.85
PRECTOTCORR,2017,3.01,1.06,0.56,1.99,5.27,7.22,12.87,12.06,13.69,8.53,9.42,5.55,6.8,Alfonso,14.14,120.85
PRECTOTCORR,2018,2.22,0.94,1.18,0.82,4.5,17.36,21.64,10.31,9.3,3.81,1.61,6.79,6.75,Alfonso,14.14,120.85
PRECTOTCORR,2019,1.31,0.25,0.1,0.75,5.16,7.91,10.09,14.85,10.98,3.19,5.62,6.96,5.63,Alfonso,14.14,120.85
PRECTOTCORR,2020,1.66,3.65,2.54,3.5,4.01,13.97,9.43,7.87,6.78,26.41,21.12,9.04,9.17,Alfonso,14.14,120.85
PRECTOTCORR,2021,3.18,1.98,1.63,0.62,2.18,7.69,20.48,6.8,12.42,9.04,2.46,2.94,5.99,Alfonso,14.14,120.85
PRECTOTCORR,2022,1.09,1.71,2.08,3.9,8.05,9.95,9.28,12.03,13.41,15.11,3.85,3.75,7.05,Alfonso,14.14,120.85
PRECTOTCORR,2023,5.12,1.03,0.37,3.33,4.0,9.41,15.09,8.14,8.09,6.78,5.38,3.27,5.87,Alfonso,14.14,120.85
PRECTOTCORR,2024,0.69,0.33,0.66,0.58,5.84,7.98,17.54,8.33,12.51,16.15,2.65,6.42,6.68,Alfonso,14.14,120.85
PRECTOTCORR,2025,1.58,3.26,1.75,0.94,6.79,12.55,24.54,8.33,13.97,13.44,10.8,3.77,8.51,Alfonso,14.14,120.85
RH2M,1990,78.89,74.1,69.46,67.5,74.77,85.03,86.21,87.46,86.35,85.6,84.62,84.19,80.39,Alfonso,14.14,120.85
RH2M,1991,81.16,78.57,73.7,71.28,72.94,79.62,83.83,89.93,88.76,82.09,83.55,82.89,80.71,Alfonso,14.14,120.85
RH2M,1992,79.1,74.11,70.32,67.95,71.06,75.84,82.59,87.83,87.36,84.5,83.85,83.03,78.99,Alfonso,14.14,120.85
RH2M,1993,79.36,76.04,70.26,67.62,69.49,77.0,84.77,86.99,87.42,86.22,87.14,87.52,80.02,Alfonso,14.14,120.85
RH2M,1994,85.11,80.51,76.69,73.62,75.5,82.0,88.92,86.47,86.8,82.78,82.65,80.22,81.79,Alfonso,14.14,120.85
RH2M,1995,79.18,76.02,70.54,66.57,75.57,79.49,83.12,86.04,87.56,85.11,87.23,87.18,80.34,Alfonso,14.14,120.85
RH2M,1996,84.45,79.94,77.25,78.66,78.91,79.99,84.14,85.2,86.18,84.68,86.7,82.69,82.41,Alfonso,14.14,120.85
RH2M,1997,80.38,79.66,71.96,67.89,75.05,82.81,86.86,88.65,85.18,82.17,80.41,77.46,79.88,Alfonso,14.14,120.85
RH2M,1998,74.82,70.59,67.67,66.21,74.77,79.18,80.27,83.62,86.06,87.4,87.08,87.8,78.85,Alfonso,14.14,120.85
RH2M,1999,86.35,80.97,82.86,82.34,80.14,83.88,87.61,86.86,87.07,86.6,85.63,88.26,84.91,Alfonso,14.14,120.85
RH2M,2000,84.2,85.01,83.55,78.67,81.13,83.04,87.68,86.41,86.7,86.69,88.0,87.97,84.93,Alfonso,14.14,120.85
RH2M,2001,84.36,83.86,81.94,75.13,78.7,83.13,87.17,89.56,86.78,85.39,84.99,85.55,83.9,Alfonso,14.14,120.85
RH2M,2002,82.09,78.9,74.42,69.55,75.01,79.18,88.17,87.67,86.96,84.35,86.02,85.11,81.48,Alfonso,14.14,120.85
RH2M,2003,80.14,76.67,71.21,67.83,75.42,83.24,82.58,88.21,87.65,81.98,84.32,81.83,80.11,Alfonso,14.14,120.85
RH2M,2004,81.16,76.9,72.04,68.36,81.32,89.12,84.44,89.71,81.69,80.19,85.11,83.86,81.18,Alfonso,14.14,120.85
RH2M,2005,80.4,76.7,72.76,68.79,71.27,83.6,85.25,86.03,86.79,85.19,84.67,88.08,80.83,Alfonso,14.14,120.85
RH2M,2006,85.98,82.63,80.07,71.52,76.82,80.63,88.55,87.86,85.22,82.88,84.3,86.98,82.81,Alfonso,14.14,120.85
RH2M,2007,83.8,79.67,73.72,69.88,76.02,79.86,83.07,85.94,87.52,86.18,85.87,87.44,81.61,Alfonso,14.14,120.85
RH2M,2008,85.9,83.69,80.81,78.24,83.87,81.84,85.86,85.08,86.84,85.61,87.46,85.34,84.22,Alfonso,14.14,120.85
RH2M,2009,83.81,82.8,78.57,81.44,84.54,86.55,87.03,85.92,88.5,84.89,85.02,80.43,84.12,Alfonso,14.14,120.85
RH2M,2010,79.6,73.75,72.41,69.46,68.46,77.57,81.41,84.73,83.09,85.19,86.53,86.32,79.09,Alfonso,14.14,120.85
RH2M,2011,84.65,81.07,80.93,72.78,79.7,83.72,85.74,86.9,88.54,85.4,86.37,87.38,83.63,Alfonso,14.14,120.85
RH2M,2012,84.93,84.48,82.28,77.88,78.31,85.78,85.8,87.78,87.22,83.32,84.28,83.58,83.8,Alfonso,14.14,120.85
RH2M,2013,81.31,80.81,78.92,70.09,74.95,81.27,83.01,86.76,87.18,83.15,86.22,86.04,81.65,Alfonso,14.14,120.85
RH2M,2014,78.37,77.39,73.3,68.06,70.57,82.56,87.84,83.97,85.82,83.29,84.95,86.55,80.24,Alfonso,14.14,120.85
RH2M,2015,83.21,79.51,73.81,70.73,67.59,76.22,83.96,84.15,83.27,82.64,84.56,85.16,79.58,Alfonso,14.14,120.85
RH2M,2016,84.11,81.92,76.2,69.75,72.54,79.12,81.45,88.04,86.35,86.06,85.46,87.04,81.52,Alfonso,14.14,120.85
RH2M,2017,85.15,82.82,78.33,73.23,77.69,79.01,84.02,83.43,83.18,83.6,87.0,85.94,81.96,Alfonso,14.14,120.85
RH2M,2018,85.92,81.59,76.98,72.81,73.83,84.43,88.97,87.67,85.52,80.61,82.65,83.92,82.09,Alfonso,14.14,120.85
RH2M,2019,81.55,76.59,69.61,66.95,74.71,81.17,84.07,87.85,85.81,81.59,84.22,85.38,79.99,Alfonso,14.14,120.85
RH2M,2020,82.64,81.16,80.11,78.94,77.7,79.43,80.8,83.48,82.22,86.14,86.65,87.19,82.22,Alfonso,14.14,120.85
RH2M,2021,85.58,83.66,81.51,74.0,75.08,82.48,86.31,83.82,84.31,86.15,85.89,84.37,82.77,Alfonso,14.14,120.85
RH2M,2022,81.61,81.5,78.68,78.66,77.73,79.69,83.64,84.13,86.1,85.49,86.88,85.7,82.49,Alfonso,14.14,120.85
RH2M,2023,86.18,82.89,77.29,74.7,77.03,83.19,83.15,86.37,84.06,84.37,85.43,86.21,82.58,Alfonso,14.14,120.85
RH2M,2024,81.97,77.97,74.06,68.44,71.7,79.61,83.76,83.12,86.67,83.65,83.27,86.79,80.1,Alfonso,14.14,120.85
RH2M,2025,84.93,83.33,81.17,72.6,76.88,83.99,87.91,83.35,86.17,85.12,86.95,85.35,83.15,Alfonso,14.14,120.85
T2M_MAX,1990,30.46,32.15,33.94,34.56,35.56,30.45,30.24,29.96,30.01,29.85,29.81,29.12,35.56,Alfonso,14.14,120.85
T2M_MAX,1991,29.17,31.0,31.72,34.33,33.53,33.14,31.77,29.26,29.08,29.72,29.28,29.3,34.33,Alfonso,14.14,120.85
T2M_MAX,1992,29.6,31.67,32.8,34.56,34.7,33.38,32.03,29.4,30.18,30.6,29.21,28.79,34.7,Alfonso,14.14,120.85
T2M_MAX,1993,29.54,31.75,33.76,34.53,35.51,33.15,31.28,29.98,30.47,29.39,29.35,28.96,35.51,Alfonso,14.14,120.85
T2M_MAX,1994,28.95,29.99,31.83,34.89,33.49,31.66,29.34,29.11,29.37,30.0,29.61,29.86,34.89,Alfonso,14.14,120.85
T2M_MAX,1995,29.88,31.53,33.92,34.5,34.54,33.04,31.65,30.67,29.9,30.34,29.73,28.32,34.54,Alfonso,14.14,120.85
T2M_MAX,1996,28.95,30.19,32.23,32.16,33.19,32.8,31.01,30.5,30.94,30.5,29.78,28.72,33.19,Alfonso,14.14,120.85
T2M_MAX,1997,28.83,30.14,32.39,34.02,34.12,30.62,29.78,28.92,30.49,30.76,30.66,30.47,34.12,Alfonso,14.14,120.85
T2M_MAX,1998,31.45,33.43,33.99,35.0,34.48,32.67,31.72,30.86,30.3,30.64,30.01,29.39,35.0,Alfonso,14.14,120.85
T2M_MAX,1999,29.15,29.74,30.63,31.16,31.7,30.9,29.38,29.91,29.26,30.04,29.71,29.05,31.7,Alfonso,14.14,120.85
T2M_MAX,2000,28.88,30.12,30.39,33.13,34.4,31.25,28.89,29.19,29.86,30.38,29.41,29.31,34.4,Alfonso,14.14,120.85
T2M_MAX,2001,29.58,29.59,30.84,33.58,34.15,31.93,28.88,29.03,29.65,30.82,30.04,29.32,34.15,Alfonso,14.14,120.85
T2M_MAX,2002,29.4,29.99,32.78,34.08,35.37,32.69,29.95,29.86,29.79,30.41,29.93,29.63,35.37,Alfonso,14.14,120.85
T2M_MAX,2003,28.98,30.03,33.55,34.97,35.89,30.37,31.62,30.42,29.64,30.4,29.99,29.12,35.89,Alfonso,14.14,120.85
T2M_MAX,2004,30.5,31.77,34.45,35.34,34.07,29.85,30.51,28.71,31.01,30.22,29.82,29.02,35.34,Alfonso,14.14,120.85
T2M_MAX,2005,29.13,31.92,34.75,34.72,35.23,32.17,30.99,30.49,30.43,30.57,30.37,29.28,35.23,Alfonso,14.14,120.85
T2M_MAX,2006,28.92,29.57,31.91,34.49,35.32,32.14,29.15,30.15,30.38,30.13,30.1,29.61,35.32,Alfonso,14.14,120.85
T2M_MAX,2007,29.19,30.54,32.61,34.91,34.57,32.9,31.21,29.82,29.93,29.88,30.08,29.13,34.91,Alfonso,14.14,120.85
T2M_MAX,2008,28.9,29.24,31.46,33.62,30.74,31.08,30.12,30.57,30.58,30.21,30.09,28.83,33.62,Alfonso,14.14,120.85
T2M_MAX,2009,29.08,29.95,31.74,32.12,30.64,30.85,30.13,31.02,30.06,29.57,29.7,29.35,32.12,Alfonso,14.14,120.85
T2M_MAX,2010,29.67,32.18,33.02,34.78,36.22,33.43,31.14,30.35,30.68,30.41,29.58,29.59,36.22,Alfonso,14.14,120.85
T2M_MAX,2011,28.32,29.53,30.45,33.19,33.49,30.93,30.48,30.34,28.88,30.16,29.78,29.32,33.49,Alfonso,14.14,120.85
T2M_MAX,2012,29.09,29.86,30.6,32.4,33.43,30.29,30.28,29.68,29.5,29.88,29.99,30.18,33.43,Alfonso,14.14,120.85
T2M_MAX,2013,29.37,30.66,32.22,34.96,33.93,32.05,30.55,30.32,29.91,29.52,29.57,29.07,34.96,Alfonso,14.14,120.85
T2M_MAX,2014,28.67,30.0,32.85,34.6,35.06,33.89,30.8,30.5,30.76,30.29,30.21,29.25,35.06,Alfonso,14.14,120.85
T2M_MAX,2015,28.48,29.61,32.5,34.57,35.08,34.89,30.85,31.28,30.99,31.03,30.16,30.45,35.08,Alfonso,14.14,120.85
T2M_MAX,2016,29.49,29.9,32.88,35.32,35.22,32.21,31.71,30.62,30.33,30.38,29.79,29.66,35.32,Alfonso,14.14,120.85
T2M_MAX,2017,28.71,29.53,32.55,34.29,33.46,32.3,31.29,31.36,31.57,30.3,29.99,29.96,34.29,Alfonso,14.14,120.85
T2M_MAX,2018,29.08,29.91,32.3,34.8,34.51,31.74,28.78,29.47,30.09,30.92,30.48,30.22,34.8,Alfonso,14.14,120.85
T2M_MAX,2019,29.01,30.02,33.96,34.68,34.45,33.16,30.54,29.36,30.9,30.8,30.02,29.72,34.68,Alfonso,14.14,120.85
T2M_MAX,2020,29.81,29.2,31.8,32.19,33.16,33.36,31.45,30.87,31.29,29.9,30.04,29.41,33.36,Alfonso,14.14,120.85
T2M_MAX,2021,29.41,30.03,31.4,33.19,34.67,31.82,31.62,30.94,30.61,30.3,30.18,29.65,34.67,Alfonso,14.14,120.85
T2M_MAX,2022,30.01,30.58,32.34,32.66,33.54,31.34,31.15,30.67,30.99,30.38,29.88,29.69,33.54,Alfonso,14.14,120.85
T2M_MAX,2023,28.82,29.75,32.44,33.55,34.04,31.63,31.77,30.16,31.25,30.92,30.72,29.92,34.04,Alfonso,14.14,120.85
T2M_MAX,2024,29.7,30.85,32.82,36.89,36.38,32.9,31.26,31.67,31.23,30.95,30.67,30.24,36.89,Alfonso,14.14,120.85
T2M_MAX,2025,29.57,29.8,31.43,35.41,34.06,31.39,29.6,30.58,30.0,30.67,30.07,29.84,35.41,Alfonso,14.14,120.85
T2M_MIN,1990,21.78,22.6,22.87,24.77,26.07,25.92,25.45,25.26,25.22,24.94,23.05,22.6,21.78,Alfonso,14.14,120.85
T2M_MIN,1991,22.42,22.75,22.73,24.39,25.78,26.0,25.38,25.48,24.9,24.39,22.84,22.53,22.42,Alfonso,14.14,120.85
T2M_MIN,1992,21.86,22.18,23.44,24.73,25.81,26.72,25.51,25.67,25.05,24.93,21.9,22.38,21.86,Alfonso,14.14,120.85
T2M_MIN,1993,20.98,21.58,22.79,23.57,25.59,26.33,25.59,25.06,24.9,24.13,24.3,22.52,20.98,Alfonso,14.14,120.85
T2M_MIN,1994,22.09,22.61,23.2,23.91,26.56,25.69,24.79,25.22,24.74,24.01,23.5,22.58,22.09,Alfonso,14.14,120.85
T2M_MIN,1995,21.77,21.52,22.56,24.62,25.51,26.25,25.48,25.84,25.6,25.11,24.7,21.83,21.52,Alfonso,14.14,120.85
T2M_MIN,1996,21.88,21.51,23.1,24.63,25.76,25.88,26.03,25.42,25.31,25.57,25.07,21.24,21.24,Alfonso,14.14,120.85
T2M_MIN,1997,21.61,21.81,21.95,24.57,25.82,25.82,25.5,25.08,25.21,24.8,23.59,22.72,21.61,Alfonso,14.14,120.85
T2M_MIN,1998,22.25,22.96,23.48,24.71,26.49,26.42,25.93,25.98,25.96,26.01,25.37,24.68,22.25,Alfonso,14.14,120.85
T2M_MIN,1999,23.51,21.77,23.07,24.12,25.6,25.47,25.65,24.77,25.28,25.27,23.85,21.75,21.75,Alfonso,14.14,120.85
T2M_MIN,2000,21.37,22.73,23.81,25.17,26.05,25.85,24.74,24.91,25.02,24.98,24.41,24.24,21.37,Alfonso,14.14,120.85
T2M_MIN,2001,22.13,22.55,23.97,25.64,26.11,25.93,25.15,25.59,25.11,25.36,22.14,21.61,21.61,Alfonso,14.14,120.85
T2M_MIN,2002,21.23,21.57,21.71,23.98,25.16,26.56,25.65,25.45,25.22,25.61,24.03,23.93,21.23,Alfonso,14.14,120.85
T2M_MIN,2003,22.08,22.14,22.74,25.28,26.13,25.15,25.98,25.32,25.11,24.32,24.01,22.53,22.08,Alfonso,14.14,120.85
T2M_MIN,2004,22.65,22.03,23.68,25.45,25.85,25.76,25.33,25.23,24.98,24.05,24.3,23.13,22.03,Alfonso,14.14,120.85
T2M_MIN,2005,21.75,22.49,22.43,23.68,26.62,26.02,25.64,25.32,25.27,25.94,24.44,22.69,21.75,Alfonso,14.14,120.85
T2M_MIN,2006,22.55,22.76,23.84,24.99,26.12,26.02,25.26,25.4,25.48,24.7,24.81,23.86,22.55,Alfonso,14.14,120.85
T2M_MIN,2007,21.49,21.46,23.1,24.85,25.97,26.51,26.2,25.12,25.43,25.05,22.95,22.61,21.46,Alfonso,14.14,120.85
T2M_MIN,2008,22.57,22.61,22.4,25.04,25.47,24.89,25.17,24.53,25.41,25.4,24.74,22.67,22.4,Alfonso,14.14,120.85
T2M_MIN,2009,21.08,22.82,23.92,25.09,25.32,25.59,25.5,25.83,25.33,23.47,24.23,22.82,21.08,Alfonso,14.14,120.85
T2M_MIN,2010,22.45,22.69,22.73,24.94,26.29,26.63,25.33,25.75,25.27,25.38,24.89,23.7,22.45,Alfonso,14.14,120.85
T2M_MIN,2011,22.07,22.41,23.14,23.24,25.68,25.62,25.34,25.51,25.25,24.96,25.03,23.55,22.07,Alfonso,14.14,120.85
T2M_MIN,2012,23.37,23.01,23.67,24.49,26.75,25.61,25.39,25.23,24.95,24.48,24.42,23.64,23.01,Alfonso,14.14,120.85
T2M_MIN,2013,21.99,23.2,22.85,25.25,26.77,25.97,25.7,25.52,25.53,24.39,24.49,23.96,21.99,Alfonso,14.14,120.85
T2M_MIN,2014,20.37,22.33,22.69,24.99,26.79,26.31,25.45,25.41,25.46,24.94,23.53,23.31,20.37,Alfonso,14.14,120.85
T2M_MIN,2015,22.09,21.37,22.18,24.05,26.58,26.6,25.78,25.86,25.44,25.27,24.76,23.21,21.37,Alfonso,14.14,120.85
T2M_MIN,2016,22.59,22.59,23.78,24.97,27.01,26.76,25.74,26.0,25.14,25.48,24.35,24.15,22.59,Alfonso,14.14,120.85
T2M_MIN,2017,23.0,21.31,22.68,23.73,26.26,26.65,26.28,25.75,25.98,25.88,24.97,23.55,21.31,Alfonso,14.14,120.85
T2M_MIN,2018,22.7,22.79,23.25,24.33,26.37,25.92,25.6,25.58,25.53,23.77,24.59,24.06,22.7,Alfonso,14.14,120.85
T2M_MIN,2019,21.44,22.36,22.67,24.62,27.21,26.53,25.98,25.17,25.4,25.44,23.99,23.82,21.44,Alfonso,14.14,120.85
T2M_MIN,2020,22.6,21.78,23.35,24.54,25.99,26.09,26.41,25.79,25.42,25.14,24.37,24.04,21.78,Alfonso,14.14,120.85
T2M_MIN,2021,22.08,21.61,23.85,24.63,26.01,26.13,26.33,25.98,25.91,25.38,24.93,23.17,21.61,Alfonso,14.14,120.85
T2M_MIN,2022,22.23,23.84,23.94,24.7,26.13,26.13,25.94,25.77,25.84,26.05,25.01,22.74,22.23,Alfonso,14.14,120.85
T2M_MIN,2023,22.48,22.68,22.27,24.32,26.39,26.53,26.55,26.83,26.31,25.93,25.09,24.47,22.27,Alfonso,14.14,120.85
T2M_MIN,2024,22.7,23.17,23.45,25.63,27.24,27.2,26.59,26.48,26.26,26.07,25.72,24.99,22.7,Alfonso,14.14,120.85
T2M_MIN,2025,23.24,23.2,23.47,25.26,26.86,26.12,25.97,25.85,25.49,26.03,25.66,24.03,23.2,Alfonso,14.14,120.85
TS,1990,26.27,27.01,27.89,29.92,29.67,28.38,27.65,27.49,27.23,27.37,27.05,26.16,27.67,Alfonso,14.14,120.85
TS,1991,25.76,26.57,27.28,29.19,29.76,28.95,27.97,27.32,27.18,27.34,26.38,25.98,27.48,Alfonso,14.14,120.85
TS,1992,26.07,26.73,28.31,29.84,30.07,29.92,28.29,27.71,27.24,27.58,26.18,26.0,27.83,Alfonso,14.14,120.85
TS,1993,25.55,26.27,27.61,29.41,29.96,29.63,28.1,27.53,27.39,26.98,27.04,25.84,27.61,Alfonso,14.14,120.85
TS,1994,25.62,26.31,27.5,28.98,29.94,28.81,27.28,27.36,27.44,27.31,26.5,26.37,27.46,Alfonso,14.14,120.85
TS,1995,25.94,26.48,27.92,29.63,29.23,29.36,28.62,28.07,27.87,27.78,27.29,25.94,27.85,Alfonso,14.14,120.85
TS,1996,25.74,25.68,27.4,28.19,29.03,29.01,28.84,27.81,27.89,28.09,27.58,26.04,27.61,Alfonso,14.14,120.85
TS,1997,25.39,26.37,27.43,29.66,29.44,28.39,27.78,27.27,27.64,28.09,27.71,27.19,27.7,Alfonso,14.14,120.85
TS,1998,26.91,28.2,28.58,29.93,30.22,29.5,29.1,28.68,28.38,28.15,27.8,27.27,28.56,Alfonso,14.14,120.85
TS,1999,26.64,25.96,27.37,28.03,28.85,28.16,27.65,27.14,27.39,27.61,27.05,26.42,27.36,Alfonso,14.14,120.85
TS,2000,25.84,26.33,27.15,28.84,28.88,28.59,27.37,27.93,27.49,27.75,27.04,26.7,27.49,Alfonso,14.14,120.85
TS,2001,26.52,26.44,27.46,29.63,29.41,28.83,27.54,27.6,27.58,27.79,26.96,26.09,27.66,Alfonso,14.14,120.85
TS,2002,25.67,25.69,27.34,29.39,29.71,29.43,27.73,27.34,27.69,28.06,27.29,26.77,27.68,Alfonso,14.14,120.85
TS,2003,25.92,26.37,27.99,30.18,30.17,27.94,28.5,27.45,27.37,27.62,27.5,25.93,27.75,Alfonso,14.14,120.85
TS,2004,26.25,26.66,28.54,30.21,28.69,27.48,27.8,27.25,28.03,27.53,27.06,26.32,27.65,Alfonso,14.14,120.85
TS,2005,25.55,26.57,27.75,29.15,30.82,28.8,28.52,28.01,27.94,28.09,27.52,26.46,27.94,Alfonso,14.14,120.85
TS,2006,26.03,26.36,27.19,29.24,29.31,29.09,27.81,27.54,27.97,27.81,27.63,26.62,27.72,Alfonso,14.14,120.85
TS,2007,26.07,26.25,27.86,29.74,29.71,29.54,28.86,28.14,27.84,27.62,27.11,26.3,27.93,Alfonso,14.14,120.85
TS,2008,25.89,26.03,27.0,28.64,28.15,28.45,27.6,27.5,27.64,27.89,27.35,26.37,27.38,Alfonso,14.14,120.85
TS,2009,25.62,26.43,27.79,28.15,27.99,27.83,27.93,28.1,27.57,27.25,27.15,26.24,27.34,Alfonso,14.14,120.85
TS,2010,26.41,27.36,28.47,29.79,31.03,30.03,28.87,28.12,28.23,28.13,27.53,26.83,28.4,Alfonso,14.14,120.85
TS,2011,25.92,26.23,26.69,28.1,28.82,28.23,27.79,27.57,27.32,27.44,27.33,26.71,27.35,Alfonso,14.14,120.85
TS,2012,26.29,26.36,26.94,28.62,29.31,28.22,27.86,27.36,27.55,27.3,27.37,27.16,27.53,Alfonso,14.14,120.85
TS,2013,26.02,26.51,27.61,30.14,30.03,29.01,28.31,27.76,27.76,27.4,27.12,26.86,27.88,Alfonso,14.14,120.85
TS,2014,25.32,26.24,27.62,29.81,30.73,29.21,27.79,27.76,27.86,27.88,27.39,26.42,27.84,Alfonso,14.14,120.85
TS,2015,25.3,25.53,27.18,29.25,30.95,30.11,28.15,28.36,28.47,28.12,27.59,26.86,28.0,Alfonso,14.14,120.85
TS,2016,26.35,26.04,27.92,30.22,30.64,29.63,28.8,28.06,27.99,27.83,27.47,27.2,28.18,Alfonso,14.14,120.85
TS,2017,26.18,25.9,27.23,29.31,29.71,29.56,28.63,28.52,28.48,28.31,27.77,27.03,28.06,Alfonso,14.14,120.85
TS,2018,26.3,26.54,27.49,29.2,30.11,28.66,27.89,27.58,27.82,28.21,27.6,27.09,27.88,Alfonso,14.14,120.85
TS,2019,25.87,26.18,28.4,30.24,30.11,29.66,28.5,27.9,27.78,28.18,27.72,26.65,28.11,Alfonso,14.14,120.85
TS,2020,26.21,25.77,27.43,28.75,30.09,29.54,29.07,28.44,28.71,28.34,27.6,27.19,28.1,Alfonso,14.14,120.85
TS,2021,26.4,26.26,27.55,28.94,30.06,29.0,28.6,28.41,28.36,28.15,27.99,26.81,28.05,Alfonso,14.14,120.85
TS,2022,26.42,27.02,28.27,28.46,29.41,29.16,28.9,28.26,28.12,28.31,27.81,27.0,28.1,Alfonso,14.14,120.85
TS,2023,26.03,26.23,27.08,29.04,29.93,29.04,28.81,28.45,28.58,28.49,28.11,27.29,28.1,Alfonso,14.14,120.85
TS,2024,26.57,26.86,28.11,30.38,31.01,29.83,28.88,29.02,28.52,28.54,28.16,27.41,28.61,Alfonso,14.14,120.85
TS,2025,26.67,26.76,27.55,29.88,29.8,28.82,28.23,28.14,27.78,28.07,27.87,27.16,28.07,Alfonso,14.14,120.85
WS2M,1990,4.23,4.22,3.57,3.17,2.81,3.45,3.16,4.72,3.19,3.1,3.77,4.84,3.68,Alfonso,14.14,120.85
WS2M,1991,4.56,4.03,4.24,3.19,3.22,3.89,3.51,4.21,3.88,3.19,3.91,5.14,3.92,Alfonso,14.14,120.85
WS2M,1992,3.83,3.94,3.63,2.7,2.69,3.05,2.99,4.36,3.52,3.33,4.51,5.03,3.63,Alfonso,14.14,120.85
WS2M,1993,4.52,4.1,4.02,2.98,2.71,2.39,2.97,3.75,3.0,4.07,4.33,5.32,3.68,Alfonso,14.14,120.85
WS2M,1994,4.09,4.05,4.64,3.03,2.18,2.75,4.73,3.3,3.1,3.35,4.86,5.11,3.77,Alfonso,14.14,120.85
WS2M,1995,4.84,4.22,4.07,3.89,2.65,2.65,2.92,2.96,3.43,3.21,4.04,5.4,3.69,Alfonso,14.14,120.85
WS2M,1996,5.03,5.25,4.55,3.36,3.02,2.75,3.85,2.85,3.07,2.7,4.72,5.43,3.88,Alfonso,14.14,120.85
WS2M,1997,4.43,4.89,3.61,2.75,3.65,2.77,2.76,4.36,2.61,3.22,3.98,4.54,3.63,Alfonso,14.14,120.85
WS2M,1998,4.37,3.27,4.08,3.51,3.59,2.35,1.82,2.32,3.47,3.85,3.53,4.67,3.41,Alfonso,14.14,120.85
WS2M,1999,5.08,5.21,3.78,2.9,2.17,2.85,3.88,3.54,3.26,3.33,4.16,4.91,3.75,Alfonso,14.14,120.85
WS2M,2000,4.75,4.53,3.88,2.91,3.02,2.6,4.04,3.35,3.83,3.63,4.13,4.56,3.77,Alfonso,14.14,120.85
WS2M,2001,4.28,4.5,4.06,2.81,2.67,2.87,3.76,4.34,3.21,3.29,4.84,5.49,3.84,Alfonso,14.14,120.85
WS2M,2002,4.58,4.44,4.08,3.61,2.95,2.46,4.79,3.37,2.98,2.77,4.13,4.01,3.68,Alfonso,14.14,120.85
WS2M,2003,4.78,4.7,3.75,2.87,3.68,2.99,2.81,3.39,3.17,2.81,3.86,5.44,3.68,Alfonso,14.14,120.85
WS2M,2004,4.14,3.9,3.35,2.73,3.48,4.2,2.5,4.61,2.51,3.01,4.44,4.48,3.61,Alfonso,14.14,120.85
WS2M,2005,3.84,3.45,3.83,2.8,1.9,2.54,3.07,3.51,3.07,2.97,3.37,5.09,3.29,Alfonso,14.14,120.85
WS2M,2006,3.84,4.6,3.29,3.05,3.01,2.61,4.03,3.71,2.59,3.01,3.32,4.92,3.5,Alfonso,14.14,120.85
WS2M,2007,4.65,3.95,3.66,3.12,2.53,2.2,2.62,3.61,3.24,3.66,4.2,4.49,3.49,Alfonso,14.14,120.85
WS2M,2008,4.68,4.82,3.49,3.65,2.8,2.68,2.92,2.9,3.41,2.83,3.75,4.78,3.55,Alfonso,14.14,120.85
WS2M,2009,4.98,3.96,3.2,2.83,2.77,3.65,3.29,3.69,3.91,3.55,3.49,4.11,3.62,Alfonso,14.14,120.85
WS2M,2010,4.45,3.34,3.85,2.94,2.15,2.08,2.18,3.14,2.36,3.17,3.29,3.99,3.08,Alfonso,14.14,120.85
WS2M,2011,4.8,4.0,4.81,3.5,2.64,2.94,3.38,3.49,3.64,3.07,3.71,4.02,3.67,Alfonso,14.14,120.85
WS2M,2012,3.98,3.97,4.06,2.7,1.95,3.93,3.33,4.31,2.98,3.31,3.58,4.03,3.51,Alfonso,14.14,120.85
WS2M,2013,4.46,4.47,3.17,2.17,2.11,2.7,2.46,3.65,3.46,3.11,4.13,3.35,3.26,Alfonso,14.14,120.85
WS2M,2014,4.67,3.12,3.59,2.28,1.99,3.07,3.81,2.89,3.26,2.72,3.71,4.95,3.34,Alfonso,14.14,120.85
WS2M,2015,4.39,3.88,3.68,3.05,2.2,2.53,3.65,3.11,2.57,3.49,4.04,4.4,3.42,Alfonso,14.14,120.85
WS2M,2016,3.81,4.06,2.92,2.79,2.4,2.31,2.57,4.13,2.92,3.04,3.97,4.32,3.27,Alfonso,14.14,120.85
WS2M,2017,4.82,4.36,3.59,2.88,2.39,2.09,3.15,2.95,2.51,2.81,4.16,4.53,3.35,Alfonso,14.14,120.85
WS2M,2018,4.42,3.57,3.66,3.16,2.65,3.42,3.95,4.44,2.94,2.99,4.12,4.41,3.65,Alfonso,14.14,120.85
WS2M,2019,4.67,4.02,2.95,2.65,2.18,2.92,3.12,4.6,3.64,2.99,3.24,4.29,3.44,Alfonso,14.14,120.85
WS2M,2020,4.01,4.87,3.27,3.22,2.21,2.42,2.23,2.83,2.24,3.12,4.15,3.8,3.19,Alfonso,14.14,120.85
WS2M,2021,4.72,3.85,3.77,3.27,3.06,2.75,4.14,2.94,2.67,3.57,3.75,4.99,3.63,Alfonso,14.14,120.85
WS2M,2022,4.22,4.43,3.53,3.52,2.4,2.06,2.41,2.75,3.31,3.47,3.66,4.2,3.32,Alfonso,14.14,120.85
WS2M,2023,4.75,4.28,3.63,2.65,2.8,2.66,3.39,4.18,2.53,2.79,3.98,3.98,3.47,Alfonso,14.14,120.85
WS2M,2024,4.58,4.4,3.65,3.07,2.68,2.15,3.16,2.67,3.73,3.15,3.2,4.26,3.39,Alfonso,14.14,120.85
WS2M,2025,4.11,4.28,3.8,2.61,2.79,2.77,4.65,2.49,3.01,2.69,3.85,3.89,3.41,Alfonso,14.14,120.85
ALLSKY_SFC_SW_DWN,1990,18.17,21.72,22.51,24.96,21.21,17.22,18.27,16.04,17.99,18.14,16.46,16.23,19.05,Amadeo,14.17,120.92
ALLSKY_SFC_SW_DWN,1991,17.38,19.5,23.2,23.67,23.1,19.18,16.68,12.57,15.47,17.59,16.71,17.17,18.51,Amadeo,14.17,120.92
ALLSKY_SFC_SW_DWN,1992,17.47,20.64,23.46,23.65,21.92,20.46,17.94,13.29,15.93,17.84,17.48,16.78,18.89,Amadeo,14.17,120.92
ALLSKY_SFC_SW_DWN,1993,18.42,21.06,22.47,24.08,24.36,20.87,18.04,16.24,15.75,16.89,16.46,14.12,19.04,Amadeo,14.17,120.92
ALLSKY_SFC_SW_DWN,1994,17.31,20.13,21.72,23.41,21.92,19.63,12.53,18.8,16.86,19.07,19.06,16.68,18.91,Amadeo,14.17,120.92
ALLSKY_SFC_SW_DWN,1995,17.24,20.14,22.69,25.05,21.19,21.11,17.95,16.67,14.69,16.83,15.28,13.83,18.54,Amadeo,14.17,120.92
ALLSKY_SFC_SW_DWN,1996,15.56,19.01,21.36,21.13,19.89,20.44,15.7,18.79,16.1,17.37,14.37,15.87,17.96,Amadeo,14.17,120.92
ALLSKY_SFC_SW_DWN,1997,16.76,18.1,21.75,22.86,20.25,20.3,17.16,15.27,17.7,18.96,17.98,16.66,18.64,Amadeo,14.17,120.92
ALLSKY_SFC_SW_DWN,1998,16.77,20.22,22.1,23.65,19.57,20.71,19.95,19.22,15.18,14.6,16.26,13.64,18.47,Amadeo,14.17,120.92
ALLSKY_SFC_SW_DWN,1999,14.94,18.27,19.68,20.95,20.95,17.62,15.91,16.01,16.34,16.77,15.21,13.79,17.19,Amadeo,14.17,120.92
ALLSKY_SFC_SW_DWN,2000,16.35,16.51,19.4,22.38,17.88,19.72,13.99,17.06,16.84,15.56,14.73,14.19,17.04,Amadeo,14.17,120.92
ALLSKY_SFC_SW_DWN,2001,16.61,16.75,20.93,23.06,19.93,18.82,17.16,14.25,17.83,17.58,17.12,15.09,17.92,Amadeo,14.17,120.92
ALLSKY_SFC_SW_DWN,2002,17.65,19.49,22.84,24.71,21.94,20.53,12.71,17.32,16.54,18.36,15.72,16.38,18.67,Amadeo,14.17,120.92
ALLSKY_SFC_SW_DWN,2003,17.38,20.41,22.8,24.58,19.22,18.83,19.37,16.39,16.2,18.82,16.83,15.54,18.85,Amadeo,14.17,120.92
ALLSKY_SFC_SW_DWN,2004,17.49,18.76,22.85,24.28,20.54,14.73,20.08,15.69,20.23,18.54,15.33,16.05,18.72,Amadeo,14.17,120.92
ALLSKY_SFC_SW_DWN,2005,17.14,20.31,21.61,24.0,23.43,18.56,17.22,14.85,15.88,16.95,15.62,12.81,18.18,Amadeo,14.17,120.92
ALLSKY_SFC_SW_DWN,2006,15.53,18.66,21.98,24.6,20.56,20.85,12.31,14.35,18.09,17.1,17.24,14.39,17.94,Amadeo,14.17,120.92
ALLSKY_SFC_SW_DWN,2007,16.2,20.45,22.37,23.91,21.06,19.64,19.22,13.51,15.98,15.57,13.82,15.5,18.08,Amadeo,14.17,120.92
ALLSKY_SFC_SW_DWN,2008,15.49,16.25,21.94,22.61,18.64,20.51,17.34,16.01,16.85,17.15,14.87,14.47,17.67,Amadeo,14.17,120.92
ALLSKY_SFC_SW_DWN,2009,14.97,18.02,21.28,20.3,20.24,16.46,16.79,17.59,13.23,14.94,17.59,17.24,17.39,Amadeo,14.17,120.92
ALLSKY_SFC_SW_DWN,2010,17.29,22.02,22.61,24.49,24.41,18.96,18.92,17.62,19.22,15.55,15.31,14.54,19.22,Amadeo,14.17,120.92
ALLSKY_SFC_SW_DWN,2011,15.04,18.76,19.32,23.29,20.69,16.77,15.28,14.52,15.11,17.38,15.71,13.76,17.12,Amadeo,14.17,120.92
ALLSKY_SFC_SW_DWN,2012,16.27,18.66,18.76,24.62,20.63,16.81,15.51,13.33,16.23,16.53,18.29,15.5,17.57,Amadeo,14.17,120.92
ALLSKY_SFC_SW_DWN,2013,15.91,18.42,21.98,24.24,21.14,19.1,18.05,13.75,13.95,17.14,15.75,15.38,17.89,Amadeo,14.17,120.92
ALLSKY_SFC_SW_DWN,2014,17.17,20.26,21.73,23.91,24.27,17.6,14.99,17.92,16.71,17.75,17.13,13.29,18.54,Amadeo,14.17,120.92
ALLSKY_SFC_SW_DWN,2015,16.24,20.15,22.29,24.78,23.71,22.45,16.5,18.49,20.68,17.69,18.61,15.53,19.74,Amadeo,14.17,120.92
ALLSKY_SFC_SW_DWN,2016,18.22,18.92,23.14,25.13,22.41,19.94,18.91,14.1,16.8,16.12,15.82,14.52,18.66,Amadeo,14.17,120.92
ALLSKY_SFC_SW_DWN,2017,15.21,19.0,22.49,24.15,21.8,21.44,15.93,18.75,17.91,15.8,15.83,14.31,18.53,Amadeo,14.17,120.92
ALLSKY_SFC_SW_DWN,2018,15.37,20.27,22.62,24.53,23.64,15.56,12.8,14.11,18.68,20.34,18.21,14.05,18.32,Amadeo,14.17,120.92
ALLSKY_SFC_SW_DWN,2019,17.4,21.52,24.25,24.96,21.36,20.74,17.3,13.76,15.88,20.42,15.29,15.76,19.03,Amadeo,14.17,120.92
ALLSKY_SFC_SW_DWN,2020,17.35,19.87,24.03,23.88,23.06,21.32,20.27,16.84,20.28,14.9,15.35,14.37,19.28,Amadeo,14.17,120.92
ALLSKY_SFC_SW_DWN,2021,15.11,18.97,21.71,23.23,23.86,19.15,14.79,18.43,17.9,15.78,17.23,15.61,18.47,Amadeo,14.17,120.92
ALLSKY_SFC_SW_DWN,2022,17.8,18.11,22.98,21.41,22.26,21.09,17.8,16.01,16.05,16.83,16.85,14.3,18.46,Amadeo,14.17,120.92
ALLSKY_SFC_SW_DWN,2023,15.11,18.84,23.78,22.27,21.85,19.16,16.42,17.57,16.95,16.61,17.18,15.74,18.45,Amadeo,14.17,120.92
ALLSKY_SFC_SW_DWN,2024,17.12,21.06,22.14,25.92,22.92,20.66,15.12,19.55,14.06,15.79,17.45,13.07,18.72,Amadeo,14.17,120.92
ALLSKY_SFC_SW_DWN,2025,15.93,17.29,21.27,24.49,22.13,17.21,12.27,17.88,14.37,16.12,14.45,15.18,17.38,Amadeo,14.17,120.92
EVLAND,1990,1.96,0.64,0.72,0.17,2.09,3.92,4.19,5.32,4.15,4.02,4.56,4.74,3.06,Amadeo,14.17,120.92
EVLAND,1991,2.95,2.16,1.74,1.16,2.37,3.08,3.78,3.52,3.89,4.94,4.76,3.97,3.2,Amadeo,14.17,120.92
EVLAND,1992,2.29,1.24,0.65,0.81,1.37,2.49,3.18,3.65,3.9,4.15,5.22,4.18,2.77,Amadeo,14.17,120.92
EVLAND,1993,2.52,1.43,0.71,0.74,1.48,2.43,3.63,3.57,3.41,4.55,3.86,4.71,2.77,Amadeo,14.17,120.92
EVLAND,1994,4.51,3.45,2.05,1.93,1.81,2.93,3.92,4.12,3.6,5.0,4.89,2.89,3.43,Amadeo,14.17,120.92
EVLAND,1995,2.23,1.27,0.43,0.23,1.44,3.23,3.0,3.42,3.6,4.37,4.07,4.11,2.63,Amadeo,14.17,120.92
EVLAND,1996,4.22,3.02,1.68,1.81,1.69,2.85,3.05,3.78,3.78,3.4,4.34,5.32,3.25,Amadeo,14.17,120.92
EVLAND,1997,3.42,2.51,1.19,0.96,2.02,4.02,3.47,4.05,3.64,4.86,4.56,2.34,3.09,Amadeo,14.17,120.92
EVLAND,1998,1.09,0.51,0.45,0.61,1.87,3.5,3.75,3.47,3.86,3.64,3.39,4.01,2.53,Amadeo,14.17,120.92
EVLAND,1999,4.92,5.07,3.63,3.96,3.04,3.78,3.71,4.31,3.72,3.7,4.42,3.92,4.01,Amadeo,14.17,120.92
EVLAND,2000,5.12,4.06,3.32,2.97,3.08,3.61,4.19,3.83,4.32,3.97,3.99,3.87,3.86,Amadeo,14.17,120.92
EVLAND,2001,4.86,4.38,3.18,2.58,3.32,3.38,4.38,3.88,3.58,3.81,5.01,5.22,3.97,Amadeo,14.17,120.92
EVLAND,2002,3.76,2.64,1.28,0.89,1.26,3.47,4.45,4.02,3.54,3.92,4.17,4.52,3.17,Amadeo,14.17,120.92
EVLAND,2003,3.43,1.9,0.79,0.47,1.89,4.73,4.27,3.81,3.62,4.98,4.69,4.25,3.25,Amadeo,14.17,120.92
EVLAND,2004,2.6,1.61,0.79,0.74,3.38,3.78,3.84,4.02,4.56,5.04,4.45,4.56,3.29,Amadeo,14.17,120.92
EVLAND,2005,3.06,1.91,1.02,0.96,1.09,3.08,3.46,3.99,3.77,4.06,4.32,4.13,2.91,Amadeo,14.17,120.92
EVLAND,2006,4.64,4.36,3.05,1.71,2.32,3.57,3.29,4.07,3.73,4.72,3.89,4.55,3.66,Amadeo,14.17,120.92
EVLAND,2007,4.53,2.74,1.32,0.56,2.04,2.92,3.69,3.97,3.47,4.29,4.37,4.72,3.23,Amadeo,14.17,120.92
EVLAND,2008,4.77,3.91,2.95,2.09,3.64,4.13,3.84,4.18,3.96,3.78,3.67,4.54,3.79,Amadeo,14.17,120.92
EVLAND,2009,4.03,2.82,2.5,2.56,4.74,4.32,3.69,4.62,3.95,4.38,5.01,4.11,3.9,Amadeo,14.17,120.92
EVLAND,2010,2.38,0.93,0.78,0.61,1.08,2.34,3.46,4.13,3.78,3.74,3.47,3.94,2.57,Amadeo,14.17,120.92
EVLAND,2011,4.44,3.53,2.69,1.15,2.9,4.19,4.35,4.16,3.82,4.12,4.1,4.16,3.64,Amadeo,14.17,120.92
EVLAND,2012,4.88,4.01,3.49,3.34,3.12,4.05,3.99,4.7,3.85,5.01,4.69,4.04,4.1,Amadeo,14.17,120.92
EVLAND,2013,3.11,2.9,3.32,1.74,2.14,3.93,3.94,3.76,3.78,4.92,4.66,3.86,3.51,Amadeo,14.17,120.92
EVLAND,2014,4.04,2.39,1.15,0.86,1.86,3.47,3.87,4.46,4.22,4.3,4.67,4.65,3.34,Amadeo,14.17,120.92
EVLAND,2015,4.82,3.25,1.74,0.82,0.85,2.94,4.14,4.09,4.24,4.95,5.18,4.6,3.47,Amadeo,14.17,120.92
EVLAND,2016,4.94,3.69,2.13,1.06,1.77,3.28,4.27,4.18,3.66,3.97,4.63,4.23,3.49,Amadeo,14.17,120.92
EVLAND,2017,5.13,4.59,2.94,1.93,2.83,4.01,4.02,4.53,4.24,4.14,4.68,4.58,3.97,Amadeo,14.17,120.92
EVLAND,2018,4.67,4.06,2.93,1.5,2.25,3.93,3.56,4.54,4.21,4.99,5.1,3.43,3.76,Amadeo,14.17,120.92
EVLAND,2019,4.46,2.59,0.81,0.86,2.28,3.55,3.79,4.47,4.65,4.86,3.92,4.91,3.44,Amadeo,14.17,120.92
EVLAND,2020,4.67,3.63,2.98,2.98,2.9,4.24,4.12,4.1,3.99,3.6,4.41,3.78,3.78,Amadeo,14.17,120.92
EVLAND,2021,4.9,5.32,3.9,2.14,1.58,3.44,4.23,4.27,3.85,4.18,4.29,4.74,3.9,Amadeo,14.17,120.92
EVLAND,2022,3.67,2.91,2.48,3.03,3.5,4.08,3.97,3.93,3.85,3.98,3.91,4.15,3.63,Amadeo,14.17,120.92
EVLAND,2023,4.7,4.68,2.81,2.75,2.81,3.84,4.58,4.74,4.06,4.18,4.6,4.76,4.04,Amadeo,14.17,120.92
EVLAND,2024,4.11,2.45,1.08,0.81,2.0,4.36,4.14,4.19,4.17,4.13,4.78,4.48,3.4,Amadeo,14.17,120.92
EVLAND,2025,4.55,4.27,3.31,1.93,3.46,4.09,4.88,4.36,3.93,3.91,4.1,4.47,3.94,Amadeo,14.17,120.92
GWETROOT,1990,0.5,0.46,0.45,0.44,0.5,0.77,0.95,0.98,0.97,0.94,0.89,0.73,0.72,Amadeo,14.17,120.92
GWETROOT,1991,0.58,0.5,0.48,0.46,0.48,0.56,0.78,0.97,0.98,0.9,0.76,0.65,0.68,Amadeo,14.17,120.92
GWETROOT,1992,0.54,0.47,0.45,0.44,0.46,0.52,0.64,0.82,0.94,0.89,0.85,0.67,0.64,Amadeo,14.17,120.92
GWETROOT,1993,0.55,0.48,0.45,0.44,0.46,0.53,0.68,0.89,0.94,0.92,0.85,0.87,0.67,Amadeo,14.17,120.92
GWETROOT,1994,0.77,0.61,0.5,0.48,0.48,0.58,0.8,0.91,0.89,0.86,0.68,0.56,0.68,Amadeo,14.17,120.92
GWETROOT,1995,0.52,0.47,0.45,0.44,0.47,0.58,0.64,0.75,0.96,0.96,0.93,0.86,0.67,Amadeo,14.17,120.92
GWETROOT,1996,0.73,0.57,0.49,0.49,0.49,0.57,0.67,0.89,0.93,0.91,0.94,0.83,0.71,Amadeo,14.17,120.92
GWETROOT,1997,0.62,0.52,0.47,0.45,0.51,0.72,0.88,0.96,0.93,0.83,0.64,0.52,0.67,Amadeo,14.17,120.92
GWETROOT,1998,0.47,0.45,0.44,0.44,0.49,0.63,0.72,0.79,0.87,0.98,0.96,0.96,0.68,Amadeo,14.17,120.92
GWETROOT,1999,0.89,0.69,0.59,0.63,0.63,0.71,0.92,0.98,0.97,0.96,0.93,0.91,0.82,Amadeo,14.17,120.92
GWETROOT,2000,0.78,0.68,0.61,0.54,0.59,0.7,0.94,0.95,0.98,0.94,0.96,0.92,0.8,Amadeo,14.17,120.92
GWETROOT,2001,0.78,0.65,0.58,0.51,0.57,0.69,0.91,0.95,0.94,0.88,0.88,0.81,0.76,Amadeo,14.17,120.92
GWETROOT,2002,0.65,0.54,0.47,0.45,0.46,0.58,0.92,0.97,0.97,0.96,0.92,0.78,0.72,Amadeo,14.17,120.92
GWETROOT,2003,0.61,0.5,0.46,0.44,0.51,0.82,0.84,0.94,0.97,0.91,0.82,0.68,0.71,Amadeo,14.17,120.92
GWETROOT,2004,0.55,0.48,0.46,0.44,0.6,0.88,0.93,0.97,0.92,0.84,0.72,0.75,0.71,Amadeo,14.17,120.92
GWETROOT,2005,0.6,0.5,0.46,0.45,0.45,0.63,0.83,0.95,0.97,0.95,0.91,0.9,0.72,Amadeo,14.17,120.92
GWETROOT,2006,0.78,0.66,0.55,0.48,0.54,0.64,0.88,0.98,0.95,0.93,0.87,0.85,0.76,Amadeo,14.17,120.92
GWETROOT,2007,0.7,0.55,0.47,0.45,0.49,0.61,0.75,0.91,0.97,0.97,0.94,0.89,0.73,Amadeo,14.17,120.92
GWETROOT,2008,0.79,0.66,0.57,0.5,0.64,0.76,0.91,0.95,0.97,0.97,0.95,0.86,0.79,Amadeo,14.17,120.92
GWETROOT,2009,0.7,0.59,0.51,0.55,0.84,0.97,0.97,0.95,0.98,0.97,0.87,0.67,0.8,Amadeo,14.17,120.92
GWETROOT,2010,0.54,0.47,0.45,0.44,0.45,0.52,0.76,0.94,0.96,0.98,0.97,0.9,0.7,Amadeo,14.17,120.92
GWETROOT,2011,0.78,0.63,0.54,0.47,0.57,0.87,0.97,0.99,0.98,0.98,0.95,0.94,0.81,Amadeo,14.17,120.92
GWETROOT,2012,0.79,0.67,0.58,0.57,0.58,0.78,0.95,0.99,0.99,0.96,0.85,0.68,0.78,Amadeo,14.17,120.92
GWETROOT,2013,0.6,0.54,0.55,0.47,0.51,0.77,0.96,0.99,0.99,0.97,0.92,0.83,0.76,Amadeo,14.17,120.92
GWETROOT,2014,0.67,0.53,0.47,0.45,0.47,0.64,0.88,0.95,0.98,0.97,0.85,0.83,0.73,Amadeo,14.17,120.92
GWETROOT,2015,0.75,0.59,0.48,0.45,0.44,0.54,0.76,0.87,0.95,0.95,0.79,0.78,0.7,Amadeo,14.17,120.92
GWETROOT,2016,0.75,0.59,0.5,0.45,0.48,0.61,0.82,0.95,0.96,0.98,0.94,0.92,0.75,Amadeo,14.17,120.92
GWETROOT,2017,0.85,0.69,0.54,0.48,0.53,0.67,0.86,0.96,0.98,0.98,0.97,0.91,0.79,Amadeo,14.17,120.92
GWETROOT,2018,0.79,0.65,0.53,0.47,0.49,0.84,0.98,0.98,0.98,0.89,0.72,0.62,0.75,Amadeo,14.17,120.92
GWETROOT,2019,0.69,0.53,0.46,0.45,0.5,0.62,0.83,0.97,0.97,0.87,0.88,0.83,0.72,Amadeo,14.17,120.92
GWETROOT,2020,0.69,0.59,0.56,0.54,0.56,0.76,0.9,0.98,0.93,0.99,0.98,0.97,0.79,Amadeo,14.17,120.92
GWETROOT,2021,0.9,0.74,0.59,0.49,0.47,0.65,0.84,0.95,0.98,0.98,0.88,0.76,0.77,Amadeo,14.17,120.92
GWETROOT,2022,0.63,0.54,0.51,0.53,0.59,0.78,0.94,0.98,0.99,0.97,0.97,0.89,0.78,Amadeo,14.17,120.92
GWETROOT,2023,0.86,0.68,0.53,0.51,0.51,0.68,0.86,0.94,0.97,0.96,0.91,0.81,0.77,Amadeo,14.17,120.92
GWETROOT,2024,0.66,0.52,0.46,0.45,0.48,0.7,0.89,0.96,0.98,0.97,0.92,0.83,0.74,Amadeo,14.17,120.92
GWETROOT,2025,0.77,0.66,0.57,0.49,0.54,0.79,0.95,0.94,0.99,0.99,0.98,0.94,0.8,Amadeo,14.17,120.92
PRECTOTCORR,1990,0.67,0.11,0.57,0.09,6.31,13.59,14.07,18.31,9.74,5.74,4.65,1.62,6.33,Amadeo,14.17,120.92
PRECTOTCORR,1991,0.61,1.31,1.38,0.96,3.59,5.45,12.76,16.72,8.8,2.5,3.79,1.16,4.95,Amadeo,14.17,120.92
PRECTOTCORR,1992,0.39,0.51,0.38,0.69,2.22,4.24,7.29,10.72,6.8,4.78,3.62,1.12,3.58,Amadeo,14.17,120.92
PRECTOTCORR,1993,1.03,0.25,0.36,0.84,1.88,4.96,8.28,11.36,5.37,4.44,4.35,8.54,4.34,Amadeo,14.17,120.92
PRECTOTCORR,1994,1.35,0.81,0.34,2.11,2.26,7.1,12.41,5.41,5.83,3.9,0.91,2.79,3.79,Amadeo,14.17,120.92
PRECTOTCORR,1995,0.5,0.81,0.12,0.15,3.28,4.68,5.33,9.81,12.89,6.98,4.63,4.87,4.52,Amadeo,14.17,120.92
PRECTOTCORR,1996,0.56,0.34,0.88,1.98,2.87,4.88,10.54,3.97,9.75,4.17,8.49,0.99,4.12,Amadeo,14.17,120.92
PRECTOTCORR,1997,0.33,1.39,0.31,0.83,8.11,6.48,10.87,10.97,3.99,1.59,1.34,0.84,3.95,Amadeo,14.17,120.92
PRECTOTCORR,1998,0.63,0.07,0.39,0.68,5.6,6.34,3.81,6.59,13.31,13.59,4.35,9.57,5.45,Amadeo,14.17,120.92
PRECTOTCORR,1999,2.12,1.02,4.24,4.77,3.17,9.67,13.74,15.9,7.93,8.5,5.35,5.75,6.89,Amadeo,14.17,120.92
PRECTOTCORR,2000,1.82,2.81,2.5,2.3,6.43,6.31,14.03,8.88,11.65,8.57,4.54,5.29,6.28,Amadeo,14.17,120.92
PRECTOTCORR,2001,0.98,4.16,1.32,1.39,6.01,10.0,7.94,11.91,2.7,4.63,6.21,5.58,5.25,Amadeo,14.17,120.92
PRECTOTCORR,2002,0.45,0.8,0.72,0.61,2.45,6.92,22.35,6.97,8.13,6.48,4.03,1.51,5.16,Amadeo,14.17,120.92
PRECTOTCORR,2003,0.68,0.26,0.35,0.37,10.66,6.04,7.82,11.06,10.65,3.48,4.36,1.06,4.76,Amadeo,14.17,120.92
PRECTOTCORR,2004,0.72,1.06,0.26,0.61,9.63,11.71,8.79,11.2,3.02,4.01,6.63,2.28,5.01,Amadeo,14.17,120.92
PRECTOTCORR,2005,0.97,0.47,0.72,0.75,1.86,8.74,8.74,12.06,9.72,7.89,2.97,7.28,5.22,Amadeo,14.17,120.92
PRECTOTCORR,2006,2.67,0.98,2.25,0.31,5.14,9.41,11.96,11.19,11.74,3.98,2.51,6.87,5.79,Amadeo,14.17,120.92
PRECTOTCORR,2007,1.05,0.33,0.51,0.37,4.75,5.71,6.26,16.58,13.84,7.19,9.1,2.61,5.72,Amadeo,14.17,120.92
PRECTOTCORR,2008,3.86,1.93,0.75,2.1,8.36,10.4,6.54,8.79,14.11,6.36,7.09,2.34,6.05,Amadeo,14.17,120.92
PRECTOTCORR,2009,1.15,1.49,1.47,7.4,11.37,12.61,11.49,6.84,20.6,7.07,2.26,0.52,7.03,Amadeo,14.17,120.92
PRECTOTCORR,2010,0.6,0.04,0.65,0.66,1.04,5.75,12.82,8.06,7.43,11.17,6.76,3.15,4.88,Amadeo,14.17,120.92
PRECTOTCORR,2011,1.73,0.43,1.53,0.62,7.25,22.86,14.16,16.92,14.14,8.44,6.57,6.54,8.47,Amadeo,14.17,120.92
PRECTOTCORR,2012,1.88,2.97,3.97,1.26,5.46,9.66,21.97,25.59,14.02,11.37,1.12,1.77,8.47,Amadeo,14.17,120.92
PRECTOTCORR,2013,1.81,3.97,1.99,0.94,4.83,13.77,12.36,25.55,25.25,6.47,7.6,2.46,8.92,Amadeo,14.17,120.92
PRECTOTCORR,2014,0.29,0.23,0.65,0.72,3.66,8.27,14.83,9.98,15.19,8.29,2.2,8.07,6.07,Amadeo,14.17,120.92
PRECTOTCORR,2015,1.56,0.42,0.55,0.49,0.84,5.97,10.69,10.69,8.43,7.13,1.79,10.71,4.98,Amadeo,14.17,120.92
PRECTOTCORR,2016,0.77,1.95,0.57,0.81,3.35,7.02,9.88,15.26,8.01,10.76,6.58,6.88,6.01,Amadeo,14.17,120.92
PRECTOTCORR,2017,3.01,1.06,0.56,1.99,5.27,7.22,12.87,12.06,13.69,8.53,9.42,5.55,6.8,Amadeo,14.17,120.92
PRECTOTCORR,2018,2.22,0.94,1.18,0.82,4.5,17.36,21.64,10.31,9.3,3.81,1.61,6.79,6.75,Amadeo,14.17,120.92
PRECTOTCORR,2019,1.31,0.25,0.1,0.75,5.16,7.91,10.09,14.85,10.98,3.19,5.62,6.96,5.63,Amadeo,14.17,120.92
PRECTOTCORR,2020,1.66,3.65,2.54,3.5,4.01,13.97,9.43,7.87,6.78,26.41,21.12,9.04,9.17,Amadeo,14.17,120.92
PRECTOTCORR,2021,3.18,1.98,1.63,0.62,2.18,7.69,20.48,6.8,12.42,9.04,2.46,2.94,5.99,Amadeo,14.17,120.92
PRECTOTCORR,2022,1.09,1.71,2.08,3.9,8.05,9.95,9.28,12.03,13.41,15.11,3.85,3.75,7.05,Amadeo,14.17,120.92
PRECTOTCORR,2023,5.12,1.03,0.37,3.33,4.0,9.41,15.09,8.14,8.09,6.78,5.38,3.27,5.87,Amadeo,14.17,120.92
PRECTOTCORR,2024,0.69,0.33,0.66,0.58,5.84,7.98,17.54,8.33,12.51,16.15,2.65,6.42,6.68,Amadeo,14.17,120.92
PRECTOTCORR,2025,1.58,3.26,1.75,0.94,6.79,12.55,24.54,8.33,13.97,13.44,10.8,3.77,8.51,Amadeo,14.17,120.92
RH2M,1990,78.89,74.1,69.46,67.5,74.77,85.03,86.21,87.46,86.35,85.6,84.62,84.19,80.39,Amadeo,14.17,120.92
RH2M,1991,81.16,78.57,73.7,71.28,72.94,79.62,83.83,89.93,88.76,82.09,83.55,82.89,80.71,Amadeo,14.17,120.92
RH2M,1992,79.1,74.11,70.32,67.95,71.06,75.84,82.59,87.83,87.36,84.5,83.85,83.03,78.99,Amadeo,14.17,120.92
RH2M,1993,79.36,76.04,70.26,67.62,69.49,77.0,84.77,86.99,87.42,86.22,87.14,87.52,80.02,Amadeo,14.17,120.92
RH2M,1994,85.11,80.51,76.69,73.62,75.5,82.0,88.92,86.47,86.8,82.78,82.65,80.22,81.79,Amadeo,14.17,120.92
RH2M,1995,79.18,76.02,70.54,66.57,75.57,79.49,83.12,86.04,87.56,85.11,87.23,87.18,80.34,Amadeo,14.17,120.92
RH2M,1996,84.45,79.94,77.25,78.66,78.91,79.99,84.14,85.2,86.18,84.68,86.7,82.69,82.41,Amadeo,14.17,120.92
RH2M,1997,80.38,79.66,71.96,67.89,75.05,82.81,86.86,88.65,85.18,82.17,80.41,77.46,79.88,Amadeo,14.17,120.92
RH2M,1998,74.82,70.59,67.67,66.21,74.77,79.18,80.27,83.62,86.06,87.4,87.08,87.8,78.85,Amadeo,14.17,120.92
RH2M,1999,86.35,80.97,82.86,82.34,80.14,83.88,87.61,86.86,87.07,86.6,85.63,88.26,84.91,Amadeo,14.17,120.92
RH2M,2000,84.2,85.01,83.55,78.67,81.13,83.04,87.68,86.41,86.7,86.69,88.0,87.97,84.93,Amadeo,14.17,120.92
RH2M,2001,84.36,83.86,81.94,75.13,78.7,83.13,87.17,89.56,86.78,85.39,84.99,85.55,83.9,Amadeo,14.17,120.92
RH2M,2002,82.09,78.9,74.42,69.55,75.01,79.18,88.17,87.67,86.96,84.35,86.02,85.11,81.48,Amadeo,14.17,120.92
RH2M,2003,80.14,76.67,71.21,67.83,75.42,83.24,82.58,88.21,87.65,81.98,84.32,81.83,80.11,Amadeo,14.17,120.92
RH2M,2004,81.16,76.9,72.04,68.36,81.32,89.12,84.44,89.71,81.69,80.19,85.11,83.86,81.18,Amadeo,14.17,120.92
RH2M,2005,80.4,76.7,72.76,68.79,71.27,83.6,85.25,86.03,86.79,85.19,84.67,88.08,80.83,Amadeo,14.17,120.92
RH2M,2006,85.98,82.63,80.07,71.52,76.82,80.63,88.55,87.86,85.22,82.88,84.3,86.98,82.81,Amadeo,14.17,120.92
RH2M,2007,83.8,79.67,73.72,69.88,76.02,79.86,83.07,85.94,87.52,86.18,85.87,87.44,81.61,Amadeo,14.17,120.92
RH2M,2008,85.9,83.69,80.81,78.24,83.87,81.84,85.86,85.08,86.84,85.61,87.46,85.34,84.22,Amadeo,14.17,120.92
RH2M,2009,83.81,82.8,78.57,81.44,84.54,86.55,87.03,85.92,88.5,84.89,85.02,80.43,84.12,Amadeo,14.17,120.92
RH2M,2010,79.6,73.75,72.41,69.46,68.46,77.57,81.41,84.73,83.09,85.19,86.53,86.32,79.09,Amadeo,14.17,120.92
RH2M,2011,84.65,81.07,80.93,72.78,79.7,83.72,85.74,86.9,88.54,85.4,86.37,87.38,83.63,Amadeo,14.17,120.92
RH2M,2012,84.93,84.48,82.28,77.88,78.31,85.78,85.8,87.78,87.22,83.32,84.28,83.58,83.8,Amadeo,14.17,120.92
RH2M,2013,81.31,80.81,78.92,70.09,74.95,81.27,83.01,86.76,87.18,83.15,86.22,86.04,81.65,Amadeo,14.17,120.92
RH2M,2014,78.37,77.39,73.3,68.06,70.57,82.56,87.84,83.97,85.82,83.29,84.95,86.55,80.24,Amadeo,14.17,120.92
RH2M,2015,83.21,79.51,73.81,70.73,67.59,76.22,83.96,84.15,83.27,82.64,84.56,85.16,79.58,Amadeo,14.17,120.92
RH2M,2016,84.11,81.92,76.2,69.75,72.54,79.12,81.45,88.04,86.35,86.06,85.46,87.04,81.52,Amadeo,14.17,120.92
RH2M,2017,85.15,82.82,78.33,73.23,77.69,79.01,84.02,83.43,83.18,83.6,87.0,85.94,81.96,Amadeo,14.17,120.92
RH2M,2018,85.92,81.59,76.98,72.81,73.83,84.43,88.97,87.67,85.52,80.61,82.65,83.92,82.09,Amadeo,14.17,120.92
RH2M,2019,81.55,76.59,69.61,66.95,74.71,81.17,84.07,87.85,85.81,81.59,84.22,85.38,79.99,Amadeo,14.17,120.92
RH2M,2020,82.64,81.16,80.11,78.94,77.7,79.43,80.8,83.48,82.22,86.14,86.65,87.19,82.22,Amadeo,14.17,120.92
RH2M,2021,85.58,83.66,81.51,74.0,75.08,82.48,86.31,83.82,84.31,86.15,85.89,84.37,82.77,Amadeo,14.17,120.92
RH2M,2022,81.61,81.5,78.68,78.66,77.73,79.69,83.64,84.13,86.1,85.49,86.88,85.7,82.49,Amadeo,14.17,120.92
RH2M,2023,86.18,82.89,77.29,74.7,77.03,83.19,83.15,86.37,84.06,84.37,85.43,86.21,82.58,Amadeo,14.17,120.92
RH2M,2024,81.97,77.97,74.06,68.44,71.7,79.61,83.76,83.12,86.67,83.65,83.27,86.79,80.1,Amadeo,14.17,120.92
RH2M,2025,84.93,83.33,81.17,72.6,76.88,83.99,87.91,83.35,86.17,85.12,86.95,85.35,83.15,Amadeo,14.17,120.92
T2M_MAX,1990,30.46,32.15,33.94,34.56,35.56,30.45,30.24,29.96,30.01,29.85,29.81,29.12,35.56,Amadeo,14.17,120.92
T2M_MAX,1991,29.17,31.0,31.72,34.33,33.53,33.14,31.77,29.26,29.08,29.72,29.28,29.3,34.33,Amadeo,14.17,120.92
T2M_MAX,1992,29.6,31.67,32.8,34.56,34.7,33.38,32.03,29.4,30.18,30.6,29.21,28.79,34.7,Amadeo,14.17,120.92
T2M_MAX,1993,29.54,31.75,33.76,34.53,35.51,33.15,31.28,29.98,30.47,29.39,29.35,28.96,35.51,Amadeo,14.17,120.92
T2M_MAX,1994,28.95,29.99,31.83,34.89,33.49,31.66,29.34,29.11,29.37,30.0,29.61,29.86,34.89,Amadeo,14.17,120.92
T2M_MAX,1995,29.88,31.53,33.92,34.5,34.54,33.04,31.65,30.67,29.9,30.34,29.73,28.32,34.54,Amadeo,14.17,120.92
T2M_MAX,1996,28.95,30.19,32.23,32.16,33.19,32.8,31.01,30.5,30.94,30.5,29.78,28.72,33.19,Amadeo,14.17,120.92
T2M_MAX,1997,28.83,30.14,32.39,34.02,34.12,30.62,29.78,28.92,30.49,30.76,30.66,30.47,34.12,Amadeo,14.17,120.92
T2M_MAX,1998,31.45,33.43,33.99,35.0,34.48,32.67,31.72,30.86,30.3,30.64,30.01,29.39,35.0,Amadeo,14.17,120.92
T2M_MAX,1999,29.15,29.74,30.63,31.16,31.7,30.9,29.38,29.91,29.26,30.04,29.71,29.05,31.7,Amadeo,14.17,120.92
T2M_MAX,2000,28.88,30.12,30.39,33.13,34.4,31.25,28.89,29.19,29.86,30.38,29.41,29.31,34.4,Amadeo,14.17,120.92
T2M_MAX,2001,29.58,29.59,30.84,33.58,34.15,31.93,28.88,29.03,29.65,30.82,30.04,29.32,34.15,Amadeo,14.17,120.92
T2M_MAX,2002,29.4,29.99,32.78,34.08,35.37,32.69,29.95,29.86,29.79,30.41,29.93,29.63,35.37,Amadeo,14.17,120.92
T2M_MAX,2003,28.98,30.03,33.55,34.97,35.89,30.37,31.62,30.42,29.64,30.4,29.99,29.12,35.89,Amadeo,14.17,120.92
T2M_MAX,2004,30.5,31.77,34.45,35.34,34.07,29.85,30.51,28.71,31.01,30.22,29.82,29.02,35.34,Amadeo,14.17,120.92
T2M_MAX,2005,29.13,31.92,34.75,34.72,35.23,32.17,30.99,30.49,30.43,30.57,30.37,29.28,35.23,Amadeo,14.17,120.92
T2M_MAX,2006,28.92,29.57,31.91,34.49,35.32,32.14,29.15,30.15,30.38,30.13,30.1,29.61,35.32,Amadeo,14.17,120.92
T2M_MAX,2007,29.19,30.54,32.61,34.91,34.57,32.9,31.21,29.82,29.93,29.88,30.08,29.13,34.91,Amadeo,14.17,120.92
T2M_MAX,2008,28.9,29.24,31.46,33.62,30.74,31.08,30.12,30.57,30.58,30.21,30.09,28.83,33.62,Amadeo,14.17,120.92
T2M_MAX,2009,29.08,29.95,31.74,32.12,30.64,30.85,30.13,31.02,30.06,29.57,29.7,29.35,32.12,Amadeo,14.17,120.92
T2M_MAX,2010,29.67,32.18,33.02,34.78,36.22,33.43,31.14,30.35,30.68,30.41,29.58,29.59,36.22,Amadeo,14.17,120.92
T2M_MAX,2011,28.32,29.53,30.45,33.19,33.49,30.93,30.48,30.34,28.88,30.16,29.78,29.32,33.49,Amadeo,14.17,120.92
T2M_MAX,2012,29.09,29.86,30.6,32.4,33.43,30.29,30.28,29.68,29.5,29.88,29.99,30.18,33.43,Amadeo,14.17,120.92
T2M_MAX,2013,29.37,30.66,32.22,34.96,33.93,32.05,30.55,30.32,29.91,29.52,29.57,29.07,34.96,Amadeo,14.17,120.92
T2M_MAX,2014,28.67,30.0,32.85,34.6,35.06,33.89,30.8,30.5,30.76,30.29,30.21,29.25,35.06,Amadeo,14.17,120.92
T2M_MAX,2015,28.48,29.61,32.5,34.57,35.08,34.89,30.85,31.28,30.99,31.03,30.16,30.45,35.08,Amadeo,14.17,120.92
T2M_MAX,2016,29.49,29.9,32.88,35.32,35.22,32.21,31.71,30.62,30.33,30.38,29.79,29.66,35.32,Amadeo,14.17,120.92
T2M_MAX,2017,28.71,29.53,32.55,34.29,33.46,32.3,31.29,31.36,31.57,30.3,29.99,29.96,34.29,Amadeo,14.17,120.92
T2M_MAX,2018,29.08,29.91,32.3,34.8,34.51,31.74,28.78,29.47,30.09,30.92,30.48,30.22,34.8,Amadeo,14.17,120.92
T2M_MAX,2019,29.01,30.02,33.96,34.68,34.45,33.16,30.54,29.36,30.9,30.8,30.02,29.72,34.68,Amadeo,14.17,120.92
T2M_MAX,2020,29.81,29.2,31.8,32.19,33.16,33.36,31.45,30.87,31.29,29.9,30.04,29.41,33.36,Amadeo,14.17,120.92
T2M_MAX,2021,29.41,30.03,31.4,33.19,34.67,31.82,31.62,30.94,30.61,30.3,30.18,29.65,34.67,Amadeo,14.17,120.92
T2M_MAX,2022,30.01,30.58,32.34,32.66,33.54,31.34,31.15,30.67,30.99,30.38,29.88,29.69,33.54,Amadeo,14.17,120.92
T2M_MAX,2023,28.82,29.75,32.44,33.55,34.04,31.63,31.77,30.16,31.25,30.92,30.72,29.92,34.04,Amadeo,14.17,120.92
T2M_MAX,2024,29.7,30.85,32.82,36.89,36.38,32.9,31.26,31.67,31.23,30.95,30.67,30.24,36.89,Amadeo,14.17,120.92
T2M_MAX,2025,29.57,29.8,31.43,35.41,34.06,31.39,29.6,30.58,30.0,30.67,30.07,29.84,35.41,Amadeo,14.17,120.92
T2M_MIN,1990,21.78,22.6,22.87,24.77,26.07,25.92,25.45,25.26,25.22,24.94,23.05,22.6,21.78,Amadeo,14.17,120.92
T2M_MIN,1991,22.42,22.75,22.73,24.39,25.78,26.0,25.38,25.48,24.9,24.39,22.84,22.53,22.42,Amadeo,14.17,120.92
T2M_MIN,1992,21.86,22.18,23.44,24.73,25.81,26.72,25.51,25.67,25.05,24.93,21.9,22.38,21.86,Amadeo,14.17,120.92
T2M_MIN,1993,20.98,21.58,22.79,23.57,25.59,26.33,25.59,25.06,24.9,24.13,24.3,22.52,20.98,Amadeo,14.17,120.92
T2M_MIN,1994,22.09,22.61,23.2,23.91,26.56,25.69,24.79,25.22,24.74,24.01,23.5,22.58,22.09,Amadeo,14.17,120.92
T2M_MIN,1995,21.77,21.52,22.56,24.62,25.51,26.25,25.48,25.84,25.6,25.11,24.7,21.83,21.52,Amadeo,14.17,120.92
T2M_MIN,1996,21.88,21.51,23.1,24.63,25.76,25.88,26.03,25.42,25.31,25.57,25.07,21.24,21.24,Amadeo,14.17,120.92
T2M_MIN,1997,21.61,21.81,21.95,24.57,25.82,25.82,25.5,25.08,25.21,24.8,23.59,22.72,21.61,Amadeo,14.17,120.92
T2M_MIN,1998,22.25,22.96,23.48,24.71,26.49,26.42,25.93,25.98,25.96,26.01,25.37,24.68,22.25,Amadeo,14.17,120.92
T2M_MIN,1999,23.51,21.77,23.07,24.12,25.6,25.47,25.65,24.77,25.28,25.27,23.85,21.75,21.75,Amadeo,14.17,120.92
T2M_MIN,2000,21.37,22.73,23.81,25.17,26.05,25.85,24.74,24.91,25.02,24.98,24.41,24.24,21.37,Amadeo,14.17,120.92
T2M_MIN,2001,22.13,22.55,23.97,25.64,26.11,25.93,25.15,25.59,25.11,25.36,22.14,21.61,21.61,Amadeo,14.17,120.92
T2M_MIN,2002,21.23,21.57,21.71,23.98,25.16,26.56,25.65,25.45,25.22,25.61,24.03,23.93,21.23,Amadeo,14.17,120.92
T2M_MIN,2003,22.08,22.14,22.74,25.28,26.13,25.15,25.98,25.32,25.11,24.32,24.01,22.53,22.08,Amadeo,14.17,120.92
T2M_MIN,2004,22.65,22.03,23.68,25.45,25.85,25.76,25.33,25.23,24.98,24.05,24.3,23.13,22.03,Amadeo,14.17,120.92
T2M_MIN,2005,21.75,22.49,22.43,23.68,26.62,26.02,25.64,25.32,25.27,25.94,24.44,22.69,21.75,Amadeo,14.17,120.92
T2M_MIN,2006,22.55,22.76,23.84,24.99,26.12,26.02,25.26,25.4,25.48,24.7,24.81,23.86,22.55,Amadeo,14.17,120.92
T2M_MIN,2007,21.49,21.46,23.1,24.85,25.97,26.51,26.2,25.12,25.43,25.05,22.95,22.61,21.46,Amadeo,14.17,120.92
T2M_MIN,2008,22.57,22.61,22.4,25.04,25.47,24.89,25.17,24.53,25.41,25.4,24.74,22.67,22.4,Amadeo,14.17,120.92
T2M_MIN,2009,21.08,22.82,23.92,25.09,25.32,25.59,25.5,25.83,25.33,23.47,24.23,22.82,21.08,Amadeo,14.17,120.92
T2M_MIN,2010,22.45,22.69,22.73,24.94,26.29,26.63,25.33,25.75,25.27,25.38,24.89,23.7,22.45,Amadeo,14.17,120.92
T2M_MIN,2011,22.07,22.41,23.14,23.24,25.68,25.62,25.34,25.51,25.25,24.96,25.03,23.55,22.07,Amadeo,14.17,120.92
T2M_MIN,2012,23.37,23.01,23.67,24.49,26.75,25.61,25.39,25.23,24.95,24.48,24.42,23.64,23.01,Amadeo,14.17,120.92
T2M_MIN,2013,21.99,23.2,22.85,25.25,26.77,25.97,25.7,25.52,25.53,24.39,24.49,23.96,21.99,Amadeo,14.17,120.92
T2M_MIN,2014,20.37,22.33,22.69,24.99,26.79,26.31,25.45,25.41,25.46,24.94,23.53,23.31,20.37,Amadeo,14.17,120.92
T2M_MIN,2015,22.09,21.37,22.18,24.05,26.58,26.6,25.78,25.86,25.44,25.27,24.76,23.21,21.37,Amadeo,14.17,120.92
T2M_MIN,2016,22.59,22.59,23.78,24.97,27.01,26.76,25.74,26.0,25.14,25.48,24.35,24.15,22.59,Amadeo,14.17,120.92
T2M_MIN,2017,23.0,21.31,22.68,23.73,26.26,26.65,26.28,25.75,25.98,25.88,24.97,23.55,21.31,Amadeo,14.17,120.92
T2M_MIN,2018,22.7,22.79,23.25,24.33,26.37,25.92,25.6,25.58,25.53,23.77,24.59,24.06,22.7,Amadeo,14.17,120.92
T2M_MIN,2019,21.44,22.36,22.67,24.62,27.21,26.53,25.98,25.17,25.4,25.44,23.99,23.82,21.44,Amadeo,14.17,120.92
T2M_MIN,2020,22.6,21.78,23.35,24.54,25.99,26.09,26.41,25.79,25.42,25.14,24.37,24.04,21.78,Amadeo,14.17,120.92
T2M_MIN,2021,22.08,21.61,23.85,24.63,26.01,26.13,26.33,25.98,25.91,25.38,24.93,23.17,21.61,Amadeo,14.17,120.92
T2M_MIN,2022,22.23,23.84,23.94,24.7,26.13,26.13,25.94,25.77,25.84,26.05,25.01,22.74,22.23,Amadeo,14.17,120.92
T2M_MIN,2023,22.48,22.68,22.27,24.32,26.39,26.53,26.55,26.83,26.31,25.93,25.09,24.47,22.27,Amadeo,14.17,120.92
T2M_MIN,2024,22.7,23.17,23.45,25.63,27.24,27.2,26.59,26.48,26.26,26.07,25.72,24.99,22.7,Amadeo,14.17,120.92
T2M_MIN,2025,23.24,23.2,23.47,25.26,26.86,26.12,25.97,25.85,25.49,26.03,25.66,24.03,23.2,Amadeo,14.17,120.92
TS,1990,26.27,27.01,27.89,29.92,29.67,28.38,27.65,27.49,27.23,27.37,27.05,26.16,27.67,Amadeo,14.17,120.92
TS,1991,25.76,26.57,27.28,29.19,29.76,28.95,27.97,27.32,27.18,27.34,26.38,25.98,27.48,Amadeo,14.17,120.92
TS,1992,26.07,26.73,28.31,29.84,30.07,29.92,28.29,27.71,27.24,27.58,26.18,26.0,27.83,Amadeo,14.17,120.92
TS,1993,25.55,26.27,27.61,29.41,29.96,29.63,28.1,27.53,27.39,26.98,27.04,25.84,27.61,Amadeo,14.17,120.92
TS,1994,25.62,26.31,27.5,28.98,29.94,28.81,27.28,27.36,27.44,27.31,26.5,26.37,27.46,Amadeo,14.17,120.92
TS,1995,25.94,26.48,27.92,29.63,29.23,29.36,28.62,28.07,27.87,27.78,27.29,25.94,27.85,Amadeo,14.17,120.92
TS,1996,25.74,25.68,27.4,28.19,29.03,29.01,28.84,27.81,27.89,28.09,27.58,26.04,27.61,Amadeo,14.17,120.92
TS,1997,25.39,26.37,27.43,29.66,29.44,28.39,27.78,27.27,27.64,28.09,27.71,27.19,27.7,Amadeo,14.17,120.92
TS,1998,26.91,28.2,28.58,29.93,30.22,29.5,29.1,28.68,28.38,28.15,27.8,27.27,28.56,Amadeo,14.17,120.92
TS,1999,26.64,25.96,27.37,28.03,28.85,28.16,27.65,27.14,27.39,27.61,27.05,26.42,27.36,Amadeo,14.17,120.92
TS,2000,25.84,26.33,27.15,28.84,28.88,28.59,27.37,27.93,27.49,27.75,27.04,26.7,27.49,Amadeo,14.17,120.92
TS,2001,26.52,26.44,27.46,29.63,29.41,28.83,27.54,27.6,27.58,27.79,26.96,26.09,27.66,Amadeo,14.17,120.92
TS,2002,25.67,25.69,27.34,29.39,29.71,29.43,27.73,27.34,27.69,28.06,27.29,26.77,27.68,Amadeo,14.17,120.92
TS,2003,25.92,26.37,27.99,30.18,30.17,27.94,28.5,27.45,27.37,27.62,27.5,25.93,27.75,Amadeo,14.17,120.92
TS,2004,26.25,26.66,28.54,30.21,28.69,27.48,27.8,27.25,28.03,27.53,27.06,26.32,27.65,Amadeo,14.17,120.92
TS,2005,25.55,26.57,27.75,29.15,30.82,28.8,28.52,28.01,27.94,28.09,27.52,26.46,27.94,Amadeo,14.17,120.92
TS,2006,26.03,26.36,27.19,29.24,29.31,29.09,27.81,27.54,27.97,27.81,27.63,26.62,27.72,Amadeo,14.17,120.92
TS,2007,26.07,26.25,27.86,29.74,29.71,29.54,28.86,28.14,27.84,27.62,27.11,26.3,27.93,Amadeo,14.17,120.92
TS,2008,25.89,26.03,27.0,28.64,28.15,28.45,27.6,27.5,27.64,27.89,27.35,26.37,27.38,Amadeo,14.17,120.92
TS,2009,25.62,26.43,27.79,28.15,27.99,27.83,27.93,28.1,27.57,27.25,27.15,26.24,27.34,Amadeo,14.17,120.92
TS,2010,26.41,27.36,28.47,29.79,31.03,30.03,28.87,28.12,28.23,28.13,27.53,26.83,28.4,Amadeo,14.17,120.92
TS,2011,25.92,26.23,26.69,28.1,28.82,28.23,27.79,27.57,27.32,27.44,27.33,26.71,27.35,Amadeo,14.17,120.92
TS,2012,26.29,26.36,26.94,28.62,29.31,28.22,27.86,27.36,27.55,27.3,27.37,27.16,27.53,Amadeo,14.17,120.92
TS,2013,26.02,26.51,27.61,30.14,30.03,29.01,28.31,27.76,27.76,27.4,27.12,26.86,27.88,Amadeo,14.17,120.92
TS,2014,25.32,26.24,27.62,29.81,30.73,29.21,27.79,27.76,27.86,27.88,27.39,26.42,27.84,Amadeo,14.17,120.92
TS,2015,25.3,25.53,27.18,29.25,30.95,30.11,28.15,28.36,28.47,28.12,27.59,26.86,28.0,Amadeo,14.17,120.92
TS,2016,26.35,26.04,27.92,30.22,30.64,29.63,28.8,28.06,27.99,27.83,27.47,27.2,28.18,Amadeo,14.17,120.92
TS,2017,26.18,25.9,27.23,29.31,29.71,29.56,28.63,28.52,28.48,28.31,27.77,27.03,28.06,Amadeo,14.17,120.92
TS,2018,26.3,26.54,27.49,29.2,30.11,28.66,27.89,27.58,27.82,28.21,27.6,27.09,27.88,Amadeo,14.17,120.92
TS,2019,25.87,26.18,28.4,30.24,30.11,29.66,28.5,27.9,27.78,28.18,27.72,26.65,28.11,Amadeo,14.17,120.92
TS,2020,26.21,25.77,27.43,28.75,30.09,29.54,29.07,28.44,28.71,28.34,27.6,27.19,28.1,Amadeo,14.17,120.92
TS,2021,26.4,26.26,27.55,28.94,30.06,29.0,28.6,28.41,28.36,28.15,27.99,26.81,28.05,Amadeo,14.17,120.92
TS,2022,26.42,27.02,28.27,28.46,29.41,29.16,28.9,28.26,28.12,28.31,27.81,27.0,28.1,Amadeo,14.17,120.92
TS,2023,26.03,26.23,27.08,29.04,29.93,29.04,28.81,28.45,28.58,28.49,28.11,27.29,28.1,Amadeo,14.17,120.92
TS,2024,26.57,26.86,28.11,30.38,31.01,29.83,28.88,29.02,28.52,28.54,28.16,27.41,28.61,Amadeo,14.17,120.92
TS,2025,26.67,26.76,27.55,29.88,29.8,28.82,28.23,28.14,27.78,28.07,27.87,27.16,28.07,Amadeo,14.17,120.92
WS2M,1990,4.23,4.22,3.57,3.17,2.81,3.45,3.16,4.72,3.19,3.1,3.77,4.84,3.68,Amadeo,14.17,120.92
WS2M,1991,4.56,4.03,4.24,3.19,3.22,3.89,3.51,4.21,3.88,3.19,3.91,5.14,3.92,Amadeo,14.17,120.92
WS2M,1992,3.83,3.94,3.63,2.7,2.69,3.05,2.99,4.36,3.52,3.33,4.51,5.03,3.63,Amadeo,14.17,120.92
WS2M,1993,4.52,4.1,4.02,2.98,2.71,2.39,2.97,3.75,3.0,4.07,4.33,5.32,3.68,Amadeo,14.17,120.92
WS2M,1994,4.09,4.05,4.64,3.03,2.18,2.75,4.73,3.3,3.1,3.35,4.86,5.11,3.77,Amadeo,14.17,120.92
WS2M,1995,4.84,4.22,4.07,3.89,2.65,2.65,2.92,2.96,3.43,3.21,4.04,5.4,3.69,Amadeo,14.17,120.92
WS2M,1996,5.03,5.25,4.55,3.36,3.02,2.75,3.85,2.85,3.07,2.7,4.72,5.43,3.88,Amadeo,14.17,120.92
WS2M,1997,4.43,4.89,3.61,2.75,3.65,2.77,2.76,4.36,2.61,3.22,3.98,4.54,3.63,Amadeo,14.17,120.92
WS2M,1998,4.37,3.27,4.08,3.51,3.59,2.35,1.82,2.32,3.47,3.85,3.53,4.67,3.41,Amadeo,14.17,120.92
WS2M,1999,5.08,5.21,3.78,2.9,2.17,2.85,3.88,3.54,3.26,3.33,4.16,4.91,3.75,Amadeo,14.17,120.92
WS2M,2000,4.75,4.53,3.88,2.91,3.02,2.6,4.04,3.35,3.83,3.63,4.13,4.56,3.77,Amadeo,14.17,120.92
WS2M,2001,4.28,4.5,4.06,2.81,2.67,2.87,3.76,4.34,3.21,3.29,4.84,5.49,3.84,Amadeo,14.17,120.92
WS2M,2002,4.58,4.44,4.08,3.61,2.95,2.46,4.79,3.37,2.98,2.77,4.13,4.01,3.68,Amadeo,14.17,120.92
WS2M,2003,4.78,4.7,3.75,2.87,3.68,2.99,2.81,3.39,3.17,2.81,3.86,5.44,3.68,Amadeo,14.17,120.92
WS2M,2004,4.14,3.9,3.35,2.73,3.48,4.2,2.5,4.61,2.51,3.01,4.44,4.48,3.61,Amadeo,14.17,120.92
WS2M,2005,3.84,3.45,3.83,2.8,1.9,2.54,3.07,3.51,3.07,2.97,3.37,5.09,3.29,Amadeo,14.17,120.92
WS2M,2006,3.84,4.6,3.29,3.05,3.01,2.61,4.03,3.71,2.59,3.01,3.32,4.92,3.5,Amadeo,14.17,120.92
WS2M,2007,4.65,3.95,3.66,3.12,2.53,2.2,2.62,3.61,3.24,3.66,4.2,4.49,3.49,Amadeo,14.17,120.92
WS2M,2008,4.68,4.82,3.49,3.65,2.8,2.68,2.92,2.9,3.41,2.83,3.75,4.78,3.55,Amadeo,14.17,120.92
WS2M,2009,4.98,3.96,3.2,2.83,2.77,3.65,3.29,3.69,3.91,3.55,3.49,4.11,3.62,Amadeo,14.17,120.92
WS2M,2010,4.45,3.34,3.85,2.94,2.15,2.08,2.18,3.14,2.36,3.17,3.29,3.99,3.08,Amadeo,14.17,120.92
WS2M,2011,4.8,4.0,4.81,3.5,2.64,2.94,3.38,3.49,3.64,3.07,3.71,4.02,3.67,Amadeo,14.17,120.92
WS2M,2012,3.98,3.97,4.06,2.7,1.95,3.93,3.33,4.31,2.98,3.31,3.58,4.03,3.51,Amadeo,14.17,120.92
WS2M,2013,4.46,4.47,3.17,2.17,2.11,2.7,2.46,3.65,3.46,3.11,4.13,3.35,3.26,Amadeo,14.17,120.92
WS2M,2014,4.67,3.12,3.59,2.28,1.99,3.07,3.81,2.89,3.26,2.72,3.71,4.95,3.34,Amadeo,14.17,120.92
WS2M,2015,4.39,3.88,3.68,3.05,2.2,2.53,3.65,3.11,2.57,3.49,4.04,4.4,3.42,Amadeo,14.17,120.92
WS2M,2016,3.81,4.06,2.92,2.79,2.4,2.31,2.57,4.13,2.92,3.04,3.97,4.32,3.27,Amadeo,14.17,120.92
WS2M,2017,4.82,4.36,3.59,2.88,2.39,2.09,3.15,2.95,2.51,2.81,4.16,4.53,3.35,Amadeo,14.17,120.92
WS2M,2018,4.42,3.57,3.66,3.16,2.65,3.42,3.95,4.44,2.94,2.99,4.12,4.41,3.65,Amadeo,14.17,120.92
WS2M,2019,4.67,4.02,2.95,2.65,2.18,2.92,3.12,4.6,3.64,2.99,3.24,4.29,3.44,Amadeo,14.17,120.92
WS2M,2020,4.01,4.87,3.27,3.22,2.21,2.42,2.23,2.83,2.24,3.12,4.15,3.8,3.19,Amadeo,14.17,120.92
WS2M,2021,4.72,3.85,3.77,3.27,3.06,2.75,4.14,2.94,2.67,3.57,3.75,4.99,3.63,Amadeo,14.17,120.92
WS2M,2022,4.22,4.43,3.53,3.52,2.4,2.06,2.41,2.75,3.31,3.47,3.66,4.2,3.32,Amadeo,14.17,120.92
WS2M,2023,4.75,4.28,3.63,2.65,2.8,2.66,3.39,4.18,2.53,2.79,3.98,3.98,3.47,Amadeo,14.17,120.92
WS2M,2024,4.58,4.4,3.65,3.07,2.68,2.15,3.16,2.67,3.73,3.15,3.2,4.26,3.39,Amadeo,14.17,120.92
WS2M,2025,4.11,4.28,3.8,2.61,2.79,2.77,4.65,2.49,3.01,2.69,3.85,3.89,3.41,Amadeo,14.17,120.92
ALLSKY_SFC_SW_DWN,1990,18.17,21.72,22.51,24.96,21.21,17.22,18.27,16.04,17.99,18.14,16.46,16.23,19.05,Indang,14.19,120.87
ALLSKY_SFC_SW_DWN,1991,17.38,19.5,23.2,23.67,23.1,19.18,16.68,12.57,15.47,17.59,16.71,17.17,18.51,Indang,14.19,120.87
ALLSKY_SFC_SW_DWN,1992,17.47,20.64,23.46,23.65,21.92,20.46,17.94,13.29,15.93,17.84,17.48,16.78,18.89,Indang,14.19,120.87
ALLSKY_SFC_SW_DWN,1993,18.42,21.06,22.47,24.08,24.36,20.87,18.04,16.24,15.75,16.89,16.46,14.12,19.04,Indang,14.19,120.87
ALLSKY_SFC_SW_DWN,1994,17.31,20.13,21.72,23.41,21.92,19.63,12.53,18.8,16.86,19.07,19.06,16.68,18.91,Indang,14.19,120.87
ALLSKY_SFC_SW_DWN,1995,17.24,20.14,22.69,25.05,21.19,21.11,17.95,16.67,14.69,16.83,15.28,13.83,18.54,Indang,14.19,120.87
ALLSKY_SFC_SW_DWN,1996,15.56,19.01,21.36,21.13,19.89,20.44,15.7,18.79,16.1,17.37,14.37,15.87,17.96,Indang,14.19,120.87
ALLSKY_SFC_SW_DWN,1997,16.76,18.1,21.75,22.86,20.25,20.3,17.16,15.27,17.7,18.96,17.98,16.66,18.64,Indang,14.19,120.87
ALLSKY_SFC_SW_DWN,1998,16.77,20.22,22.1,23.65,19.57,20.71,19.95,19.22,15.18,14.6,16.26,13.64,18.47,Indang,14.19,120.87
ALLSKY_SFC_SW_DWN,1999,14.94,18.27,19.68,20.95,20.95,17.62,15.91,16.01,16.34,16.77,15.21,13.79,17.19,Indang,14.19,120.87
ALLSKY_SFC_SW_DWN,2000,16.35,16.51,19.4,22.38,17.88,19.72,13.99,17.06,16.84,15.56,14.73,14.19,17.04,Indang,14.19,120.87
ALLSKY_SFC_SW_DWN,2001,16.61,16.75,20.93,23.06,19.93,18.82,17.16,14.25,17.83,17.58,17.12,15.09,17.92,Indang,14.19,120.87
ALLSKY_SFC_SW_DWN,2002,17.65,19.49,22.84,24.71,21.94,20.53,12.71,17.32,16.54,18.36,15.72,16.38,18.67,Indang,14.19,120.87
ALLSKY_SFC_SW_DWN,2003,17.38,20.41,22.8,24.58,19.22,18.83,19.37,16.39,16.2,18.82,16.83,15.54,18.85,Indang,14.19,120.87
ALLSKY_SFC_SW_DWN,2004,17.49,18.76,22.85,24.28,20.54,14.73,20.08,15.69,20.23,18.54,15.33,16.05,18.72,Indang,14.19,120.87
ALLSKY_SFC_SW_DWN,2005,17.14,20.31,21.61,24.0,23.43,18.56,17.22,14.85,15.88,16.95,15.62,12.81,18.18,Indang,14.19,120.87
ALLSKY_SFC_SW_DWN,2006,15.53,18.66,21.98,24.6,20.56,20.85,12.31,14.35,18.09,17.1,17.24,14.39,17.94,Indang,14.19,120.87
ALLSKY_SFC_SW_DWN,2007,16.2,20.45,22.37,23.91,21.06,19.64,19.22,13.51,15.98,15.57,13.82,15.5,18.08,Indang,14.19,120.87
ALLSKY_SFC_SW_DWN,2008,15.49,16.25,21.94,22.61,18.64,20.51,17.34,16.01,16.85,17.15,14.87,14.47,17.67,Indang,14.19,120.87
ALLSKY_SFC_SW_DWN,2009,14.97,18.02,21.28,20.3,20.24,16.46,16.79,17.59,13.23,14.94,17.59,17.24,17.39,Indang,14.19,120.87
ALLSKY_SFC_SW_DWN,2010,17.29,22.02,22.61,24.49,24.41,18.96,18.92,17.62,19.22,15.55,15.31,14.54,19.22,Indang,14.19,120.87
ALLSKY_SFC_SW_DWN,2011,15.04,18.76,19.32,23.29,20.69,16.77,15.28,14.52,15.11,17.38,15.71,13.76,17.12,Indang,14.19,120.87
ALLSKY_SFC_SW_DWN,2012,16.27,18.66,18.76,24.62,20.63,16.81,15.51,13.33,16.23,16.53,18.29,15.5,17.57,Indang,14.19,120.87
ALLSKY_SFC_SW_DWN,2013,15.91,18.42,21.98,24.24,21.14,19.1,18.05,13.75,13.95,17.14,15.75,15.38,17.89,Indang,14.19,120.87
ALLSKY_SFC_SW_DWN,2014,17.17,20.26,21.73,23.91,24.27,17.6,14.99,17.92,16.71,17.75,17.13,13.29,18.54,Indang,14.19,120.87
ALLSKY_SFC_SW_DWN,2015,16.24,20.15,22.29,24.78,23.71,22.45,16.5,18.49,20.68,17.69,18.61,15.53,19.74,Indang,14.19,120.87
ALLSKY_SFC_SW_DWN,2016,18.22,18.92,23.14,25.13,22.41,19.94,18.91,14.1,16.8,16.12,15.82,14.52,18.66,Indang,14.19,120.87
ALLSKY_SFC_SW_DWN,2017,15.21,19.0,22.49,24.15,21.8,21.44,15.93,18.75,17.91,15.8,15.83,14.31,18.53,Indang,14.19,120.87
ALLSKY_SFC_SW_DWN,2018,15.37,20.27,22.62,24.53,23.64,15.56,12.8,14.11,18.68,20.34,18.21,14.05,18.32,Indang,14.19,120.87
ALLSKY_SFC_SW_DWN,2019,17.4,21.52,24.25,24.96,21.36,20.74,17.3,13.76,15.88,20.42,15.29,15.76,19.03,Indang,14.19,120.87
ALLSKY_SFC_SW_DWN,2020,17.35,19.87,24.03,23.88,23.06,21.32,20.27,16.84,20.28,14.9,15.35,14.37,19.28,Indang,14.19,120.87
ALLSKY_SFC_SW_DWN,2021,15.11,18.97,21.71,23.23,23.86,19.15,14.79,18.43,17.9,15.78,17.23,15.61,18.47,Indang,14.19,120.87
ALLSKY_SFC_SW_DWN,2022,17.8,18.11,22.98,21.41,22.26,21.09,17.8,16.01,16.05,16.83,16.85,14.3,18.46,Indang,14.19,120.87
ALLSKY_SFC_SW_DWN,2023,15.11,18.84,23.78,22.27,21.85,19.16,16.42,17.57,16.95,16.61,17.18,15.74,18.45,Indang,14.19,120.87
ALLSKY_SFC_SW_DWN,2024,17.12,21.06,22.14,25.92,22.92,20.66,15.12,19.55,14.06,15.79,17.45,13.07,18.72,Indang,14.19,120.87
ALLSKY_SFC_SW_DWN,2025,15.93,17.29,21.27,24.49,22.13,17.21,12.27,17.88,14.37,16.12,14.45,15.18,17.38,Indang,14.19,120.87
EVLAND,1990,1.96,0.64,0.72,0.17,2.09,3.92,4.19,5.32,4.15,4.02,4.56,4.74,3.06,Indang,14.19,120.87
EVLAND,1991,2.95,2.16,1.74,1.16,2.37,3.08,3.78,3.52,3.89,4.94,4.76,3.97,3.2,Indang,14.19,120.87
EVLAND,1992,2.29,1.24,0.65,0.81,1.37,2.49,3.18,3.65,3.9,4.15,5.22,4.18,2.77,Indang,14.19,120.87
EVLAND,1993,2.52,1.43,0.71,0.74,1.48,2.43,3.63,3.57,3.41,4.55,3.86,4.71,2.77,Indang,14.19,120.87
EVLAND,1994,4.51,3.45,2.05,1.93,1.81,2.93,3.92,4.12,3.6,5.0,4.89,2.89,3.43,Indang,14.19,120.87
EVLAND,1995,2.23,1.27,0.43,0.23,1.44,3.23,3.0,3.42,3.6,4.37,4.07,4.11,2.63,Indang,14.19,120.87
EVLAND,1996,4.22,3.02,1.68,1.81,1.69,2.85,3.05,3.78,3.78,3.4,4.34,5.32,3.25,Indang,14.19,120.87
EVLAND,1997,3.42,2.51,1.19,0.96,2.02,4.02,3.47,4.05,3.64,4.86,4.56,2.34,3.09,Indang,14.19,120.87
EVLAND,1998,1.09,0.51,0.45,0.61,1.87,3.5,3.75,3.47,3.86,3.64,3.39,4.01,2.53,Indang,14.19,120.87
EVLAND,1999,4.92,5.07,3.63,3.96,3.04,3.78,3.71,4.31,3.72,3.7,4.42,3.92,4.01,Indang,14.19,120.87
EVLAND,2000,5.12,4.06,3.32,2.97,3.08,3.61,4.19,3.83,4.32,3.97,3.99,3.87,3.86,Indang,14.19,120.87
EVLAND,2001,4.86,4.38,3.18,2.58,3.32,3.38,4.38,3.88,3.58,3.81,5.01,5.22,3.97,Indang,14.19,120.87
EVLAND,2002,3.76,2.64,1.28,0.89,1.26,3.47,4.45,4.02,3.54,3.92,4.17,4.52,3.17,Indang,14.19,120.87
EVLAND,2003,3.43,1.9,0.79,0.47,1.89,4.73,4.27,3.81,3.62,4.98,4.69,4.25,3.25,Indang,14.19,120.87
EVLAND,2004,2.6,1.61,0.79,0.74,3.38,3.78,3.84,4.02,4.56,5.04,4.45,4.56,3.29,Indang,14.19,120.87
EVLAND,2005,3.06,1.91,1.02,0.96,1.09,3.08,3.46,3.99,3.77,4.06,4.32,4.13,2.91,Indang,14.19,120.87
EVLAND,2006,4.64,4.36,3.05,1.71,2.32,3.57,3.29,4.07,3.73,4.72,3.89,4.55,3.66,Indang,14.19,120.87
EVLAND,2007,4.53,2.74,1.32,0.56,2.04,2.92,3.69,3.97,3.47,4.29,4.37,4.72,3.23,Indang,14.19,120.87
EVLAND,2008,4.77,3.91,2.95,2.09,3.64,4.13,3.84,4.18,3.96,3.78,3.67,4.54,3.79,Indang,14.19,120.87
EVLAND,2009,4.03,2.82,2.5,2.56,4.74,4.32,3.69,4.62,3.95,4.38,5.01,4.11,3.9,Indang,14.19,120.87
EVLAND,2010,2.38,0.93,0.78,0.61,1.08,2.34,3.46,4.13,3.78,3.74,3.47,3.94,2.57,Indang,14.19,120.87
EVLAND,2011,4.44,3.53,2.69,1.15,2.9,4.19,4.35,4.16,3.82,4.12,4.1,4.16,3.64,Indang,14.19,120.87
EVLAND,2012,4.88,4.01,3.49,3.34,3.12,4.05,3.99,4.7,3.85,5.01,4.69,4.04,4.1,Indang,14.19,120.87
EVLAND,2013,3.11,2.9,3.32,1.74,2.14,3.93,3.94,3.76,3.78,4.92,4.66,3.86,3.51,Indang,14.19,120.87
EVLAND,2014,4.04,2.39,1.15,0.86,1.86,3.47,3.87,4.46,4.22,4.3,4.67,4.65,3.34,Indang,14.19,120.87
EVLAND,2015,4.82,3.25,1.74,0.82,0.85,2.94,4.14,4.09,4.24,4.95,5.18,4.6,3.47,Indang,14.19,120.87
EVLAND,2016,4.94,3.69,2.13,1.06,1.77,3.28,4.27,4.18,3.66,3.97,4.63,4.23,3.49,Indang,14.19,120.87
EVLAND,2017,5.13,4.59,2.94,1.93,2.83,4.01,4.02,4.53,4.24,4.14,4.68,4.58,3.97,Indang,14.19,120.87
EVLAND,2018,4.67,4.06,2.93,1.5,2.25,3.93,3.56,4.54,4.21,4.99,5.1,3.43,3.76,Indang,14.19,120.87
EVLAND,2019,4.46,2.59,0.81,0.86,2.28,3.55,3.79,4.47,4.65,4.86,3.92,4.91,3.44,Indang,14.19,120.87
EVLAND,2020,4.67,3.63,2.98,2.98,2.9,4.24,4.12,4.1,3.99,3.6,4.41,3.78,3.78,Indang,14.19,120.87
EVLAND,2021,4.9,5.32,3.9,2.14,1.58,3.44,4.23,4.27,3.85,4.18,4.29,4.74,3.9,Indang,14.19,120.87
EVLAND,2022,3.67,2.91,2.48,3.03,3.5,4.08,3.97,3.93,3.85,3.98,3.91,4.15,3.63,Indang,14.19,120.87
EVLAND,2023,4.7,4.68,2.81,2.75,2.81,3.84,4.58,4.74,4.06,4.18,4.6,4.76,4.04,Indang,14.19,120.87
EVLAND,2024,4.11,2.45,1.08,0.81,2.0,4.36,4.14,4.19,4.17,4.13,4.78,4.48,3.4,Indang,14.19,120.87
EVLAND,2025,4.55,4.27,3.31,1.93,3.46,4.09,4.88,4.36,3.93,3.91,4.1,4.47,3.94,Indang,14.19,120.87
GWETROOT,1990,0.5,0.46,0.45,0.44,0.5,0.77,0.95,0.98,0.97,0.94,0.89,0.73,0.72,Indang,14.19,120.87
GWETROOT,1991,0.58,0.5,0.48,0.46,0.48,0.56,0.78,0.97,0.98,0.9,0.76,0.65,0.68,Indang,14.19,120.87
GWETROOT,1992,0.54,0.47,0.45,0.44,0.46,0.52,0.64,0.82,0.94,0.89,0.85,0.67,0.64,Indang,14.19,120.87
GWETROOT,1993,0.55,0.48,0.45,0.44,0.46,0.53,0.68,0.89,0.94,0.92,0.85,0.87,0.67,Indang,14.19,120.87
GWETROOT,1994,0.77,0.61,0.5,0.48,0.48,0.58,0.8,0.91,0.89,0.86,0.68,0.56,0.68,Indang,14.19,120.87
GWETROOT,1995,0.52,0.47,0.45,0.44,0.47,0.58,0.64,0.75,0.96,0.96,0.93,0.86,0.67,Indang,14.19,120.87
GWETROOT,1996,0.73,0.57,0.49,0.49,0.49,0.57,0.67,0.89,0.93,0.91,0.94,0.83,0.71,Indang,14.19,120.87
GWETROOT,1997,0.62,0.52,0.47,0.45,0.51,0.72,0.88,0.96,0.93,0.83,0.64,0.52,0.67,Indang,14.19,120.87
GWETROOT,1998,0.47,0.45,0.44,0.44,0.49,0.63,0.72,0.79,0.87,0.98,0.96,0.96,0.68,Indang,14.19,120.87
GWETROOT,1999,0.89,0.69,0.59,0.63,0.63,0.71,0.92,0.98,0.97,0.96,0.93,0.91,0.82,Indang,14.19,120.87
GWETROOT,2000,0.78,0.68,0.61,0.54,0.59,0.7,0.94,0.95,0.98,0.94,0.96,0.92,0.8,Indang,14.19,120.87
GWETROOT,2001,0.78,0.65,0.58,0.51,0.57,0.69,0.91,0.95,0.94,0.88,0.88,0.81,0.76,Indang,14.19,120.87
GWETROOT,2002,0.65,0.54,0.47,0.45,0.46,0.58,0.92,0.97,0.97,0.96,0.92,0.78,0.72,Indang,14.19,120.87
GWETROOT,2003,0.61,0.5,0.46,0.44,0.51,0.82,0.84,0.94,0.97,0.91,0.82,0.68,0.71,Indang,14.19,120.87
GWETROOT,2004,0.55,0.48,0.46,0.44,0.6,0.88,0.93,0.97,0.92,0.84,0.72,0.75,0.71,Indang,14.19,120.87
GWETROOT,2005,0.6,0.5,0.46,0.45,0.45,0.63,0.83,0.95,0.97,0.95,0.91,0.9,0.72,Indang,14.19,120.87
GWETROOT,2006,0.78,0.66,0.55,0.48,0.54,0.64,0.88,0.98,0.95,0.93,0.87,0.85,0.76,Indang,14.19,120.87
GWETROOT,2007,0.7,0.55,0.47,0.45,0.49,0.61,0.75,0.91,0.97,0.97,0.94,0.89,0.73,Indang,14.19,120.87
GWETROOT,2008,0.79,0.66,0.57,0.5,0.64,0.76,0.91,0.95,0.97,0.97,0.95,0.86,0.79,Indang,14.19,120.87
GWETROOT,2009,0.7,0.59,0.51,0.55,0.84,0.97,0.97,0.95,0.98,0.97,0.87,0.67,0.8,Indang,14.19,120.87
GWETROOT,2010,0.54,0.47,0.45,0.44,0.45,0.52,0.76,0.94,0.96,0.98,0.97,0.9,0.7,Indang,14.19,120.87
GWETROOT,2011,0.78,0.63,0.54,0.47,0.57,0.87,0.97,0.99,0.98,0.98,0.95,0.94,0.81,Indang,14.19,120.87
GWETROOT,2012,0.79,0.67,0.58,0.57,0.58,0.78,0.95,0.99,0.99,0.96,0.85,0.68,0.78,Indang,14.19,120.87
GWETROOT,2013,0.6,0.54,0.55,0.47,0.51,0.77,0.96,0.99,0.99,0.97,0.92,0.83,0.76,Indang,14.19,120.87
GWETROOT,2014,0.67,0.53,0.47,0.45,0.47,0.64,0.88,0.95,0.98,0.97,0.85,0.83,0.73,Indang,14.19,120.87
GWETROOT,2015,0.75,0.59,0.48,0.45,0.44,0.54,0.76,0.87,0.95,0.95,0.79,0.78,0.7,Indang,14.19,120.87
GWETROOT,2016,0.75,0.59,0.5,0.45,0.48,0.61,0.82,0.95,0.96,0.98,0.94,0.92,0.75,Indang,14.19,120.87
GWETROOT,2017,0.85,0.69,0.54,0.48,0.53,0.67,0.86,0.96,0.98,0.98,0.97,0.91,0.79,Indang,14.19,120.87
GWETROOT,2018,0.79,0.65,0.53,0.47,0.49,0.84,0.98,0.98,0.98,0.89,0.72,0.62,0.75,Indang,14.19,120.87
GWETROOT,2019,0.69,0.53,0.46,0.45,0.5,0.62,0.83,0.97,0.97,0.87,0.88,0.83,0.72,Indang,14.19,120.87
GWETROOT,2020,0.69,0.59,0.56,0.54,0.56,0.76,0.9,0.98,0.93,0.99,0.98,0.97,0.79,Indang,14.19,120.87
GWETROOT,2021,0.9,0.74,0.59,0.49,0.47,0.65,0.84,0.95,0.98,0.98,0.88,0.76,0.77,Indang,14.19,120.87
GWETROOT,2022,0.63,0.54,0.51,0.53,0.59,0.78,0.94,0.98,0.99,0.97,0.97,0.89,0.78,Indang,14.19,120.87
GWETROOT,2023,0.86,0.68,0.53,0.51,0.51,0.68,0.86,0.94,0.97,0.96,0.91,0.81,0.77,Indang,14.19,120.87
GWETROOT,2024,0.66,0.52,0.46,0.45,0.48,0.7,0.89,0.96,0.98,0.97,0.92,0.83,0.74,Indang,14.19,120.87
GWETROOT,2025,0.77,0.66,0.57,0.49,0.54,0.79,0.95,0.94,0.99,0.99,0.98,0.94,0.8,Indang,14.19,120.87
PRECTOTCORR,1990,0.67,0.11,0.57,0.09,6.31,13.59,14.07,18.31,9.74,5.74,4.65,1.62,6.33,Indang,14.19,120.87
PRECTOTCORR,1991,0.61,1.31,1.38,0.96,3.59,5.45,12.76,16.72,8.8,2.5,3.79,1.16,4.95,Indang,14.19,120.87
PRECTOTCORR,1992,0.39,0.51,0.38,0.69,2.22,4.24,7.29,10.72,6.8,4.78,3.62,1.12,3.58,Indang,14.19,120.87
PRECTOTCORR,1993,1.03,0.25,0.36,0.84,1.88,4.96,8.28,11.36,5.37,4.44,4.35,8.54,4.34,Indang,14.19,120.87
PRECTOTCORR,1994,1.35,0.81,0.34,2.11,2.26,7.1,12.41,5.41,5.83,3.9,0.91,2.79,3.79,Indang,14.19,120.87
PRECTOTCORR,1995,0.5,0.81,0.12,0.15,3.28,4.68,5.33,9.81,12.89,6.98,4.63,4.87,4.52,Indang,14.19,120.87
PRECTOTCORR,1996,0.56,0.34,0.88,1.98,2.87,4.88,10.54,3.97,9.75,4.17,8.49,0.99,4.12,Indang,14.19,120.87
PRECTOTCORR,1997,0.33,1.39,0.31,0.83,8.11,6.48,10.87,10.97,3.99,1.59,1.34,0.84,3.95,Indang,14.19,120.87
PRECTOTCORR,1998,0.63,0.07,0.39,0.68,5.6,6.34,3.81,6.59,13.31,13.59,4.35,9.57,5.45,Indang,14.19,120.87
PRECTOTCORR,1999,2.12,1.02,4.24,4.77,3.17,9.67,13.74,15.9,7.93,8.5,5.35,5.75,6.89,Indang,14.19,120.87
PRECTOTCORR,2000,1.82,2.81,2.5,2.3,6.43,6.31,14.03,8.88,11.65,8.57,4.54,5.29,6.28,Indang,14.19,120.87
PRECTOTCORR,2001,0.98,4.16,1.32,1.39,6.01,10.0,7.94,11.91,2.7,4.63,6.21,5.58,5.25,Indang,14.19,120.87
PRECTOTCORR,2002,0.45,0.8,0.72,0.61,2.45,6.92,22.35,6.97,8.13,6.48,4.03,1.51,5.16,Indang,14.19,120.87
PRECTOTCORR,2003,0.68,0.26,0.35,0.37,10.66,6.04,7.82,11.06,10.65,3.48,4.36,1.06,4.76,Indang,14.19,120.87
PRECTOTCORR,2004,0.72,1.06,0.26,0.61,9.63,11.71,8.79,11.2,3.02,4.01,6.63,2.28,5.01,Indang,14.19,120.87
PRECTOTCORR,2005,0.97,0.47,0.72,0.75,1.86,8.74,8.74,12.06,9.72,7.89,2.97,7.28,5.22,Indang,14.19,120.87
PRECTOTCORR,2006,2.67,0.98,2.25,0.31,5.14,9.41,11.96,11.19,11.74,3.98,2.51,6.87,5.79,Indang,14.19,120.87
PRECTOTCORR,2007,1.05,0.33,0.51,0.37,4.75,5.71,6.26,16.58,13.84,7.19,9.1,2.61,5.72,Indang,14.19,120.87
PRECTOTCORR,2008,3.86,1.93,0.75,2.1,8.36,10.4,6.54,8.79,14.11,6.36,7.09,2.34,6.05,Indang,14.19,120.87
PRECTOTCORR,2009,1.15,1.49,1.47,7.4,11.37,12.61,11.49,6.84,20.6,7.07,2.26,0.52,7.03,Indang,14.19,120.87
PRECTOTCORR,2010,0.6,0.04,0.65,0.66,1.04,5.75,12.82,8.06,7.43,11.17,6.76,3.15,4.88,Indang,14.19,120.87
PRECTOTCORR,2011,1.73,0.43,1.53,0.62,7.25,22.86,14.16,16.92,14.14,8.44,6.57,6.54,8.47,Indang,14.19,120.87
PRECTOTCORR,2012,1.88,2.97,3.97,1.26,5.46,9.66,21.97,25.59,14.02,11.37,1.12,1.77,8.47,Indang,14.19,120.87
PRECTOTCORR,2013,1.81,3.97,1.99,0.94,4.83,13.77,12.36,25.55,25.25,6.47,7.6,2.46,8.92,Indang,14.19,120.87
PRECTOTCORR,2014,0.29,0.23,0.65,0.72,3.66,8.27,14.83,9.98,15.19,8.29,2.2,8.07,6.07,Indang,14.19,120.87
PRECTOTCORR,2015,1.56,0.42,0.55,0.49,0.84,5.97,10.69,10.69,8.43,7.13,1.79,10.71,4.98,Indang,14.19,120.87
PRECTOTCORR,2016,0.77,1.95,0.57,0.81,3.35,7.02,9.88,15.26,8.01,10.76,6.58,6.88,6.01,Indang,14.19,120.87
PRECTOTCORR,2017,3.01,1.06,0.56,1.99,5.27,7.22,12.87,12.06,13.69,8.53,9.42,5.55,6.8,Indang,14.19,120.87
PRECTOTCORR,2018,2.22,0.94,1.18,0.82,4.5,17.36,21.64,10.31,9.3,3.81,1.61,6.79,6.75,Indang,14.19,120.87
PRECTOTCORR,2019,1.31,0.25,0.1,0.75,5.16,7.91,10.09,14.85,10.98,3.19,5.62,6.96,5.63,Indang,14.19,120.87
PRECTOTCORR,2020,1.66,3.65,2.54,3.5,4.01,13.97,9.43,7.87,6.78,26.41,21.12,9.04,9.17,Indang,14.19,120.87
PRECTOTCORR,2021,3.18,1.98,1.63,0.62,2.18,7.69,20.48,6.8,12.42,9.04,2.46,2.94,5.99,Indang,14.19,120.87
PRECTOTCORR,2022,1.09,1.71,2.08,3.9,8.05,9.95,9.28,12.03,13.41,15.11,3.85,3.75,7.05,Indang,14.19,120.87
PRECTOTCORR,2023,5.12,1.03,0.37,3.33,4.0,9.41,15.09,8.14,8.09,6.78,5.38,3.27,5.87,Indang,14.19,120.87
PRECTOTCORR,2024,0.69,0.33,0.66,0.58,5.84,7.98,17.54,8.33,12.51,16.15,2.65,6.42,6.68,Indang,14.19,120.87
PRECTOTCORR,2025,1.58,3.26,1.75,0.94,6.79,12.55,24.54,8.33,13.97,13.44,10.8,3.77,8.51,Indang,14.19,120.87
RH2M,1990,78.89,74.1,69.46,67.5,74.77,85.03,86.21,87.46,86.35,85.6,84.62,84.19,80.39,Indang,14.19,120.87
RH2M,1991,81.16,78.57,73.7,71.28,72.94,79.62,83.83,89.93,88.76,82.09,83.55,82.89,80.71,Indang,14.19,120.87
RH2M,1992,79.1,74.11,70.32,67.95,71.06,75.84,82.59,87.83,87.36,84.5,83.85,83.03,78.99,Indang,14.19,120.87
RH2M,1993,79.36,76.04,70.26,67.62,69.49,77.0,84.77,86.99,87.42,86.22,87.14,87.52,80.02,Indang,14.19,120.87
RH2M,1994,85.11,80.51,76.69,73.62,75.5,82.0,88.92,86.47,86.8,82.78,82.65,80.22,81.79,Indang,14.19,120.87
RH2M,1995,79.18,76.02,70.54,66.57,75.57,79.49,83.12,86.04,87.56,85.11,87.23,87.18,80.34,Indang,14.19,120.87
RH2M,1996,84.45,79.94,77.25,78.66,78.91,79.99,84.14,85.2,86.18,84.68,86.7,82.69,82.41,Indang,14.19,120.87
RH2M,1997,80.38,79.66,71.96,67.89,75.05,82.81,86.86,88.65,85.18,82.17,80.41,77.46,79.88,Indang,14.19,120.87
RH2M,1998,74.82,70.59,67.67,66.21,74.77,79.18,80.27,83.62,86.06,87.4,87.08,87.8,78.85,Indang,14.19,120.87
RH2M,1999,86.35,80.97,82.86,82.34,80.14,83.88,87.61,86.86,87.07,86.6,85.63,88.26,84.91,Indang,14.19,120.87
RH2M,2000,84.2,85.01,83.55,78.67,81.13,83.04,87.68,86.41,86.7,86.69,88.0,87.97,84.93,Indang,14.19,120.87
RH2M,2001,84.36,83.86,81.94,75.13,78.7,83.13,87.17,89.56,86.78,85.39,84.99,85.55,83.9,Indang,14.19,120.87
RH2M,2002,82.09,78.9,74.42,69.55,75.01,79.18,88.17,87.67,86.96,84.35,86.02,85.11,81.48,Indang,14.19,120.87
RH2M,2003,80.14,76.67,71.21,67.83,75.42,83.24,82.58,88.21,87.65,81.98,84.32,81.83,80.11,Indang,14.19,120.87
RH2M,2004,81.16,76.9,72.04,68.36,81.32,89.12,84.44,89.71,81.69,80.19,85.11,83.86,81.18,Indang,14.19,120.87
RH2M,2005,80.4,76.7,72.76,68.79,71.27,83.6,85.25,86.03,86.79,85.19,84.67,88.08,80.83,Indang,14.19,120.87
RH2M,2006,85.98,82.63,80.07,71.52,76.82,80.63,88.55,87.86,85.22,82.88,84.3,86.98,82.81,Indang,14.19,120.87
RH2M,2007,83.8,79.67,73.72,69.88,76.02,79.86,83.07,85.94,87.52,86.18,85.87,87.44,81.61,Indang,14.19,120.87
RH2M,2008,85.9,83.69,80.81,78.24,83.87,81.84,85.86,85.08,86.84,85.61,87.46,85.34,84.22,Indang,14.19,120.87
RH2M,2009,83.81,82.8,78.57,81.44,84.54,86.55,87.03,85.92,88.5,84.89,85.02,80.43,84.12,Indang,14.19,120.87
RH2M,2010,79.6,73.75,72.41,69.46,68.46,77.57,81.41,84.73,83.09,85.19,86.53,86.32,79.09,Indang,14.19,120.87
RH2M,2011,84.65,81.07,80.93,72.78,79.7,83.72,85.74,86.9,88.54,85.4,86.37,87.38,83.63,Indang,14.19,120.87
RH2M,2012,84.93,84.48,82.28,77.88,78.31,85.78,85.8,87.78,87.22,83.32,84.28,83.58,83.8,Indang,14.19,120.87
RH2M,2013,81.31,80.81,78.92,70.09,74.95,81.27,83.01,86.76,87.18,83.15,86.22,86.04,81.65,Indang,14.19,120.87
RH2M,2014,78.37,77.39,73.3,68.06,70.57,82.56,87.84,83.97,85.82,83.29,84.95,86.55,80.24,Indang,14.19,120.87
RH2M,2015,83.21,79.51,73.81,70.73,67.59,76.22,83.96,84.15,83.27,82.64,84.56,85.16,79.58,Indang,14.19,120.87
RH2M,2016,84.11,81.92,76.2,69.75,72.54,79.12,81.45,88.04,86.35,86.06,85.46,87.04,81.52,Indang,14.19,120.87
RH2M,2017,85.15,82.82,78.33,73.23,77.69,79.01,84.02,83.43,83.18,83.6,87.0,85.94,81.96,Indang,14.19,120.87
RH2M,2018,85.92,81.59,76.98,72.81,73.83,84.43,88.97,87.67,85.52,80.61,82.65,83.92,82.09,Indang,14.19,120.87
RH2M,2019,81.55,76.59,69.61,66.95,74.71,81.17,84.07,87.85,85.81,81.59,84.22,85.38,79.99,Indang,14.19,120.87
RH2M,2020,82.64,81.16,80.11,78.94,77.7,79.43,80.8,83.48,82.22,86.14,86.65,87.19,82.22,Indang,14.19,120.87
RH2M,2021,85.58,83.66,81.51,74.0,75.08,82.48,86.31,83.82,84.31,86.15,85.89,84.37,82.77,Indang,14.19,120.87
RH2M,2022,81.61,81.5,78.68,78.66,77.73,79.69,83.64,84.13,86.1,85.49,86.88,85.7,82.49,Indang,14.19,120.87
RH2M,2023,86.18,82.89,77.29,74.7,77.03,83.19,83.15,86.37,84.06,84.37,85.43,86.21,82.58,Indang,14.19,120.87
RH2M,2024,81.97,77.97,74.06,68.44,71.7,79.61,83.76,83.12,86.67,83.65,83.27,86.79,80.1,Indang,14.19,120.87
RH2M,2025,84.93,83.33,81.17,72.6,76.88,83.99,87.91,83.35,86.17,85.12,86.95,85.35,83.15,Indang,14.19,120.87
T2M_MAX,1990,30.46,32.15,33.94,34.56,35.56,30.45,30.24,29.96,30.01,29.85,29.81,29.12,35.56,Indang,14.19,120.87
T2M_MAX,1991,29.17,31.0,31.72,34.33,33.53,33.14,31.77,29.26,29.08,29.72,29.28,29.3,34.33,Indang,14.19,120.87
T2M_MAX,1992,29.6,31.67,32.8,34.56,34.7,33.38,32.03,29.4,30.18,30.6,29.21,28.79,34.7,Indang,14.19,120.87
T2M_MAX,1993,29.54,31.75,33.76,34.53,35.51,33.15,31.28,29.98,30.47,29.39,29.35,28.96,35.51,Indang,14.19,120.87
T2M_MAX,1994,28.95,29.99,31.83,34.89,33.49,31.66,29.34,29.11,29.37,30.0,29.61,29.86,34.89,Indang,14.19,120.87
T2M_MAX,1995,29.88,31.53,33.92,34.5,34.54,33.04,31.65,30.67,29.9,30.34,29.73,28.32,34.54,Indang,14.19,120.87
T2M_MAX,1996,28.95,30.19,32.23,32.16,33.19,32.8,31.01,30.5,30.94,30.5,29.78,28.72,33.19,Indang,14.19,120.87
T2M_MAX,1997,28.83,30.14,32.39,34.02,34.12,30.62,29.78,28.92,30.49,30.76,30.66,30.47,34.12,Indang,14.19,120.87
T2M_MAX,1998,31.45,33.43,33.99,35.0,34.48,32.67,31.72,30.86,30.3,30.64,30.01,29.39,35.0,Indang,14.19,120.87
T2M_MAX,1999,29.15,29.74,30.63,31.16,31.7,30.9,29.38,29.91,29.26,30.04,29.71,29.05,31.7,Indang,14.19,120.87
T2M_MAX,2000,28.88,30.12,30.39,33.13,34.4,31.25,28.89,29.19,29.86,30.38,29.41,29.31,34.4,Indang,14.19,120.87
T2M_MAX,2001,29.58,29.59,30.84,33.58,34.15,31.93,28.88,29.03,29.65,30.82,30.04,29.32,34.15,Indang,14.19,120.87
T2M_MAX,2002,29.4,29.99,32.78,34.08,35.37,32.69,29.95,29.86,29.79,30.41,29.93,29.63,35.37,Indang,14.19,120.87
T2M_MAX,2003,28.98,30.03,33.55,34.97,35.89,30.37,31.62,30.42,29.64,30.4,29.99,29.12,35.89,Indang,14.19,120.87
T2M_MAX,2004,30.5,31.77,34.45,35.34,34.07,29.85,30.51,28.71,31.01,30.22,29.82,29.02,35.34,Indang,14.19,120.87
T2M_MAX,2005,29.13,31.92,34.75,34.72,35.23,32.17,30.99,30.49,30.43,30.57,30.37,29.28,35.23,Indang,14.19,120.87
T2M_MAX,2006,28.92,29.57,31.91,34.49,35.32,32.14,29.15,30.15,30.38,30.13,30.1,29.61,35.32,Indang,14.19,120.87
T2M_MAX,2007,29.19,30.54,32.61,34.91,34.57,32.9,31.21,29.82,29.93,29.88,30.08,29.13,34.91,Indang,14.19,120.87
T2M_MAX,2008,28.9,29.24,31.46,33.62,30.74,31.08,30.12,30.57,30.58,30.21,30.09,28.83,33.62,Indang,14.19,120.87
T2M_MAX,2009,29.08,29.95,31.74,32.12,30.64,30.85,30.13,31.02,30.06,29.57,29.7,29.35,32.12,Indang,14.19,120.87
T2M_MAX,2010,29.67,32.18,33.02,34.78,36.22,33.43,31.14,30.35,30.68,30.41,29.58,29.59,36.22,Indang,14.19,120.87
T2M_MAX,2011,28.32,29.53,30.45,33.19,33.49,30.93,30.48,30.34,28.88,30.16,29.78,29.32,33.49,Indang,14.19,120.87
T2M_MAX,2012,29.09,29.86,30.6,32.4,33.43,30.29,30.28,29.68,29.5,29.88,29.99,30.18,33.43,Indang,14.19,120.87
T2M_MAX,2013,29.37,30.66,32.22,34.96,33.93,32.05,30.55,30.32,29.91,29.52,29.57,29.07,34.96,Indang,14.19,120.87
T2M_MAX,2014,28.67,30.0,32.85,34.6,35.06,33.89,30.8,30.5,30.76,30.29,30.21,29.25,35.06,Indang,14.19,120.87
T2M_MAX,2015,28.48,29.61,32.5,34.57,35.08,34.89,30.85,31.28,30.99,31.03,30.16,30.45,35.08,Indang,14.19,120.87
T2M_MAX,2016,29.49,29.9,32.88,35.32,35.22,32.21,31.71,30.62,30.33,30.38,29.79,29.66,35.32,Indang,14.19,120.87
T2M_MAX,2017,28.71,29.53,32.55,34.29,33.46,32.3,31.29,31.36,31.57,30.3,29.99,29.96,34.29,Indang,14.19,120.87
T2M_MAX,2018,29.08,29.91,32.3,34.8,34.51,31.74,28.78,29.47,30.09,30.92,30.48,30.22,34.8,Indang,14.19,120.87
T2M_MAX,2019,29.01,30.02,33.96,34.68,34.45,33.16,30.54,29.36,30.9,30.8,30.02,29.72,34.68,Indang,14.19,120.87
T2M_MAX,2020,29.81,29.2,31.8,32.19,33.16,33.36,31.45,30.87,31.29,29.9,30.04,29.41,33.36,Indang,14.19,120.87
T2M_MAX,2021,29.41,30.03,31.4,33.19,34.67,31.82,31.62,30.94,30.61,30.3,30.18,29.65,34.67,Indang,14.19,120.87
T2M_MAX,2022,30.01,30.58,32.34,32.66,33.54,31.34,31.15,30.67,30.99,30.38,29.88,29.69,33.54,Indang,14.19,120.87
T2M_MAX,2023,28.82,29.75,32.44,33.55,34.04,31.63,31.77,30.16,31.25,30.92,30.72,29.92,34.04,Indang,14.19,120.87
T2M_MAX,2024,29.7,30.85,32.82,36.89,36.38,32.9,31.26,31.67,31.23,30.95,30.67,30.24,36.89,Indang,14.19,120.87
T2M_MAX,2025,29.57,29.8,31.43,35.41,34.06,31.39,29.6,30.58,30.0,30.67,30.07,29.84,35.41,Indang,14.19,120.87
T2M_MIN,1990,21.78,22.6,22.87,24.77,26.07,25.92,25.45,25.26,25.22,24.94,23.05,22.6,21.78,Indang,14.19,120.87
T2M_MIN,1991,22.42,22.75,22.73,24.39,25.78,26.0,25.38,25.48,24.9,24.39,22.84,22.53,22.42,Indang,14.19,120.87
T2M_MIN,1992,21.86,22.18,23.44,24.73,25.81,26.72,25.51,25.67,25.05,24.93,21.9,22.38,21.86,Indang,14.19,120.87
T2M_MIN,1993,20.98,21.58,22.79,23.57,25.59,26.33,25.59,25.06,24.9,24.13,24.3,22.52,20.98,Indang,14.19,120.87
T2M_MIN,1994,22.09,22.61,23.2,23.91,26.56,25.69,24.79,25.22,24.74,24.01,23.5,22.58,22.09,Indang,14.19,120.87
T2M_MIN,1995,21.77,21.52,22.56,24.62,25.51,26.25,25.48,25.84,25.6,25.11,24.7,21.83,21.52,Indang,14.19,120.87
T2M_MIN,1996,21.88,21.51,23.1,24.63,25.76,25.88,26.03,25.42,25.31,25.57,25.07,21.24,21.24,Indang,14.19,120.87
T2M_MIN,1997,21.61,21.81,21.95,24.57,25.82,25.82,25.5,25.08,25.21,24.8,23.59,22.72,21.61,Indang,14.19,120.87
T2M_MIN,1998,22.25,22.96,23.48,24.71,26.49,26.42,25.93,25.98,25.96,26.01,25.37,24.68,22.25,Indang,14.19,120.87
T2M_MIN,1999,23.51,21.77,23.07,24.12,25.6,25.47,25.65,24.77,25.28,25.27,23.85,21.75,21.75,Indang,14.19,120.87
T2M_MIN,2000,21.37,22.73,23.81,25.17,26.05,25.85,24.74,24.91,25.02,24.98,24.41,24.24,21.37,Indang,14.19,120.87
T2M_MIN,2001,22.13,22.55,23.97,25.64,26.11,25.93,25.15,25.59,25.11,25.36,22.14,21.61,21.61,Indang,14.19,120.87
T2M_MIN,2002,21.23,21.57,21.71,23.98,25.16,26.56,25.65,25.45,25.22,25.61,24.03,23.93,21.23,Indang,14.19,120.87
T2M_MIN,2003,22.08,22.14,22.74,25.28,26.13,25.15,25.98,25.32,25.11,24.32,24.01,22.53,22.08,Indang,14.19,120.87
T2M_MIN,2004,22.65,22.03,23.68,25.45,25.85,25.76,25.33,25.23,24.98,24.05,24.3,23.13,22.03,Indang,14.19,120.87
T2M_MIN,2005,21.75,22.49,22.43,23.68,26.62,26.02,25.64,25.32,25.27,25.94,24.44,22.69,21.75,Indang,14.19,120.87
T2M_MIN,2006,22.55,22.76,23.84,24.99,26.12,26.02,25.26,25.4,25.48,24.7,24.81,23.86,22.55,Indang,14.19,120.87
T2M_MIN,2007,21.49,21.46,23.1,24.85,25.97,26.51,26.2,25.12,25.43,25.05,22.95,22.61,21.46,Indang,14.19,120.87
T2M_MIN,2008,22.57,22.61,22.4,25.04,25.47,24.89,25.17,24.53,25.41,25.4,24.74,22.67,22.4,Indang,14.19,120.87
T2M_MIN,2009,21.08,22.82,23.92,25.09,25.32,25.59,25.5,25.83,25.33,23.47,24.23,22.82,21.08,Indang,14.19,120.87
T2M_MIN,2010,22.45,22.69,22.73,24.94,26.29,26.63,25.33,25.75,25.27,25.38,24.89,23.7,22.45,Indang,14.19,120.87
T2M_MIN,2011,22.07,22.41,23.14,23.24,25.68,25.62,25.34,25.51,25.25,24.96,25.03,23.55,22.07,Indang,14.19,120.87
T2M_MIN,2012,23.37,23.01,23.67,24.49,26.75,25.61,25.39,25.23,24.95,24.48,24.42,23.64,23.01,Indang,14.19,120.87
T2M_MIN,2013,21.99,23.2,22.85,25.25,26.77,25.97,25.7,25.52,25.53,24.39,24.49,23.96,21.99,Indang,14.19,120.87
T2M_MIN,2014,20.37,22.33,22.69,24.99,26.79,26.31,25.45,25.41,25.46,24.94,23.53,23.31,20.37,Indang,14.19,120.87
T2M_MIN,2015,22.09,21.37,22.18,24.05,26.58,26.6,25.78,25.86,25.44,25.27,24.76,23.21,21.37,Indang,14.19,120.87
T2M_MIN,2016,22.59,22.59,23.78,24.97,27.01,26.76,25.74,26.0,25.14,25.48,24.35,24.15,22.59,Indang,14.19,120.87
T2M_MIN,2017,23.0,21.31,22.68,23.73,26.26,26.65,26.28,25.75,25.98,25.88,24.97,23.55,21.31,Indang,14.19,120.87
T2M_MIN,2018,22.7,22.79,23.25,24.33,26.37,25.92,25.6,25.58,25.53,23.77,24.59,24.06,22.7,Indang,14.19,120.87
T2M_MIN,2019,21.44,22.36,22.67,24.62,27.21,26.53,25.98,25.17,25.4,25.44,23.99,23.82,21.44,Indang,14.19,120.87
T2M_MIN,2020,22.6,21.78,23.35,24.54,25.99,26.09,26.41,25.79,25.42,25.14,24.37,24.04,21.78,Indang,14.19,120.87
T2M_MIN,2021,22.08,21.61,23.85,24.63,26.01,26.13,26.33,25.98,25.91,25.38,24.93,23.17,21.61,Indang,14.19,120.87
T2M_MIN,2022,22.23,23.84,23.94,24.7,26.13,26.13,25.94,25.77,25.84,26.05,25.01,22.74,22.23,Indang,14.19,120.87
T2M_MIN,2023,22.48,22.68,22.27,24.32,26.39,26.53,26.55,26.83,26.31,25.93,25.09,24.47,22.27,Indang,14.19,120.87
T2M_MIN,2024,22.7,23.17,23.45,25.63,27.24,27.2,26.59,26.48,26.26,26.07,25.72,24.99,22.7,Indang,14.19,120.87
T2M_MIN,2025,23.24,23.2,23.47,25.26,26.86,26.12,25.97,25.85,25.49,26.03,25.66,24.03,23.2,Indang,14.19,120.87
TS,1990,26.27,27.01,27.89,29.92,29.67,28.38,27.65,27.49,27.23,27.37,27.05,26.16,27.67,Indang,14.19,120.87
TS,1991,25.76,26.57,27.28,29.19,29.76,28.95,27.97,27.32,27.18,27.34,26.38,25.98,27.48,Indang,14.19,120.87
TS,1992,26.07,26.73,28.31,29.84,30.07,29.92,28.29,27.71,27.24,27.58,26.18,26.0,27.83,Indang,14.19,120.87
TS,1993,25.55,26.27,27.61,29.41,29.96,29.63,28.1,27.53,27.39,26.98,27.04,25.84,27.61,Indang,14.19,120.87
TS,1994,25.62,26.31,27.5,28.98,29.94,28.81,27.28,27.36,27.44,27.31,26.5,26.37,27.46,Indang,14.19,120.87
TS,1995,25.94,26.48,27.92,29.63,29.23,29.36,28.62,28.07,27.87,27.78,27.29,25.94,27.85,Indang,14.19,120.87
TS,1996,25.74,25.68,27.4,28.19,29.03,29.01,28.84,27.81,27.89,28.09,27.58,26.04,27.61,Indang,14.19,120.87
TS,1997,25.39,26.37,27.43,29.66,29.44,28.39,27.78,27.27,27.64,28.09,27.71,27.19,27.7,Indang,14.19,120.87
TS,1998,26.91,28.2,28.58,29.93,30.22,29.5,29.1,28.68,28.38,28.15,27.8,27.27,28.56,Indang,14.19,120.87
TS,1999,26.64,25.96,27.37,28.03,28.85,28.16,27.65,27.14,27.39,27.61,27.05,26.42,27.36,Indang,14.19,120.87
TS,2000,25.84,26.33,27.15,28.84,28.88,28.59,27.37,27.93,27.49,27.75,27.04,26.7,27.49,Indang,14.19,120.87
TS,2001,26.52,26.44,27.46,29.63,29.41,28.83,27.54,27.6,27.58,27.79,26.96,26.09,27.66,Indang,14.19,120.87
TS,2002,25.67,25.69,27.34,29.39,29.71,29.43,27.73,27.34,27.69,28.06,27.29,26.77,27.68,Indang,14.19,120.87
TS,2003,25.92,26.37,27.99,30.18,30.17,27.94,28.5,27.45,27.37,27.62,27.5,25.93,27.75,Indang,14.19,120.87
TS,2004,26.25,26.66,28.54,30.21,28.69,27.48,27.8,27.25,28.03,27.53,27.06,26.32,27.65,Indang,14.19,120.87
TS,2005,25.55,26.57,27.75,29.15,30.82,28.8,28.52,28.01,27.94,28.09,27.52,26.46,27.94,Indang,14.19,120.87
TS,2006,26.03,26.36,27.19,29.24,29.31,29.09,27.81,27.54,27.97,27.81,27.63,26.62,27.72,Indang,14.19,120.87
TS,2007,26.07,26.25,27.86,29.74,29.71,29.54,28.86,28.14,27.84,27.62,27.11,26.3,27.93,Indang,14.19,120.87
TS,2008,25.89,26.03,27.0,28.64,28.15,28.45,27.6,27.5,27.64,27.89,27.35,26.37,27.38,Indang,14.19,120.87
TS,2009,25.62,26.43,27.79,28.15,27.99,27.83,27.93,28.1,27.57,27.25,27.15,26.24,27.34,Indang,14.19,120.87
TS,2010,26.41,27.36,28.47,29.79,31.03,30.03,28.87,28.12,28.23,28.13,27.53,26.83,28.4,Indang,14.19,120.87
TS,2011,25.92,26.23,26.69,28.1,28.82,28.23,27.79,27.57,27.32,27.44,27.33,26.71,27.35,Indang,14.19,120.87
TS,2012,26.29,26.36,26.94,28.62,29.31,28.22,27.86,27.36,27.55,27.3,27.37,27.16,27.53,Indang,14.19,120.87
TS,2013,26.02,26.51,27.61,30.14,30.03,29.01,28.31,27.76,27.76,27.4,27.12,26.86,27.88,Indang,14.19,120.87
TS,2014,25.32,26.24,27.62,29.81,30.73,29.21,27.79,27.76,27.86,27.88,27.39,26.42,27.84,Indang,14.19,120.87
TS,2015,25.3,25.53,27.18,29.25,30.95,30.11,28.15,28.36,28.47,28.12,27.59,26.86,28.0,Indang,14.19,120.87
TS,2016,26.35,26.04,27.92,30.22,30.64,29.63,28.8,28.06,27.99,27.83,27.47,27.2,28.18,Indang,14.19,120.87
TS,2017,26.18,25.9,27.23,29.31,29.71,29.56,28.63,28.52,28.48,28.31,27.77,27.03,28.06,Indang,14.19,120.87
TS,2018,26.3,26.54,27.49,29.2,30.11,28.66,27.89,27.58,27.82,28.21,27.6,27.09,27.88,Indang,14.19,120.87
TS,2019,25.87,26.18,28.4,30.24,30.11,29.66,28.5,27.9,27.78,28.18,27.72,26.65,28.11,Indang,14.19,120.87
TS,2020,26.21,25.77,27.43,28.75,30.09,29.54,29.07,28.44,28.71,28.34,27.6,27.19,28.1,Indang,14.19,120.87
TS,2021,26.4,26.26,27.55,28.94,30.06,29.0,28.6,28.41,28.36,28.15,27.99,26.81,28.05,Indang,14.19,120.87
TS,2022,26.42,27.02,28.27,28.46,29.41,29.16,28.9,28.26,28.12,28.31,27.81,27.0,28.1,Indang,14.19,120.87
TS,2023,26.03,26.23,27.08,29.04,29.93,29.04,28.81,28.45,28.58,28.49,28.11,27.29,28.1,Indang,14.19,120.87
TS,2024,26.57,26.86,28.11,30.38,31.01,29.83,28.88,29.02,28.52,28.54,28.16,27.41,28.61,Indang,14.19,120.87
TS,2025,26.67,26.76,27.55,29.88,29.8,28.82,28.23,28.14,27.78,28.07,27.87,27.16,28.07,Indang,14.19,120.87
WS2M,1990,4.23,4.22,3.57,3.17,2.81,3.45,3.16,4.72,3.19,3.1,3.77,4.84,3.68,Indang,14.19,120.87
WS2M,1991,4.56,4.03,4.24,3.19,3.22,3.89,3.51,4.21,3.88,3.19,3.91,5.14,3.92,Indang,14.19,120.87
WS2M,1992,3.83,3.94,3.63,2.7,2.69,3.05,2.99,4.36,3.52,3.33,4.51,5.03,3.63,Indang,14.19,120.87
WS2M,1993,4.52,4.1,4.02,2.98,2.71,2.39,2.97,3.75,3.0,4.07,4.33,5.32,3.68,Indang,14.19,120.87
WS2M,1994,4.09,4.05,4.64,3.03,2.18,2.75,4.73,3.3,3.1,3.35,4.86,5.11,3.77,Indang,14.19,120.87
WS2M,1995,4.84,4.22,4.07,3.89,2.65,2.65,2.92,2.96,3.43,3.21,4.04,5.4,3.69,Indang,14.19,120.87
WS2M,1996,5.03,5.25,4.55,3.36,3.02,2.75,3.85,2.85,3.07,2.7,4.72,5.43,3.88,Indang,14.19,120.87
WS2M,1997,4.43,4.89,3.61,2.75,3.65,2.77,2.76,4.36,2.61,3.22,3.98,4.54,3.63,Indang,14.19,120.87
WS2M,1998,4.37,3.27,4.08,3.51,3.59,2.35,1.82,2.32,3.47,3.85,3.53,4.67,3.41,Indang,14.19,120.87
WS2M,1999,5.08,5.21,3.78,2.9,2.17,2.85,3.88,3.54,3.26,3.33,4.16,4.91,3.75,Indang,14.19,120.87
WS2M,2000,4.75,4.53,3.88,2.91,3.02,2.6,4.04,3.35,3.83,3.63,4.13,4.56,3.77,Indang,14.19,120.87
WS2M,2001,4.28,4.5,4.06,2.81,2.67,2.87,3.76,4.34,3.21,3.29,4.84,5.49,3.84,Indang,14.19,120.87
WS2M,2002,4.58,4.44,4.08,3.61,2.95,2.46,4.79,3.37,2.98,2.77,4.13,4.01,3.68,Indang,14.19,120.87
WS2M,2003,4.78,4.7,3.75,2.87,3.68,2.99,2.81,3.39,3.17,2.81,3.86,5.44,3.68,Indang,14.19,120.87
WS2M,2004,4.14,3.9,3.35,2.73,3.48,4.2,2.5,4.61,2.51,3.01,4.44,4.48,3.61,Indang,14.19,120.87
WS2M,2005,3.84,3.45,3.83,2.8,1.9,2.54,3.07,3.51,3.07,2.97,3.37,5.09,3.29,Indang,14.19,120.87
WS2M,2006,3.84,4.6,3.29,3.05,3.01,2.61,4.03,3.71,2.59,3.01,3.32,4.92,3.5,Indang,14.19,120.87
WS2M,2007,4.65,3.95,3.66,3.12,2.53,2.2,2.62,3.61,3.24,3.66,4.2,4.49,3.49,Indang,14.19,120.87
WS2M,2008,4.68,4.82,3.49,3.65,2.8,2.68,2.92,2.9,3.41,2.83,3.75,4.78,3.55,Indang,14.19,120.87
WS2M,2009,4.98,3.96,3.2,2.83,2.77,3.65,3.29,3.69,3.91,3.55,3.49,4.11,3.62,Indang,14.19,120.87
WS2M,2010,4.45,3.34,3.85,2.94,2.15,2.08,2.18,3.14,2.36,3.17,3.29,3.99,3.08,Indang,14.19,120.87
WS2M,2011,4.8,4.0,4.81,3.5,2.64,2.94,3.38,3.49,3.64,3.07,3.71,4.02,3.67,Indang,14.19,120.87
WS2M,2012,3.98,3.97,4.06,2.7,1.95,3.93,3.33,4.31,2.98,3.31,3.58,4.03,3.51,Indang,14.19,120.87
WS2M,2013,4.46,4.47,3.17,2.17,2.11,2.7,2.46,3.65,3.46,3.11,4.13,3.35,3.26,Indang,14.19,120.87
WS2M,2014,4.67,3.12,3.59,2.28,1.99,3.07,3.81,2.89,3.26,2.72,3.71,4.95,3.34,Indang,14.19,120.87
WS2M,2015,4.39,3.88,3.68,3.05,2.2,2.53,3.65,3.11,2.57,3.49,4.04,4.4,3.42,Indang,14.19,120.87
WS2M,2016,3.81,4.06,2.92,2.79,2.4,2.31,2.57,4.13,2.92,3.04,3.97,4.32,3.27,Indang,14.19,120.87
WS2M,2017,4.82,4.36,3.59,2.88,2.39,2.09,3.15,2.95,2.51,2.81,4.16,4.53,3.35,Indang,14.19,120.87
WS2M,2018,4.42,3.57,3.66,3.16,2.65,3.42,3.95,4.44,2.94,2.99,4.12,4.41,3.65,Indang,14.19,120.87
WS2M,2019,4.67,4.02,2.95,2.65,2.18,2.92,3.12,4.6,3.64,2.99,3.24,4.29,3.44,Indang,14.19,120.87
WS2M,2020,4.01,4.87,3.27,3.22,2.21,2.42,2.23,2.83,2.24,3.12,4.15,3.8,3.19,Indang,14.19,120.87
WS2M,2021,4.72,3.85,3.77,3.27,3.06,2.75,4.14,2.94,2.67,3.57,3.75,4.99,3.63,Indang,14.19,120.87
WS2M,2022,4.22,4.43,3.53,3.52,2.4,2.06,2.41,2.75,3.31,3.47,3.66,4.2,3.32,Indang,14.19,120.87
WS2M,2023,4.75,4.28,3.63,2.65,2.8,2.66,3.39,4.18,2.53,2.79,3.98,3.98,3.47,Indang,14.19,120.87
WS2M,2024,4.58,4.4,3.65,3.07,2.68,2.15,3.16,2.67,3.73,3.15,3.2,4.26,3.39,Indang,14.19,120.87
WS2M,2025,4.11,4.28,3.8,2.61,2.79,2.77,4.65,2.49,3.01,2.69,3.85,3.89,3.41,Indang,14.19,120.87
ALLSKY_SFC_SW_DWN,1990,18.17,21.72,22.51,24.96,21.21,17.22,18.27,16.04,17.99,18.14,16.46,16.23,19.05,Mendez,14.13,120.9
ALLSKY_SFC_SW_DWN,1991,17.38,19.5,23.2,23.67,23.1,19.18,16.68,12.57,15.47,17.59,16.71,17.17,18.51,Mendez,14.13,120.9
ALLSKY_SFC_SW_DWN,1992,17.47,20.64,23.46,23.65,21.92,20.46,17.94,13.29,15.93,17.84,17.48,16.78,18.89,Mendez,14.13,120.9
ALLSKY_SFC_SW_DWN,1993,18.42,21.06,22.47,24.08,24.36,20.87,18.04,16.24,15.75,16.89,16.46,14.12,19.04,Mendez,14.13,120.9
ALLSKY_SFC_SW_DWN,1994,17.31,20.13,21.72,23.41,21.92,19.63,12.53,18.8,16.86,19.07,19.06,16.68,18.91,Mendez,14.13,120.9
ALLSKY_SFC_SW_DWN,1995,17.24,20.14,22.69,25.05,21.19,21.11,17.95,16.67,14.69,16.83,15.28,13.83,18.54,Mendez,14.13,120.9
ALLSKY_SFC_SW_DWN,1996,15.56,19.01,21.36,21.13,19.89,20.44,15.7,18.79,16.1,17.37,14.37,15.87,17.96,Mendez,14.13,120.9
ALLSKY_SFC_SW_DWN,1997,16.76,18.1,21.75,22.86,20.25,20.3,17.16,15.27,17.7,18.96,17.98,16.66,18.64,Mendez,14.13,120.9
ALLSKY_SFC_SW_DWN,1998,16.77,20.22,22.1,23.65,19.57,20.71,19.95,19.22,15.18,14.6,16.26,13.64,18.47,Mendez,14.13,120.9
ALLSKY_SFC_SW_DWN,1999,14.94,18.27,19.68,20.95,20.95,17.62,15.91,16.01,16.34,16.77,15.21,13.79,17.19,Mendez,14.13,120.9
ALLSKY_SFC_SW_DWN,2000,16.35,16.51,19.4,22.38,17.88,19.72,13.99,17.06,16.84,15.56,14.73,14.19,17.04,Mendez,14.13,120.9
ALLSKY_SFC_SW_DWN,2001,16.61,16.75,20.93,23.06,19.93,18.82,17.16,14.25,17.83,17.58,17.12,15.09,17.92,Mendez,14.13,120.9
ALLSKY_SFC_SW_DWN,2002,17.65,19.49,22.84,24.71,21.94,20.53,12.71,17.32,16.54,18.36,15.72,16.38,18.67,Mendez,14.13,120.9
ALLSKY_SFC_SW_DWN,2003,17.38,20.41,22.8,24.58,19.22,18.83,19.37,16.39,16.2,18.82,16.83,15.54,18.85,Mendez,14.13,120.9
ALLSKY_SFC_SW_DWN,2004,17.49,18.76,22.85,24.28,20.54,14.73,20.08,15.69,20.23,18.54,15.33,16.05,18.72,Mendez,14.13,120.9
ALLSKY_SFC_SW_DWN,2005,17.14,20.31,21.61,24.0,23.43,18.56,17.22,14.85,15.88,16.95,15.62,12.81,18.18,Mendez,14.13,120.9
ALLSKY_SFC_SW_DWN,2006,15.53,18.66,21.98,24.6,20.56,20.85,12.31,14.35,18.09,17.1,17.24,14.39,17.94,Mendez,14.13,120.9
ALLSKY_SFC_SW_DWN,2007,16.2,20.45,22.37,23.91,21.06,19.64,19.22,13.51,15.98,15.57,13.82,15.5,18.08,Mendez,14.13,120.9
ALLSKY_SFC_SW_DWN,2008,15.49,16.25,21.94,22.61,18.64,20.51,17.34,16.01,16.85,17.15,14.87,14.47,17.67,Mendez,14.13,120.9
ALLSKY_SFC_SW_DWN,2009,14.97,18.02,21.28,20.3,20.24,16.46,16.79,17.59,13.23,14.94,17.59,17.24,17.39,Mendez,14.13,120.9
ALLSKY_SFC_SW_DWN,2010,17.29,22.02,22.61,24.49,24.41,18.96,18.92,17.62,19.22,15.55,15.31,14.54,19.22,Mendez,14.13,120.9
ALLSKY_SFC_SW_DWN,2011,15.04,18.76,19.32,23.29,20.69,16.77,15.28,14.52,15.11,17.38,15.71,13.76,17.12,Mendez,14.13,120.9
ALLSKY_SFC_SW_DWN,2012,16.27,18.66,18.76,24.62,20.63,16.81,15.51,13.33,16.23,16.53,18.29,15.5,17.57,Mendez,14.13,120.9
ALLSKY_SFC_SW_DWN,2013,15.91,18.42,21.98,24.24,21.14,19.1,18.05,13.75,13.95,17.14,15.75,15.38,17.89,Mendez,14.13,120.9
ALLSKY_SFC_SW_DWN,2014,17.17,20.26,21.73,23.91,24.27,17.6,14.99,17.92,16.71,17.75,17.13,13.29,18.54,Mendez,14.13,120.9
ALLSKY_SFC_SW_DWN,2015,16.24,20.15,22.29,24.78,23.71,22.45,16.5,18.49,20.68,17.69,18.61,15.53,19.74,Mendez,14.13,120.9
ALLSKY_SFC_SW_DWN,2016,18.22,18.92,23.14,25.13,22.41,19.94,18.91,14.1,16.8,16.12,15.82,14.52,18.66,Mendez,14.13,120.9
ALLSKY_SFC_SW_DWN,2017,15.21,19.0,22.49,24.15,21.8,21.44,15.93,18.75,17.91,15.8,15.83,14.31,18.53,Mendez,14.13,120.9
ALLSKY_SFC_SW_DWN,2018,15.37,20.27,22.62,24.53,23.64,15.56,12.8,14.11,18.68,20.34,18.21,14.05,18.32,Mendez,14.13,120.9
ALLSKY_SFC_SW_DWN,2019,17.4,21.52,24.25,24.96,21.36,20.74,17.3,13.76,15.88,20.42,15.29,15.76,19.03,Mendez,14.13,120.9
ALLSKY_SFC_SW_DWN,2020,17.35,19.87,24.03,23.88,23.06,21.32,20.27,16.84,20.28,14.9,15.35,14.37,19.28,Mendez,14.13,120.9
ALLSKY_SFC_SW_DWN,2021,15.11,18.97,21.71,23.23,23.86,19.15,14.79,18.43,17.9,15.78,17.23,15.61,18.47,Mendez,14.13,120.9
ALLSKY_SFC_SW_DWN,2022,17.8,18.11,22.98,21.41,22.26,21.09,17.8,16.01,16.05,16.83,16.85,14.3,18.46,Mendez,14.13,120.9
ALLSKY_SFC_SW_DWN,2023,15.11,18.84,23.78,22.27,21.85,19.16,16.42,17.57,16.95,16.61,17.18,15.74,18.45,Mendez,14.13,120.9
ALLSKY_SFC_SW_DWN,2024,17.12,21.06,22.14,25.92,22.92,20.66,15.12,19.55,14.06,15.79,17.45,13.07,18.72,Mendez,14.13,120.9
ALLSKY_SFC_SW_DWN,2025,15.93,17.29,21.27,24.49,22.13,17.21,12.27,17.88,14.37,16.12,14.45,15.18,17.38,Mendez,14.13,120.9
EVLAND,1990,1.96,0.64,0.72,0.17,2.09,3.92,4.19,5.32,4.15,4.02,4.56,4.74,3.06,Mendez,14.13,120.9
EVLAND,1991,2.95,2.16,1.74,1.16,2.37,3.08,3.78,3.52,3.89,4.94,4.76,3.97,3.2,Mendez,14.13,120.9
EVLAND,1992,2.29,1.24,0.65,0.81,1.37,2.49,3.18,3.65,3.9,4.15,5.22,4.18,2.77,Mendez,14.13,120.9
EVLAND,1993,2.52,1.43,0.71,0.74,1.48,2.43,3.63,3.57,3.41,4.55,3.86,4.71,2.77,Mendez,14.13,120.9
EVLAND,1994,4.51,3.45,2.05,1.93,1.81,2.93,3.92,4.12,3.6,5.0,4.89,2.89,3.43,Mendez,14.13,120.9
EVLAND,1995,2.23,1.27,0.43,0.23,1.44,3.23,3.0,3.42,3.6,4.37,4.07,4.11,2.63,Mendez,14.13,120.9
EVLAND,1996,4.22,3.02,1.68,1.81,1.69,2.85,3.05,3.78,3.78,3.4,4.34,5.32,3.25,Mendez,14.13,120.9
EVLAND,1997,3.42,2.51,1.19,0.96,2.02,4.02,3.47,4.05,3.64,4.86,4.56,2.34,3.09,Mendez,14.13,120.9
EVLAND,1998,1.09,0.51,0.45,0.61,1.87,3.5,3.75,3.47,3.86,3.64,3.39,4.01,2.53,Mendez,14.13,120.9
EVLAND,1999,4.92,5.07,3.63,3.96,3.04,3.78,3.71,4.31,3.72,3.7,4.42,3.92,4.01,Mendez,14.13,120.9
EVLAND,2000,5.12,4.06,3.32,2.97,3.08,3.61,4.19,3.83,4.32,3.97,3.99,3.87,3.86,Mendez,14.13,120.9
EVLAND,2001,4.86,4.38,3.18,2.58,3.32,3.38,4.38,3.88,3.58,3.81,5.01,5.22,3.97,Mendez,14.13,120.9
EVLAND,2002,3.76,2.64,1.28,0.89,1.26,3.47,4.45,4.02,3.54,3.92,4.17,4.52,3.17,Mendez,14.13,120.9
EVLAND,2003,3.43,1.9,0.79,0.47,1.89,4.73,4.27,3.81,3.62,4.98,4.69,4.25,3.25,Mendez,14.13,120.9
EVLAND,2004,2.6,1.61,0.79,0.74,3.38,3.78,3.84,4.02,4.56,5.04,4.45,4.56,3.29,Mendez,14.13,120.9
EVLAND,2005,3.06,1.91,1.02,0.96,1.09,3.08,3.46,3.99,3.77,4.06,4.32,4.13,2.91,Mendez,14.13,120.9
EVLAND,2006,4.64,4.36,3.05,1.71,2.32,3.57,3.29,4.07,3.73,4.72,3.89,4.55,3.66,Mendez,14.13,120.9
EVLAND,2007,4.53,2.74,1.32,0.56,2.04,2.92,3.69,3.97,3.47,4.29,4.37,4.72,3.23,Mendez,14.13,120.9
EVLAND,2008,4.77,3.91,2.95,2.09,3.64,4.13,3.84,4.18,3.96,3.78,3.67,4.54,3.79,Mendez,14.13,120.9
EVLAND,2009,4.03,2.82,2.5,2.56,4.74,4.32,3.69,4.62,3.95,4.38,5.01,4.11,3.9,Mendez,14.13,120.9
EVLAND,2010,2.38,0.93,0.78,0.61,1.08,2.34,3.46,4.13,3.78,3.74,3.47,3.94,2.57,Mendez,14.13,120.9
EVLAND,2011,4.44,3.53,2.69,1.15,2.9,4.19,4.35,4.16,3.82,4.12,4.1,4.16,3.64,Mendez,14.13,120.9
EVLAND,2012,4.88,4.01,3.49,3.34,3.12,4.05,3.99,4.7,3.85,5.01,4.69,4.04,4.1,Mendez,14.13,120.9
EVLAND,2013,3.11,2.9,3.32,1.74,2.14,3.93,3.94,3.76,3.78,4.92,4.66,3.86,3.51,Mendez,14.13,120.9
EVLAND,2014,4.04,2.39,1.15,0.86,1.86,3.47,3.87,4.46,4.22,4.3,4.67,4.65,3.34,Mendez,14.13,120.9
EVLAND,2015,4.82,3.25,1.74,0.82,0.85,2.94,4.14,4.09,4.24,4.95,5.18,4.6,3.47,Mendez,14.13,120.9
EVLAND,2016,4.94,3.69,2.13,1.06,1.77,3.28,4.27,4.18,3.66,3.97,4.63,4.23,3.49,Mendez,14.13,120.9
EVLAND,2017,5.13,4.59,2.94,1.93,2.83,4.01,4.02,4.53,4.24,4.14,4.68,4.58,3.97,Mendez,14.13,120.9
EVLAND,2018,4.67,4.06,2.93,1.5,2.25,3.93,3.56,4.54,4.21,4.99,5.1,3.43,3.76,Mendez,14.13,120.9
EVLAND,2019,4.46,2.59,0.81,0.86,2.28,3.55,3.79,4.47,4.65,4.86,3.92,4.91,3.44,Mendez,14.13,120.9
EVLAND,2020,4.67,3.63,2.98,2.98,2.9,4.24,4.12,4.1,3.99,3.6,4.41,3.78,3.78,Mendez,14.13,120.9
EVLAND,2021,4.9,5.32,3.9,2.14,1.58,3.44,4.23,4.27,3.85,4.18,4.29,4.74,3.9,Mendez,14.13,120.9
EVLAND,2022,3.67,2.91,2.48,3.03,3.5,4.08,3.97,3.93,3.85,3.98,3.91,4.15,3.63,Mendez,14.13,120.9
EVLAND,2023,4.7,4.68,2.81,2.75,2.81,3.84,4.58,4.74,4.06,4.18,4.6,4.76,4.04,Mendez,14.13,120.9
EVLAND,2024,4.11,2.45,1.08,0.81,2.0,4.36,4.14,4.19,4.17,4.13,4.78,4.48,3.4,Mendez,14.13,120.9
EVLAND,2025,4.55,4.27,3.31,1.93,3.46,4.09,4.88,4.36,3.93,3.91,4.1,4.47,3.94,Mendez,14.13,120.9
GWETROOT,1990,0.5,0.46,0.45,0.44,0.5,0.77,0.95,0.98,0.97,0.94,0.89,0.73,0.72,Mendez,14.13,120.9
GWETROOT,1991,0.58,0.5,0.48,0.46,0.48,0.56,0.78,0.97,0.98,0.9,0.76,0.65,0.68,Mendez,14.13,120.9
GWETROOT,1992,0.54,0.47,0.45,0.44,0.46,0.52,0.64,0.82,0.94,0.89,0.85,0.67,0.64,Mendez,14.13,120.9
GWETROOT,1993,0.55,0.48,0.45,0.44,0.46,0.53,0.68,0.89,0.94,0.92,0.85,0.87,0.67,Mendez,14.13,120.9
GWETROOT,1994,0.77,0.61,0.5,0.48,0.48,0.58,0.8,0.91,0.89,0.86,0.68,0.56,0.68,Mendez,14.13,120.9
GWETROOT,1995,0.52,0.47,0.45,0.44,0.47,0.58,0.64,0.75,0.96,0.96,0.93,0.86,0.67,Mendez,14.13,120.9
GWETROOT,1996,0.73,0.57,0.49,0.49,0.49,0.57,0.67,0.89,0.93,0.91,0.94,0.83,0.71,Mendez,14.13,120.9
GWETROOT,1997,0.62,0.52,0.47,0.45,0.51,0.72,0.88,0.96,0.93,0.83,0.64,0.52,0.67,Mendez,14.13,120.9
GWETROOT,1998,0.47,0.45,0.44,0.44,0.49,0.63,0.72,0.79,0.87,0.98,0.96,0.96,0.68,Mendez,14.13,120.9
GWETROOT,1999,0.89,0.69,0.59,0.63,0.63,0.71,0.92,0.98,0.97,0.96,0.93,0.91,0.82,Mendez,14.13,120.9
GWETROOT,2000,0.78,0.68,0.61,0.54,0.59,0.7,0.94,0.95,0.98,0.94,0.96,0.92,0.8,Mendez,14.13,120.9
GWETROOT,2001,0.78,0.65,0.58,0.51,0.57,0.69,0.91,0.95,0.94,0.88,0.88,0.81,0.76,Mendez,14.13,120.9
GWETROOT,2002,0.65,0.54,0.47,0.45,0.46,0.58,0.92,0.97,0.97,0.96,0.92,0.78,0.72,Mendez,14.13,120.9
GWETROOT,2003,0.61,0.5,0.46,0.44,0.51,0.82,0.84,0.94,0.97,0.91,0.82,0.68,0.71,Mendez,14.13,120.9
GWETROOT,2004,0.55,0.48,0.46,0.44,0.6,0.88,0.93,0.97,0.92,0.84,0.72,0.75,0.71,Mendez,14.13,120.9
GWETROOT,2005,0.6,0.5,0.46,0.45,0.45,0.63,0.83,0.95,0.97,0.95,0.91,0.9,0.72,Mendez,14.13,120.9
GWETROOT,2006,0.78,0.66,0.55,0.48,0.54,0.64,0.88,0.98,0.95,0.93,0.87,0.85,0.76,Mendez,14.13,120.9
GWETROOT,2007,0.7,0.55,0.47,0.45,0.49,0.61,0.75,0.91,0.97,0.97,0.94,0.89,0.73,Mendez,14.13,120.9
GWETROOT,2008,0.79,0.66,0.57,0.5,0.64,0.76,0.91,0.95,0.97,0.97,0.95,0.86,0.79,Mendez,14.13,120.9
GWETROOT,2009,0.7,0.59,0.51,0.55,0.84,0.97,0.97,0.95,0.98,0.97,0.87,0.67,0.8,Mendez,14.13,120.9
GWETROOT,2010,0.54,0.47,0.45,0.44,0.45,0.52,0.76,0.94,0.96,0.98,0.97,0.9,0.7,Mendez,14.13,120.9
GWETROOT,2011,0.78,0.63,0.54,0.47,0.57,0.87,0.97,0.99,0.98,0.98,0.95,0.94,0.81,Mendez,14.13,120.9
GWETROOT,2012,0.79,0.67,0.58,0.57,0.58,0.78,0.95,0.99,0.99,0.96,0.85,0.68,0.78,Mendez,14.13,120.9
GWETROOT,2013,0.6,0.54,0.55,0.47,0.51,0.77,0.96,0.99,0.99,0.97,0.92,0.83,0.76,Mendez,14.13,120.9
GWETROOT,2014,0.67,0.53,0.47,0.45,0.47,0.64,0.88,0.95,0.98,0.97,0.85,0.83,0.73,Mendez,14.13,120.9
GWETROOT,2015,0.75,0.59,0.48,0.45,0.44,0.54,0.76,0.87,0.95,0.95,0.79,0.78,0.7,Mendez,14.13,120.9
GWETROOT,2016,0.75,0.59,0.5,0.45,0.48,0.61,0.82,0.95,0.96,0.98,0.94,0.92,0.75,Mendez,14.13,120.9
GWETROOT,2017,0.85,0.69,0.54,0.48,0.53,0.67,0.86,0.96,0.98,0.98,0.97,0.91,0.79,Mendez,14.13,120.9
GWETROOT,2018,0.79,0.65,0.53,0.47,0.49,0.84,0.98,0.98,0.98,0.89,0.72,0.62,0.75,Mendez,14.13,120.9
GWETROOT,2019,0.69,0.53,0.46,0.45,0.5,0.62,0.83,0.97,0.97,0.87,0.88,0.83,0.72,Mendez,14.13,120.9
GWETROOT,2020,0.69,0.59,0.56,0.54,0.56,0.76,0.9,0.98,0.93,0.99,0.98,0.97,0.79,Mendez,14.13,120.9
GWETROOT,2021,0.9,0.74,0.59,0.49,0.47,0.65,0.84,0.95,0.98,0.98,0.88,0.76,0.77,Mendez,14.13,120.9
GWETROOT,2022,0.63,0.54,0.51,0.53,0.59,0.78,0.94,0.98,0.99,0.97,0.97,0.89,0.78,Mendez,14.13,120.9
GWETROOT,2023,0.86,0.68,0.53,0.51,0.51,0.68,0.86,0.94,0.97,0.96,0.91,0.81,0.77,Mendez,14.13,120.9
GWETROOT,2024,0.66,0.52,0.46,0.45,0.48,0.7,0.89,0.96,0.98,0.97,0.92,0.83,0.74,Mendez,14.13,120.9
GWETROOT,2025,0.77,0.66,0.57,0.49,0.54,0.79,0.95,0.94,0.99,0.99,0.98,0.94,0.8,Mendez,14.13,120.9
PRECTOTCORR,1990,0.67,0.11,0.57,0.09,6.31,13.59,14.07,18.31,9.74,5.74,4.65,1.62,6.33,Mendez,14.13,120.9
PRECTOTCORR,1991,0.61,1.31,1.38,0.96,3.59,5.45,12.76,16.72,8.8,2.5,3.79,1.16,4.95,Mendez,14.13,120.9
PRECTOTCORR,1992,0.39,0.51,0.38,0.69,2.22,4.24,7.29,10.72,6.8,4.78,3.62,1.12,3.58,Mendez,14.13,120.9
PRECTOTCORR,1993,1.03,0.25,0.36,0.84,1.88,4.96,8.28,11.36,5.37,4.44,4.35,8.54,4.34,Mendez,14.13,120.9
PRECTOTCORR,1994,1.35,0.81,0.34,2.11,2.26,7.1,12.41,5.41,5.83,3.9,0.91,2.79,3.79,Mendez,14.13,120.9
PRECTOTCORR,1995,0.5,0.81,0.12,0.15,3.28,4.68,5.33,9.81,12.89,6.98,4.63,4.87,4.52,Mendez,14.13,120.9
PRECTOTCORR,1996,0.56,0.34,0.88,1.98,2.87,4.88,10.54,3.97,9.75,4.17,8.49,0.99,4.12,Mendez,14.13,120.9
PRECTOTCORR,1997,0.33,1.39,0.31,0.83,8.11,6.48,10.87,10.97,3.99,1.59,1.34,0.84,3.95,Mendez,14.13,120.9
PRECTOTCORR,1998,0.63,0.07,0.39,0.68,5.6,6.34,3.81,6.59,13.31,13.59,4.35,9.57,5.45,Mendez,14.13,120.9
PRECTOTCORR,1999,2.12,1.02,4.24,4.77,3.17,9.67,13.74,15.9,7.93,8.5,5.35,5.75,6.89,Mendez,14.13,120.9
PRECTOTCORR,2000,1.82,2.81,2.5,2.3,6.43,6.31,14.03,8.88,11.65,8.57,4.54,5.29,6.28,Mendez,14.13,120.9
PRECTOTCORR,2001,0.98,4.16,1.32,1.39,6.01,10.0,7.94,11.91,2.7,4.63,6.21,5.58,5.25,Mendez,14.13,120.9
PRECTOTCORR,2002,0.45,0.8,0.72,0.61,2.45,6.92,22.35,6.97,8.13,6.48,4.03,1.51,5.16,Mendez,14.13,120.9
PRECTOTCORR,2003,0.68,0.26,0.35,0.37,10.66,6.04,7.82,11.06,10.65,3.48,4.36,1.06,4.76,Mendez,14.13,120.9
PRECTOTCORR,2004,0.72,1.06,0.26,0.61,9.63,11.71,8.79,11.2,3.02,4.01,6.63,2.28,5.01,Mendez,14.13,120.9
PRECTOTCORR,2005,0.97,0.47,0.72,0.75,1.86,8.74,8.74,12.06,9.72,7.89,2.97,7.28,5.22,Mendez,14.13,120.9
PRECTOTCORR,2006,2.67,0.98,2.25,0.31,5.14,9.41,11.96,11.19,11.74,3.98,2.51,6.87,5.79,Mendez,14.13,120.9
PRECTOTCORR,2007,1.05,0.33,0.51,0.37,4.75,5.71,6.26,16.58,13.84,7.19,9.1,2.61,5.72,Mendez,14.13,120.9
PRECTOTCORR,2008,3.86,1.93,0.75,2.1,8.36,10.4,6.54,8.79,14.11,6.36,7.09,2.34,6.05,Mendez,14.13,120.9
PRECTOTCORR,2009,1.15,1.49,1.47,7.4,11.37,12.61,11.49,6.84,20.6,7.07,2.26,0.52,7.03,Mendez,14.13,120.9
PRECTOTCORR,2010,0.6,0.04,0.65,0.66,1.04,5.75,12.82,8.06,7.43,11.17,6.76,3.15,4.88,Mendez,14.13,120.9
PRECTOTCORR,2011,1.73,0.43,1.53,0.62,7.25,22.86,14.16,16.92,14.14,8.44,6.57,6.54,8.47,Mendez,14.13,120.9
PRECTOTCORR,2012,1.88,2.97,3.97,1.26,5.46,9.66,21.97,25.59,14.02,11.37,1.12,1.77,8.47,Mendez,14.13,120.9
PRECTOTCORR,2013,1.81,3.97,1.99,0.94,4.83,13.77,12.36,25.55,25.25,6.47,7.6,2.46,8.92,Mendez,14.13,120.9
PRECTOTCORR,2014,0.29,0.23,0.65,0.72,3.66,8.27,14.83,9.98,15.19,8.29,2.2,8.07,6.07,Mendez,14.13,120.9
PRECTOTCORR,2015,1.56,0.42,0.55,0.49,0.84,5.97,10.69,10.69,8.43,7.13,1.79,10.71,4.98,Mendez,14.13,120.9
PRECTOTCORR,2016,0.77,1.95,0.57,0.81,3.35,7.02,9.88,15.26,8.01,10.76,6.58,6.88,6.01,Mendez,14.13,120.9
PRECTOTCORR,2017,3.01,1.06,0.56,1.99,5.27,7.22,12.87,12.06,13.69,8.53,9.42,5.55,6.8,Mendez,14.13,120.9
PRECTOTCORR,2018,2.22,0.94,1.18,0.82,4.5,17.36,21.64,10.31,9.3,3.81,1.61,6.79,6.75,Mendez,14.13,120.9
PRECTOTCORR,2019,1.31,0.25,0.1,0.75,5.16,7.91,10.09,14.85,10.98,3.19,5.62,6.96,5.63,Mendez,14.13,120.9
PRECTOTCORR,2020,1.66,3.65,2.54,3.5,4.01,13.97,9.43,7.87,6.78,26.41,21.12,9.04,9.17,Mendez,14.13,120.9
PRECTOTCORR,2021,3.18,1.98,1.63,0.62,2.18,7.69,20.48,6.8,12.42,9.04,2.46,2.94,5.99,Mendez,14.13,120.9
PRECTOTCORR,2022,1.09,1.71,2.08,3.9,8.05,9.95,9.28,12.03,13.41,15.11,3.85,3.75,7.05,Mendez,14.13,120.9
PRECTOTCORR,2023,5.12,1.03,0.37,3.33,4.0,9.41,15.09,8.14,8.09,6.78,5.38,3.27,5.87,Mendez,14.13,120.9
PRECTOTCORR,2024,0.69,0.33,0.66,0.58,5.84,7.98,17.54,8.33,12.51,16.15,2.65,6.42,6.68,Mendez,14.13,120.9
PRECTOTCORR,2025,1.58,3.26,1.75,0.94,6.79,12.55,24.54,8.33,13.97,13.44,10.8,3.77,8.51,Mendez,14.13,120.9
RH2M,1990,78.89,74.1,69.46,67.5,74.77,85.03,86.21,87.46,86.35,85.6,84.62,84.19,80.39,Mendez,14.13,120.9
RH2M,1991,81.16,78.57,73.7,71.28,72.94,79.62,83.83,89.93,88.76,82.09,83.55,82.89,80.71,Mendez,14.13,120.9
RH2M,1992,79.1,74.11,70.32,67.95,71.06,75.84,82.59,87.83,87.36,84.5,83.85,83.03,78.99,Mendez,14.13,120.9
RH2M,1993,79.36,76.04,70.26,67.62,69.49,77.0,84.77,86.99,87.42,86.22,87.14,87.52,80.02,Mendez,14.13,120.9
RH2M,1994,85.11,80.51,76.69,73.62,75.5,82.0,88.92,86.47,86.8,82.78,82.65,80.22,81.79,Mendez,14.13,120.9
RH2M,1995,79.18,76.02,70.54,66.57,75.57,79.49,83.12,86.04,87.56,85.11,87.23,87.18,80.34,Mendez,14.13,120.9
RH2M,1996,84.45,79.94,77.25,78.66,78.91,79.99,84.14,85.2,86.18,84.68,86.7,82.69,82.41,Mendez,14.13,120.9
RH2M,1997,80.38,79.66,71.96,67.89,75.05,82.81,86.86,88.65,85.18,82.17,80.41,77.46,79.88,Mendez,14.13,120.9
RH2M,1998,74.82,70.59,67.67,66.21,74.77,79.18,80.27,83.62,86.06,87.4,87.08,87.8,78.85,Mendez,14.13,120.9
RH2M,1999,86.35,80.97,82.86,82.34,80.14,83.88,87.61,86.86,87.07,86.6,85.63,88.26,84.91,Mendez,14.13,120.9
RH2M,2000,84.2,85.01,83.55,78.67,81.13,83.04,87.68,86.41,86.7,86.69,88.0,87.97,84.93,Mendez,14.13,120.9
RH2M,2001,84.36,83.86,81.94,75.13,78.7,83.13,87.17,89.56,86.78,85.39,84.99,85.55,83.9,Mendez,14.13,120.9
RH2M,2002,82.09,78.9,74.42,69.55,75.01,79.18,88.17,87.67,86.96,84.35,86.02,85.11,81.48,Mendez,14.13,120.9
RH2M,2003,80.14,76.67,71.21,67.83,75.42,83.24,82.58,88.21,87.65,81.98,84.32,81.83,80.11,Mendez,14.13,120.9
RH2M,2004,81.16,76.9,72.04,68.36,81.32,89.12,84.44,89.71,81.69,80.19,85.11,83.86,81.18,Mendez,14.13,120.9
RH2M,2005,80.4,76.7,72.76,68.79,71.27,83.6,85.25,86.03,86.79,85.19,84.67,88.08,80.83,Mendez,14.13,120.9
RH2M,2006,85.98,82.63,80.07,71.52,76.82,80.63,88.55,87.86,85.22,82.88,84.3,86.98,82.81,Mendez,14.13,120.9
RH2M,2007,83.8,79.67,73.72,69.88,76.02,79.86,83.07,85.94,87.52,86.18,85.87,87.44,81.61,Mendez,14.13,120.9
RH2M,2008,85.9,83.69,80.81,78.24,83.87,81.84,85.86,85.08,86.84,85.61,87.46,85.34,84.22,Mendez,14.13,120.9
RH2M,2009,83.81,82.8,78.57,81.44,84.54,86.55,87.03,85.92,88.5,84.89,85.02,80.43,84.12,Mendez,14.13,120.9
RH2M,2010,79.6,73.75,72.41,69.46,68.46,77.57,81.41,84.73,83.09,85.19,86.53,86.32,79.09,Mendez,14.13,120.9
RH2M,2011,84.65,81.07,80.93,72.78,79.7,83.72,85.74,86.9,88.54,85.4,86.37,87.38,83.63,Mendez,14.13,120.9
RH2M,2012,84.93,84.48,82.28,77.88,78.31,85.78,85.8,87.78,87.22,83.32,84.28,83.58,83.8,Mendez,14.13,120.9
RH2M,2013,81.31,80.81,78.92,70.09,74.95,81.27,83.01,86.76,87.18,83.15,86.22,86.04,81.65,Mendez,14.13,120.9
RH2M,2014,78.37,77.39,73.3,68.06,70.57,82.56,87.84,83.97,85.82,83.29,84.95,86.55,80.24,Mendez,14.13,120.9
RH2M,2015,83.21,79.51,73.81,70.73,67.59,76.22,83.96,84.15,83.27,82.64,84.56,85.16,79.58,Mendez,14.13,120.9
RH2M,2016,84.11,81.92,76.2,69.75,72.54,79.12,81.45,88.04,86.35,86.06,85.46,87.04,81.52,Mendez,14.13,120.9
RH2M,2017,85.15,82.82,78.33,73.23,77.69,79.01,84.02,83.43,83.18,83.6,87.0,85.94,81.96,Mendez,14.13,120.9
RH2M,2018,85.92,81.59,76.98,72.81,73.83,84.43,88.97,87.67,85.52,80.61,82.65,83.92,82.09,Mendez,14.13,120.9
RH2M,2019,81.55,76.59,69.61,66.95,74.71,81.17,84.07,87.85,85.81,81.59,84.22,85.38,79.99,Mendez,14.13,120.9
RH2M,2020,82.64,81.16,80.11,78.94,77.7,79.43,80.8,83.48,82.22,86.14,86.65,87.19,82.22,Mendez,14.13,120.9
RH2M,2021,85.58,83.66,81.51,74.0,75.08,82.48,86.31,83.82,84.31,86.15,85.89,84.37,82.77,Mendez,14.13,120.9
RH2M,2022,81.61,81.5,78.68,78.66,77.73,79.69,83.64,84.13,86.1,85.49,86.88,85.7,82.49,Mendez,14.13,120.9
RH2M,2023,86.18,82.89,77.29,74.7,77.03,83.19,83.15,86.37,84.06,84.37,85.43,86.21,82.58,Mendez,14.13,120.9
RH2M,2024,81.97,77.97,74.06,68.44,71.7,79.61,83.76,83.12,86.67,83.65,83.27,86.79,80.1,Mendez,14.13,120.9
RH2M,2025,84.93,83.33,81.17,72.6,76.88,83.99,87.91,83.35,86.17,85.12,86.95,85.35,83.15,Mendez,14.13,120.9
T2M_MAX,1990,30.46,32.15,33.94,34.56,35.56,30.45,30.24,29.96,30.01,29.85,29.81,29.12,35.56,Mendez,14.13,120.9
T2M_MAX,1991,29.17,31.0,31.72,34.33,33.53,33.14,31.77,29.26,29.08,29.72,29.28,29.3,34.33,Mendez,14.13,120.9
T2M_MAX,1992,29.6,31.67,32.8,34.56,34.7,33.38,32.03,29.4,30.18,30.6,29.21,28.79,34.7,Mendez,14.13,120.9
T2M_MAX,1993,29.54,31.75,33.76,34.53,35.51,33.15,31.28,29.98,30.47,29.39,29.35,28.96,35.51,Mendez,14.13,120.9
T2M_MAX,1994,28.95,29.99,31.83,34.89,33.49,31.66,29.34,29.11,29.37,30.0,29.61,29.86,34.89,Mendez,14.13,120.9
T2M_MAX,1995,29.88,31.53,33.92,34.5,34.54,33.04,31.65,30.67,29.9,30.34,29.73,28.32,34.54,Mendez,14.13,120.9
T2M_MAX,1996,28.95,30.19,32.23,32.16,33.19,32.8,31.01,30.5,30.94,30.5,29.78,28.72,33.19,Mendez,14.13,120.9
T2M_MAX,1997,28.83,30.14,32.39,34.02,34.12,30.62,29.78,28.92,30.49,30.76,30.66,30.47,34.12,Mendez,14.13,120.9
T2M_MAX,1998,31.45,33.43,33.99,35.0,34.48,32.67,31.72,30.86,30.3,30.64,30.01,29.39,35.0,Mendez,14.13,120.9
T2M_MAX,1999,29.15,29.74,30.63,31.16,31.7,30.9,29.38,29.91,29.26,30.04,29.71,29.05,31.7,Mendez,14.13,120.9
T2M_MAX,2000,28.88,30.12,30.39,33.13,34.4,31.25,28.89,29.19,29.86,30.38,29.41,29.31,34.4,Mendez,14.13,120.9
T2M_MAX,2001,29.58,29.59,30.84,33.58,34.15,31.93,28.88,29.03,29.65,30.82,30.04,29.32,34.15,Mendez,14.13,120.9
T2M_MAX,2002,29.4,29.99,32.78,34.08,35.37,32.69,29.95,29.86,29.79,30.41,29.93,29.63,35.37,Mendez,14.13,120.9
T2M_MAX,2003,28.98,30.03,33.55,34.97,35.89,30.37,31.62,30.42,29.64,30.4,29.99,29.12,35.89,Mendez,14.13,120.9
T2M_MAX,2004,30.5,31.77,34.45,35.34,34.07,29.85,30.51,28.71,31.01,30.22,29.82,29.02,35.34,Mendez,14.13,120.9
T2M_MAX,2005,29.13,31.92,34.75,34.72,35.23,32.17,30.99,30.49,30.43,30.57,30.37,29.28,35.23,Mendez,14.13,120.9
T2M_MAX,2006,28.92,29.57,31.91,34.49,35.32,32.14,29.15,30.15,30.38,30.13,30.1,29.61,35.32,Mendez,14.13,120.9
T2M_MAX,2007,29.19,30.54,32.61,34.91,34.57,32.9,31.21,29.82,29.93,29.88,30.08,29.13,34.91,Mendez,14.13,120.9
T2M_MAX,2008,28.9,29.24,31.46,33.62,30.74,31.08,30.12,30.57,30.58,30.21,30.09,28.83,33.62,Mendez,14.13,120.9
T2M_MAX,2009,29.08,29.95,31.74,32.12,30.64,30.85,30.13,31.02,30.06,29.57,29.7,29.35,32.12,Mendez,14.13,120.9
T2M_MAX,2010,29.67,32.18,33.02,34.78,36.22,33.43,31.14,30.35,30.68,30.41,29.58,29.59,36.22,Mendez,14.13,120.9
T2M_MAX,2011,28.32,29.53,30.45,33.19,33.49,30.93,30.48,30.34,28.88,30.16,29.78,29.32,33.49,Mendez,14.13,120.9
T2M_MAX,2012,29.09,29.86,30.6,32.4,33.43,30.29,30.28,29.68,29.5,29.88,29.99,30.18,33.43,Mendez,14.13,120.9
T2M_MAX,2013,29.37,30.66,32.22,34.96,33.93,32.05,30.55,30.32,29.91,29.52,29.57,29.07,34.96,Mendez,14.13,120.9
T2M_MAX,2014,28.67,30.0,32.85,34.6,35.06,33.89,30.8,30.5,30.76,30.29,30.21,29.25,35.06,Mendez,14.13,120.9
T2M_MAX,2015,28.48,29.61,32.5,34.57,35.08,34.89,30.85,31.28,30.99,31.03,30.16,30.45,35.08,Mendez,14.13,120.9
T2M_MAX,2016,29.49,29.9,32.88,35.32,35.22,32.21,31.71,30.62,30.33,30.38,29.79,29.66,35.32,Mendez,14.13,120.9
T2M_MAX,2017,28.71,29.53,32.55,34.29,33.46,32.3,31.29,31.36,31.57,30.3,29.99,29.96,34.29,Mendez,14.13,120.9
T2M_MAX,2018,29.08,29.91,32.3,34.8,34.51,31.74,28.78,29.47,30.09,30.92,30.48,30.22,34.8,Mendez,14.13,120.9
T2M_MAX,2019,29.01,30.02,33.96,34.68,34.45,33.16,30.54,29.36,30.9,30.8,30.02,29.72,34.68,Mendez,14.13,120.9
T2M_MAX,2020,29.81,29.2,31.8,32.19,33.16,33.36,31.45,30.87,31.29,29.9,30.04,29.41,33.36,Mendez,14.13,120.9
T2M_MAX,2021,29.41,30.03,31.4,33.19,34.67,31.82,31.62,30.94,30.61,30.3,30.18,29.65,34.67,Mendez,14.13,120.9
T2M_MAX,2022,30.01,30.58,32.34,32.66,33.54,31.34,31.15,30.67,30.99,30.38,29.88,29.69,33.54,Mendez,14.13,120.9
T2M_MAX,2023,28.82,29.75,32.44,33.55,34.04,31.63,31.77,30.16,31.25,30.92,30.72,29.92,34.04,Mendez,14.13,120.9
T2M_MAX,2024,29.7,30.85,32.82,36.89,36.38,32.9,31.26,31.67,31.23,30.95,30.67,30.24,36.89,Mendez,14.13,120.9
T2M_MAX,2025,29.57,29.8,31.43,35.41,34.06,31.39,29.6,30.58,30.0,30.67,30.07,29.84,35.41,Mendez,14.13,120.9
T2M_MIN,1990,21.78,22.6,22.87,24.77,26.07,25.92,25.45,25.26,25.22,24.94,23.05,22.6,21.78,Mendez,14.13,120.9
T2M_MIN,1991,22.42,22.75,22.73,24.39,25.78,26.0,25.38,25.48,24.9,24.39,22.84,22.53,22.42,Mendez,14.13,120.9
T2M_MIN,1992,21.86,22.18,23.44,24.73,25.81,26.72,25.51,25.67,25.05,24.93,21.9,22.38,21.86,Mendez,14.13,120.9
T2M_MIN,1993,20.98,21.58,22.79,23.57,25.59,26.33,25.59,25.06,24.9,24.13,24.3,22.52,20.98,Mendez,14.13,120.9
T2M_MIN,1994,22.09,22.61,23.2,23.91,26.56,25.69,24.79,25.22,24.74,24.01,23.5,22.58,22.09,Mendez,14.13,120.9
T2M_MIN,1995,21.77,21.52,22.56,24.62,25.51,26.25,25.48,25.84,25.6,25.11,24.7,21.83,21.52,Mendez,14.13,120.9
T2M_MIN,1996,21.88,21.51,23.1,24.63,25.76,25.88,26.03,25.42,25.31,25.57,25.07,21.24,21.24,Mendez,14.13,120.9
T2M_MIN,1997,21.61,21.81,21.95,24.57,25.82,25.82,25.5,25.08,25.21,24.8,23.59,22.72,21.61,Mendez,14.13,120.9
T2M_MIN,1998,22.25,22.96,23.48,24.71,26.49,26.42,25.93,25.98,25.96,26.01,25.37,24.68,22.25,Mendez,14.13,120.9
T2M_MIN,1999,23.51,21.77,23.07,24.12,25.6,25.47,25.65,24.77,25.28,25.27,23.85,21.75,21.75,Mendez,14.13,120.9
T2M_MIN,2000,21.37,22.73,23.81,25.17,26.05,25.85,24.74,24.91,25.02,24.98,24.41,24.24,21.37,Mendez,14.13,120.9
T2M_MIN,2001,22.13,22.55,23.97,25.64,26.11,25.93,25.15,25.59,25.11,25.36,22.14,21.61,21.61,Mendez,14.13,120.9
T2M_MIN,2002,21.23,21.57,21.71,23.98,25.16,26.56,25.65,25.45,25.22,25.61,24.03,23.93,21.23,Mendez,14.13,120.9
T2M_MIN,2003,22.08,22.14,22.74,25.28,26.13,25.15,25.98,25.32,25.11,24.32,24.01,22.53,22.08,Mendez,14.13,120.9
T2M_MIN,2004,22.65,22.03,23.68,25.45,25.85,25.76,25.33,25.23,24.98,24.05,24.3,23.13,22.03,Mendez,14.13,120.9
T2M_MIN,2005,21.75,22.49,22.43,23.68,26.62,26.02,25.64,25.32,25.27,25.94,24.44,22.69,21.75,Mendez,14.13,120.9
T2M_MIN,2006,22.55,22.76,23.84,24.99,26.12,26.02,25.26,25.4,25.48,24.7,24.81,23.86,22.55,Mendez,14.13,120.9
T2M_MIN,2007,21.49,21.46,23.1,24.85,25.97,26.51,26.2,25.12,25.43,25.05,22.95,22.61,21.46,Mendez,14.13,120.9
T2M_MIN,2008,22.57,22.61,22.4,25.04,25.47,24.89,25.17,24.53,25.41,25.4,24.74,22.67,22.4,Mendez,14.13,120.9
T2M_MIN,2009,21.08,22.82,23.92,25.09,25.32,25.59,25.5,25.83,25.33,23.47,24.23,22.82,21.08,Mendez,14.13,120.9
T2M_MIN,2010,22.45,22.69,22.73,24.94,26.29,26.63,25.33,25.75,25.27,25.38,24.89,23.7,22.45,Mendez,14.13,120.9
T2M_MIN,2011,22.07,22.41,23.14,23.24,25.68,25.62,25.34,25.51,25.25,24.96,25.03,23.55,22.07,Mendez,14.13,120.9
T2M_MIN,2012,23.37,23.01,23.67,24.49,26.75,25.61,25.39,25.23,24.95,24.48,24.42,23.64,23.01,Mendez,14.13,120.9
T2M_MIN,2013,21.99,23.2,22.85,25.25,26.77,25.97,25.7,25.52,25.53,24.39,24.49,23.96,21.99,Mendez,14.13,120.9
T2M_MIN,2014,20.37,22.33,22.69,24.99,26.79,26.31,25.45,25.41,25.46,24.94,23.53,23.31,20.37,Mendez,14.13,120.9
T2M_MIN,2015,22.09,21.37,22.18,24.05,26.58,26.6,25.78,25.86,25.44,25.27,24.76,23.21,21.37,Mendez,14.13,120.9
T2M_MIN,2016,22.59,22.59,23.78,24.97,27.01,26.76,25.74,26.0,25.14,25.48,24.35,24.15,22.59,Mendez,14.13,120.9
T2M_MIN,2017,23.0,21.31,22.68,23.73,26.26,26.65,26.28,25.75,25.98,25.88,24.97,23.55,21.31,Mendez,14.13,120.9
T2M_MIN,2018,22.7,22.79,23.25,24.33,26.37,25.92,25.6,25.58,25.53,23.77,24.59,24.06,22.7,Mendez,14.13,120.9
T2M_MIN,2019,21.44,22.36,22.67,24.62,27.21,26.53,25.98,25.17,25.4,25.44,23.99,23.82,21.44,Mendez,14.13,120.9
T2M_MIN,2020,22.6,21.78,23.35,24.54,25.99,26.09,26.41,25.79,25.42,25.14,24.37,24.04,21.78,Mendez,14.13,120.9
T2M_MIN,2021,22.08,21.61,23.85,24.63,26.01,26.13,26.33,25.98,25.91,25.38,24.93,23.17,21.61,Mendez,14.13,120.9
T2M_MIN,2022,22.23,23.84,23.94,24.7,26.13,26.13,25.94,25.77,25.84,26.05,25.01,22.74,22.23,Mendez,14.13,120.9
T2M_MIN,2023,22.48,22.68,22.27,24.32,26.39,26.53,26.55,26.83,26.31,25.93,25.09,24.47,22.27,Mendez,14.13,120.9
T2M_MIN,2024,22.7,23.17,23.45,25.63,27.24,27.2,26.59,26.48,26.26,26.07,25.72,24.99,22.7,Mendez,14.13,120.9
T2M_MIN,2025,23.24,23.2,23.47,25.26,26.86,26.12,25.97,25.85,25.49,26.03,25.66,24.03,23.2,Mendez,14.13,120.9
TS,1990,26.27,27.01,27.89,29.92,29.67,28.38,27.65,27.49,27.23,27.37,27.05,26.16,27.67,Mendez,14.13,120.9
TS,1991,25.76,26.57,27.28,29.19,29.76,28.95,27.97,27.32,27.18,27.34,26.38,25.98,27.48,Mendez,14.13,120.9
TS,1992,26.07,26.73,28.31,29.84,30.07,29.92,28.29,27.71,27.24,27.58,26.18,26.0,27.83,Mendez,14.13,120.9
TS,1993,25.55,26.27,27.61,29.41,29.96,29.63,28.1,27.53,27.39,26.98,27.04,25.84,27.61,Mendez,14.13,120.9
TS,1994,25.62,26.31,27.5,28.98,29.94,28.81,27.28,27.36,27.44,27.31,26.5,26.37,27.46,Mendez,14.13,120.9
TS,1995,25.94,26.48,27.92,29.63,29.23,29.36,28.62,28.07,27.87,27.78,27.29,25.94,27.85,Mendez,14.13,120.9
TS,1996,25.74,25.68,27.4,28.19,29.03,29.01,28.84,27.81,27.89,28.09,27.58,26.04,27.61,Mendez,14.13,120.9
TS,1997,25.39,26.37,27.43,29.66,29.44,28.39,27.78,27.27,27.64,28.09,27.71,27.19,27.7,Mendez,14.13,120.9
TS,1998,26.91,28.2,28.58,29.93,30.22,29.5,29.1,28.68,28.38,28.15,27.8,27.27,28.56,Mendez,14.13,120.9
TS,1999,26.64,25.96,27.37,28.03,28.85,28.16,27.65,27.14,27.39,27.61,27.05,26.42,27.36,Mendez,14.13,120.9
TS,2000,25.84,26.33,27.15,28.84,28.88,28.59,27.37,27.93,27.49,27.75,27.04,26.7,27.49,Mendez,14.13,120.9
TS,2001,26.52,26.44,27.46,29.63,29.41,28.83,27.54,27.6,27.58,27.79,26.96,26.09,27.66,Mendez,14.13,120.9
TS,2002,25.67,25.69,27.34,29.39,29.71,29.43,27.73,27.34,27.69,28.06,27.29,26.77,27.68,Mendez,14.13,120.9
TS,2003,25.92,26.37,27.99,30.18,30.17,27.94,28.5,27.45,27.37,27.62,27.5,25.93,27.75,Mendez,14.13,120.9
TS,2004,26.25,26.66,28.54,30.21,28.69,27.48,27.8,27.25,28.03,27.53,27.06,26.32,27.65,Mendez,14.13,120.9
TS,2005,25.55,26.57,27.75,29.15,30.82,28.8,28.52,28.01,27.94,28.09,27.52,26.46,27.94,Mendez,14.13,120.9
TS,2006,26.03,26.36,27.19,29.24,29.31,29.09,27.81,27.54,27.97,27.81,27.63,26.62,27.72,Mendez,14.13,120.9
TS,2007,26.07,26.25,27.86,29.74,29.71,29.54,28.86,28.14,27.84,27.62,27.11,26.3,27.93,Mendez,14.13,120.9
TS,2008,25.89,26.03,27.0,28.64,28.15,28.45,27.6,27.5,27.64,27.89,27.35,26.37,27.38,Mendez,14.13,120.9
TS,2009,25.62,26.43,27.79,28.15,27.99,27.83,27.93,28.1,27.57,27.25,27.15,26.24,27.34,Mendez,14.13,120.9
TS,2010,26.41,27.36,28.47,29.79,31.03,30.03,28.87,28.12,28.23,28.13,27.53,26.83,28.4,Mendez,14.13,120.9
TS,2011,25.92,26.23,26.69,28.1,28.82,28.23,27.79,27.57,27.32,27.44,27.33,26.71,27.35,Mendez,14.13,120.9
TS,2012,26.29,26.36,26.94,28.62,29.31,28.22,27.86,27.36,27.55,27.3,27.37,27.16,27.53,Mendez,14.13,120.9
TS,2013,26.02,26.51,27.61,30.14,30.03,29.01,28.31,27.76,27.76,27.4,27.12,26.86,27.88,Mendez,14.13,120.9
TS,2014,25.32,26.24,27.62,29.81,30.73,29.21,27.79,27.76,27.86,27.88,27.39,26.42,27.84,Mendez,14.13,120.9
TS,2015,25.3,25.53,27.18,29.25,30.95,30.11,28.15,28.36,28.47,28.12,27.59,26.86,28.0,Mendez,14.13,120.9
TS,2016,26.35,26.04,27.92,30.22,30.64,29.63,28.8,28.06,27.99,27.83,27.47,27.2,28.18,Mendez,14.13,120.9
TS,2017,26.18,25.9,27.23,29.31,29.71,29.56,28.63,28.52,28.48,28.31,27.77,27.03,28.06,Mendez,14.13,120.9
TS,2018,26.3,26.54,27.49,29.2,30.11,28.66,27.89,27.58,27.82,28.21,27.6,27.09,27.88,Mendez,14.13,120.9
TS,2019,25.87,26.18,28.4,30.24,30.11,29.66,28.5,27.9,27.78,28.18,27.72,26.65,28.11,Mendez,14.13,120.9
TS,2020,26.21,25.77,27.43,28.75,30.09,29.54,29.07,28.44,28.71,28.34,27.6,27.19,28.1,Mendez,14.13,120.9
TS,2021,26.4,26.26,27.55,28.94,30.06,29.0,28.6,28.41,28.36,28.15,27.99,26.81,28.05,Mendez,14.13,120.9
TS,2022,26.42,27.02,28.27,28.46,29.41,29.16,28.9,28.26,28.12,28.31,27.81,27.0,28.1,Mendez,14.13,120.9
TS,2023,26.03,26.23,27.08,29.04,29.93,29.04,28.81,28.45,28.58,28.49,28.11,27.29,28.1,Mendez,14.13,120.9
TS,2024,26.57,26.86,28.11,30.38,31.01,29.83,28.88,29.02,28.52,28.54,28.16,27.41,28.61,Mendez,14.13,120.9
TS,2025,26.67,26.76,27.55,29.88,29.8,28.82,28.23,28.14,27.78,28.07,27.87,27.16,28.07,Mendez,14.13,120.9
WS2M,1990,4.23,4.22,3.57,3.17,2.81,3.45,3.16,4.72,3.19,3.1,3.77,4.84,3.68,Mendez,14.13,120.9
WS2M,1991,4.56,4.03,4.24,3.19,3.22,3.89,3.51,4.21,3.88,3.19,3.91,5.14,3.92,Mendez,14.13,120.9
WS2M,1992,3.83,3.94,3.63,2.7,2.69,3.05,2.99,4.36,3.52,3.33,4.51,5.03,3.63,Mendez,14.13,120.9
WS2M,1993,4.52,4.1,4.02,2.98,2.71,2.39,2.97,3.75,3.0,4.07,4.33,5.32,3.68,Mendez,14.13,120.9
WS2M,1994,4.09,4.05,4.64,3.03,2.18,2.75,4.73,3.3,3.1,3.35,4.86,5.11,3.77,Mendez,14.13,120.9
WS2M,1995,4.84,4.22,4.07,3.89,2.65,2.65,2.92,2.96,3.43,3.21,4.04,5.4,3.69,Mendez,14.13,120.9
WS2M,1996,5.03,5.25,4.55,3.36,3.02,2.75,3.85,2.85,3.07,2.7,4.72,5.43,3.88,Mendez,14.13,120.9
WS2M,1997,4.43,4.89,3.61,2.75,3.65,2.77,2.76,4.36,2.61,3.22,3.98,4.54,3.63,Mendez,14.13,120.9
WS2M,1998,4.37,3.27,4.08,3.51,3.59,2.35,1.82,2.32,3.47,3.85,3.53,4.67,3.41,Mendez,14.13,120.9
WS2M,1999,5.08,5.21,3.78,2.9,2.17,2.85,3.88,3.54,3.26,3.33,4.16,4.91,3.75,Mendez,14.13,120.9
WS2M,2000,4.75,4.53,3.88,2.91,3.02,2.6,4.04,3.35,3.83,3.63,4.13,4.56,3.77,Mendez,14.13,120.9
WS2M,2001,4.28,4.5,4.06,2.81,2.67,2.87,3.76,4.34,3.21,3.29,4.84,5.49,3.84,Mendez,14.13,120.9
WS2M,2002,4.58,4.44,4.08,3.61,2.95,2.46,4.79,3.37,2.98,2.77,4.13,4.01,3.68,Mendez,14.13,120.9
WS2M,2003,4.78,4.7,3.75,2.87,3.68,2.99,2.81,3.39,3.17,2.81,3.86,5.44,3.68,Mendez,14.13,120.9
WS2M,2004,4.14,3.9,3.35,2.73,3.48,4.2,2.5,4.61,2.51,3.01,4.44,4.48,3.61,Mendez,14.13,120.9
WS2M,2005,3.84,3.45,3.83,2.8,1.9,2.54,3.07,3.51,3.07,2.97,3.37,5.09,3.29,Mendez,14.13,120.9
WS2M,2006,3.84,4.6,3.29,3.05,3.01,2.61,4.03,3.71,2.59,3.01,3.32,4.92,3.5,Mendez,14.13,120.9
WS2M,2007,4.65,3.95,3.66,3.12,2.53,2.2,2.62,3.61,3.24,3.66,4.2,4.49,3.49,Mendez,14.13,120.9
WS2M,2008,4.68,4.82,3.49,3.65,2.8,2.68,2.92,2.9,3.41,2.83,3.75,4.78,3.55,Mendez,14.13,120.9
WS2M,2009,4.98,3.96,3.2,2.83,2.77,3.65,3.29,3.69,3.91,3.55,3.49,4.11,3.62,Mendez,14.13,120.9
WS2M,2010,4.45,3.34,3.85,2.94,2.15,2.08,2.18,3.14,2.36,3.17,3.29,3.99,3.08,Mendez,14.13,120.9
WS2M,2011,4.8,4.0,4.81,3.5,2.64,2.94,3.38,3.49,3.64,3.07,3.71,4.02,3.67,Mendez,14.13,120.9
WS2M,2012,3.98,3.97,4.06,2.7,1.95,3.93,3.33,4.31,2.98,3.31,3.58,4.03,3.51,Mendez,14.13,120.9
WS2M,2013,4.46,4.47,3.17,2.17,2.11,2.7,2.46,3.65,3.46,3.11,4.13,3.35,3.26,Mendez,14.13,120.9
WS2M,2014,4.67,3.12,3.59,2.28,1.99,3.07,3.81,2.89,3.26,2.72,3.71,4.95,3.34,Mendez,14.13,120.9
WS2M,2015,4.39,3.88,3.68,3.05,2.2,2.53,3.65,3.11,2.57,3.49,4.04,4.4,3.42,Mendez,14.13,120.9
WS2M,2016,3.81,4.06,2.92,2.79,2.4,2.31,2.57,4.13,2.92,3.04,3.97,4.32,3.27,Mendez,14.13,120.9
WS2M,2017,4.82,4.36,3.59,2.88,2.39,2.09,3.15,2.95,2.51,2.81,4.16,4.53,3.35,Mendez,14.13,120.9
WS2M,2018,4.42,3.57,3.66,3.16,2.65,3.42,3.95,4.44,2.94,2.99,4.12,4.41,3.65,Mendez,14.13,120.9
WS2M,2019,4.67,4.02,2.95,2.65,2.18,2.92,3.12,4.6,3.64,2.99,3.24,4.29,3.44,Mendez,14.13,120.9
WS2M,2020,4.01,4.87,3.27,3.22,2.21,2.42,2.23,2.83,2.24,3.12,4.15,3.8,3.19,Mendez,14.13,120.9
WS2M,2021,4.72,3.85,3.77,3.27,3.06,2.75,4.14,2.94,2.67,3.57,3.75,4.99,3.63,Mendez,14.13,120.9
WS2M,2022,4.22,4.43,3.53,3.52,2.4,2.06,2.41,2.75,3.31,3.47,3.66,4.2,3.32,Mendez,14.13,120.9
WS2M,2023,4.75,4.28,3.63,2.65,2.8,2.66,3.39,4.18,2.53,2.79,3.98,3.98,3.47,Mendez,14.13,120.9
WS2M,2024,4.58,4.4,3.65,3.07,2.68,2.15,3.16,2.67,3.73,3.15,3.2,4.26,3.39,Mendez,14.13,120.9
WS2M,2025,4.11,4.28,3.8,2.61,2.79,2.77,4.65,2.49,3.01,2.69,3.85,3.89,3.41,Mendez,14.13,120.9
ALLSKY_SFC_SW_DWN,1990,18.17,21.72,22.51,24.96,21.21,17.22,18.27,16.04,17.99,18.14,16.46,16.23,19.05,Ternate,14.28,120.7
ALLSKY_SFC_SW_DWN,1991,17.38,19.5,23.2,23.67,23.1,19.18,16.68,12.57,15.47,17.59,16.71,17.17,18.51,Ternate,14.28,120.7
ALLSKY_SFC_SW_DWN,1992,17.47,20.64,23.46,23.65,21.92,20.46,17.94,13.29,15.93,17.84,17.48,16.78,18.89,Ternate,14.28,120.7
ALLSKY_SFC_SW_DWN,1993,18.42,21.06,22.47,24.08,24.36,20.87,18.04,16.24,15.75,16.89,16.46,14.12,19.04,Ternate,14.28,120.7
ALLSKY_SFC_SW_DWN,1994,17.31,20.13,21.72,23.41,21.92,19.63,12.53,18.8,16.86,19.07,19.06,16.68,18.91,Ternate,14.28,120.7
ALLSKY_SFC_SW_DWN,1995,17.24,20.14,22.69,25.05,21.19,21.11,17.95,16.67,14.69,16.83,15.28,13.83,18.54,Ternate,14.28,120.7
ALLSKY_SFC_SW_DWN,1996,15.56,19.01,21.36,21.13,19.89,20.44,15.7,18.79,16.1,17.37,14.37,15.87,17.96,Ternate,14.28,120.7
ALLSKY_SFC_SW_DWN,1997,16.76,18.1,21.75,22.86,20.25,20.3,17.16,15.27,17.7,18.96,17.98,16.66,18.64,Ternate,14.28,120.7
ALLSKY_SFC_SW_DWN,1998,16.77,20.22,22.1,23.65,19.57,20.71,19.95,19.22,15.18,14.6,16.26,13.64,18.47,Ternate,14.28,120.7
ALLSKY_SFC_SW_DWN,1999,14.94,18.27,19.68,20.95,20.95,17.62,15.91,16.01,16.34,16.77,15.21,13.79,17.19,Ternate,14.28,120.7
ALLSKY_SFC_SW_DWN,2000,16.35,16.51,19.4,22.38,17.88,19.72,13.99,17.06,16.84,15.56,14.73,14.19,17.04,Ternate,14.28,120.7
ALLSKY_SFC_SW_DWN,2001,16.61,16.75,20.93,23.06,19.93,18.82,17.16,14.25,17.83,17.58,17.12,15.09,17.92,Ternate,14.28,120.7
ALLSKY_SFC_SW_DWN,2002,17.65,19.49,22.84,24.71,21.94,20.53,12.71,17.32,16.54,18.36,15.72,16.38,18.67,Ternate,14.28,120.7
ALLSKY_SFC_SW_DWN,2003,17.38,20.41,22.8,24.58,19.22,18.83,19.37,16.39,16.2,18.82,16.83,15.54,18.85,Ternate,14.28,120.7
ALLSKY_SFC_SW_DWN,2004,17.49,18.76,22.85,24.28,20.54,14.73,20.08,15.69,20.23,18.54,15.33,16.05,18.72,Ternate,14.28,120.7
ALLSKY_SFC_SW_DWN,2005,17.14,20.31,21.61,24.0,23.43,18.56,17.22,14.85,15.88,16.95,15.62,12.81,18.18,Ternate,14.28,120.7
ALLSKY_SFC_SW_DWN,2006,15.53,18.66,21.98,24.6,20.56,20.85,12.31,14.35,18.09,17.1,17.24,14.39,17.94,Ternate,14.28,120.7
ALLSKY_SFC_SW_DWN,2007,16.2,20.45,22.37,23.91,21.06,19.64,19.22,13.51,15.98,15.57,13.82,15.5,18.08,Ternate,14.28,120.7
ALLSKY_SFC_SW_DWN,2008,15.49,16.25,21.94,22.61,18.64,20.51,17.34,16.01,16.85,17.15,14.87,14.47,17.67,Ternate,14.28,120.7
ALLSKY_SFC_SW_DWN,2009,14.97,18.02,21.28,20.3,20.24,16.46,16.79,17.59,13.23,14.94,17.59,17.24,17.39,Ternate,14.28,120.7
ALLSKY_SFC_SW_DWN,2010,17.29,22.02,22.61,24.49,24.41,18.96,18.92,17.62,19.22,15.55,15.31,14.54,19.22,Ternate,14.28,120.7
ALLSKY_SFC_SW_DWN,2011,15.04,18.76,19.32,23.29,20.69,16.77,15.28,14.52,15.11,17.38,15.71,13.76,17.12,Ternate,14.28,120.7
ALLSKY_SFC_SW_DWN,2012,16.27,18.66,18.76,24.62,20.63,16.81,15.51,13.33,16.23,16.53,18.29,15.5,17.57,Ternate,14.28,120.7
ALLSKY_SFC_SW_DWN,2013,15.91,18.42,21.98,24.24,21.14,19.1,18.05,13.75,13.95,17.14,15.75,15.38,17.89,Ternate,14.28,120.7
ALLSKY_SFC_SW_DWN,2014,17.17,20.26,21.73,23.91,24.27,17.6,14.99,17.92,16.71,17.75,17.13,13.29,18.54,Ternate,14.28,120.7
ALLSKY_SFC_SW_DWN,2015,16.24,20.15,22.29,24.78,23.71,22.45,16.5,18.49,20.68,17.69,18.61,15.53,19.74,Ternate,14.28,120.7
ALLSKY_SFC_SW_DWN,2016,18.22,18.92,23.14,25.13,22.41,19.94,18.91,14.1,16.8,16.12,15.82,14.52,18.66,Ternate,14.28,120.7
ALLSKY_SFC_SW_DWN,2017,15.21,19.0,22.49,24.15,21.8,21.44,15.93,18.75,17.91,15.8,15.83,14.31,18.53,Ternate,14.28,120.7
ALLSKY_SFC_SW_DWN,2018,15.37,20.27,22.62,24.53,23.64,15.56,12.8,14.11,18.68,20.34,18.21,14.05,18.32,Ternate,14.28,120.7
ALLSKY_SFC_SW_DWN,2019,17.4,21.52,24.25,24.96,21.36,20.74,17.3,13.76,15.88,20.42,15.29,15.76,19.03,Ternate,14.28,120.7
ALLSKY_SFC_SW_DWN,2020,17.35,19.87,24.03,23.88,23.06,21.32,20.27,16.84,20.28,14.9,15.35,14.37,19.28,Ternate,14.28,120.7
ALLSKY_SFC_SW_DWN,2021,15.11,18.97,21.71,23.23,23.86,19.15,14.79,18.43,17.9,15.78,17.23,15.61,18.47,Ternate,14.28,120.7
ALLSKY_SFC_SW_DWN,2022,17.8,18.11,22.98,21.41,22.26,21.09,17.8,16.01,16.05,16.83,16.85,14.3,18.46,Ternate,14.28,120.7
ALLSKY_SFC_SW_DWN,2023,15.11,18.84,23.78,22.27,21.85,19.16,16.42,17.57,16.95,16.61,17.18,15.74,18.45,Ternate,14.28,120.7
ALLSKY_SFC_SW_DWN,2024,17.12,21.06,22.14,25.92,22.92,20.66,15.12,19.55,14.06,15.79,17.45,13.07,18.72,Ternate,14.28,120.7
ALLSKY_SFC_SW_DWN,2025,15.93,17.29,21.27,24.49,22.13,17.21,12.27,17.88,14.37,16.12,14.45,15.18,17.38,Ternate,14.28,120.7
EVLAND,1990,1.12,0.28,0.35,0.12,1.78,3.64,3.79,4.49,3.57,3.42,3.63,3.15,2.46,Ternate,14.28,120.7
EVLAND,1991,2.19,0.93,0.93,0.49,2.32,2.84,3.25,3.16,3.56,4.34,3.58,2.93,2.56,Ternate,14.28,120.7
EVLAND,1992,1.68,0.78,0.23,0.56,1.22,2.7,3.05,3.44,3.44,3.58,3.95,2.83,2.29,Ternate,14.28,120.7
EVLAND,1993,1.49,0.53,0.19,0.59,1.32,2.21,3.26,3.52,3.08,3.82,3.08,3.41,2.22,Ternate,14.28,120.7
EVLAND,1994,3.05,2.52,0.77,1.34,2.0,2.81,3.68,3.9,3.35,4.17,3.36,2.17,2.76,Ternate,14.28,120.7
EVLAND,1995,1.42,0.99,0.26,0.14,1.34,3.43,2.77,3.12,3.17,3.72,3.31,2.84,2.22,Ternate,14.28,120.7
EVLAND,1996,2.93,2.24,0.57,1.4,1.8,2.77,2.73,3.39,3.56,3.06,3.48,3.76,2.64,Ternate,14.28,120.7
EVLAND,1997,2.65,1.68,0.56,0.71,1.7,3.85,3.13,3.63,3.2,4.01,3.16,1.65,2.5,Ternate,14.28,120.7
EVLAND,1998,0.42,0.29,0.22,0.91,1.57,3.2,3.2,3.18,3.34,3.21,2.67,2.99,2.11,Ternate,14.28,120.7
EVLAND,1999,3.59,3.3,2.72,2.92,2.29,3.22,3.19,3.84,3.44,3.2,3.54,2.77,3.17,Ternate,14.28,120.7
EVLAND,2000,3.41,2.94,2.57,2.32,2.26,3.08,3.66,3.5,3.85,3.23,3.34,2.82,3.08,Ternate,14.28,120.7
EVLAND,2001,3.34,3.07,2.58,2.22,2.52,2.93,4.1,3.49,3.17,3.19,3.67,3.23,3.13,Ternate,14.28,120.7
EVLAND,2002,2.43,1.12,0.47,0.59,1.31,3.55,3.94,3.63,3.26,3.29,3.16,3.11,2.5,Ternate,14.28,120.7
EVLAND,2003,2.46,0.72,0.51,0.25,1.93,4.35,3.77,3.61,3.29,4.27,3.52,2.68,2.63,Ternate,14.28,120.7
EVLAND,2004,1.55,0.86,0.43,0.77,2.87,3.48,3.44,3.6,3.97,3.99,2.98,3.29,2.61,Ternate,14.28,120.7
EVLAND,2005,2.33,0.77,0.54,0.57,1.27,3.05,3.26,3.47,3.46,3.49,3.49,2.85,2.39,Ternate,14.28,120.7
EVLAND,2006,3.01,3.07,1.81,0.63,1.58,3.0,2.99,3.72,3.39,4.13,3.05,3.25,2.8,Ternate,14.28,120.7
EVLAND,2007,2.97,1.47,0.51,0.38,1.58,2.57,3.23,3.65,3.25,3.84,3.62,3.66,2.57,Ternate,14.28,120.7
EVLAND,2008,3.12,2.68,2.06,0.89,3.02,3.64,3.49,3.76,3.5,3.32,3.08,3.39,3.0,Ternate,14.28,120.7
EVLAND,2009,2.74,2.23,1.2,1.78,4.12,3.93,3.33,4.01,3.51,3.96,3.95,2.64,3.12,Ternate,14.28,120.7
EVLAND,2010,1.13,0.22,0.31,0.25,0.96,2.57,3.2,3.75,3.22,3.32,2.8,3.08,2.08,Ternate,14.28,120.7
EVLAND,2011,3.0,2.94,1.74,0.5,2.65,3.59,4.0,3.82,3.49,3.74,3.26,3.16,2.99,Ternate,14.28,120.7
EVLAND,2012,3.39,2.82,2.47,1.86,2.77,3.66,3.54,4.04,3.43,4.24,3.48,2.47,3.18,Ternate,14.28,120.7
EVLAND,2013,1.96,1.42,2.66,0.75,1.5,3.27,3.56,3.37,3.23,4.51,3.55,2.6,2.71,Ternate,14.28,120.7
EVLAND,2014,2.57,0.94,0.42,0.58,1.51,3.33,3.53,3.98,3.8,3.65,3.64,3.22,2.61,Ternate,14.28,120.7
EVLAND,2015,3.11,2.03,0.56,0.57,1.08,2.83,3.86,3.68,3.84,4.35,3.93,3.26,2.76,Ternate,14.28,120.7
EVLAND,2016,3.27,2.37,1.21,0.68,1.89,3.07,3.77,3.72,3.24,3.58,3.79,3.28,2.83,Ternate,14.28,120.7
EVLAND,2017,3.72,3.3,2.38,1.64,2.54,3.48,3.52,4.07,3.73,3.78,3.63,3.48,3.27,Ternate,14.28,120.7
EVLAND,2018,3.3,3.18,2.51,1.36,2.2,3.4,3.21,3.99,3.74,4.28,3.48,2.4,3.09,Ternate,14.28,120.7
EVLAND,2019,3.04,1.59,0.3,1.15,2.46,3.28,3.36,3.92,4.08,4.06,3.2,3.69,2.85,Ternate,14.28,120.7
EVLAND,2020,3.01,2.79,3.18,3.85,3.35,3.97,3.53,3.62,3.54,3.27,3.73,3.17,3.42,Ternate,14.28,120.7
EVLAND,2021,3.82,3.85,3.04,1.57,1.28,2.66,3.62,3.78,3.34,3.65,3.42,3.31,3.11,Ternate,14.28,120.7
EVLAND,2022,2.71,2.4,1.78,2.64,2.66,3.4,3.57,3.38,3.41,3.21,3.34,3.17,2.97,Ternate,14.28,120.7
EVLAND,2023,3.44,3.29,1.69,2.81,2.73,3.29,4.04,4.19,3.67,3.85,3.71,3.5,3.35,Ternate,14.28,120.7
EVLAND,2024,2.81,1.24,0.9,0.63,1.94,3.4,3.73,3.74,3.57,3.56,4.05,3.34,2.75,Ternate,14.28,120.7
EVLAND,2025,3.38,3.2,2.5,1.41,3.09,3.51,4.37,3.91,3.55,3.35,3.46,3.66,3.29,Ternate,14.28,120.7
GWETROOT,1990,0.61,0.59,0.59,0.58,0.64,0.93,0.99,0.99,0.98,0.95,0.89,0.77,0.79,Ternate,14.28,120.7
GWETROOT,1991,0.66,0.6,0.6,0.59,0.62,0.7,0.9,0.99,1.0,0.93,0.82,0.73,0.76,Ternate,14.28,120.7
GWETROOT,1992,0.63,0.6,0.59,0.59,0.6,0.72,0.87,0.98,0.99,0.92,0.86,0.73,0.76,Ternate,14.28,120.7
GWETROOT,1993,0.62,0.59,0.59,0.59,0.6,0.69,0.88,0.97,0.99,0.96,0.9,0.86,0.77,Ternate,14.28,120.7
GWETROOT,1994,0.78,0.66,0.6,0.6,0.63,0.79,0.96,0.96,0.97,0.91,0.75,0.66,0.77,Ternate,14.28,120.7
GWETROOT,1995,0.62,0.61,0.59,0.58,0.64,0.81,0.89,0.96,0.99,0.97,0.94,0.87,0.79,Ternate,14.28,120.7
GWETROOT,1996,0.78,0.65,0.59,0.61,0.65,0.77,0.87,0.98,0.98,0.95,0.96,0.86,0.8,Ternate,14.28,120.7
GWETROOT,1997,0.7,0.62,0.6,0.59,0.66,0.91,0.98,1.0,0.97,0.88,0.72,0.62,0.77,Ternate,14.28,120.7
GWETROOT,1998,0.59,0.59,0.59,0.6,0.64,0.83,0.87,0.94,0.97,0.99,0.96,0.94,0.79,Ternate,14.28,120.7
GWETROOT,1999,0.89,0.73,0.66,0.68,0.7,0.87,0.99,0.99,0.99,0.98,0.93,0.9,0.86,Ternate,14.28,120.7
GWETROOT,2000,0.8,0.75,0.68,0.62,0.74,0.91,0.99,0.99,0.99,0.97,0.97,0.9,0.86,Ternate,14.28,120.7
GWETROOT,2001,0.79,0.7,0.66,0.62,0.69,0.85,0.98,0.99,0.96,0.9,0.85,0.78,0.82,Ternate,14.28,120.7
GWETROOT,2002,0.67,0.61,0.59,0.59,0.63,0.81,0.98,0.99,0.98,0.96,0.92,0.79,0.79,Ternate,14.28,120.7
GWETROOT,2003,0.67,0.6,0.59,0.59,0.66,0.94,0.94,0.99,0.99,0.93,0.83,0.72,0.79,Ternate,14.28,120.7
GWETROOT,2004,0.62,0.6,0.59,0.59,0.76,0.97,0.98,1.0,0.96,0.86,0.75,0.8,0.79,Ternate,14.28,120.7
GWETROOT,2005,0.66,0.6,0.59,0.59,0.61,0.88,0.97,0.99,0.99,0.96,0.92,0.87,0.8,Ternate,14.28,120.7
GWETROOT,2006,0.78,0.7,0.62,0.59,0.66,0.76,0.95,1.0,0.98,0.94,0.92,0.85,0.81,Ternate,14.28,120.7
GWETROOT,2007,0.73,0.62,0.59,0.59,0.64,0.77,0.89,0.97,0.99,0.97,0.94,0.89,0.8,Ternate,14.28,120.7
GWETROOT,2008,0.79,0.69,0.64,0.6,0.77,0.88,0.97,0.99,0.99,0.98,0.96,0.86,0.84,Ternate,14.28,120.7
GWETROOT,2009,0.75,0.65,0.61,0.67,0.91,0.99,0.99,0.98,0.99,0.97,0.86,0.7,0.84,Ternate,14.28,120.7
GWETROOT,2010,0.61,0.59,0.59,0.59,0.6,0.74,0.9,0.99,0.98,0.98,0.98,0.9,0.79,Ternate,14.28,120.7
GWETROOT,2011,0.81,0.7,0.63,0.59,0.73,0.94,0.99,1.0,0.99,0.98,0.95,0.92,0.85,Ternate,14.28,120.7
GWETROOT,2012,0.8,0.71,0.65,0.63,0.71,0.95,0.99,1.0,1.0,0.96,0.83,0.7,0.83,Ternate,14.28,120.7
GWETROOT,2013,0.64,0.62,0.64,0.59,0.62,0.85,0.98,1.0,1.0,0.97,0.89,0.81,0.8,Ternate,14.28,120.7
GWETROOT,2014,0.69,0.6,0.59,0.59,0.61,0.83,0.98,0.98,0.99,0.98,0.87,0.83,0.8,Ternate,14.28,120.7
GWETROOT,2015,0.76,0.63,0.59,0.59,0.6,0.68,0.92,0.97,0.99,0.97,0.83,0.8,0.78,Ternate,14.28,120.7
GWETROOT,2016,0.76,0.65,0.6,0.59,0.63,0.8,0.96,0.99,0.99,0.99,0.94,0.92,0.82,Ternate,14.28,120.7
GWETROOT,2017,0.85,0.75,0.64,0.6,0.68,0.85,0.96,0.99,0.98,0.98,0.96,0.9,0.85,Ternate,14.28,120.7
GWETROOT,2018,0.81,0.72,0.63,0.6,0.63,0.91,1.0,0.99,0.99,0.9,0.77,0.7,0.8,Ternate,14.28,120.7
GWETROOT,2019,0.74,0.62,0.59,0.6,0.68,0.81,0.96,0.99,0.99,0.91,0.92,0.84,0.81,Ternate,14.28,120.7
GWETROOT,2020,0.72,0.67,0.69,0.7,0.75,0.9,0.97,0.99,0.96,1.0,0.99,0.98,0.86,Ternate,14.28,120.7
GWETROOT,2021,0.92,0.79,0.67,0.6,0.6,0.76,0.94,0.98,0.99,0.99,0.9,0.81,0.83,Ternate,14.28,120.7
GWETROOT,2022,0.71,0.64,0.61,0.64,0.7,0.87,0.98,1.0,0.99,0.99,0.97,0.91,0.84,Ternate,14.28,120.7
GWETROOT,2023,0.87,0.73,0.62,0.64,0.65,0.84,0.96,0.97,0.99,0.98,0.9,0.82,0.83,Ternate,14.28,120.7
GWETROOT,2024,0.71,0.61,0.59,0.59,0.62,0.81,0.96,0.98,0.99,0.98,0.94,0.85,0.8,Ternate,14.28,120.7
GWETROOT,2025,0.82,0.73,0.64,0.6,0.68,0.91,0.99,0.97,1.0,0.99,0.98,0.95,0.86,Ternate,14.28,120.7
PRECTOTCORR,1990,0.46,0.11,0.34,0.11,6.32,20.15,15.81,23.75,14.23,4.62,3.58,1.33,7.61,Ternate,14.28,120.7
PRECTOTCORR,1991,0.36,0.8,0.66,0.51,2.95,6.62,16.03,24.88,14.87,2.47,3.28,0.77,6.23,Ternate,14.28,120.7
PRECTOTCORR,1992,0.32,0.6,0.19,0.58,2.41,5.69,9.09,20.77,10.79,4.34,2.74,0.67,4.87,Ternate,14.28,120.7
PRECTOTCORR,1993,0.45,0.21,0.17,0.79,1.28,6.87,10.15,16.21,7.57,4.79,4.05,4.57,4.8,Ternate,14.28,120.7
PRECTOTCORR,1994,1.2,0.47,0.36,1.47,2.87,9.64,18.07,9.2,6.33,3.08,0.58,1.84,4.63,Ternate,14.28,120.7
PRECTOTCORR,1995,0.44,0.87,0.14,0.15,4.18,6.09,7.03,15.15,14.91,6.05,3.37,3.68,5.2,Ternate,14.28,120.7
PRECTOTCORR,1996,0.49,0.24,0.35,1.59,4.49,5.02,13.39,7.63,12.42,3.71,6.92,0.81,4.76,Ternate,14.28,120.7
PRECTOTCORR,1997,0.32,1.04,0.27,0.75,11.66,8.27,12.5,21.06,4.3,1.49,0.88,0.56,5.31,Ternate,14.28,120.7
PRECTOTCORR,1998,0.42,0.06,0.28,1.01,6.4,5.29,4.47,9.06,16.14,11.0,2.68,6.77,5.33,Ternate,14.28,120.7
PRECTOTCORR,1999,1.29,0.62,2.96,3.59,3.09,11.07,17.22,22.36,11.48,9.64,3.73,4.5,7.69,Ternate,14.28,120.7
PRECTOTCORR,2000,1.07,2.53,1.73,1.71,8.62,6.94,20.84,12.94,14.73,8.46,3.37,3.55,7.24,Ternate,14.28,120.7
PRECTOTCORR,2001,0.58,3.59,1.1,1.52,5.53,11.88,11.31,13.48,2.72,3.45,3.28,3.05,5.14,Ternate,14.28,120.7
PRECTOTCORR,2002,0.3,0.66,0.39,0.62,3.7,7.49,29.46,9.42,9.58,4.37,3.13,1.04,5.9,Ternate,14.28,120.7
PRECTOTCORR,2003,0.5,0.25,0.47,0.29,13.6,8.28,8.09,19.14,14.0,2.39,3.03,0.7,5.94,Ternate,14.28,120.7
PRECTOTCORR,2004,0.4,0.91,0.21,0.79,12.33,16.51,11.69,16.16,3.47,2.59,5.21,2.2,6.06,Ternate,14.28,120.7
PRECTOTCORR,2005,0.5,0.38,0.58,0.51,2.6,11.65,12.92,15.89,11.53,6.71,2.5,3.91,5.84,Ternate,14.28,120.7
PRECTOTCORR,2006,2.15,0.55,1.46,0.21,3.74,8.06,18.88,17.03,11.99,5.27,1.75,4.23,6.33,Ternate,14.28,120.7
PRECTOTCORR,2007,0.62,0.23,0.42,0.38,5.19,3.2,8.6,25.52,19.93,7.67,7.71,1.74,6.81,Ternate,14.28,120.7
PRECTOTCORR,2008,2.03,1.43,0.88,1.05,9.37,10.86,10.42,14.67,22.03,5.66,6.53,1.7,7.22,Ternate,14.28,120.7
PRECTOTCORR,2009,0.95,0.98,1.15,6.56,11.37,20.57,17.6,9.33,28.22,7.32,1.62,0.29,8.84,Ternate,14.28,120.7
PRECTOTCORR,2010,0.39,0.04,0.34,0.57,1.24,6.84,12.07,12.0,8.27,11.45,4.89,2.44,5.09,Ternate,14.28,120.7
PRECTOTCORR,2011,1.5,0.43,1.33,0.33,8.71,30.88,19.75,22.99,23.66,8.1,5.3,4.77,10.68,Ternate,14.28,120.7
PRECTOTCORR,2012,1.27,2.4,2.24,0.65,7.32,17.53,25.28,40.15,17.06,9.48,0.73,0.99,10.48,Ternate,14.28,120.7
PRECTOTCORR,2013,1.14,2.57,1.78,0.5,2.95,15.36,11.6,34.83,29.91,7.44,3.91,1.77,9.5,Ternate,14.28,120.7
PRECTOTCORR,2014,0.13,0.23,0.41,0.71,2.55,12.91,20.18,14.43,20.05,7.29,1.72,4.68,7.14,Ternate,14.28,120.7
PRECTOTCORR,2015,0.91,0.3,0.4,0.58,1.24,6.17,14.1,12.91,9.04,8.32,1.24,9.62,5.46,Ternate,14.28,120.7
PRECTOTCORR,2016,0.53,1.51,0.56,0.81,3.88,7.97,12.41,18.46,8.93,10.36,4.63,5.54,6.33,Ternate,14.28,120.7
PRECTOTCORR,2017,2.3,1.33,0.65,2.28,5.97,7.69,13.84,11.71,10.81,8.81,6.83,3.61,6.35,Ternate,14.28,120.7
PRECTOTCORR,2018,2.16,1.41,1.23,1.21,3.95,21.99,22.42,13.89,10.69,3.51,1.23,4.63,7.39,Ternate,14.28,120.7
PRECTOTCORR,2019,0.77,0.17,0.23,1.19,6.99,9.71,11.23,16.93,12.28,3.58,4.99,4.57,6.09,Ternate,14.28,120.7
PRECTOTCORR,2020,1.13,4.27,5.52,6.44,3.87,18.38,9.09,9.13,10.06,26.07,20.68,10.17,10.4,Ternate,14.28,120.7
PRECTOTCORR,2021,2.73,1.45,1.27,1.01,1.57,8.28,20.66,7.3,14.88,11.54,2.57,2.12,6.32,Ternate,14.28,120.7
PRECTOTCORR,2022,0.95,1.12,1.74,3.21,6.77,9.02,10.8,20.59,13.73,19.19,3.74,2.94,7.88,Ternate,14.28,120.7
PRECTOTCORR,2023,3.63,0.71,0.37,4.02,3.79,10.08,17.34,9.1,10.09,6.28,3.5,2.48,5.98,Ternate,14.28,120.7
PRECTOTCORR,2024,0.59,0.2,1.04,0.48,5.8,7.82,21.17,10.51,16.09,16.3,2.74,5.0,7.36,Ternate,14.28,120.7
PRECTOTCORR,2025,1.56,2.21,1.23,1.27,6.57,18.22,25.72,10.29,16.94,11.12,9.9,3.21,9.05,Ternate,14.28,120.7
RH2M,1990,75.13,70.66,65.84,64.51,73.34,84.32,86.0,86.92,86.15,85.1,83.74,82.31,78.72,Ternate,14.28,120.7
RH2M,1991,77.82,73.52,69.65,66.99,71.77,78.44,83.42,89.52,88.22,80.87,81.73,80.11,78.54,Ternate,14.28,120.7
RH2M,1992,75.21,70.91,66.97,64.52,69.46,76.22,83.34,87.25,87.11,84.01,82.06,80.49,77.33,Ternate,14.28,120.7
RH2M,1993,74.33,70.82,66.4,64.36,66.6,77.62,84.56,86.32,87.37,85.58,86.41,85.33,78.02,Ternate,14.28,120.7
RH2M,1994,82.66,76.92,71.69,70.43,75.81,82.5,88.34,86.18,86.0,81.6,79.63,77.95,80.0,Ternate,14.28,120.7
RH2M,1995,76.1,73.72,68.17,64.77,75.31,80.54,83.81,86.46,87.46,84.87,86.38,86.08,79.52,Ternate,14.28,120.7
RH2M,1996,82.75,76.03,72.03,75.08,78.38,80.26,84.0,85.49,85.53,84.11,86.45,81.52,80.99,Ternate,14.28,120.7
RH2M,1997,77.94,76.15,68.61,65.12,72.8,83.22,86.98,88.39,85.14,80.81,76.99,74.56,78.08,Ternate,14.28,120.7
RH2M,1998,71.75,67.7,64.91,64.9,72.92,79.76,80.3,84.22,85.98,87.13,87.18,87.28,77.9,Ternate,14.28,120.7
RH2M,1999,85.1,77.82,78.45,78.91,78.93,83.74,87.6,86.76,86.59,86.61,84.77,87.65,83.63,Ternate,14.28,120.7
RH2M,2000,82.19,82.84,80.11,74.03,78.76,83.07,87.28,86.0,85.9,86.64,87.47,87.24,83.47,Ternate,14.28,120.7
RH2M,2001,81.95,80.98,78.27,72.1,77.02,82.44,87.06,88.74,86.72,84.15,82.82,82.58,82.09,Ternate,14.28,120.7
RH2M,2002,78.35,73.66,69.98,66.24,73.38,79.8,87.44,87.05,86.41,84.12,85.35,82.97,79.61,Ternate,14.28,120.7
RH2M,2003,77.03,72.15,67.65,64.47,74.05,83.34,82.41,87.88,87.31,80.34,82.27,78.8,78.18,Ternate,14.28,120.7
RH2M,2004,76.53,73.12,67.87,65.55,78.55,88.0,84.18,89.15,81.98,78.38,81.93,81.83,78.95,Ternate,14.28,120.7
RH2M,2005,76.83,71.03,68.25,64.14,70.41,84.25,85.29,85.7,86.05,84.15,83.82,86.75,78.95,Ternate,14.28,120.7
RH2M,2006,83.37,79.55,73.84,65.68,74.04,79.6,87.63,87.54,85.37,81.91,84.6,85.47,80.75,Ternate,14.28,120.7
RH2M,2007,80.61,74.27,69.19,67.01,74.96,79.83,82.47,85.46,86.89,85.31,85.02,86.16,79.81,Ternate,14.28,120.7
RH2M,2008,83.65,80.39,75.96,72.89,82.68,81.1,85.67,85.3,86.42,84.94,87.08,83.64,82.49,Ternate,14.28,120.7
RH2M,2009,81.72,79.46,72.59,78.6,83.54,86.29,86.63,85.49,87.75,83.54,83.32,76.78,82.14,Ternate,14.28,120.7
RH2M,2010,74.47,69.2,68.41,65.88,66.92,79.07,81.97,84.84,83.63,84.95,86.79,85.41,77.68,Ternate,14.28,120.7
RH2M,2011,82.8,78.31,76.98,68.11,77.53,83.37,84.9,85.85,88.07,84.76,86.12,86.78,82.0,Ternate,14.28,120.7
RH2M,2012,82.53,81.74,78.07,72.35,77.28,85.57,85.65,87.49,86.63,82.86,82.6,80.48,81.94,Ternate,14.28,120.7
RH2M,2013,77.11,75.6,74.94,65.61,73.82,80.74,82.61,86.23,86.6,81.79,84.85,84.12,79.53,Ternate,14.28,120.7
RH2M,2014,75.25,71.06,68.48,64.22,67.52,82.18,86.98,84.32,84.66,83.17,83.69,84.52,78.05,Ternate,14.28,120.7
RH2M,2015,79.98,74.24,68.27,67.03,66.95,75.24,83.58,83.6,83.1,82.12,82.15,82.99,77.47,Ternate,14.28,120.7
RH2M,2016,80.61,76.9,70.99,66.07,71.97,80.18,81.96,87.5,86.14,85.89,84.75,86.3,79.96,Ternate,14.28,120.7
RH2M,2017,83.35,80.22,73.84,69.96,76.79,79.32,84.14,83.17,82.46,82.8,86.77,84.94,80.66,Ternate,14.28,120.7
RH2M,2018,83.86,78.21,72.28,68.96,71.53,83.93,88.13,86.69,85.49,79.04,79.82,80.67,79.9,Ternate,14.28,120.7
RH2M,2019,79.13,72.18,65.13,64.94,75.51,80.94,84.12,87.15,85.26,80.4,83.92,83.49,78.56,Ternate,14.28,120.7
RH2M,2020,78.6,77.66,77.03,77.81,77.59,79.64,80.99,83.86,82.46,85.89,86.65,87.07,81.29,Ternate,14.28,120.7
RH2M,2021,84.71,81.12,77.09,68.29,71.48,81.89,85.37,83.69,84.09,85.73,85.12,82.34,80.92,Ternate,14.28,120.7
RH2M,2022,78.67,77.6,74.57,75.99,75.43,79.26,83.6,84.72,85.79,85.72,86.63,84.94,81.1,Ternate,14.28,120.7
RH2M,2023,84.5,79.48,70.66,71.58,76.21,82.27,82.36,85.83,83.72,83.6,84.11,83.58,80.67,Ternate,14.28,120.7
RH2M,2024,78.46,72.99,70.33,64.46,69.99,79.13,83.46,82.94,86.17,82.98,82.48,85.35,78.26,Ternate,14.28,120.7
RH2M,2025,82.75,80.18,75.3,66.37,74.12,83.76,87.09,82.93,85.95,84.66,86.38,84.54,81.18,Ternate,14.28,120.7
T2M_MAX,1990,31.46,32.4,33.89,35.47,35.21,31.14,30.08,29.94,29.92,30.22,30.0,30.11,35.47,Ternate,14.28,120.7
T2M_MAX,1991,30.06,31.5,32.91,35.34,34.28,33.65,31.66,29.81,29.42,30.1,29.79,29.78,35.34,Ternate,14.28,120.7
T2M_MAX,1992,30.86,32.06,33.58,34.98,34.87,33.63,32.31,29.34,30.33,30.51,29.66,29.54,34.98,Ternate,14.28,120.7
T2M_MAX,1993,31.15,32.91,34.43,35.45,35.42,33.52,31.44,30.1,30.77,29.73,29.66,29.42,35.45,Ternate,14.28,120.7
T2M_MAX,1994,29.41,30.78,32.56,35.92,33.31,32.18,29.66,30.32,29.18,30.31,30.86,30.84,35.92,Ternate,14.28,120.7
T2M_MAX,1995,30.54,32.02,34.64,34.85,34.57,33.19,31.18,30.25,29.65,30.41,30.23,28.38,34.85,Ternate,14.28,120.7
T2M_MAX,1996,29.59,31.55,33.84,32.89,33.55,33.01,30.8,30.15,30.7,30.81,30.15,29.07,33.84,Ternate,14.28,120.7
T2M_MAX,1997,29.48,31.07,32.98,34.56,35.04,31.12,29.55,28.69,30.66,31.15,31.79,31.27,35.04,Ternate,14.28,120.7
T2M_MAX,1998,32.04,33.48,34.19,35.09,35.0,33.45,31.7,31.12,30.29,30.73,30.21,29.44,35.09,Ternate,14.28,120.7
T2M_MAX,1999,29.88,30.77,32.56,32.78,32.14,31.26,29.07,29.53,29.49,30.13,30.1,29.29,32.78,Ternate,14.28,120.7
T2M_MAX,2000,29.46,30.76,31.58,34.92,35.13,31.16,28.79,29.79,30.27,30.44,29.74,29.71,35.13,Ternate,14.28,120.7
T2M_MAX,2001,30.33,30.43,32.7,34.64,34.75,31.67,28.81,29.51,29.74,30.89,30.64,30.02,34.75,Ternate,14.28,120.7
T2M_MAX,2002,30.59,31.22,33.67,34.49,35.1,32.62,30.61,30.14,29.5,30.5,30.51,30.21,35.1,Ternate,14.28,120.7
T2M_MAX,2003,30.39,31.34,34.15,35.56,36.45,30.64,32.14,30.11,29.51,30.73,30.66,30.16,36.45,Ternate,14.28,120.7
T2M_MAX,2004,31.6,32.14,34.68,35.59,34.98,29.13,30.56,28.62,31.29,30.8,31.54,29.55,35.59,Ternate,14.28,120.7
T2M_MAX,2005,30.99,32.55,35.39,35.53,35.51,31.65,30.65,30.67,30.76,30.79,30.71,29.46,35.53,Ternate,14.28,120.7
T2M_MAX,2006,29.46,30.69,34.0,35.43,35.82,32.87,28.92,30.46,30.29,30.3,30.3,29.91,35.82,Ternate,14.28,120.7
T2M_MAX,2007,30.32,32.85,34.05,34.93,34.77,32.64,31.5,30.26,30.32,30.19,30.4,29.38,34.93,Ternate,14.28,120.7
T2M_MAX,2008,29.72,30.1,32.62,34.87,31.52,31.55,30.3,30.8,30.68,30.43,30.27,29.28,34.87,Ternate,14.28,120.7
T2M_MAX,2009,29.87,31.35,32.79,33.13,31.32,31.08,30.07,31.06,30.85,29.78,30.17,30.58,33.13,Ternate,14.28,120.7
T2M_MAX,2010,31.1,33.05,33.84,35.2,36.78,33.22,30.86,30.05,30.44,30.74,29.8,30.02,36.78,Ternate,14.28,120.7
T2M_MAX,2011,28.57,30.66,32.43,33.4,34.43,31.58,30.71,30.81,28.81,30.56,29.91,29.66,34.43,Ternate,14.28,120.7
T2M_MAX,2012,29.9,30.78,31.87,33.65,33.45,30.07,30.14,29.69,30.01,30.18,30.52,31.26,33.65,Ternate,14.28,120.7
T2M_MAX,2013,30.65,32.72,33.1,35.43,34.78,33.11,30.49,29.93,30.04,30.13,30.04,29.64,35.43,Ternate,14.28,120.7
T2M_MAX,2014,29.66,31.89,33.85,35.41,35.99,33.96,31.01,30.88,30.99,30.21,30.67,29.77,35.99,Ternate,14.28,120.7
T2M_MAX,2015,29.78,31.71,33.91,34.62,35.18,34.78,30.82,30.83,31.18,31.33,31.01,31.73,35.18,Ternate,14.28,120.7
T2M_MAX,2016,31.01,31.34,33.31,35.67,36.01,31.62,31.06,30.54,29.99,30.41,30.28,29.62,36.01,Ternate,14.28,120.7
T2M_MAX,2017,29.18,30.62,33.57,35.09,34.16,31.97,31.5,31.78,31.94,30.72,30.25,30.24,35.09,Ternate,14.28,120.7
T2M_MAX,2018,29.97,31.54,32.99,35.32,34.8,33.09,28.68,29.4,30.27,31.54,31.2,31.6,35.32,Ternate,14.28,120.7
T2M_MAX,2019,29.78,31.3,34.63,35.67,34.08,33.26,30.24,29.28,31.17,31.22,30.28,29.97,35.67,Ternate,14.28,120.7
T2M_MAX,2020,30.77,30.89,31.7,32.16,32.84,33.12,31.34,30.85,31.71,31.0,29.96,29.58,33.12,Ternate,14.28,120.7
T2M_MAX,2021,29.63,30.61,33.25,34.23,35.21,32.19,31.52,30.77,30.58,30.5,30.58,30.02,35.21,Ternate,14.28,120.7
T2M_MAX,2022,30.79,32.0,33.7,33.55,34.35,31.23,30.85,30.49,31.15,30.48,30.28,29.97,34.35,Ternate,14.28,120.7
T2M_MAX,2023,29.14,30.83,34.18,34.09,34.27,32.09,32.25,29.8,31.4,31.27,30.97,30.69,34.27,Ternate,14.28,120.7
T2M_MAX,2024,30.83,32.38,33.74,37.57,36.77,33.33,31.4,32.31,31.39,31.17,30.81,30.73,37.57,Ternate,14.28,120.7
T2M_MAX,2025,30.89,30.58,33.34,36.41,34.8,31.22,29.26,31.19,30.3,30.99,30.32,30.16,36.41,Ternate,14.28,120.7
T2M_MIN,1990,21.23,22.51,22.61,24.73,25.83,25.55,25.03,25.47,24.95,24.3,21.85,21.83,21.23,Ternate,14.28,120.7
T2M_MIN,1991,21.86,22.62,22.59,24.3,25.67,25.56,25.54,25.47,24.81,23.91,22.03,21.51,21.51,Ternate,14.28,120.7
T2M_MIN,1992,21.62,21.45,23.0,24.78,25.62,26.37,25.31,25.34,24.93,24.38,20.67,21.81,20.67,Ternate,14.28,120.7
T2M_MIN,1993,20.25,21.25,22.55,24.13,25.31,25.64,25.53,24.99,24.57,23.43,23.67,21.47,20.25,Ternate,14.28,120.7
T2M_MIN,1994,21.07,22.17,22.9,23.75,26.66,25.4,25.04,24.97,24.52,23.32,22.83,22.05,21.07,Ternate,14.28,120.7
T2M_MIN,1995,21.06,21.11,21.95,24.79,25.25,26.02,25.25,25.48,25.1,24.6,24.08,20.85,20.85,Ternate,14.28,120.7
T2M_MIN,1996,20.85,20.56,22.98,24.3,25.74,25.5,25.99,25.03,24.98,25.05,24.04,20.23,20.23,Ternate,14.28,120.7
T2M_MIN,1997,20.79,21.23,21.29,24.27,25.08,25.83,24.98,25.22,24.98,24.08,23.03,22.06,20.79,Ternate,14.28,120.7
T2M_MIN,1998,21.69,22.29,23.07,24.12,26.29,25.67,25.69,25.87,25.73,25.4,24.96,24.12,21.69,Ternate,14.28,120.7
T2M_MIN,1999,22.79,20.82,22.28,24.29,25.47,25.22,25.26,24.76,24.94,24.65,23.13,20.84,20.82,Ternate,14.28,120.7
T2M_MIN,2000,20.6,22.31,23.22,24.82,25.71,25.42,24.57,24.79,24.86,24.73,23.5,23.2,20.6,Ternate,14.28,120.7
T2M_MIN,2001,21.38,22.05,23.38,25.28,26.12,25.65,25.13,25.47,24.47,24.56,21.06,20.7,20.7,Ternate,14.28,120.7
T2M_MIN,2002,20.28,21.31,21.29,24.1,25.5,26.21,25.52,24.93,25.04,24.96,23.32,23.32,20.28,Ternate,14.28,120.7
T2M_MIN,2003,21.12,21.66,22.24,25.41,26.05,25.17,25.73,25.14,24.81,23.68,23.4,21.49,21.12,Ternate,14.28,120.7
T2M_MIN,2004,21.93,21.08,23.4,25.81,25.75,24.8,25.23,25.14,24.96,23.48,23.47,22.07,21.08,Ternate,14.28,120.7
T2M_MIN,2005,21.02,22.43,21.86,23.33,26.35,25.99,25.55,25.4,25.32,25.21,23.55,21.84,21.02,Ternate,14.28,120.7
T2M_MIN,2006,21.73,22.0,23.59,25.12,25.89,25.9,25.22,25.06,25.2,23.9,24.12,23.3,21.73,Ternate,14.28,120.7
T2M_MIN,2007,20.64,20.68,22.98,24.52,25.7,26.42,25.97,24.87,25.01,24.3,21.51,21.45,20.64,Ternate,14.28,120.7
T2M_MIN,2008,21.72,22.01,21.85,25.01,25.42,24.63,25.0,24.47,25.18,25.23,23.73,21.51,21.51,Ternate,14.28,120.7
T2M_MIN,2009,19.75,21.92,23.57,24.6,24.54,25.64,25.24,25.93,25.39,22.49,23.69,21.96,19.75,Ternate,14.28,120.7
T2M_MIN,2010,21.71,22.62,22.9,24.65,25.49,26.33,25.11,25.0,24.94,24.62,24.4,23.04,21.71,Ternate,14.28,120.7
T2M_MIN,2011,21.36,21.24,22.39,23.21,25.39,25.73,25.45,25.33,24.86,24.55,24.19,22.95,21.24,Ternate,14.28,120.7
T2M_MIN,2012,22.53,22.29,22.85,24.66,26.14,25.64,25.61,24.94,25.09,23.76,23.5,23.15,22.29,Ternate,14.28,120.7
T2M_MIN,2013,21.35,22.84,22.53,25.17,26.66,25.51,25.02,25.31,25.56,23.49,23.81,22.99,21.35,Ternate,14.28,120.7
T2M_MIN,2014,19.51,22.17,22.7,25.1,26.38,26.26,25.27,25.08,25.29,24.15,22.7,22.28,19.51,Ternate,14.28,120.7
T2M_MIN,2015,21.22,20.91,22.38,24.45,26.66,26.62,24.97,25.3,25.64,24.82,23.88,22.38,20.91,Ternate,14.28,120.7
T2M_MIN,2016,22.05,21.54,23.42,25.05,26.87,26.45,25.81,25.92,25.05,24.91,23.63,23.1,21.54,Ternate,14.28,120.7
T2M_MIN,2017,21.98,20.09,22.5,23.52,26.16,25.22,26.11,24.86,25.94,25.38,24.11,22.7,20.09,Ternate,14.28,120.7
T2M_MIN,2018,21.83,22.05,22.4,24.42,26.45,25.58,25.1,25.74,25.38,22.62,23.71,23.33,21.83,Ternate,14.28,120.7
T2M_MIN,2019,20.4,21.67,22.97,25.08,26.61,26.42,25.87,25.07,25.25,24.88,22.78,22.81,20.4,Ternate,14.28,120.7
T2M_MIN,2020,21.91,20.72,23.09,24.38,25.71,26.15,26.08,25.46,25.33,25.35,23.35,23.07,20.72,Ternate,14.28,120.7
T2M_MIN,2021,21.17,20.79,23.44,24.35,26.2,25.93,25.81,25.64,25.63,24.52,24.07,22.15,20.79,Ternate,14.28,120.7
T2M_MIN,2022,21.54,23.44,23.71,24.59,26.33,26.06,26.13,25.58,25.68,25.26,24.19,21.73,21.54,Ternate,14.28,120.7
T2M_MIN,2023,21.66,21.9,21.68,24.55,26.02,26.66,26.54,26.5,26.14,25.48,24.11,23.87,21.66,Ternate,14.28,120.7
T2M_MIN,2024,21.89,22.88,23.7,25.55,27.02,26.97,26.24,26.29,25.83,25.52,24.79,24.26,21.89,Ternate,14.28,120.7
T2M_MIN,2025,22.81,22.89,22.98,25.54,26.44,26.13,25.92,25.63,25.16,25.1,24.8,22.86,22.81,Ternate,14.28,120.7
TS,1990,27.67,28.91,30.3,32.26,31.08,28.58,27.78,27.65,27.39,27.58,27.35,26.68,28.6,Ternate,14.28,120.7
TS,1991,26.86,28.61,29.31,31.77,31.07,29.49,28.15,27.22,27.24,27.78,26.91,26.51,28.4,Ternate,14.28,120.7
TS,1992,27.32,28.47,30.59,32.31,31.51,30.22,28.43,27.74,27.33,27.78,26.55,26.63,28.74,Ternate,14.28,120.7
TS,1993,26.87,28.3,29.74,31.81,31.81,30.04,28.39,27.57,27.44,27.13,27.07,26.05,28.51,Ternate,14.28,120.7
TS,1994,26.31,27.64,29.54,30.94,30.78,29.05,27.23,27.55,27.73,27.71,27.16,26.99,28.22,Ternate,14.28,120.7
TS,1995,27.11,28.05,29.87,31.96,30.33,29.63,28.53,27.98,27.82,28.01,27.43,25.89,28.55,Ternate,14.28,120.7
TS,1996,26.08,26.85,29.41,29.92,29.8,29.32,28.84,27.83,28.13,28.27,27.38,26.09,28.16,Ternate,14.28,120.7
TS,1997,26.09,27.5,29.56,32.1,30.83,28.61,27.81,27.21,27.69,28.53,28.67,28.18,28.57,Ternate,14.28,120.7
TS,1998,28.32,30.24,30.52,31.8,31.63,29.78,29.41,28.75,28.35,28.05,27.74,27.16,29.3,Ternate,14.28,120.7
TS,1999,26.78,26.73,28.83,29.33,29.62,28.42,27.47,27.18,27.49,27.53,27.11,26.32,27.74,Ternate,14.28,120.7
TS,2000,26.41,26.98,28.23,30.51,30.01,28.67,27.4,28.02,27.57,27.75,27.01,26.65,27.93,Ternate,14.28,120.7
TS,2001,27.1,27.34,28.62,31.31,30.63,29.1,27.66,27.8,27.65,28.19,27.28,26.56,28.27,Ternate,14.28,120.7
TS,2002,26.61,27.63,29.7,31.62,31.17,29.78,27.74,27.56,27.82,28.19,27.41,27.48,28.56,Ternate,14.28,120.7
TS,2003,26.74,28.09,30.04,32.77,31.59,28.26,28.77,27.55,27.58,28.22,28.02,26.34,28.66,Ternate,14.28,120.7
TS,2004,27.64,28.38,30.82,32.59,29.86,27.64,28.03,27.32,28.36,28.17,27.8,26.66,28.6,Ternate,14.28,120.7
TS,2005,26.65,28.84,29.93,31.9,32.16,28.94,28.54,28.05,28.04,28.25,27.74,26.5,28.79,Ternate,14.28,120.7
TS,2006,26.77,27.32,29.4,32.09,30.76,29.66,27.82,27.55,28.11,28.13,27.64,26.89,28.51,Ternate,14.28,120.7
TS,2007,26.88,28.04,30.17,32.09,30.9,29.96,29.11,28.13,27.96,27.75,27.12,26.47,28.71,Ternate,14.28,120.7
TS,2008,26.44,26.95,28.85,30.86,28.83,28.92,27.74,27.61,27.76,28.08,27.28,26.42,27.98,Ternate,14.28,120.7
TS,2009,25.97,27.48,30.19,29.46,28.52,27.91,27.98,28.32,27.77,27.34,27.69,27.02,27.97,Ternate,14.28,120.7
TS,2010,27.87,29.65,30.7,32.31,33.06,30.16,28.91,28.17,28.33,28.09,27.32,26.76,29.27,Ternate,14.28,120.7
TS,2011,26.12,27.16,28.07,30.52,29.9,28.39,27.99,27.75,27.49,27.68,27.31,26.69,27.92,Ternate,14.28,120.7
TS,2012,26.98,27.33,28.37,30.73,30.21,28.17,27.94,27.29,27.83,27.68,27.85,28.02,28.2,Ternate,14.28,120.7
TS,2013,27.17,28.37,29.25,32.78,31.09,29.43,28.42,27.73,27.81,27.76,27.37,27.25,28.7,Ternate,14.28,120.7
TS,2014,26.05,28.68,30.04,32.49,32.48,29.52,27.89,27.95,28.1,28.02,27.72,26.62,28.79,Ternate,14.28,120.7
TS,2015,26.03,27.21,29.61,31.67,32.65,31.0,28.31,28.51,28.78,28.33,28.12,27.4,28.97,Ternate,14.28,120.7
TS,2016,27.38,27.53,30.52,32.71,31.83,29.87,29.01,28.03,28.17,27.95,27.58,27.16,28.98,Ternate,14.28,120.7
TS,2017,26.43,26.64,28.97,31.36,30.52,29.93,28.63,28.74,28.78,28.48,27.73,27.06,28.61,Ternate,14.28,120.7
TS,2018,26.74,27.76,29.25,31.52,31.48,28.89,27.84,27.73,28.04,28.77,28.26,27.74,28.67,Ternate,14.28,120.7
TS,2019,26.5,27.92,31.09,32.32,30.92,30.14,28.56,27.91,27.96,28.64,27.8,27.1,28.91,Ternate,14.28,120.7
TS,2020,27.28,26.82,29.27,29.86,30.78,30.0,29.32,28.48,28.93,28.37,27.5,27.09,28.65,Ternate,14.28,120.7
TS,2021,26.35,27.15,29.06,31.46,31.9,29.46,28.7,28.54,28.51,28.13,28.19,26.88,28.7,Ternate,14.28,120.7
TS,2022,27.13,28.28,30.06,29.84,30.81,29.67,29.13,28.26,28.17,28.29,27.78,27.01,28.7,Ternate,14.28,120.7
TS,2023,26.18,27.25,29.39,30.78,30.98,29.63,29.09,28.63,28.86,28.7,28.26,27.94,28.81,Ternate,14.28,120.7
TS,2024,27.4,28.65,30.1,32.92,32.61,30.51,29.06,29.2,28.56,28.6,28.36,27.62,29.46,Ternate,14.28,120.7
TS,2025,27.15,27.69,29.34,32.73,31.03,29.09,28.26,28.52,27.97,28.19,27.84,27.27,28.76,Ternate,14.28,120.7
WS2M,1990,4.49,4.56,3.98,3.8,3.28,3.9,3.51,5.33,3.54,3.16,3.97,5.01,4.04,Ternate,14.28,120.7
WS2M,1991,4.7,4.42,4.67,3.71,3.54,4.34,3.88,4.59,4.47,3.44,4.17,5.37,4.27,Ternate,14.28,120.7
WS2M,1992,3.94,4.3,4.1,3.27,3.26,3.22,3.29,5.06,3.93,3.55,4.64,5.18,3.98,Ternate,14.28,120.7
WS2M,1993,4.71,4.46,4.55,3.41,3.2,2.72,3.36,3.98,3.2,4.31,4.53,5.74,4.02,Ternate,14.28,120.7
WS2M,1994,4.25,4.37,5.13,3.51,2.59,3.01,5.49,3.7,3.18,3.57,5.03,5.33,4.1,Ternate,14.28,120.7
WS2M,1995,5.18,4.52,4.5,4.43,3.11,3.05,3.28,3.16,3.69,3.37,4.15,5.7,4.01,Ternate,14.28,120.7
WS2M,1996,5.1,5.62,5.06,3.88,3.31,2.88,4.23,3.22,3.37,2.87,4.87,5.45,4.15,Ternate,14.28,120.7
WS2M,1997,4.4,5.26,4.03,3.17,4.22,3.15,2.97,5.13,2.64,3.3,4.04,4.65,3.91,Ternate,14.28,120.7
WS2M,1998,4.69,3.62,4.59,4.03,4.06,2.54,2.09,2.59,3.87,4.15,3.45,4.84,3.71,Ternate,14.28,120.7
WS2M,1999,5.13,5.41,4.01,3.13,2.39,3.22,4.39,4.05,3.56,3.41,4.24,5.05,3.99,Ternate,14.28,120.7
WS2M,2000,4.86,4.71,4.2,3.12,3.5,2.8,4.68,3.73,4.29,3.85,4.28,4.68,4.06,Ternate,14.28,120.7
WS2M,2001,4.36,4.9,4.32,3.14,3.06,2.99,4.24,4.81,3.7,3.29,5.05,5.8,4.14,Ternate,14.28,120.7
WS2M,2002,4.71,4.79,4.57,4.09,3.38,2.68,5.49,3.66,3.15,2.76,4.14,4.1,3.96,Ternate,14.28,120.7
WS2M,2003,4.96,5.02,4.11,3.38,4.24,3.35,2.99,3.89,3.43,2.95,4.0,5.71,4.0,Ternate,14.28,120.7
WS2M,2004,4.28,4.25,3.73,3.11,3.97,4.61,2.72,5.09,2.69,3.06,4.82,4.65,3.91,Ternate,14.28,120.7
WS2M,2005,3.88,3.76,4.22,3.16,2.22,2.91,3.37,3.89,3.28,2.96,3.39,5.22,3.52,Ternate,14.28,120.7
WS2M,2006,3.94,4.91,3.67,3.42,3.41,2.84,4.51,4.1,2.74,3.05,3.28,5.13,3.75,Ternate,14.28,120.7
WS2M,2007,4.87,4.16,4.1,3.68,2.88,2.34,2.86,4.13,3.53,3.83,4.4,4.59,3.78,Ternate,14.28,120.7
WS2M,2008,4.83,5.15,3.86,4.11,3.22,2.93,3.27,3.36,3.67,2.88,3.8,4.92,3.83,Ternate,14.28,120.7
WS2M,2009,5.22,4.19,3.66,3.19,3.06,4.17,3.56,4.13,4.36,3.92,3.61,4.07,3.93,Ternate,14.28,120.7
WS2M,2010,4.65,3.58,4.37,3.43,2.63,2.33,2.31,3.45,2.48,3.48,3.22,3.91,3.32,Ternate,14.28,120.7
WS2M,2011,4.88,4.1,5.19,3.88,2.94,3.3,3.75,3.87,4.01,3.22,3.88,4.13,3.93,Ternate,14.28,120.7
WS2M,2012,4.03,4.17,4.46,3.1,2.2,4.47,3.59,4.99,2.76,3.41,3.51,4.2,3.74,Ternate,14.28,120.7
WS2M,2013,4.68,4.89,3.4,2.73,2.46,3.01,2.51,4.03,3.7,3.12,4.17,3.4,3.5,Ternate,14.28,120.7
WS2M,2014,4.68,3.39,3.99,2.65,2.35,3.39,4.12,3.25,3.43,2.7,3.66,5.13,3.57,Ternate,14.28,120.7
WS2M,2015,4.47,3.99,4.03,3.55,2.66,2.75,4.17,3.42,2.56,3.72,4.04,4.46,3.65,Ternate,14.28,120.7
WS2M,2016,3.91,4.25,3.32,3.29,2.76,2.49,2.87,4.67,3.16,3.34,3.98,4.37,3.53,Ternate,14.28,120.7
WS2M,2017,4.85,4.45,3.82,3.39,2.61,2.26,3.45,3.18,2.58,2.92,4.14,4.64,3.52,Ternate,14.28,120.7
WS2M,2018,4.51,3.7,3.85,3.53,2.85,3.91,4.33,5.19,3.14,2.99,4.15,4.57,3.9,Ternate,14.28,120.7
WS2M,2019,4.72,4.2,3.38,3.15,2.5,3.23,3.49,5.35,4.02,2.93,3.27,4.38,3.72,Ternate,14.28,120.7
WS2M,2020,4.19,5.13,3.61,3.52,2.49,2.53,2.31,3.06,2.36,3.33,4.22,3.68,3.36,Ternate,14.28,120.7
WS2M,2021,4.73,3.99,3.94,3.51,3.54,3.08,4.54,3.27,2.7,3.65,3.6,5.08,3.81,Ternate,14.28,120.7
WS2M,2022,4.24,4.61,3.79,3.88,2.75,2.21,2.49,3.09,3.59,3.56,3.57,4.15,3.49,Ternate,14.28,120.7
WS2M,2023,4.83,4.5,3.94,2.89,3.18,2.97,3.87,4.77,2.8,2.91,3.98,4.18,3.74,Ternate,14.28,120.7
WS2M,2024,4.74,4.74,4.16,3.61,3.17,2.34,3.47,2.87,4.03,3.47,3.29,4.41,3.69,Ternate,14.28,120.7
WS2M,2025,4.26,4.56,4.21,2.97,3.11,3.04,5.4,2.68,3.34,2.73,4.0,3.8,3.67,Ternate,14.28,120.7
ALLSKY_SFC_SW_DWN,1990,18.17,21.72,22.51,24.96,21.21,17.22,18.27,16.04,17.99,18.14,16.46,16.23,19.05,Magallanes,14.19,120.73
ALLSKY_SFC_SW_DWN,1991,17.38,19.5,23.2,23.67,23.1,19.18,16.68,12.57,15.47,17.59,16.71,17.17,18.51,Magallanes,14.19,120.73
ALLSKY_SFC_SW_DWN,1992,17.47,20.64,23.46,23.65,21.92,20.46,17.94,13.29,15.93,17.84,17.48,16.78,18.89,Magallanes,14.19,120.73
ALLSKY_SFC_SW_DWN,1993,18.42,21.06,22.47,24.08,24.36,20.87,18.04,16.24,15.75,16.89,16.46,14.12,19.04,Magallanes,14.19,120.73
ALLSKY_SFC_SW_DWN,1994,17.31,20.13,21.72,23.41,21.92,19.63,12.53,18.8,16.86,19.07,19.06,16.68,18.91,Magallanes,14.19,120.73
ALLSKY_SFC_SW_DWN,1995,17.24,20.14,22.69,25.05,21.19,21.11,17.95,16.67,14.69,16.83,15.28,13.83,18.54,Magallanes,14.19,120.73
ALLSKY_SFC_SW_DWN,1996,15.56,19.01,21.36,21.13,19.89,20.44,15.7,18.79,16.1,17.37,14.37,15.87,17.96,Magallanes,14.19,120.73
ALLSKY_SFC_SW_DWN,1997,16.76,18.1,21.75,22.86,20.25,20.3,17.16,15.27,17.7,18.96,17.98,16.66,18.64,Magallanes,14.19,120.73
ALLSKY_SFC_SW_DWN,1998,16.77,20.22,22.1,23.65,19.57,20.71,19.95,19.22,15.18,14.6,16.26,13.64,18.47,Magallanes,14.19,120.73
ALLSKY_SFC_SW_DWN,1999,14.94,18.27,19.68,20.95,20.95,17.62,15.91,16.01,16.34,16.77,15.21,13.79,17.19,Magallanes,14.19,120.73
ALLSKY_SFC_SW_DWN,2000,16.35,16.51,19.4,22.38,17.88,19.72,13.99,17.06,16.84,15.56,14.73,14.19,17.04,Magallanes,14.19,120.73
ALLSKY_SFC_SW_DWN,2001,16.61,16.75,20.93,23.06,19.93,18.82,17.16,14.25,17.83,17.58,17.12,15.09,17.92,Magallanes,14.19,120.73
ALLSKY_SFC_SW_DWN,2002,17.65,19.49,22.84,24.71,21.94,20.53,12.71,17.32,16.54,18.36,15.72,16.38,18.67,Magallanes,14.19,120.73
ALLSKY_SFC_SW_DWN,2003,17.38,20.41,22.8,24.58,19.22,18.83,19.37,16.39,16.2,18.82,16.83,15.54,18.85,Magallanes,14.19,120.73
ALLSKY_SFC_SW_DWN,2004,17.49,18.76,22.85,24.28,20.54,14.73,20.08,15.69,20.23,18.54,15.33,16.05,18.72,Magallanes,14.19,120.73
ALLSKY_SFC_SW_DWN,2005,17.14,20.31,21.61,24.0,23.43,18.56,17.22,14.85,15.88,16.95,15.62,12.81,18.18,Magallanes,14.19,120.73
ALLSKY_SFC_SW_DWN,2006,15.53,18.66,21.98,24.6,20.56,20.85,12.31,14.35,18.09,17.1,17.24,14.39,17.94,Magallanes,14.19,120.73
ALLSKY_SFC_SW_DWN,2007,16.2,20.45,22.37,23.91,21.06,19.64,19.22,13.51,15.98,15.57,13.82,15.5,18.08,Magallanes,14.19,120.73
ALLSKY_SFC_SW_DWN,2008,15.49,16.25,21.94,22.61,18.64,20.51,17.34,16.01,16.85,17.15,14.87,14.47,17.67,Magallanes,14.19,120.73
ALLSKY_SFC_SW_DWN,2009,14.97,18.02,21.28,20.3,20.24,16.46,16.79,17.59,13.23,14.94,17.59,17.24,17.39,Magallanes,14.19,120.73
ALLSKY_SFC_SW_DWN,2010,17.29,22.02,22.61,24.49,24.41,18.96,18.92,17.62,19.22,15.55,15.31,14.54,19.22,Magallanes,14.19,120.73
ALLSKY_SFC_SW_DWN,2011,15.04,18.76,19.32,23.29,20.69,16.77,15.28,14.52,15.11,17.38,15.71,13.76,17.12,Magallanes,14.19,120.73
ALLSKY_SFC_SW_DWN,2012,16.27,18.66,18.76,24.62,20.63,16.81,15.51,13.33,16.23,16.53,18.29,15.5,17.57,Magallanes,14.19,120.73
ALLSKY_SFC_SW_DWN,2013,15.91,18.42,21.98,24.24,21.14,19.1,18.05,13.75,13.95,17.14,15.75,15.38,17.89,Magallanes,14.19,120.73
ALLSKY_SFC_SW_DWN,2014,17.17,20.26,21.73,23.91,24.27,17.6,14.99,17.92,16.71,17.75,17.13,13.29,18.54,Magallanes,14.19,120.73
ALLSKY_SFC_SW_DWN,2015,16.24,20.15,22.29,24.78,23.71,22.45,16.5,18.49,20.68,17.69,18.61,15.53,19.74,Magallanes,14.19,120.73
ALLSKY_SFC_SW_DWN,2016,18.22,18.92,23.14,25.13,22.41,19.94,18.91,14.1,16.8,16.12,15.82,14.52,18.66,Magallanes,14.19,120.73
ALLSKY_SFC_SW_DWN,2017,15.21,19.0,22.49,24.15,21.8,21.44,15.93,18.75,17.91,15.8,15.83,14.31,18.53,Magallanes,14.19,120.73
ALLSKY_SFC_SW_DWN,2018,15.37,20.27,22.62,24.53,23.64,15.56,12.8,14.11,18.68,20.34,18.21,14.05,18.32,Magallanes,14.19,120.73
ALLSKY_SFC_SW_DWN,2019,17.4,21.52,24.25,24.96,21.36,20.74,17.3,13.76,15.88,20.42,15.29,15.76,19.03,Magallanes,14.19,120.73
ALLSKY_SFC_SW_DWN,2020,17.35,19.87,24.03,23.88,23.06,21.32,20.27,16.84,20.28,14.9,15.35,14.37,19.28,Magallanes,14.19,120.73
ALLSKY_SFC_SW_DWN,2021,15.11,18.97,21.71,23.23,23.86,19.15,14.79,18.43,17.9,15.78,17.23,15.61,18.47,Magallanes,14.19,120.73
ALLSKY_SFC_SW_DWN,2022,17.8,18.11,22.98,21.41,22.26,21.09,17.8,16.01,16.05,16.83,16.85,14.3,18.46,Magallanes,14.19,120.73
ALLSKY_SFC_SW_DWN,2023,15.11,18.84,23.78,22.27,21.85,19.16,16.42,17.57,16.95,16.61,17.18,15.74,18.45,Magallanes,14.19,120.73
ALLSKY_SFC_SW_DWN,2024,17.12,21.06,22.14,25.92,22.92,20.66,15.12,19.55,14.06,15.79,17.45,13.07,18.72,Magallanes,14.19,120.73
ALLSKY_SFC_SW_DWN,2025,15.93,17.29,21.27,24.49,22.13,17.21,12.27,17.88,14.37,16.12,14.45,15.18,17.38,Magallanes,14.19,120.73
EVLAND,1990,1.96,0.64,0.72,0.17,2.09,3.92,4.19,5.32,4.15,4.02,4.56,4.74,3.06,Magallanes,14.19,120.73
EVLAND,1991,2.95,2.16,1.74,1.16,2.37,3.08,3.78,3.52,3.89,4.94,4.76,3.97,3.2,Magallanes,14.19,120.73
EVLAND,1992,2.29,1.24,0.65,0.81,1.37,2.49,3.18,3.65,3.9,4.15,5.22,4.18,2.77,Magallanes,14.19,120.73
EVLAND,1993,2.52,1.43,0.71,0.74,1.48,2.43,3.63,3.57,3.41,4.55,3.86,4.71,2.77,Magallanes,14.19,120.73
EVLAND,1994,4.51,3.45,2.05,1.93,1.81,2.93,3.92,4.12,3.6,5.0,4.89,2.89,3.43,Magallanes,14.19,120.73
EVLAND,1995,2.23,1.27,0.43,0.23,1.44,3.23,3.0,3.42,3.6,4.37,4.07,4.11,2.63,Magallanes,14.19,120.73
EVLAND,1996,4.22,3.02,1.68,1.81,1.69,2.85,3.05,3.78,3.78,3.4,4.34,5.32,3.25,Magallanes,14.19,120.73
EVLAND,1997,3.42,2.51,1.19,0.96,2.02,4.02,3.47,4.05,3.64,4.86,4.56,2.34,3.09,Magallanes,14.19,120.73
EVLAND,1998,1.09,0.51,0.45,0.61,1.87,3.5,3.75,3.47,3.86,3.64,3.39,4.01,2.53,Magallanes,14.19,120.73
EVLAND,1999,4.92,5.07,3.63,3.96,3.04,3.78,3.71,4.31,3.72,3.7,4.42,3.92,4.01,Magallanes,14.19,120.73
EVLAND,2000,5.12,4.06,3.32,2.97,3.08,3.61,4.19,3.83,4.32,3.97,3.99,3.87,3.86,Magallanes,14.19,120.73
EVLAND,2001,4.86,4.38,3.18,2.58,3.32,3.38,4.38,3.88,3.58,3.81,5.01,5.22,3.97,Magallanes,14.19,120.73
EVLAND,2002,3.76,2.64,1.28,0.89,1.26,3.47,4.45,4.02,3.54,3.92,4.17,4.52,3.17,Magallanes,14.19,120.73
EVLAND,2003,3.43,1.9,0.79,0.47,1.89,4.73,4.27,3.81,3.62,4.98,4.69,4.25,3.25,Magallanes,14.19,120.73
EVLAND,2004,2.6,1.61,0.79,0.74,3.38,3.78,3.84,4.02,4.56,5.04,4.45,4.56,3.29,Magallanes,14.19,120.73
EVLAND,2005,3.06,1.91,1.02,0.96,1.09,3.08,3.46,3.99,3.77,4.06,4.32,4.13,2.91,Magallanes,14.19,120.73
EVLAND,2006,4.64,4.36,3.05,1.71,2.32,3.57,3.29,4.07,3.73,4.72,3.89,4.55,3.66,Magallanes,14.19,120.73
EVLAND,2007,4.53,2.74,1.32,0.56,2.04,2.92,3.69,3.97,3.47,4.29,4.37,4.72,3.23,Magallanes,14.19,120.73
EVLAND,2008,4.77,3.91,2.95,2.09,3.64,4.13,3.84,4.18,3.96,3.78,3.67,4.54,3.79,Magallanes,14.19,120.73
EVLAND,2009,4.03,2.82,2.5,2.56,4.74,4.32,3.69,4.62,3.95,4.38,5.01,4.11,3.9,Magallanes,14.19,120.73
EVLAND,2010,2.38,0.93,0.78,0.61,1.08,2.34,3.46,4.13,3.78,3.74,3.47,3.94,2.57,Magallanes,14.19,120.73
EVLAND,2011,4.44,3.53,2.69,1.15,2.9,4.19,4.35,4.16,3.82,4.12,4.1,4.16,3.64,Magallanes,14.19,120.73
EVLAND,2012,4.88,4.01,3.49,3.34,3.12,4.05,3.99,4.7,3.85,5.01,4.69,4.04,4.1,Magallanes,14.19,120.73
EVLAND,2013,3.11,2.9,3.32,1.74,2.14,3.93,3.94,3.76,3.78,4.92,4.66,3.86,3.51,Magallanes,14.19,120.73
EVLAND,2014,4.04,2.39,1.15,0.86,1.86,3.47,3.87,4.46,4.22,4.3,4.67,4.65,3.34,Magallanes,14.19,120.73
EVLAND,2015,4.82,3.25,1.74,0.82,0.85,2.94,4.14,4.09,4.24,4.95,5.18,4.6,3.47,Magallanes,14.19,120.73
EVLAND,2016,4.94,3.69,2.13,1.06,1.77,3.28,4.27,4.18,3.66,3.97,4.63,4.23,3.49,Magallanes,14.19,120.73
EVLAND,2017,5.13,4.59,2.94,1.93,2.83,4.01,4.02,4.53,4.24,4.14,4.68,4.58,3.97,Magallanes,14.19,120.73
EVLAND,2018,4.67,4.06,2.93,1.5,2.25,3.93,3.56,4.54,4.21,4.99,5.1,3.43,3.76,Magallanes,14.19,120.73
EVLAND,2019,4.46,2.59,0.81,0.86,2.28,3.55,3.79,4.47,4.65,4.86,3.92,4.91,3.44,Magallanes,14.19,120.73
EVLAND,2020,4.67,3.63,2.98,2.98,2.9,4.24,4.12,4.1,3.99,3.6,4.41,3.78,3.78,Magallanes,14.19,120.73
EVLAND,2021,4.9,5.32,3.9,2.14,1.58,3.44,4.23,4.27,3.85,4.18,4.29,4.74,3.9,Magallanes,14.19,120.73
EVLAND,2022,3.67,2.91,2.48,3.03,3.5,4.08,3.97,3.93,3.85,3.98,3.91,4.15,3.63,Magallanes,14.19,120.73
EVLAND,2023,4.7,4.68,2.81,2.75,2.81,3.84,4.58,4.74,4.06,4.18,4.6,4.76,4.04,Magallanes,14.19,120.73
EVLAND,2024,4.11,2.45,1.08,0.81,2.0,4.36,4.14,4.19,4.17,4.13,4.78,4.48,3.4,Magallanes,14.19,120.73
EVLAND,2025,4.55,4.27,3.31,1.93,3.46,4.09,4.88,4.36,3.93,3.91,4.1,4.47,3.94,Magallanes,14.19,120.73
GWETROOT,1990,0.5,0.46,0.45,0.44,0.5,0.77,0.95,0.98,0.97,0.94,0.89,0.73,0.72,Magallanes,14.19,120.73
GWETROOT,1991,0.58,0.5,0.48,0.46,0.48,0.56,0.78,0.97,0.98,0.9,0.76,0.65,0.68,Magallanes,14.19,120.73
GWETROOT,1992,0.54,0.47,0.45,0.44,0.46,0.52,0.64,0.82,0.94,0.89,0.85,0.67,0.64,Magallanes,14.19,120.73
GWETROOT,1993,0.55,0.48,0.45,0.44,0.46,0.53,0.68,0.89,0.94,0.92,0.85,0.87,0.67,Magallanes,14.19,120.73
GWETROOT,1994,0.77,0.61,0.5,0.48,0.48,0.58,0.8,0.91,0.89,0.86,0.68,0.56,0.68,Magallanes,14.19,120.73
GWETROOT,1995,0.52,0.47,0.45,0.44,0.47,0.58,0.64,0.75,0.96,0.96,0.93,0.86,0.67,Magallanes,14.19,120.73
GWETROOT,1996,0.73,0.57,0.49,0.49,0.49,0.57,0.67,0.89,0.93,0.91,0.94,0.83,0.71,Magallanes,14.19,120.73
GWETROOT,1997,0.62,0.52,0.47,0.45,0.51,0.72,0.88,0.96,0.93,0.83,0.64,0.52,0.67,Magallanes,14.19,120.73
GWETROOT,1998,0.47,0.45,0.44,0.44,0.49,0.63,0.72,0.79,0.87,0.98,0.96,0.96,0.68,Magallanes,14.19,120.73
GWETROOT,1999,0.89,0.69,0.59,0.63,0.63,0.71,0.92,0.98,0.97,0.96,0.93,0.91,0.82,Magallanes,14.19,120.73
GWETROOT,2000,0.78,0.68,0.61,0.54,0.59,0.7,0.94,0.95,0.98,0.94,0.96,0.92,0.8,Magallanes,14.19,120.73
GWETROOT,2001,0.78,0.65,0.58,0.51,0.57,0.69,0.91,0.95,0.94,0.88,0.88,0.81,0.76,Magallanes,14.19,120.73
GWETROOT,2002,0.65,0.54,0.47,0.45,0.46,0.58,0.92,0.97,0.97,0.96,0.92,0.78,0.72,Magallanes,14.19,120.73
GWETROOT,2003,0.61,0.5,0.46,0.44,0.51,0.82,0.84,0.94,0.97,0.91,0.82,0.68,0.71,Magallanes,14.19,120.73
GWETROOT,2004,0.55,0.48,0.46,0.44,0.6,0.88,0.93,0.97,0.92,0.84,0.72,0.75,0.71,Magallanes,14.19,120.73
GWETROOT,2005,0.6,0.5,0.46,0.45,0.45,0.63,0.83,0.95,0.97,0.95,0.91,0.9,0.72,Magallanes,14.19,120.73
GWETROOT,2006,0.78,0.66,0.55,0.48,0.54,0.64,0.88,0.98,0.95,0.93,0.87,0.85,0.76,Magallanes,14.19,120.73
GWETROOT,2007,0.7,0.55,0.47,0.45,0.49,0.61,0.75,0.91,0.97,0.97,0.94,0.89,0.73,Magallanes,14.19,120.73
GWETROOT,2008,0.79,0.66,0.57,0.5,0.64,0.76,0.91,0.95,0.97,0.97,0.95,0.86,0.79,Magallanes,14.19,120.73
GWETROOT,2009,0.7,0.59,0.51,0.55,0.84,0.97,0.97,0.95,0.98,0.97,0.87,0.67,0.8,Magallanes,14.19,120.73
GWETROOT,2010,0.54,0.47,0.45,0.44,0.45,0.52,0.76,0.94,0.96,0.98,0.97,0.9,0.7,Magallanes,14.19,120.73
GWETROOT,2011,0.78,0.63,0.54,0.47,0.57,0.87,0.97,0.99,0.98,0.98,0.95,0.94,0.81,Magallanes,14.19,120.73
GWETROOT,2012,0.79,0.67,0.58,0.57,0.58,0.78,0.95,0.99,0.99,0.96,0.85,0.68,0.78,Magallanes,14.19,120.73
GWETROOT,2013,0.6,0.54,0.55,0.47,0.51,0.77,0.96,0.99,0.99,0.97,0.92,0.83,0.76,Magallanes,14.19,120.73
GWETROOT,2014,0.67,0.53,0.47,0.45,0.47,0.64,0.88,0.95,0.98,0.97,0.85,0.83,0.73,Magallanes,14.19,120.73
GWETROOT,2015,0.75,0.59,0.48,0.45,0.44,0.54,0.76,0.87,0.95,0.95,0.79,0.78,0.7,Magallanes,14.19,120.73
GWETROOT,2016,0.75,0.59,0.5,0.45,0.48,0.61,0.82,0.95,0.96,0.98,0.94,0.92,0.75,Magallanes,14.19,120.73
GWETROOT,2017,0.85,0.69,0.54,0.48,0.53,0.67,0.86,0.96,0.98,0.98,0.97,0.91,0.79,Magallanes,14.19,120.73
GWETROOT,2018,0.79,0.65,0.53,0.47,0.49,0.84,0.98,0.98,0.98,0.89,0.72,0.62,0.75,Magallanes,14.19,120.73
GWETROOT,2019,0.69,0.53,0.46,0.45,0.5,0.62,0.83,0.97,0.97,0.87,0.88,0.83,0.72,Magallanes,14.19,120.73
GWETROOT,2020,0.69,0.59,0.56,0.54,0.56,0.76,0.9,0.98,0.93,0.99,0.98,0.97,0.79,Magallanes,14.19,120.73
GWETROOT,2021,0.9,0.74,0.59,0.49,0.47,0.65,0.84,0.95,0.98,0.98,0.88,0.76,0.77,Magallanes,14.19,120.73
GWETROOT,2022,0.63,0.54,0.51,0.53,0.59,0.78,0.94,0.98,0.99,0.97,0.97,0.89,0.78,Magallanes,14.19,120.73
GWETROOT,2023,0.86,0.68,0.53,0.51,0.51,0.68,0.86,0.94,0.97,0.96,0.91,0.81,0.77,Magallanes,14.19,120.73
GWETROOT,2024,0.66,0.52,0.46,0.45,0.48,0.7,0.89,0.96,0.98,0.97,0.92,0.83,0.74,Magallanes,14.19,120.73
GWETROOT,2025,0.77,0.66,0.57,0.49,0.54,0.79,0.95,0.94,0.99,0.99,0.98,0.94,0.8,Magallanes,14.19,120.73
PRECTOTCORR,1990,0.67,0.11,0.57,0.09,6.31,13.59,14.07,18.31,9.74,5.74,4.65,1.62,6.33,Magallanes,14.19,120.73
PRECTOTCORR,1991,0.61,1.31,1.38,0.96,3.59,5.45,12.76,16.72,8.8,2.5,3.79,1.16,4.95,Magallanes,14.19,120.73
PRECTOTCORR,1992,0.39,0.51,0.38,0.69,2.22,4.24,7.29,10.72,6.8,4.78,3.62,1.12,3.58,Magallanes,14.19,120.73
PRECTOTCORR,1993,1.03,0.25,0.36,0.84,1.88,4.96,8.28,11.36,5.37,4.44,4.35,8.54,4.34,Magallanes,14.19,120.73
PRECTOTCORR,1994,1.35,0.81,0.34,2.11,2.26,7.1,12.41,5.41,5.83,3.9,0.91,2.79,3.79,Magallanes,14.19,120.73
PRECTOTCORR,1995,0.5,0.81,0.12,0.15,3.28,4.68,5.33,9.81,12.89,6.98,4.63,4.87,4.52,Magallanes,14.19,120.73
PRECTOTCORR,1996,0.56,0.34,0.88,1.98,2.87,4.88,10.54,3.97,9.75,4.17,8.49,0.99,4.12,Magallanes,14.19,120.73
PRECTOTCORR,1997,0.33,1.39,0.31,0.83,8.11,6.48,10.87,10.97,3.99,1.59,1.34,0.84,3.95,Magallanes,14.19,120.73
PRECTOTCORR,1998,0.63,0.07,0.39,0.68,5.6,6.34,3.81,6.59,13.31,13.59,4.35,9.57,5.45,Magallanes,14.19,120.73
PRECTOTCORR,1999,2.12,1.02,4.24,4.77,3.17,9.67,13.74,15.9,7.93,8.5,5.35,5.75,6.89,Magallanes,14.19,120.73
PRECTOTCORR,2000,1.82,2.81,2.5,2.3,6.43,6.31,14.03,8.88,11.65,8.57,4.54,5.29,6.28,Magallanes,14.19,120.73
PRECTOTCORR,2001,0.98,4.16,1.32,1.39,6.01,10.0,7.94,11.91,2.7,4.63,6.21,5.58,5.25,Magallanes,14.19,120.73
PRECTOTCORR,2002,0.45,0.8,0.72,0.61,2.45,6.92,22.35,6.97,8.13,6.48,4.03,1.51,5.16,Magallanes,14.19,120.73
PRECTOTCORR,2003,0.68,0.26,0.35,0.37,10.66,6.04,7.82,11.06,10.65,3.48,4.36,1.06,4.76,Magallanes,14.19,120.73
PRECTOTCORR,2004,0.72,1.06,0.26,0.61,9.63,11.71,8.79,11.2,3.02,4.01,6.63,2.28,5.01,Magallanes,14.19,120.73
PRECTOTCORR,2005,0.97,0.47,0.72,0.75,1.86,8.74,8.74,12.06,9.72,7.89,2.97,7.28,5.22,Magallanes,14.19,120.73
PRECTOTCORR,2006,2.67,0.98,2.25,0.31,5.14,9.41,11.96,11.19,11.74,3.98,2.51,6.87,5.79,Magallanes,14.19,120.73
PRECTOTCORR,2007,1.05,0.33,0.51,0.37,4.75,5.71,6.26,16.58,13.84,7.19,9.1,2.61,5.72,Magallanes,14.19,120.73
PRECTOTCORR,2008,3.86,1.93,0.75,2.1,8.36,10.4,6.54,8.79,14.11,6.36,7.09,2.34,6.05,Magallanes,14.19,120.73
PRECTOTCORR,2009,1.15,1.49,1.47,7.4,11.37,12.61,11.49,6.84,20.6,7.07,2.26,0.52,7.03,Magallanes,14.19,120.73
PRECTOTCORR,2010,0.6,0.04,0.65,0.66,1.04,5.75,12.82,8.06,7.43,11.17,6.76,3.15,4.88,Magallanes,14.19,120.73
PRECTOTCORR,2011,1.73,0.43,1.53,0.62,7.25,22.86,14.16,16.92,14.14,8.44,6.57,6.54,8.47,Magallanes,14.19,120.73
PRECTOTCORR,2012,1.88,2.97,3.97,1.26,5.46,9.66,21.97,25.59,14.02,11.37,1.12,1.77,8.47,Magallanes,14.19,120.73
PRECTOTCORR,2013,1.81,3.97,1.99,0.94,4.83,13.77,12.36,25.55,25.25,6.47,7.6,2.46,8.92,Magallanes,14.19,120.73
PRECTOTCORR,2014,0.29,0.23,0.65,0.72,3.66,8.27,14.83,9.98,15.19,8.29,2.2,8.07,6.07,Magallanes,14.19,120.73
PRECTOTCORR,2015,1.56,0.42,0.55,0.49,0.84,5.97,10.69,10.69,8.43,7.13,1.79,10.71,4.98,Magallanes,14.19,120.73
PRECTOTCORR,2016,0.77,1.95,0.57,0.81,3.35,7.02,9.88,15.26,8.01,10.76,6.58,6.88,6.01,Magallanes,14.19,120.73
PRECTOTCORR,2017,3.01,1.06,0.56,1.99,5.27,7.22,12.87,12.06,13.69,8.53,9.42,5.55,6.8,Magallanes,14.19,120.73
PRECTOTCORR,2018,2.22,0.94,1.18,0.82,4.5,17.36,21.64,10.31,9.3,3.81,1.61,6.79,6.75,Magallanes,14.19,120.73
PRECTOTCORR,2019,1.31,0.25,0.1,0.75,5.16,7.91,10.09,14.85,10.98,3.19,5.62,6.96,5.63,Magallanes,14.19,120.73
PRECTOTCORR,2020,1.66,3.65,2.54,3.5,4.01,13.97,9.43,7.87,6.78,26.41,21.12,9.04,9.17,Magallanes,14.19,120.73
PRECTOTCORR,2021,3.18,1.98,1.63,0.62,2.18,7.69,20.48,6.8,12.42,9.04,2.46,2.94,5.99,Magallanes,14.19,120.73
PRECTOTCORR,2022,1.09,1.71,2.08,3.9,8.05,9.95,9.28,12.03,13.41,15.11,3.85,3.75,7.05,Magallanes,14.19,120.73
PRECTOTCORR,2023,5.12,1.03,0.37,3.33,4.0,9.41,15.09,8.14,8.09,6.78,5.38,3.27,5.87,Magallanes,14.19,120.73
PRECTOTCORR,2024,0.69,0.33,0.66,0.58,5.84,7.98,17.54,8.33,12.51,16.15,2.65,6.42,6.68,Magallanes,14.19,120.73
PRECTOTCORR,2025,1.58,3.26,1.75,0.94,6.79,12.55,24.54,8.33,13.97,13.44,10.8,3.77,8.51,Magallanes,14.19,120.73
RH2M,1990,78.89,74.1,69.46,67.5,74.77,85.03,86.21,87.46,86.35,85.6,84.62,84.19,80.39,Magallanes,14.19,120.73
RH2M,1991,81.16,78.57,73.7,71.28,72.94,79.62,83.83,89.93,88.76,82.09,83.55,82.89,80.71,Magallanes,14.19,120.73
RH2M,1992,79.1,74.11,70.32,67.95,71.06,75.84,82.59,87.83,87.36,84.5,83.85,83.03,78.99,Magallanes,14.19,120.73
RH2M,1993,79.36,76.04,70.26,67.62,69.49,77.0,84.77,86.99,87.42,86.22,87.14,87.52,80.02,Magallanes,14.19,120.73
RH2M,1994,85.11,80.51,76.69,73.62,75.5,82.0,88.92,86.47,86.8,82.78,82.65,80.22,81.79,Magallanes,14.19,120.73
RH2M,1995,79.18,76.02,70.54,66.57,75.57,79.49,83.12,86.04,87.56,85.11,87.23,87.18,80.34,Magallanes,14.19,120.73
RH2M,1996,84.45,79.94,77.25,78.66,78.91,79.99,84.14,85.2,86.18,84.68,86.7,82.69,82.41,Magallanes,14.19,120.73
RH2M,1997,80.38,79.66,71.96,67.89,75.05,82.81,86.86,88.65,85.18,82.17,80.41,77.46,79.88,Magallanes,14.19,120.73
RH2M,1998,74.82,70.59,67.67,66.21,74.77,79.18,80.27,83.62,86.06,87.4,87.08,87.8,78.85,Magallanes,14.19,120.73
RH2M,1999,86.35,80.97,82.86,82.34,80.14,83.88,87.61,86.86,87.07,86.6,85.63,88.26,84.91,Magallanes,14.19,120.73
RH2M,2000,84.2,85.01,83.55,78.67,81.13,83.04,87.68,86.41,86.7,86.69,88.0,87.97,84.93,Magallanes,14.19,120.73
RH2M,2001,84.36,83.86,81.94,75.13,78.7,83.13,87.17,89.56,86.78,85.39,84.99,85.55,83.9,Magallanes,14.19,120.73
RH2M,2002,82.09,78.9,74.42,69.55,75.01,79.18,88.17,87.67,86.96,84.35,86.02,85.11,81.48,Magallanes,14.19,120.73
RH2M,2003,80.14,76.67,71.21,67.83,75.42,83.24,82.58,88.21,87.65,81.98,84.32,81.83,80.11,Magallanes,14.19,120.73
RH2M,2004,81.16,76.9,72.04,68.36,81.32,89.12,84.44,89.71,81.69,80.19,85.11,83.86,81.18,Magallanes,14.19,120.73
RH2M,2005,80.4,76.7,72.76,68.79,71.27,83.6,85.25,86.03,86.79,85.19,84.67,88.08,80.83,Magallanes,14.19,120.73
RH2M,2006,85.98,82.63,80.07,71.52,76.82,80.63,88.55,87.86,85.22,82.88,84.3,86.98,82.81,Magallanes,14.19,120.73
RH2M,2007,83.8,79.67,73.72,69.88,76.02,79.86,83.07,85.94,87.52,86.18,85.87,87.44,81.61,Magallanes,14.19,120.73
RH2M,2008,85.9,83.69,80.81,78.24,83.87,81.84,85.86,85.08,86.84,85.61,87.46,85.34,84.22,Magallanes,14.19,120.73
RH2M,2009,83.81,82.8,78.57,81.44,84.54,86.55,87.03,85.92,88.5,84.89,85.02,80.43,84.12,Magallanes,14.19,120.73
RH2M,2010,79.6,73.75,72.41,69.46,68.46,77.57,81.41,84.73,83.09,85.19,86.53,86.32,79.09,Magallanes,14.19,120.73
RH2M,2011,84.65,81.07,80.93,72.78,79.7,83.72,85.74,86.9,88.54,85.4,86.37,87.38,83.63,Magallanes,14.19,120.73
RH2M,2012,84.93,84.48,82.28,77.88,78.31,85.78,85.8,87.78,87.22,83.32,84.28,83.58,83.8,Magallanes,14.19,120.73
RH2M,2013,81.31,80.81,78.92,70.09,74.95,81.27,83.01,86.76,87.18,83.15,86.22,86.04,81.65,Magallanes,14.19,120.73
RH2M,2014,78.37,77.39,73.3,68.06,70.57,82.56,87.84,83.97,85.82,83.29,84.95,86.55,80.24,Magallanes,14.19,120.73
RH2M,2015,83.21,79.51,73.81,70.73,67.59,76.22,83.96,84.15,83.27,82.64,84.56,85.16,79.58,Magallanes,14.19,120.73
RH2M,2016,84.11,81.92,76.2,69.75,72.54,79.12,81.45,88.04,86.35,86.06,85.46,87.04,81.52,Magallanes,14.19,120.73
RH2M,2017,85.15,82.82,78.33,73.23,77.69,79.01,84.02,83.43,83.18,83.6,87.0,85.94,81.96,Magallanes,14.19,120.73
RH2M,2018,85.92,81.59,76.98,72.81,73.83,84.43,88.97,87.67,85.52,80.61,82.65,83.92,82.09,Magallanes,14.19,120.73
RH2M,2019,81.55,76.59,69.61,66.95,74.71,81.17,84.07,87.85,85.81,81.59,84.22,85.38,79.99,Magallanes,14.19,120.73
RH2M,2020,82.64,81.16,80.11,78.94,77.7,79.43,80.8,83.48,82.22,86.14,86.65,87.19,82.22,Magallanes,14.19,120.73
RH2M,2021,85.58,83.66,81.51,74.0,75.08,82.48,86.31,83.82,84.31,86.15,85.89,84.37,82.77,Magallanes,14.19,120.73
RH2M,2022,81.61,81.5,78.68,78.66,77.73,79.69,83.64,84.13,86.1,85.49,86.88,85.7,82.49,Magallanes,14.19,120.73
RH2M,2023,86.18,82.89,77.29,74.7,77.03,83.19,83.15,86.37,84.06,84.37,85.43,86.21,82.58,Magallanes,14.19,120.73
RH2M,2024,81.97,77.97,74.06,68.44,71.7,79.61,83.76,83.12,86.67,83.65,83.27,86.79,80.1,Magallanes,14.19,120.73
RH2M,2025,84.93,83.33,81.17,72.6,76.88,83.99,87.91,83.35,86.17,85.12,86.95,85.35,83.15,Magallanes,14.19,120.73
T2M_MAX,1990,30.46,32.15,33.94,34.56,35.56,30.45,30.24,29.96,30.01,29.85,29.81,29.12,35.56,Magallanes,14.19,120.73
T2M_MAX,1991,29.17,31.0,31.72,34.33,33.53,33.14,31.77,29.26,29.08,29.72,29.28,29.3,34.33,Magallanes,14.19,120.73
T2M_MAX,1992,29.6,31.67,32.8,34.56,34.7,33.38,32.03,29.4,30.18,30.6,29.21,28.79,34.7,Magallanes,14.19,120.73
T2M_MAX,1993,29.54,31.75,33.76,34.53,35.51,33.15,31.28,29.98,30.47,29.39,29.35,28.96,35.51,Magallanes,14.19,120.73
T2M_MAX,1994,28.95,29.99,31.83,34.89,33.49,31.66,29.34,29.11,29.37,30.0,29.61,29.86,34.89,Magallanes,14.19,120.73
T2M_MAX,1995,29.88,31.53,33.92,34.5,34.54,33.04,31.65,30.67,29.9,30.34,29.73,28.32,34.54,Magallanes,14.19,120.73
T2M_MAX,1996,28.95,30.19,32.23,32.16,33.19,32.8,31.01,30.5,30.94,30.5,29.78,28.72,33.19,Magallanes,14.19,120.73
T2M_MAX,1997,28.83,30.14,32.39,34.02,34.12,30.62,29.78,28.92,30.49,30.76,30.66,30.47,34.12,Magallanes,14.19,120.73
T2M_MAX,1998,31.45,33.43,33.99,35.0,34.48,32.67,31.72,30.86,30.3,30.64,30.01,29.39,35.0,Magallanes,14.19,120.73
T2M_MAX,1999,29.15,29.74,30.63,31.16,31.7,30.9,29.38,29.91,29.26,30.04,29.71,29.05,31.7,Magallanes,14.19,120.73
T2M_MAX,2000,28.88,30.12,30.39,33.13,34.4,31.25,28.89,29.19,29.86,30.38,29.41,29.31,34.4,Magallanes,14.19,120.73
T2M_MAX,2001,29.58,29.59,30.84,33.58,34.15,31.93,28.88,29.03,29.65,30.82,30.04,29.32,34.15,Magallanes,14.19,120.73
T2M_MAX,2002,29.4,29.99,32.78,34.08,35.37,32.69,29.95,29.86,29.79,30.41,29.93,29.63,35.37,Magallanes,14.19,120.73
T2M_MAX,2003,28.98,30.03,33.55,34.97,35.89,30.37,31.62,30.42,29.64,30.4,29.99,29.12,35.89,Magallanes,14.19,120.73
T2M_MAX,2004,30.5,31.77,34.45,35.34,34.07,29.85,30.51,28.71,31.01,30.22,29.82,29.02,35.34,Magallanes,14.19,120.73
T2M_MAX,2005,29.13,31.92,34.75,34.72,35.23,32.17,30.99,30.49,30.43,30.57,30.37,29.28,35.23,Magallanes,14.19,120.73
T2M_MAX,2006,28.92,29.57,31.91,34.49,35.32,32.14,29.15,30.15,30.38,30.13,30.1,29.61,35.32,Magallanes,14.19,120.73
T2M_MAX,2007,29.19,30.54,32.61,34.91,34.57,32.9,31.21,29.82,29.93,29.88,30.08,29.13,34.91,Magallanes,14.19,120.73
T2M_MAX,2008,28.9,29.24,31.46,33.62,30.74,31.08,30.12,30.57,30.58,30.21,30.09,28.83,33.62,Magallanes,14.19,120.73
T2M_MAX,2009,29.08,29.95,31.74,32.12,30.64,30.85,30.13,31.02,30.06,29.57,29.7,29.35,32.12,Magallanes,14.19,120.73
T2M_MAX,2010,29.67,32.18,33.02,34.78,36.22,33.43,31.14,30.35,30.68,30.41,29.58,29.59,36.22,Magallanes,14.19,120.73
T2M_MAX,2011,28.32,29.53,30.45,33.19,33.49,30.93,30.48,30.34,28.88,30.16,29.78,29.32,33.49,Magallanes,14.19,120.73
T2M_MAX,2012,29.09,29.86,30.6,32.4,33.43,30.29,30.28,29.68,29.5,29.88,29.99,30.18,33.43,Magallanes,14.19,120.73
T2M_MAX,2013,29.37,30.66,32.22,34.96,33.93,32.05,30.55,30.32,29.91,29.52,29.57,29.07,34.96,Magallanes,14.19,120.73
T2M_MAX,2014,28.67,30.0,32.85,34.6,35.06,33.89,30.8,30.5,30.76,30.29,30.21,29.25,35.06,Magallanes,14.19,120.73
T2M_MAX,2015,28.48,29.61,32.5,34.57,35.08,34.89,30.85,31.28,30.99,31.03,30.16,30.45,35.08,Magallanes,14.19,120.73
T2M_MAX,2016,29.49,29.9,32.88,35.32,35.22,32.21,31.71,30.62,30.33,30.38,29.79,29.66,35.32,Magallanes,14.19,120.73
T2M_MAX,2017,28.71,29.53,32.55,34.29,33.46,32.3,31.29,31.36,31.57,30.3,29.99,29.96,34.29,Magallanes,14.19,120.73
T2M_MAX,2018,29.08,29.91,32.3,34.8,34.51,31.74,28.78,29.47,30.09,30.92,30.48,30.22,34.8,Magallanes,14.19,120.73
T2M_MAX,2019,29.01,30.02,33.96,34.68,34.45,33.16,30.54,29.36,30.9,30.8,30.02,29.72,34.68,Magallanes,14.19,120.73
T2M_MAX,2020,29.81,29.2,31.8,32.19,33.16,33.36,31.45,30.87,31.29,29.9,30.04,29.41,33.36,Magallanes,14.19,120.73
T2M_MAX,2021,29.41,30.03,31.4,33.19,34.67,31.82,31.62,30.94,30.61,30.3,30.18,29.65,34.67,Magallanes,14.19,120.73
T2M_MAX,2022,30.01,30.58,32.34,32.66,33.54,31.34,31.15,30.67,30.99,30.38,29.88,29.69,33.54,Magallanes,14.19,120.73
T2M_MAX,2023,28.82,29.75,32.44,33.55,34.04,31.63,31.77,30.16,31.25,30.92,30.72,29.92,34.04,Magallanes,14.19,120.73
T2M_MAX,2024,29.7,30.85,32.82,36.89,36.38,32.9,31.26,31.67,31.23,30.95,30.67,30.24,36.89,Magallanes,14.19,120.73
T2M_MAX,2025,29.57,29.8,31.43,35.41,34.06,31.39,29.6,30.58,30.0,30.67,30.07,29.84,35.41,Magallanes,14.19,120.73
T2M_MIN,1990,21.78,22.6,22.87,24.77,26.07,25.92,25.45,25.26,25.22,24.94,23.05,22.6,21.78,Magallanes,14.19,120.73
T2M_MIN,1991,22.42,22.75,22.73,24.39,25.78,26.0,25.38,25.48,24.9,24.39,22.84,22.53,22.42,Magallanes,14.19,120.73
T2M_MIN,1992,21.86,22.18,23.44,24.73,25.81,26.72,25.51,25.67,25.05,24.93,21.9,22.38,21.86,Magallanes,14.19,120.73
T2M_MIN,1993,20.98,21.58,22.79,23.57,25.59,26.33,25.59,25.06,24.9,24.13,24.3,22.52,20.98,Magallanes,14.19,120.73
T2M_MIN,1994,22.09,22.61,23.2,23.91,26.56,25.69,24.79,25.22,24.74,24.01,23.5,22.58,22.09,Magallanes,14.19,120.73
T2M_MIN,1995,21.77,21.52,22.56,24.62,25.51,26.25,25.48,25.84,25.6,25.11,24.7,21.83,21.52,Magallanes,14.19,120.73
T2M_MIN,1996,21.88,21.51,23.1,24.63,25.76,25.88,26.03,25.42,25.31,25.57,25.07,21.24,21.24,Magallanes,14.19,120.73
T2M_MIN,1997,21.61,21.81,21.95,24.57,25.82,25.82,25.5,25.08,25.21,24.8,23.59,22.72,21.61,Magallanes,14.19,120.73
T2M_MIN,1998,22.25,22.96,23.48,24.71,26.49,26.42,25.93,25.98,25.96,26.01,25.37,24.68,22.25,Magallanes,14.19,120.73
T2M_MIN,1999,23.51,21.77,23.07,24.12,25.6,25.47,25.65,24.77,25.28,25.27,23.85,21.75,21.75,Magallanes,14.19,120.73
T2M_MIN,2000,21.37,22.73,23.81,25.17,26.05,25.85,24.74,24.91,25.02,24.98,24.41,24.24,21.37,Magallanes,14.19,120.73
T2M_MIN,2001,22.13,22.55,23.97,25.64,26.11,25.93,25.15,25.59,25.11,25.36,22.14,21.61,21.61,Magallanes,14.19,120.73
T2M_MIN,2002,21.23,21.57,21.71,23.98,25.16,26.56,25.65,25.45,25.22,25.61,24.03,23.93,21.23,Magallanes,14.19,120.73
T2M_MIN,2003,22.08,22.14,22.74,25.28,26.13,25.15,25.98,25.32,25.11,24.32,24.01,22.53,22.08,Magallanes,14.19,120.73
T2M_MIN,2004,22.65,22.03,23.68,25.45,25.85,25.76,25.33,25.23,24.98,24.05,24.3,23.13,22.03,Magallanes,14.19,120.73
T2M_MIN,2005,21.75,22.49,22.43,23.68,26.62,26.02,25.64,25.32,25.27,25.94,24.44,22.69,21.75,Magallanes,14.19,120.73
T2M_MIN,2006,22.55,22.76,23.84,24.99,26.12,26.02,25.26,25.4,25.48,24.7,24.81,23.86,22.55,Magallanes,14.19,120.73
T2M_MIN,2007,21.49,21.46,23.1,24.85,25.97,26.51,26.2,25.12,25.43,25.05,22.95,22.61,21.46,Magallanes,14.19,120.73
T2M_MIN,2008,22.57,22.61,22.4,25.04,25.47,24.89,25.17,24.53,25.41,25.4,24.74,22.67,22.4,Magallanes,14.19,120.73
T2M_MIN,2009,21.08,22.82,23.92,25.09,25.32,25.59,25.5,25.83,25.33,23.47,24.23,22.82,21.08,Magallanes,14.19,120.73
T2M_MIN,2010,22.45,22.69,22.73,24.94,26.29,26.63,25.33,25.75,25.27,25.38,24.89,23.7,22.45,Magallanes,14.19,120.73
T2M_MIN,2011,22.07,22.41,23.14,23.24,25.68,25.62,25.34,25.51,25.25,24.96,25.03,23.55,22.07,Magallanes,14.19,120.73
T2M_MIN,2012,23.37,23.01,23.67,24.49,26.75,25.61,25.39,25.23,24.95,24.48,24.42,23.64,23.01,Magallanes,14.19,120.73
T2M_MIN,2013,21.99,23.2,22.85,25.25,26.77,25.97,25.7,25.52,25.53,24.39,24.49,23.96,21.99,Magallanes,14.19,120.73
T2M_MIN,2014,20.37,22.33,22.69,24.99,26.79,26.31,25.45,25.41,25.46,24.94,23.53,23.31,20.37,Magallanes,14.19,120.73
T2M_MIN,2015,22.09,21.37,22.18,24.05,26.58,26.6,25.78,25.86,25.44,25.27,24.76,23.21,21.37,Magallanes,14.19,120.73
T2M_MIN,2016,22.59,22.59,23.78,24.97,27.01,26.76,25.74,26.0,25.14,25.48,24.35,24.15,22.59,Magallanes,14.19,120.73
T2M_MIN,2017,23.0,21.31,22.68,23.73,26.26,26.65,26.28,25.75,25.98,25.88,24.97,23.55,21.31,Magallanes,14.19,120.73
T2M_MIN,2018,22.7,22.79,23.25,24.33,26.37,25.92,25.6,25.58,25.53,23.77,24.59,24.06,22.7,Magallanes,14.19,120.73
T2M_MIN,2019,21.44,22.36,22.67,24.62,27.21,26.53,25.98,25.17,25.4,25.44,23.99,23.82,21.44,Magallanes,14.19,120.73
T2M_MIN,2020,22.6,21.78,23.35,24.54,25.99,26.09,26.41,25.79,25.42,25.14,24.37,24.04,21.78,Magallanes,14.19,120.73
T2M_MIN,2021,22.08,21.61,23.85,24.63,26.01,26.13,26.33,25.98,25.91,25.38,24.93,23.17,21.61,Magallanes,14.19,120.73
T2M_MIN,2022,22.23,23.84,23.94,24.7,26.13,26.13,25.94,25.77,25.84,26.05,25.01,22.74,22.23,Magallanes,14.19,120.73
T2M_MIN,2023,22.48,22.68,22.27,24.32,26.39,26.53,26.55,26.83,26.31,25.93,25.09,24.47,22.27,Magallanes,14.19,120.73
T2M_MIN,2024,22.7,23.17,23.45,25.63,27.24,27.2,26.59,26.48,26.26,26.07,25.72,24.99,22.7,Magallanes,14.19,120.73
T2M_MIN,2025,23.24,23.2,23.47,25.26,26.86,26.12,25.97,25.85,25.49,26.03,25.66,24.03,23.2,Magallanes,14.19,120.73
TS,1990,26.27,27.01,27.89,29.92,29.67,28.38,27.65,27.49,27.23,27.37,27.05,26.16,27.67,Magallanes,14.19,120.73
TS,1991,25.76,26.57,27.28,29.19,29.76,28.95,27.97,27.32,27.18,27.34,26.38,25.98,27.48,Magallanes,14.19,120.73
TS,1992,26.07,26.73,28.31,29.84,30.07,29.92,28.29,27.71,27.24,27.58,26.18,26.0,27.83,Magallanes,14.19,120.73
TS,1993,25.55,26.27,27.61,29.41,29.96,29.63,28.1,27.53,27.39,26.98,27.04,25.84,27.61,Magallanes,14.19,120.73
TS,1994,25.62,26.31,27.5,28.98,29.94,28.81,27.28,27.36,27.44,27.31,26.5,26.37,27.46,Magallanes,14.19,120.73
TS,1995,25.94,26.48,27.92,29.63,29.23,29.36,28.62,28.07,27.87,27.78,27.29,25.94,27.85,Magallanes,14.19,120.73
TS,1996,25.74,25.68,27.4,28.19,29.03,29.01,28.84,27.81,27.89,28.09,27.58,26.04,27.61,Magallanes,14.19,120.73
TS,1997,25.39,26.37,27.43,29.66,29.44,28.39,27.78,27.27,27.64,28.09,27.71,27.19,27.7,Magallanes,14.19,120.73
TS,1998,26.91,28.2,28.58,29.93,30.22,29.5,29.1,28.68,28.38,28.15,27.8,27.27,28.56,Magallanes,14.19,120.73
TS,1999,26.64,25.96,27.37,28.03,28.85,28.16,27.65,27.14,27.39,27.61,27.05,26.42,27.36,Magallanes,14.19,120.73
TS,2000,25.84,26.33,27.15,28.84,28.88,28.59,27.37,27.93,27.49,27.75,27.04,26.7,27.49,Magallanes,14.19,120.73
TS,2001,26.52,26.44,27.46,29.63,29.41,28.83,27.54,27.6,27.58,27.79,26.96,26.09,27.66,Magallanes,14.19,120.73
TS,2002,25.67,25.69,27.34,29.39,29.71,29.43,27.73,27.34,27.69,28.06,27.29,26.77,27.68,Magallanes,14.19,120.73
TS,2003,25.92,26.37,27.99,30.18,30.17,27.94,28.5,27.45,27.37,27.62,27.5,25.93,27.75,Magallanes,14.19,120.73
TS,2004,26.25,26.66,28.54,30.21,28.69,27.48,27.8,27.25,28.03,27.53,27.06,26.32,27.65,Magallanes,14.19,120.73
TS,2005,25.55,26.57,27.75,29.15,30.82,28.8,28.52,28.01,27.94,28.09,27.52,26.46,27.94,Magallanes,14.19,120.73
TS,2006,26.03,26.36,27.19,29.24,29.31,29.09,27.81,27.54,27.97,27.81,27.63,26.62,27.72,Magallanes,14.19,120.73
TS,2007,26.07,26.25,27.86,29.74,29.71,29.54,28.86,28.14,27.84,27.62,27.11,26.3,27.93,Magallanes,14.19,120.73
TS,2008,25.89,26.03,27.0,28.64,28.15,28.45,27.6,27.5,27.64,27.89,27.35,26.37,27.38,Magallanes,14.19,120.73
TS,2009,25.62,26.43,27.79,28.15,27.99,27.83,27.93,28.1,27.57,27.25,27.15,26.24,27.34,Magallanes,14.19,120.73
TS,2010,26.41,27.36,28.47,29.79,31.03,30.03,28.87,28.12,28.23,28.13,27.53,26.83,28.4,Magallanes,14.19,120.73
TS,2011,25.92,26.23,26.69,28.1,28.82,28.23,27.79,27.57,27.32,27.44,27.33,26.71,27.35,Magallanes,14.19,120.73
TS,2012,26.29,26.36,26.94,28.62,29.31,28.22,27.86,27.36,27.55,27.3,27.37,27.16,27.53,Magallanes,14.19,120.73
TS,2013,26.02,26.51,27.61,30.14,30.03,29.01,28.31,27.76,27.76,27.4,27.12,26.86,27.88,Magallanes,14.19,120.73
TS,2014,25.32,26.24,27.62,29.81,30.73,29.21,27.79,27.76,27.86,27.88,27.39,26.42,27.84,Magallanes,14.19,120.73
TS,2015,25.3,25.53,27.18,29.25,30.95,30.11,28.15,28.36,28.47,28.12,27.59,26.86,28.0,Magallanes,14.19,120.73
TS,2016,26.35,26.04,27.92,30.22,30.64,29.63,28.8,28.06,27.99,27.83,27.47,27.2,28.18,Magallanes,14.19,120.73
TS,2017,26.18,25.9,27.23,29.31,29.71,29.56,28.63,28.52,28.48,28.31,27.77,27.03,28.06,Magallanes,14.19,120.73
TS,2018,26.3,26.54,27.49,29.2,30.11,28.66,27.89,27.58,27.82,28.21,27.6,27.09,27.88,Magallanes,14.19,120.73
TS,2019,25.87,26.18,28.4,30.24,30.11,29.66,28.5,27.9,27.78,28.18,27.72,26.65,28.11,Magallanes,14.19,120.73
TS,2020,26.21,25.77,27.43,28.75,30.09,29.54,29.07,28.44,28.71,28.34,27.6,27.19,28.1,Magallanes,14.19,120.73
TS,2021,26.4,26.26,27.55,28.94,30.06,29.0,28.6,28.41,28.36,28.15,27.99,26.81,28.05,Magallanes,14.19,120.73
TS,2022,26.42,27.02,28.27,28.46,29.41,29.16,28.9,28.26,28.12,28.31,27.81,27.0,28.1,Magallanes,14.19,120.73
TS,2023,26.03,26.23,27.08,29.04,29.93,29.04,28.81,28.45,28.58,28.49,28.11,27.29,28.1,Magallanes,14.19,120.73
TS,2024,26.57,26.86,28.11,30.38,31.01,29.83,28.88,29.02,28.52,28.54,28.16,27.41,28.61,Magallanes,14.19,120.73
TS,2025,26.67,26.76,27.55,29.88,29.8,28.82,28.23,28.14,27.78,28.07,27.87,27.16,28.07,Magallanes,14.19,120.73
WS2M,1990,4.23,4.22,3.57,3.17,2.81,3.45,3.16,4.72,3.19,3.1,3.77,4.84,3.68,Magallanes,14.19,120.73
WS2M,1991,4.56,4.03,4.24,3.19,3.22,3.89,3.51,4.21,3.88,3.19,3.91,5.14,3.92,Magallanes,14.19,120.73
WS2M,1992,3.83,3.94,3.63,2.7,2.69,3.05,2.99,4.36,3.52,3.33,4.51,5.03,3.63,Magallanes,14.19,120.73
WS2M,1993,4.52,4.1,4.02,2.98,2.71,2.39,2.97,3.75,3.0,4.07,4.33,5.32,3.68,Magallanes,14.19,120.73
WS2M,1994,4.09,4.05,4.64,3.03,2.18,2.75,4.73,3.3,3.1,3.35,4.86,5.11,3.77,Magallanes,14.19,120.73
WS2M,1995,4.84,4.22,4.07,3.89,2.65,2.65,2.92,2.96,3.43,3.21,4.04,5.4,3.69,Magallanes,14.19,120.73
WS2M,1996,5.03,5.25,4.55,3.36,3.02,2.75,3.85,2.85,3.07,2.7,4.72,5.43,3.88,Magallanes,14.19,120.73
WS2M,1997,4.43,4.89,3.61,2.75,3.65,2.77,2.76,4.36,2.61,3.22,3.98,4.54,3.63,Magallanes,14.19,120.73
WS2M,1998,4.37,3.27,4.08,3.51,3.59,2.35,1.82,2.32,3.47,3.85,3.53,4.67,3.41,Magallanes,14.19,120.73
WS2M,1999,5.08,5.21,3.78,2.9,2.17,2.85,3.88,3.54,3.26,3.33,4.16,4.91,3.75,Magallanes,14.19,120.73
WS2M,2000,4.75,4.53,3.88,2.91,3.02,2.6,4.04,3.35,3.83,3.63,4.13,4.56,3.77,Magallanes,14.19,120.73
WS2M,2001,4.28,4.5,4.06,2.81,2.67,2.87,3.76,4.34,3.21,3.29,4.84,5.49,3.84,Magallanes,14.19,120.73
WS2M,2002,4.58,4.44,4.08,3.61,2.95,2.46,4.79,3.37,2.98,2.77,4.13,4.01,3.68,Magallanes,14.19,120.73
WS2M,2003,4.78,4.7,3.75,2.87,3.68,2.99,2.81,3.39,3.17,2.81,3.86,5.44,3.68,Magallanes,14.19,120.73
WS2M,2004,4.14,3.9,3.35,2.73,3.48,4.2,2.5,4.61,2.51,3.01,4.44,4.48,3.61,Magallanes,14.19,120.73
WS2M,2005,3.84,3.45,3.83,2.8,1.9,2.54,3.07,3.51,3.07,2.97,3.37,5.09,3.29,Magallanes,14.19,120.73
WS2M,2006,3.84,4.6,3.29,3.05,3.01,2.61,4.03,3.71,2.59,3.01,3.32,4.92,3.5,Magallanes,14.19,120.73
WS2M,2007,4.65,3.95,3.66,3.12,2.53,2.2,2.62,3.61,3.24,3.66,4.2,4.49,3.49,Magallanes,14.19,120.73
WS2M,2008,4.68,4.82,3.49,3.65,2.8,2.68,2.92,2.9,3.41,2.83,3.75,4.78,3.55,Magallanes,14.19,120.73
WS2M,2009,4.98,3.96,3.2,2.83,2.77,3.65,3.29,3.69,3.91,3.55,3.49,4.11,3.62,Magallanes,14.19,120.73
WS2M,2010,4.45,3.34,3.85,2.94,2.15,2.08,2.18,3.14,2.36,3.17,3.29,3.99,3.08,Magallanes,14.19,120.73
WS2M,2011,4.8,4.0,4.81,3.5,2.64,2.94,3.38,3.49,3.64,3.07,3.71,4.02,3.67,Magallanes,14.19,120.73
WS2M,2012,3.98,3.97,4.06,2.7,1.95,3.93,3.33,4.31,2.98,3.31,3.58,4.03,3.51,Magallanes,14.19,120.73
WS2M,2013,4.46,4.47,3.17,2.17,2.11,2.7,2.46,3.65,3.46,3.11,4.13,3.35,3.26,Magallanes,14.19,120.73
WS2M,2014,4.67,3.12,3.59,2.28,1.99,3.07,3.81,2.89,3.26,2.72,3.71,4.95,3.34,Magallanes,14.19,120.73
WS2M,2015,4.39,3.88,3.68,3.05,2.2,2.53,3.65,3.11,2.57,3.49,4.04,4.4,3.42,Magallanes,14.19,120.73
WS2M,2016,3.81,4.06,2.92,2.79,2.4,2.31,2.57,4.13,2.92,3.04,3.97,4.32,3.27,Magallanes,14.19,120.73
WS2M,2017,4.82,4.36,3.59,2.88,2.39,2.09,3.15,2.95,2.51,2.81,4.16,4.53,3.35,Magallanes,14.19,120.73
WS2M,2018,4.42,3.57,3.66,3.16,2.65,3.42,3.95,4.44,2.94,2.99,4.12,4.41,3.65,Magallanes,14.19,120.73
WS2M,2019,4.67,4.02,2.95,2.65,2.18,2.92,3.12,4.6,3.64,2.99,3.24,4.29,3.44,Magallanes,14.19,120.73
WS2M,2020,4.01,4.87,3.27,3.22,2.21,2.42,2.23,2.83,2.24,3.12,4.15,3.8,3.19,Magallanes,14.19,120.73
WS2M,2021,4.72,3.85,3.77,3.27,3.06,2.75,4.14,2.94,2.67,3.57,3.75,4.99,3.63,Magallanes,14.19,120.73
WS2M,2022,4.22,4.43,3.53,3.52,2.4,2.06,2.41,2.75,3.31,3.47,3.66,4.2,3.32,Magallanes,14.19,120.73
WS2M,2023,4.75,4.28,3.63,2.65,2.8,2.66,3.39,4.18,2.53,2.79,3.98,3.98,3.47,Magallanes,14.19,120.73
WS2M,2024,4.58,4.4,3.65,3.07,2.68,2.15,3.16,2.67,3.73,3.15,3.2,4.26,3.39,Magallanes,14.19,120.73
WS2M,2025,4.11,4.28,3.8,2.61,2.79,2.77,4.65,2.49,3.01,2.69,3.85,3.89,3.41,Magallanes,14.19,120.73
ALLSKY_SFC_SW_DWN,1990,18.17,21.72,22.51,24.96,21.21,17.22,18.27,16.04,17.99,18.14,16.46,16.23,19.05,General Emilio Aguinaldo,14.18,120.79
ALLSKY_SFC_SW_DWN,1991,17.38,19.5,23.2,23.67,23.1,19.18,16.68,12.57,15.47,17.59,16.71,17.17,18.51,General Emilio Aguinaldo,14.18,120.79
ALLSKY_SFC_SW_DWN,1992,17.47,20.64,23.46,23.65,21.92,20.46,17.94,13.29,15.93,17.84,17.48,16.78,18.89,General Emilio Aguinaldo,14.18,120.79
ALLSKY_SFC_SW_DWN,1993,18.42,21.06,22.47,24.08,24.36,20.87,18.04,16.24,15.75,16.89,16.46,14.12,19.04,General Emilio Aguinaldo,14.18,120.79
ALLSKY_SFC_SW_DWN,1994,17.31,20.13,21.72,23.41,21.92,19.63,12.53,18.8,16.86,19.07,19.06,16.68,18.91,General Emilio Aguinaldo,14.18,120.79
ALLSKY_SFC_SW_DWN,1995,17.24,20.14,22.69,25.05,21.19,21.11,17.95,16.67,14.69,16.83,15.28,13.83,18.54,General Emilio Aguinaldo,14.18,120.79
ALLSKY_SFC_SW_DWN,1996,15.56,19.01,21.36,21.13,19.89,20.44,15.7,18.79,16.1,17.37,14.37,15.87,17.96,General Emilio Aguinaldo,14.18,120.79
ALLSKY_SFC_SW_DWN,1997,16.76,18.1,21.75,22.86,20.25,20.3,17.16,15.27,17.7,18.96,17.98,16.66,18.64,General Emilio Aguinaldo,14.18,120.79
ALLSKY_SFC_SW_DWN,1998,16.77,20.22,22.1,23.65,19.57,20.71,19.95,19.22,15.18,14.6,16.26,13.64,18.47,General Emilio Aguinaldo,14.18,120.79
ALLSKY_SFC_SW_DWN,1999,14.94,18.27,19.68,20.95,20.95,17.62,15.91,16.01,16.34,16.77,15.21,13.79,17.19,General Emilio Aguinaldo,14.18,120.79
ALLSKY_SFC_SW_DWN,2000,16.35,16.51,19.4,22.38,17.88,19.72,13.99,17.06,16.84,15.56,14.73,14.19,17.04,General Emilio Aguinaldo,14.18,120.79
ALLSKY_SFC_SW_DWN,2001,16.61,16.75,20.93,23.06,19.93,18.82,17.16,14.25,17.83,17.58,17.12,15.09,17.92,General Emilio Aguinaldo,14.18,120.79
ALLSKY_SFC_SW_DWN,2002,17.65,19.49,22.84,24.71,21.94,20.53,12.71,17.32,16.54,18.36,15.72,16.38,18.67,General Emilio Aguinaldo,14.18,120.79
ALLSKY_SFC_SW_DWN,2003,17.38,20.41,22.8,24.58,19.22,18.83,19.37,16.39,16.2,18.82,16.83,15.54,18.85,General Emilio Aguinaldo,14.18,120.79
ALLSKY_SFC_SW_DWN,2004,17.49,18.76,22.85,24.28,20.54,14.73,20.08,15.69,20.23,18.54,15.33,16.05,18.72,General Emilio Aguinaldo,14.18,120.79
ALLSKY_SFC_SW_DWN,2005,17.14,20.31,21.61,24.0,23.43,18.56,17.22,14.85,15.88,16.95,15.62,12.81,18.18,General Emilio Aguinaldo,14.18,120.79
ALLSKY_SFC_SW_DWN,2006,15.53,18.66,21.98,24.6,20.56,20.85,12.31,14.35,18.09,17.1,17.24,14.39,17.94,General Emilio Aguinaldo,14.18,120.79
ALLSKY_SFC_SW_DWN,2007,16.2,20.45,22.37,23.91,21.06,19.64,19.22,13.51,15.98,15.57,13.82,15.5,18.08,General Emilio Aguinaldo,14.18,120.79
ALLSKY_SFC_SW_DWN,2008,15.49,16.25,21.94,22.61,18.64,20.51,17.34,16.01,16.85,17.15,14.87,14.47,17.67,General Emilio Aguinaldo,14.18,120.79
ALLSKY_SFC_SW_DWN,2009,14.97,18.02,21.28,20.3,20.24,16.46,16.79,17.59,13.23,14.94,17.59,17.24,17.39,General Emilio Aguinaldo,14.18,120.79
ALLSKY_SFC_SW_DWN,2010,17.29,22.02,22.61,24.49,24.41,18.96,18.92,17.62,19.22,15.55,15.31,14.54,19.22,General Emilio Aguinaldo,14.18,120.79
ALLSKY_SFC_SW_DWN,2011,15.04,18.76,19.32,23.29,20.69,16.77,15.28,14.52,15.11,17.38,15.71,13.76,17.12,General Emilio Aguinaldo,14.18,120.79
ALLSKY_SFC_SW_DWN,2012,16.27,18.66,18.76,24.62,20.63,16.81,15.51,13.33,16.23,16.53,18.29,15.5,17.57,General Emilio Aguinaldo,14.18,120.79
ALLSKY_SFC_SW_DWN,2013,15.91,18.42,21.98,24.24,21.14,19.1,18.05,13.75,13.95,17.14,15.75,15.38,17.89,General Emilio Aguinaldo,14.18,120.79
ALLSKY_SFC_SW_DWN,2014,17.17,20.26,21.73,23.91,24.27,17.6,14.99,17.92,16.71,17.75,17.13,13.29,18.54,General Emilio Aguinaldo,14.18,120.79
ALLSKY_SFC_SW_DWN,2015,16.24,20.15,22.29,24.78,23.71,22.45,16.5,18.49,20.68,17.69,18.61,15.53,19.74,General Emilio Aguinaldo,14.18,120.79
ALLSKY_SFC_SW_DWN,2016,18.22,18.92,23.14,25.13,22.41,19.94,18.91,14.1,16.8,16.12,15.82,14.52,18.66,General Emilio Aguinaldo,14.18,120.79
ALLSKY_SFC_SW_DWN,2017,15.21,19.0,22.49,24.15,21.8,21.44,15.93,18.75,17.91,15.8,15.83,14.31,18.53,General Emilio Aguinaldo,14.18,120.79
ALLSKY_SFC_SW_DWN,2018,15.37,20.27,22.62,24.53,23.64,15.56,12.8,14.11,18.68,20.34,18.21,14.05,18.32,General Emilio Aguinaldo,14.18,120.79
ALLSKY_SFC_SW_DWN,2019,17.4,21.52,24.25,24.96,21.36,20.74,17.3,13.76,15.88,20.42,15.29,15.76,19.03,General Emilio Aguinaldo,14.18,120.79
ALLSKY_SFC_SW_DWN,2020,17.35,19.87,24.03,23.88,23.06,21.32,20.27,16.84,20.28,14.9,15.35,14.37,19.28,General Emilio Aguinaldo,14.18,120.79
ALLSKY_SFC_SW_DWN,2021,15.11,18.97,21.71,23.23,23.86,19.15,14.79,18.43,17.9,15.78,17.23,15.61,18.47,General Emilio Aguinaldo,14.18,120.79
ALLSKY_SFC_SW_DWN,2022,17.8,18.11,22.98,21.41,22.26,21.09,17.8,16.01,16.05,16.83,16.85,14.3,18.46,General Emilio Aguinaldo,14.18,120.79
ALLSKY_SFC_SW_DWN,2023,15.11,18.84,23.78,22.27,21.85,19.16,16.42,17.57,16.95,16.61,17.18,15.74,18.45,General Emilio Aguinaldo,14.18,120.79
ALLSKY_SFC_SW_DWN,2024,17.12,21.06,22.14,25.92,22.92,20.66,15.12,19.55,14.06,15.79,17.45,13.07,18.72,General Emilio Aguinaldo,14.18,120.79
ALLSKY_SFC_SW_DWN,2025,15.93,17.29,21.27,24.49,22.13,17.21,12.27,17.88,14.37,16.12,14.45,15.18,17.38,General Emilio Aguinaldo,14.18,120.79
EVLAND,1990,1.96,0.64,0.72,0.17,2.09,3.92,4.19,5.32,4.15,4.02,4.56,4.74,3.06,General Emilio Aguinaldo,14.18,120.79
EVLAND,1991,2.95,2.16,1.74,1.16,2.37,3.08,3.78,3.52,3.89,4.94,4.76,3.97,3.2,General Emilio Aguinaldo,14.18,120.79
EVLAND,1992,2.29,1.24,0.65,0.81,1.37,2.49,3.18,3.65,3.9,4.15,5.22,4.18,2.77,General Emilio Aguinaldo,14.18,120.79
EVLAND,1993,2.52,1.43,0.71,0.74,1.48,2.43,3.63,3.57,3.41,4.55,3.86,4.71,2.77,General Emilio Aguinaldo,14.18,120.79
EVLAND,1994,4.51,3.45,2.05,1.93,1.81,2.93,3.92,4.12,3.6,5.0,4.89,2.89,3.43,General Emilio Aguinaldo,14.18,120.79
EVLAND,1995,2.23,1.27,0.43,0.23,1.44,3.23,3.0,3.42,3.6,4.37,4.07,4.11,2.63,General Emilio Aguinaldo,14.18,120.79
EVLAND,1996,4.22,3.02,1.68,1.81,1.69,2.85,3.05,3.78,3.78,3.4,4.34,5.32,3.25,General Emilio Aguinaldo,14.18,120.79
EVLAND,1997,3.42,2.51,1.19,0.96,2.02,4.02,3.47,4.05,3.64,4.86,4.56,2.34,3.09,General Emilio Aguinaldo,14.18,120.79
EVLAND,1998,1.09,0.51,0.45,0.61,1.87,3.5,3.75,3.47,3.86,3.64,3.39,4.01,2.53,General Emilio Aguinaldo,14.18,120.79
EVLAND,1999,4.92,5.07,3.63,3.96,3.04,3.78,3.71,4.31,3.72,3.7,4.42,3.92,4.01,General Emilio Aguinaldo,14.18,120.79
EVLAND,2000,5.12,4.06,3.32,2.97,3.08,3.61,4.19,3.83,4.32,3.97,3.99,3.87,3.86,General Emilio Aguinaldo,14.18,120.79
EVLAND,2001,4.86,4.38,3.18,2.58,3.32,3.38,4.38,3.88,3.58,3.81,5.01,5.22,3.97,General Emilio Aguinaldo,14.18,120.79
EVLAND,2002,3.76,2.64,1.28,0.89,1.26,3.47,4.45,4.02,3.54,3.92,4.17,4.52,3.17,General Emilio Aguinaldo,14.18,120.79
EVLAND,2003,3.43,1.9,0.79,0.47,1.89,4.73,4.27,3.81,3.62,4.98,4.69,4.25,3.25,General Emilio Aguinaldo,14.18,120.79
EVLAND,2004,2.6,1.61,0.79,0.74,3.38,3.78,3.84,4.02,4.56,5.04,4.45,4.56,3.29,General Emilio Aguinaldo,14.18,120.79
EVLAND,2005,3.06,1.91,1.02,0.96,1.09,3.08,3.46,3.99,3.77,4.06,4.32,4.13,2.91,General Emilio Aguinaldo,14.18,120.79
EVLAND,2006,4.64,4.36,3.05,1.71,2.32,3.57,3.29,4.07,3.73,4.72,3.89,4.55,3.66,General Emilio Aguinaldo,14.18,120.79
EVLAND,2007,4.53,2.74,1.32,0.56,2.04,2.92,3.69,3.97,3.47,4.29,4.37,4.72,3.23,General Emilio Aguinaldo,14.18,120.79
EVLAND,2008,4.77,3.91,2.95,2.09,3.64,4.13,3.84,4.18,3.96,3.78,3.67,4.54,3.79,General Emilio Aguinaldo,14.18,120.79
EVLAND,2009,4.03,2.82,2.5,2.56,4.74,4.32,3.69,4.62,3.95,4.38,5.01,4.11,3.9,General Emilio Aguinaldo,14.18,120.79
EVLAND,2010,2.38,0.93,0.78,0.61,1.08,2.34,3.46,4.13,3.78,3.74,3.47,3.94,2.57,General Emilio Aguinaldo,14.18,120.79
EVLAND,2011,4.44,3.53,2.69,1.15,2.9,4.19,4.35,4.16,3.82,4.12,4.1,4.16,3.64,General Emilio Aguinaldo,14.18,120.79
EVLAND,2012,4.88,4.01,3.49,3.34,3.12,4.05,3.99,4.7,3.85,5.01,4.69,4.04,4.1,General Emilio Aguinaldo,14.18,120.79
EVLAND,2013,3.11,2.9,3.32,1.74,2.14,3.93,3.94,3.76,3.78,4.92,4.66,3.86,3.51,General Emilio Aguinaldo,14.18,120.79
EVLAND,2014,4.04,2.39,1.15,0.86,1.86,3.47,3.87,4.46,4.22,4.3,4.67,4.65,3.34,General Emilio Aguinaldo,14.18,120.79
EVLAND,2015,4.82,3.25,1.74,0.82,0.85,2.94,4.14,4.09,4.24,4.95,5.18,4.6,3.47,General Emilio Aguinaldo,14.18,120.79
EVLAND,2016,4.94,3.69,2.13,1.06,1.77,3.28,4.27,4.18,3.66,3.97,4.63,4.23,3.49,General Emilio Aguinaldo,14.18,120.79
EVLAND,2017,5.13,4.59,2.94,1.93,2.83,4.01,4.02,4.53,4.24,4.14,4.68,4.58,3.97,General Emilio Aguinaldo,14.18,120.79
EVLAND,2018,4.67,4.06,2.93,1.5,2.25,3.93,3.56,4.54,4.21,4.99,5.1,3.43,3.76,General Emilio Aguinaldo,14.18,120.79
EVLAND,2019,4.46,2.59,0.81,0.86,2.28,3.55,3.79,4.47,4.65,4.86,3.92,4.91,3.44,General Emilio Aguinaldo,14.18,120.79
EVLAND,2020,4.67,3.63,2.98,2.98,2.9,4.24,4.12,4.1,3.99,3.6,4.41,3.78,3.78,General Emilio Aguinaldo,14.18,120.79
EVLAND,2021,4.9,5.32,3.9,2.14,1.58,3.44,4.23,4.27,3.85,4.18,4.29,4.74,3.9,General Emilio Aguinaldo,14.18,120.79
EVLAND,2022,3.67,2.91,2.48,3.03,3.5,4.08,3.97,3.93,3.85,3.98,3.91,4.15,3.63,General Emilio Aguinaldo,14.18,120.79
EVLAND,2023,4.7,4.68,2.81,2.75,2.81,3.84,4.58,4.74,4.06,4.18,4.6,4.76,4.04,General Emilio Aguinaldo,14.18,120.79
EVLAND,2024,4.11,2.45,1.08,0.81,2.0,4.36,4.14,4.19,4.17,4.13,4.78,4.48,3.4,General Emilio Aguinaldo,14.18,120.79
EVLAND,2025,4.55,4.27,3.31,1.93,3.46,4.09,4.88,4.36,3.93,3.91,4.1,4.47,3.94,General Emilio Aguinaldo,14.18,120.79
GWETROOT,1990,0.5,0.46,0.45,0.44,0.5,0.77,0.95,0.98,0.97,0.94,0.89,0.73,0.72,General Emilio Aguinaldo,14.18,120.79
GWETROOT,1991,0.58,0.5,0.48,0.46,0.48,0.56,0.78,0.97,0.98,0.9,0.76,0.65,0.68,General Emilio Aguinaldo,14.18,120.79
GWETROOT,1992,0.54,0.47,0.45,0.44,0.46,0.52,0.64,0.82,0.94,0.89,0.85,0.67,0.64,General Emilio Aguinaldo,14.18,120.79
GWETROOT,1993,0.55,0.48,0.45,0.44,0.46,0.53,0.68,0.89,0.94,0.92,0.85,0.87,0.67,General Emilio Aguinaldo,14.18,120.79
GWETROOT,1994,0.77,0.61,0.5,0.48,0.48,0.58,0.8,0.91,0.89,0.86,0.68,0.56,0.68,General Emilio Aguinaldo,14.18,120.79
GWETROOT,1995,0.52,0.47,0.45,0.44,0.47,0.58,0.64,0.75,0.96,0.96,0.93,0.86,0.67,General Emilio Aguinaldo,14.18,120.79
GWETROOT,1996,0.73,0.57,0.49,0.49,0.49,0.57,0.67,0.89,0.93,0.91,0.94,0.83,0.71,General Emilio Aguinaldo,14.18,120.79
GWETROOT,1997,0.62,0.52,0.47,0.45,0.51,0.72,0.88,0.96,0.93,0.83,0.64,0.52,0.67,General Emilio Aguinaldo,14.18,120.79
GWETROOT,1998,0.47,0.45,0.44,0.44,0.49,0.63,0.72,0.79,0.87,0.98,0.96,0.96,0.68,General Emilio Aguinaldo,14.18,120.79
GWETROOT,1999,0.89,0.69,0.59,0.63,0.63,0.71,0.92,0.98,0.97,0.96,0.93,0.91,0.82,General Emilio Aguinaldo,14.18,120.79
GWETROOT,2000,0.78,0.68,0.61,0.54,0.59,0.7,0.94,0.95,0.98,0.94,0.96,0.92,0.8,General Emilio Aguinaldo,14.18,120.79
GWETROOT,2001,0.78,0.65,0.58,0.51,0.57,0.69,0.91,0.95,0.94,0.88,0.88,0.81,0.76,General Emilio Aguinaldo,14.18,120.79
GWETROOT,2002,0.65,0.54,0.47,0.45,0.46,0.58,0.92,0.97,0.97,0.96,0.92,0.78,0.72,General Emilio Aguinaldo,14.18,120.79
GWETROOT,2003,0.61,0.5,0.46,0.44,0.51,0.82,0.84,0.94,0.97,0.91,0.82,0.68,0.71,General Emilio Aguinaldo,14.18,120.79
GWETROOT,2004,0.55,0.48,0.46,0.44,0.6,0.88,0.93,0.97,0.92,0.84,0.72,0.75,0.71,General Emilio Aguinaldo,14.18,120.79
GWETROOT,2005,0.6,0.5,0.46,0.45,0.45,0.63,0.83,0.95,0.97,0.95,0.91,0.9,0.72,General Emilio Aguinaldo,14.18,120.79
GWETROOT,2006,0.78,0.66,0.55,0.48,0.54,0.64,0.88,0.98,0.95,0.93,0.87,0.85,0.76,General Emilio Aguinaldo,14.18,120.79
GWETROOT,2007,0.7,0.55,0.47,0.45,0.49,0.61,0.75,0.91,0.97,0.97,0.94,0.89,0.73,General Emilio Aguinaldo,14.18,120.79
GWETROOT,2008,0.79,0.66,0.57,0.5,0.64,0.76,0.91,0.95,0.97,0.97,0.95,0.86,0.79,General Emilio Aguinaldo,14.18,120.79
GWETROOT,2009,0.7,0.59,0.51,0.55,0.84,0.97,0.97,0.95,0.98,0.97,0.87,0.67,0.8,General Emilio Aguinaldo,14.18,120.79
GWETROOT,2010,0.54,0.47,0.45,0.44,0.45,0.52,0.76,0.94,0.96,0.98,0.97,0.9,0.7,General Emilio Aguinaldo,14.18,120.79
GWETROOT,2011,0.78,0.63,0.54,0.47,0.57,0.87,0.97,0.99,0.98,0.98,0.95,0.94,0.81,General Emilio Aguinaldo,14.18,120.79
GWETROOT,2012,0.79,0.67,0.58,0.57,0.58,0.78,0.95,0.99,0.99,0.96,0.85,0.68,0.78,General Emilio Aguinaldo,14.18,120.79
GWETROOT,2013,0.6,0.54,0.55,0.47,0.51,0.77,0.96,0.99,0.99,0.97,0.92,0.83,0.76,General Emilio Aguinaldo,14.18,120.79
GWETROOT,2014,0.67,0.53,0.47,0.45,0.47,0.64,0.88,0.95,0.98,0.97,0.85,0.83,0.73,General Emilio Aguinaldo,14.18,120.79
GWETROOT,2015,0.75,0.59,0.48,0.45,0.44,0.54,0.76,0.87,0.95,0.95,0.79,0.78,0.7,General Emilio Aguinaldo,14.18,120.79
GWETROOT,2016,0.75,0.59,0.5,0.45,0.48,0.61,0.82,0.95,0.96,0.98,0.94,0.92,0.75,General Emilio Aguinaldo,14.18,120.79
GWETROOT,2017,0.85,0.69,0.54,0.48,0.53,0.67,0.86,0.96,0.98,0.98,0.97,0.91,0.79,General Emilio Aguinaldo,14.18,120.79
GWETROOT,2018,0.79,0.65,0.53,0.47,0.49,0.84,0.98,0.98,0.98,0.89,0.72,0.62,0.75,General Emilio Aguinaldo,14.18,120.79
GWETROOT,2019,0.69,0.53,0.46,0.45,0.5,0.62,0.83,0.97,0.97,0.87,0.88,0.83,0.72,General Emilio Aguinaldo,14.18,120.79
GWETROOT,2020,0.69,0.59,0.56,0.54,0.56,0.76,0.9,0.98,0.93,0.99,0.98,0.97,0.79,General Emilio Aguinaldo,14.18,120.79
GWETROOT,2021,0.9,0.74,0.59,0.49,0.47,0.65,0.84,0.95,0.98,0.98,0.88,0.76,0.77,General Emilio Aguinaldo,14.18,120.79
GWETROOT,2022,0.63,0.54,0.51,0.53,0.59,0.78,0.94,0.98,0.99,0.97,0.97,0.89,0.78,General Emilio Aguinaldo,14.18,120.79
GWETROOT,2023,0.86,0.68,0.53,0.51,0.51,0.68,0.86,0.94,0.97,0.96,0.91,0.81,0.77,General Emilio Aguinaldo,14.18,120.79
GWETROOT,2024,0.66,0.52,0.46,0.45,0.48,0.7,0.89,0.96,0.98,0.97,0.92,0.83,0.74,General Emilio Aguinaldo,14.18,120.79
GWETROOT,2025,0.77,0.66,0.57,0.49,0.54,0.79,0.95,0.94,0.99,0.99,0.98,0.94,0.8,General Emilio Aguinaldo,14.18,120.79
PRECTOTCORR,1990,0.67,0.11,0.57,0.09,6.31,13.59,14.07,18.31,9.74,5.74,4.65,1.62,6.33,General Emilio Aguinaldo,14.18,120.79
PRECTOTCORR,1991,0.61,1.31,1.38,0.96,3.59,5.45,12.76,16.72,8.8,2.5,3.79,1.16,4.95,General Emilio Aguinaldo,14.18,120.79
PRECTOTCORR,1992,0.39,0.51,0.38,0.69,2.22,4.24,7.29,10.72,6.8,4.78,3.62,1.12,3.58,General Emilio Aguinaldo,14.18,120.79
PRECTOTCORR,1993,1.03,0.25,0.36,0.84,1.88,4.96,8.28,11.36,5.37,4.44,4.35,8.54,4.34,General Emilio Aguinaldo,14.18,120.79
PRECTOTCORR,1994,1.35,0.81,0.34,2.11,2.26,7.1,12.41,5.41,5.83,3.9,0.91,2.79,3.79,General Emilio Aguinaldo,14.18,120.79
PRECTOTCORR,1995,0.5,0.81,0.12,0.15,3.28,4.68,5.33,9.81,12.89,6.98,4.63,4.87,4.52,General Emilio Aguinaldo,14.18,120.79
PRECTOTCORR,1996,0.56,0.34,0.88,1.98,2.87,4.88,10.54,3.97,9.75,4.17,8.49,0.99,4.12,General Emilio Aguinaldo,14.18,120.79
PRECTOTCORR,1997,0.33,1.39,0.31,0.83,8.11,6.48,10.87,10.97,3.99,1.59,1.34,0.84,3.95,General Emilio Aguinaldo,14.18,120.79
PRECTOTCORR,1998,0.63,0.07,0.39,0.68,5.6,6.34,3.81,6.59,13.31,13.59,4.35,9.57,5.45,General Emilio Aguinaldo,14.18,120.79
PRECTOTCORR,1999,2.12,1.02,4.24,4.77,3.17,9.67,13.74,15.9,7.93,8.5,5.35,5.75,6.89,General Emilio Aguinaldo,14.18,120.79
PRECTOTCORR,2000,1.82,2.81,2.5,2.3,6.43,6.31,14.03,8.88,11.65,8.57,4.54,5.29,6.28,General Emilio Aguinaldo,14.18,120.79
PRECTOTCORR,2001,0.98,4.16,1.32,1.39,6.01,10.0,7.94,11.91,2.7,4.63,6.21,5.58,5.25,General Emilio Aguinaldo,14.18,120.79
PRECTOTCORR,2002,0.45,0.8,0.72,0.61,2.45,6.92,22.35,6.97,8.13,6.48,4.03,1.51,5.16,General Emilio Aguinaldo,14.18,120.79
PRECTOTCORR,2003,0.68,0.26,0.35,0.37,10.66,6.04,7.82,11.06,10.65,3.48,4.36,1.06,4.76,General Emilio Aguinaldo,14.18,120.79
PRECTOTCORR,2004,0.72,1.06,0.26,0.61,9.63,11.71,8.79,11.2,3.02,4.01,6.63,2.28,5.01,General Emilio Aguinaldo,14.18,120.79
PRECTOTCORR,2005,0.97,0.47,0.72,0.75,1.86,8.74,8.74,12.06,9.72,7.89,2.97,7.28,5.22,General Emilio Aguinaldo,14.18,120.79
PRECTOTCORR,2006,2.67,0.98,2.25,0.31,5.14,9.41,11.96,11.19,11.74,3.98,2.51,6.87,5.79,General Emilio Aguinaldo,14.18,120.79
PRECTOTCORR,2007,1.05,0.33,0.51,0.37,4.75,5.71,6.26,16.58,13.84,7.19,9.1,2.61,5.72,General Emilio Aguinaldo,14.18,120.79
PRECTOTCORR,2008,3.86,1.93,0.75,2.1,8.36,10.4,6.54,8.79,14.11,6.36,7.09,2.34,6.05,General Emilio Aguinaldo,14.18,120.79
PRECTOTCORR,2009,1.15,1.49,1.47,7.4,11.37,12.61,11.49,6.84,20.6,7.07,2.26,0.52,7.03,General Emilio Aguinaldo,14.18,120.79
PRECTOTCORR,2010,0.6,0.04,0.65,0.66,1.04,5.75,12.82,8.06,7.43,11.17,6.76,3.15,4.88,General Emilio Aguinaldo,14.18,120.79
PRECTOTCORR,2011,1.73,0.43,1.53,0.62,7.25,22.86,14.16,16.92,14.14,8.44,6.57,6.54,8.47,General Emilio Aguinaldo,14.18,120.79
PRECTOTCORR,2012,1.88,2.97,3.97,1.26,5.46,9.66,21.97,25.59,14.02,11.37,1.12,1.77,8.47,General Emilio Aguinaldo,14.18,120.79
PRECTOTCORR,2013,1.81,3.97,1.99,0.94,4.83,13.77,12.36,25.55,25.25,6.47,7.6,2.46,8.92,General Emilio Aguinaldo,14.18,120.79
PRECTOTCORR,2014,0.29,0.23,0.65,0.72,3.66,8.27,14.83,9.98,15.19,8.29,2.2,8.07,6.07,General Emilio Aguinaldo,14.18,120.79
PRECTOTCORR,2015,1.56,0.42,0.55,0.49,0.84,5.97,10.69,10.69,8.43,7.13,1.79,10.71,4.98,General Emilio Aguinaldo,14.18,120.79
PRECTOTCORR,2016,0.77,1.95,0.57,0.81,3.35,7.02,9.88,15.26,8.01,10.76,6.58,6.88,6.01,General Emilio Aguinaldo,14.18,120.79
PRECTOTCORR,2017,3.01,1.06,0.56,1.99,5.27,7.22,12.87,12.06,13.69,8.53,9.42,5.55,6.8,General Emilio Aguinaldo,14.18,120.79
PRECTOTCORR,2018,2.22,0.94,1.18,0.82,4.5,17.36,21.64,10.31,9.3,3.81,1.61,6.79,6.75,General Emilio Aguinaldo,14.18,120.79
PRECTOTCORR,2019,1.31,0.25,0.1,0.75,5.16,7.91,10.09,14.85,10.98,3.19,5.62,6.96,5.63,General Emilio Aguinaldo,14.18,120.79
PRECTOTCORR,2020,1.66,3.65,2.54,3.5,4.01,13.97,9.43,7.87,6.78,26.41,21.12,9.04,9.17,General Emilio Aguinaldo,14.18,120.79
PRECTOTCORR,2021,3.18,1.98,1.63,0.62,2.18,7.69,20.48,6.8,12.42,9.04,2.46,2.94,5.99,General Emilio Aguinaldo,14.18,120.79
PRECTOTCORR,2022,1.09,1.71,2.08,3.9,8.05,9.95,9.28,12.03,13.41,15.11,3.85,3.75,7.05,General Emilio Aguinaldo,14.18,120.79
PRECTOTCORR,2023,5.12,1.03,0.37,3.33,4.0,9.41,15.09,8.14,8.09,6.78,5.38,3.27,5.87,General Emilio Aguinaldo,14.18,120.79
PRECTOTCORR,2024,0.69,0.33,0.66,0.58,5.84,7.98,17.54,8.33,12.51,16.15,2.65,6.42,6.68,General Emilio Aguinaldo,14.18,120.79
PRECTOTCORR,2025,1.58,3.26,1.75,0.94,6.79,12.55,24.54,8.33,13.97,13.44,10.8,3.77,8.51,General Emilio Aguinaldo,14.18,120.79
RH2M,1990,78.89,74.1,69.46,67.5,74.77,85.03,86.21,87.46,86.35,85.6,84.62,84.19,80.39,General Emilio Aguinaldo,14.18,120.79
RH2M,1991,81.16,78.57,73.7,71.28,72.94,79.62,83.83,89.93,88.76,82.09,83.55,82.89,80.71,General Emilio Aguinaldo,14.18,120.79
RH2M,1992,79.1,74.11,70.32,67.95,71.06,75.84,82.59,87.83,87.36,84.5,83.85,83.03,78.99,General Emilio Aguinaldo,14.18,120.79
RH2M,1993,79.36,76.04,70.26,67.62,69.49,77.0,84.77,86.99,87.42,86.22,87.14,87.52,80.02,General Emilio Aguinaldo,14.18,120.79
RH2M,1994,85.11,80.51,76.69,73.62,75.5,82.0,88.92,86.47,86.8,82.78,82.65,80.22,81.79,General Emilio Aguinaldo,14.18,120.79
RH2M,1995,79.18,76.02,70.54,66.57,75.57,79.49,83.12,86.04,87.56,85.11,87.23,87.18,80.34,General Emilio Aguinaldo,14.18,120.79
RH2M,1996,84.45,79.94,77.25,78.66,78.91,79.99,84.14,85.2,86.18,84.68,86.7,82.69,82.41,General Emilio Aguinaldo,14.18,120.79
RH2M,1997,80.38,79.66,71.96,67.89,75.05,82.81,86.86,88.65,85.18,82.17,80.41,77.46,79.88,General Emilio Aguinaldo,14.18,120.79
RH2M,1998,74.82,70.59,67.67,66.21,74.77,79.18,80.27,83.62,86.06,87.4,87.08,87.8,78.85,General Emilio Aguinaldo,14.18,120.79
RH2M,1999,86.35,80.97,82.86,82.34,80.14,83.88,87.61,86.86,87.07,86.6,85.63,88.26,84.91,General Emilio Aguinaldo,14.18,120.79
RH2M,2000,84.2,85.01,83.55,78.67,81.13,83.04,87.68,86.41,86.7,86.69,88.0,87.97,84.93,General Emilio Aguinaldo,14.18,120.79
RH2M,2001,84.36,83.86,81.94,75.13,78.7,83.13,87.17,89.56,86.78,85.39,84.99,85.55,83.9,General Emilio Aguinaldo,14.18,120.79
RH2M,2002,82.09,78.9,74.42,69.55,75.01,79.18,88.17,87.67,86.96,84.35,86.02,85.11,81.48,General Emilio Aguinaldo,14.18,120.79
RH2M,2003,80.14,76.67,71.21,67.83,75.42,83.24,82.58,88.21,87.65,81.98,84.32,81.83,80.11,General Emilio Aguinaldo,14.18,120.79
RH2M,2004,81.16,76.9,72.04,68.36,81.32,89.12,84.44,89.71,81.69,80.19,85.11,83.86,81.18,General Emilio Aguinaldo,14.18,120.79
RH2M,2005,80.4,76.7,72.76,68.79,71.27,83.6,85.25,86.03,86.79,85.19,84.67,88.08,80.83,General Emilio Aguinaldo,14.18,120.79
RH2M,2006,85.98,82.63,80.07,71.52,76.82,80.63,88.55,87.86,85.22,82.88,84.3,86.98,82.81,General Emilio Aguinaldo,14.18,120.79
RH2M,2007,83.8,79.67,73.72,69.88,76.02,79.86,83.07,85.94,87.52,86.18,85.87,87.44,81.61,General Emilio Aguinaldo,14.18,120.79
RH2M,2008,85.9,83.69,80.81,78.24,83.87,81.84,85.86,85.08,86.84,85.61,87.46,85.34,84.22,General Emilio Aguinaldo,14.18,120.79
RH2M,2009,83.81,82.8,78.57,81.44,84.54,86.55,87.03,85.92,88.5,84.89,85.02,80.43,84.12,General Emilio Aguinaldo,14.18,120.79
RH2M,2010,79.6,73.75,72.41,69.46,68.46,77.57,81.41,84.73,83.09,85.19,86.53,86.32,79.09,General Emilio Aguinaldo,14.18,120.79
RH2M,2011,84.65,81.07,80.93,72.78,79.7,83.72,85.74,86.9,88.54,85.4,86.37,87.38,83.63,General Emilio Aguinaldo,14.18,120.79
RH2M,2012,84.93,84.48,82.28,77.88,78.31,85.78,85.8,87.78,87.22,83.32,84.28,83.58,83.8,General Emilio Aguinaldo,14.18,120.79
RH2M,2013,81.31,80.81,78.92,70.09,74.95,81.27,83.01,86.76,87.18,83.15,86.22,86.04,81.65,General Emilio Aguinaldo,14.18,120.79
RH2M,2014,78.37,77.39,73.3,68.06,70.57,82.56,87.84,83.97,85.82,83.29,84.95,86.55,80.24,General Emilio Aguinaldo,14.18,120.79
RH2M,2015,83.21,79.51,73.81,70.73,67.59,76.22,83.96,84.15,83.27,82.64,84.56,85.16,79.58,General Emilio Aguinaldo,14.18,120.79
RH2M,2016,84.11,81.92,76.2,69.75,72.54,79.12,81.45,88.04,86.35,86.06,85.46,87.04,81.52,General Emilio Aguinaldo,14.18,120.79
RH2M,2017,85.15,82.82,78.33,73.23,77.69,79.01,84.02,83.43,83.18,83.6,87.0,85.94,81.96,General Emilio Aguinaldo,14.18,120.79
RH2M,2018,85.92,81.59,76.98,72.81,73.83,84.43,88.97,87.67,85.52,80.61,82.65,83.92,82.09,General Emilio Aguinaldo,14.18,120.79
RH2M,2019,81.55,76.59,69.61,66.95,74.71,81.17,84.07,87.85,85.81,81.59,84.22,85.38,79.99,General Emilio Aguinaldo,14.18,120.79
RH2M,2020,82.64,81.16,80.11,78.94,77.7,79.43,80.8,83.48,82.22,86.14,86.65,87.19,82.22,General Emilio Aguinaldo,14.18,120.79
RH2M,2021,85.58,83.66,81.51,74.0,75.08,82.48,86.31,83.82,84.31,86.15,85.89,84.37,82.77,General Emilio Aguinaldo,14.18,120.79
RH2M,2022,81.61,81.5,78.68,78.66,77.73,79.69,83.64,84.13,86.1,85.49,86.88,85.7,82.49,General Emilio Aguinaldo,14.18,120.79
RH2M,2023,86.18,82.89,77.29,74.7,77.03,83.19,83.15,86.37,84.06,84.37,85.43,86.21,82.58,General Emilio Aguinaldo,14.18,120.79
RH2M,2024,81.97,77.97,74.06,68.44,71.7,79.61,83.76,83.12,86.67,83.65,83.27,86.79,80.1,General Emilio Aguinaldo,14.18,120.79
RH2M,2025,84.93,83.33,81.17,72.6,76.88,83.99,87.91,83.35,86.17,85.12,86.95,85.35,83.15,General Emilio Aguinaldo,14.18,120.79
T2M_MAX,1990,30.46,32.15,33.94,34.56,35.56,30.45,30.24,29.96,30.01,29.85,29.81,29.12,35.56,General Emilio Aguinaldo,14.18,120.79
T2M_MAX,1991,29.17,31.0,31.72,34.33,33.53,33.14,31.77,29.26,29.08,29.72,29.28,29.3,34.33,General Emilio Aguinaldo,14.18,120.79
T2M_MAX,1992,29.6,31.67,32.8,34.56,34.7,33.38,32.03,29.4,30.18,30.6,29.21,28.79,34.7,General Emilio Aguinaldo,14.18,120.79
T2M_MAX,1993,29.54,31.75,33.76,34.53,35.51,33.15,31.28,29.98,30.47,29.39,29.35,28.96,35.51,General Emilio Aguinaldo,14.18,120.79
T2M_MAX,1994,28.95,29.99,31.83,34.89,33.49,31.66,29.34,29.11,29.37,30.0,29.61,29.86,34.89,General Emilio Aguinaldo,14.18,120.79
T2M_MAX,1995,29.88,31.53,33.92,34.5,34.54,33.04,31.65,30.67,29.9,30.34,29.73,28.32,34.54,General Emilio Aguinaldo,14.18,120.79
T2M_MAX,1996,28.95,30.19,32.23,32.16,33.19,32.8,31.01,30.5,30.94,30.5,29.78,28.72,33.19,General Emilio Aguinaldo,14.18,120.79
T2M_MAX,1997,28.83,30.14,32.39,34.02,34.12,30.62,29.78,28.92,30.49,30.76,30.66,30.47,34.12,General Emilio Aguinaldo,14.18,120.79
T2M_MAX,1998,31.45,33.43,33.99,35.0,34.48,32.67,31.72,30.86,30.3,30.64,30.01,29.39,35.0,General Emilio Aguinaldo,14.18,120.79
T2M_MAX,1999,29.15,29.74,30.63,31.16,31.7,30.9,29.38,29.91,29.26,30.04,29.71,29.05,31.7,General Emilio Aguinaldo,14.18,120.79
T2M_MAX,2000,28.88,30.12,30.39,33.13,34.4,31.25,28.89,29.19,29.86,30.38,29.41,29.31,34.4,General Emilio Aguinaldo,14.18,120.79
T2M_MAX,2001,29.58,29.59,30.84,33.58,34.15,31.93,28.88,29.03,29.65,30.82,30.04,29.32,34.15,General Emilio Aguinaldo,14.18,120.79
T2M_MAX,2002,29.4,29.99,32.78,34.08,35.37,32.69,29.95,29.86,29.79,30.41,29.93,29.63,35.37,General Emilio Aguinaldo,14.18,120.79
T2M_MAX,2003,28.98,30.03,33.55,34.97,35.89,30.37,31.62,30.42,29.64,30.4,29.99,29.12,35.89,General Emilio Aguinaldo,14.18,120.79
T2M_MAX,2004,30.5,31.77,34.45,35.34,34.07,29.85,30.51,28.71,31.01,30.22,29.82,29.02,35.34,General Emilio Aguinaldo,14.18,120.79
T2M_MAX,2005,29.13,31.92,34.75,34.72,35.23,32.17,30.99,30.49,30.43,30.57,30.37,29.28,35.23,General Emilio Aguinaldo,14.18,120.79
T2M_MAX,2006,28.92,29.57,31.91,34.49,35.32,32.14,29.15,30.15,30.38,30.13,30.1,29.61,35.32,General Emilio Aguinaldo,14.18,120.79
T2M_MAX,2007,29.19,30.54,32.61,34.91,34.57,32.9,31.21,29.82,29.93,29.88,30.08,29.13,34.91,General Emilio Aguinaldo,14.18,120.79
T2M_MAX,2008,28.9,29.24,31.46,33.62,30.74,31.08,30.12,30.57,30.58,30.21,30.09,28.83,33.62,General Emilio Aguinaldo,14.18,120.79
T2M_MAX,2009,29.08,29.95,31.74,32.12,30.64,30.85,30.13,31.02,30.06,29.57,29.7,29.35,32.12,General Emilio Aguinaldo,14.18,120.79
T2M_MAX,2010,29.67,32.18,33.02,34.78,36.22,33.43,31.14,30.35,30.68,30.41,29.58,29.59,36.22,General Emilio Aguinaldo,14.18,120.79
T2M_MAX,2011,28.32,29.53,30.45,33.19,33.49,30.93,30.48,30.34,28.88,30.16,29.78,29.32,33.49,General Emilio Aguinaldo,14.18,120.79
T2M_MAX,2012,29.09,29.86,30.6,32.4,33.43,30.29,30.28,29.68,29.5,29.88,29.99,30.18,33.43,General Emilio Aguinaldo,14.18,120.79
T2M_MAX,2013,29.37,30.66,32.22,34.96,33.93,32.05,30.55,30.32,29.91,29.52,29.57,29.07,34.96,General Emilio Aguinaldo,14.18,120.79
T2M_MAX,2014,28.67,30.0,32.85,34.6,35.06,33.89,30.8,30.5,30.76,30.29,30.21,29.25,35.06,General Emilio Aguinaldo,14.18,120.79
T2M_MAX,2015,28.48,29.61,32.5,34.57,35.08,34.89,30.85,31.28,30.99,31.03,30.16,30.45,35.08,General Emilio Aguinaldo,14.18,120.79
T2M_MAX,2016,29.49,29.9,32.88,35.32,35.22,32.21,31.71,30.62,30.33,30.38,29.79,29.66,35.32,General Emilio Aguinaldo,14.18,120.79
T2M_MAX,2017,28.71,29.53,32.55,34.29,33.46,32.3,31.29,31.36,31.57,30.3,29.99,29.96,34.29,General Emilio Aguinaldo,14.18,120.79
T2M_MAX,2018,29.08,29.91,32.3,34.8,34.51,31.74,28.78,29.47,30.09,30.92,30.48,30.22,34.8,General Emilio Aguinaldo,14.18,120.79
T2M_MAX,2019,29.01,30.02,33.96,34.68,34.45,33.16,30.54,29.36,30.9,30.8,30.02,29.72,34.68,General Emilio Aguinaldo,14.18,120.79
T2M_MAX,2020,29.81,29.2,31.8,32.19,33.16,33.36,31.45,30.87,31.29,29.9,30.04,29.41,33.36,General Emilio Aguinaldo,14.18,120.79
T2M_MAX,2021,29.41,30.03,31.4,33.19,34.67,31.82,31.62,30.94,30.61,30.3,30.18,29.65,34.67,General Emilio Aguinaldo,14.18,120.79
T2M_MAX,2022,30.01,30.58,32.34,32.66,33.54,31.34,31.15,30.67,30.99,30.38,29.88,29.69,33.54,General Emilio Aguinaldo,14.18,120.79
T2M_MAX,2023,28.82,29.75,32.44,33.55,34.04,31.63,31.77,30.16,31.25,30.92,30.72,29.92,34.04,General Emilio Aguinaldo,14.18,120.79
T2M_MAX,2024,29.7,30.85,32.82,36.89,36.38,32.9,31.26,31.67,31.23,30.95,30.67,30.24,36.89,General Emilio Aguinaldo,14.18,120.79
T2M_MAX,2025,29.57,29.8,31.43,35.41,34.06,31.39,29.6,30.58,30.0,30.67,30.07,29.84,35.41,General Emilio Aguinaldo,14.18,120.79
T2M_MIN,1990,21.78,22.6,22.87,24.77,26.07,25.92,25.45,25.26,25.22,24.94,23.05,22.6,21.78,General Emilio Aguinaldo,14.18,120.79
T2M_MIN,1991,22.42,22.75,22.73,24.39,25.78,26.0,25.38,25.48,24.9,24.39,22.84,22.53,22.42,General Emilio Aguinaldo,14.18,120.79
T2M_MIN,1992,21.86,22.18,23.44,24.73,25.81,26.72,25.51,25.67,25.05,24.93,21.9,22.38,21.86,General Emilio Aguinaldo,14.18,120.79
T2M_MIN,1993,20.98,21.58,22.79,23.57,25.59,26.33,25.59,25.06,24.9,24.13,24.3,22.52,20.98,General Emilio Aguinaldo,14.18,120.79
T2M_MIN,1994,22.09,22.61,23.2,23.91,26.56,25.69,24.79,25.22,24.74,24.01,23.5,22.58,22.09,General Emilio Aguinaldo,14.18,120.79
T2M_MIN,1995,21.77,21.52,22.56,24.62,25.51,26.25,25.48,25.84,25.6,25.11,24.7,21.83,21.52,General Emilio Aguinaldo,14.18,120.79
T2M_MIN,1996,21.88,21.51,23.1,24.63,25.76,25.88,26.03,25.42,25.31,25.57,25.07,21.24,21.24,General Emilio Aguinaldo,14.18,120.79
T2M_MIN,1997,21.61,21.81,21.95,24.57,25.82,25.82,25.5,25.08,25.21,24.8,23.59,22.72,21.61,General Emilio Aguinaldo,14.18,120.79
T2M_MIN,1998,22.25,22.96,23.48,24.71,26.49,26.42,25.93,25.98,25.96,26.01,25.37,24.68,22.25,General Emilio Aguinaldo,14.18,120.79
T2M_MIN,1999,23.51,21.77,23.07,24.12,25.6,25.47,25.65,24.77,25.28,25.27,23.85,21.75,21.75,General Emilio Aguinaldo,14.18,120.79
T2M_MIN,2000,21.37,22.73,23.81,25.17,26.05,25.85,24.74,24.91,25.02,24.98,24.41,24.24,21.37,General Emilio Aguinaldo,14.18,120.79
T2M_MIN,2001,22.13,22.55,23.97,25.64,26.11,25.93,25.15,25.59,25.11,25.36,22.14,21.61,21.61,General Emilio Aguinaldo,14.18,120.79
T2M_MIN,2002,21.23,21.57,21.71,23.98,25.16,26.56,25.65,25.45,25.22,25.61,24.03,23.93,21.23,General Emilio Aguinaldo,14.18,120.79
T2M_MIN,2003,22.08,22.14,22.74,25.28,26.13,25.15,25.98,25.32,25.11,24.32,24.01,22.53,22.08,General Emilio Aguinaldo,14.18,120.79
T2M_MIN,2004,22.65,22.03,23.68,25.45,25.85,25.76,25.33,25.23,24.98,24.05,24.3,23.13,22.03,General Emilio Aguinaldo,14.18,120.79
T2M_MIN,2005,21.75,22.49,22.43,23.68,26.62,26.02,25.64,25.32,25.27,25.94,24.44,22.69,21.75,General Emilio Aguinaldo,14.18,120.79
T2M_MIN,2006,22.55,22.76,23.84,24.99,26.12,26.02,25.26,25.4,25.48,24.7,24.81,23.86,22.55,General Emilio Aguinaldo,14.18,120.79
T2M_MIN,2007,21.49,21.46,23.1,24.85,25.97,26.51,26.2,25.12,25.43,25.05,22.95,22.61,21.46,General Emilio Aguinaldo,14.18,120.79
T2M_MIN,2008,22.57,22.61,22.4,25.04,25.47,24.89,25.17,24.53,25.41,25.4,24.74,22.67,22.4,General Emilio Aguinaldo,14.18,120.79
T2M_MIN,2009,21.08,22.82,23.92,25.09,25.32,25.59,25.5,25.83,25.33,23.47,24.23,22.82,21.08,General Emilio Aguinaldo,14.18,120.79
T2M_MIN,2010,22.45,22.69,22.73,24.94,26.29,26.63,25.33,25.75,25.27,25.38,24.89,23.7,22.45,General Emilio Aguinaldo,14.18,120.79
T2M_MIN,2011,22.07,22.41,23.14,23.24,25.68,25.62,25.34,25.51,25.25,24.96,25.03,23.55,22.07,General Emilio Aguinaldo,14.18,120.79
T2M_MIN,2012,23.37,23.01,23.67,24.49,26.75,25.61,25.39,25.23,24.95,24.48,24.42,23.64,23.01,General Emilio Aguinaldo,14.18,120.79
T2M_MIN,2013,21.99,23.2,22.85,25.25,26.77,25.97,25.7,25.52,25.53,24.39,24.49,23.96,21.99,General Emilio Aguinaldo,14.18,120.79
T2M_MIN,2014,20.37,22.33,22.69,24.99,26.79,26.31,25.45,25.41,25.46,24.94,23.53,23.31,20.37,General Emilio Aguinaldo,14.18,120.79
T2M_MIN,2015,22.09,21.37,22.18,24.05,26.58,26.6,25.78,25.86,25.44,25.27,24.76,23.21,21.37,General Emilio Aguinaldo,14.18,120.79
T2M_MIN,2016,22.59,22.59,23.78,24.97,27.01,26.76,25.74,26.0,25.14,25.48,24.35,24.15,22.59,General Emilio Aguinaldo,14.18,120.79
T2M_MIN,2017,23.0,21.31,22.68,23.73,26.26,26.65,26.28,25.75,25.98,25.88,24.97,23.55,21.31,General Emilio Aguinaldo,14.18,120.79
T2M_MIN,2018,22.7,22.79,23.25,24.33,26.37,25.92,25.6,25.58,25.53,23.77,24.59,24.06,22.7,General Emilio Aguinaldo,14.18,120.79
T2M_MIN,2019,21.44,22.36,22.67,24.62,27.21,26.53,25.98,25.17,25.4,25.44,23.99,23.82,21.44,General Emilio Aguinaldo,14.18,120.79
T2M_MIN,2020,22.6,21.78,23.35,24.54,25.99,26.09,26.41,25.79,25.42,25.14,24.37,24.04,21.78,General Emilio Aguinaldo,14.18,120.79
T2M_MIN,2021,22.08,21.61,23.85,24.63,26.01,26.13,26.33,25.98,25.91,25.38,24.93,23.17,21.61,General Emilio Aguinaldo,14.18,120.79
T2M_MIN,2022,22.23,23.84,23.94,24.7,26.13,26.13,25.94,25.77,25.84,26.05,25.01,22.74,22.23,General Emilio Aguinaldo,14.18,120.79
T2M_MIN,2023,22.48,22.68,22.27,24.32,26.39,26.53,26.55,26.83,26.31,25.93,25.09,24.47,22.27,General Emilio Aguinaldo,14.18,120.79
T2M_MIN,2024,22.7,23.17,23.45,25.63,27.24,27.2,26.59,26.48,26.26,26.07,25.72,24.99,22.7,General Emilio Aguinaldo,14.18,120.79
T2M_MIN,2025,23.24,23.2,23.47,25.26,26.86,26.12,25.97,25.85,25.49,26.03,25.66,24.03,23.2,General Emilio Aguinaldo,14.18,120.79
TS,1990,26.27,27.01,27.89,29.92,29.67,28.38,27.65,27.49,27.23,27.37,27.05,26.16,27.67,General Emilio Aguinaldo,14.18,120.79
TS,1991,25.76,26.57,27.28,29.19,29.76,28.95,27.97,27.32,27.18,27.34,26.38,25.98,27.48,General Emilio Aguinaldo,14.18,120.79
TS,1992,26.07,26.73,28.31,29.84,30.07,29.92,28.29,27.71,27.24,27.58,26.18,26.0,27.83,General Emilio Aguinaldo,14.18,120.79
TS,1993,25.55,26.27,27.61,29.41,29.96,29.63,28.1,27.53,27.39,26.98,27.04,25.84,27.61,General Emilio Aguinaldo,14.18,120.79
TS,1994,25.62,26.31,27.5,28.98,29.94,28.81,27.28,27.36,27.44,27.31,26.5,26.37,27.46,General Emilio Aguinaldo,14.18,120.79
TS,1995,25.94,26.48,27.92,29.63,29.23,29.36,28.62,28.07,27.87,27.78,27.29,25.94,27.85,General Emilio Aguinaldo,14.18,120.79
TS,1996,25.74,25.68,27.4,28.19,29.03,29.01,28.84,27.81,27.89,28.09,27.58,26.04,27.61,General Emilio Aguinaldo,14.18,120.79
TS,1997,25.39,26.37,27.43,29.66,29.44,28.39,27.78,27.27,27.64,28.09,27.71,27.19,27.7,General Emilio Aguinaldo,14.18,120.79
TS,1998,26.91,28.2,28.58,29.93,30.22,29.5,29.1,28.68,28.38,28.15,27.8,27.27,28.56,General Emilio Aguinaldo,14.18,120.79
TS,1999,26.64,25.96,27.37,28.03,28.85,28.16,27.65,27.14,27.39,27.61,27.05,26.42,27.36,General Emilio Aguinaldo,14.18,120.79
TS,2000,25.84,26.33,27.15,28.84,28.88,28.59,27.37,27.93,27.49,27.75,27.04,26.7,27.49,General Emilio Aguinaldo,14.18,120.79
TS,2001,26.52,26.44,27.46,29.63,29.41,28.83,27.54,27.6,27.58,27.79,26.96,26.09,27.66,General Emilio Aguinaldo,14.18,120.79
TS,2002,25.67,25.69,27.34,29.39,29.71,29.43,27.73,27.34,27.69,28.06,27.29,26.77,27.68,General Emilio Aguinaldo,14.18,120.79
TS,2003,25.92,26.37,27.99,30.18,30.17,27.94,28.5,27.45,27.37,27.62,27.5,25.93,27.75,General Emilio Aguinaldo,14.18,120.79
TS,2004,26.25,26.66,28.54,30.21,28.69,27.48,27.8,27.25,28.03,27.53,27.06,26.32,27.65,General Emilio Aguinaldo,14.18,120.79
TS,2005,25.55,26.57,27.75,29.15,30.82,28.8,28.52,28.01,27.94,28.09,27.52,26.46,27.94,General Emilio Aguinaldo,14.18,120.79
TS,2006,26.03,26.36,27.19,29.24,29.31,29.09,27.81,27.54,27.97,27.81,27.63,26.62,27.72,General Emilio Aguinaldo,14.18,120.79
TS,2007,26.07,26.25,27.86,29.74,29.71,29.54,28.86,28.14,27.84,27.62,27.11,26.3,27.93,General Emilio Aguinaldo,14.18,120.79
TS,2008,25.89,26.03,27.0,28.64,28.15,28.45,27.6,27.5,27.64,27.89,27.35,26.37,27.38,General Emilio Aguinaldo,14.18,120.79
TS,2009,25.62,26.43,27.79,28.15,27.99,27.83,27.93,28.1,27.57,27.25,27.15,26.24,27.34,General Emilio Aguinaldo,14.18,120.79
TS,2010,26.41,27.36,28.47,29.79,31.03,30.03,28.87,28.12,28.23,28.13,27.53,26.83,28.4,General Emilio Aguinaldo,14.18,120.79
TS,2011,25.92,26.23,26.69,28.1,28.82,28.23,27.79,27.57,27.32,27.44,27.33,26.71,27.35,General Emilio Aguinaldo,14.18,120.79
TS,2012,26.29,26.36,26.94,28.62,29.31,28.22,27.86,27.36,27.55,27.3,27.37,27.16,27.53,General Emilio Aguinaldo,14.18,120.79
TS,2013,26.02,26.51,27.61,30.14,30.03,29.01,28.31,27.76,27.76,27.4,27.12,26.86,27.88,General Emilio Aguinaldo,14.18,120.79
TS,2014,25.32,26.24,27.62,29.81,30.73,29.21,27.79,27.76,27.86,27.88,27.39,26.42,27.84,General Emilio Aguinaldo,14.18,120.79
TS,2015,25.3,25.53,27.18,29.25,30.95,30.11,28.15,28.36,28.47,28.12,27.59,26.86,28.0,General Emilio Aguinaldo,14.18,120.79
TS,2016,26.35,26.04,27.92,30.22,30.64,29.63,28.8,28.06,27.99,27.83,27.47,27.2,28.18,General Emilio Aguinaldo,14.18,120.79
TS,2017,26.18,25.9,27.23,29.31,29.71,29.56,28.63,28.52,28.48,28.31,27.77,27.03,28.06,General Emilio Aguinaldo,14.18,120.79
TS,2018,26.3,26.54,27.49,29.2,30.11,28.66,27.89,27.58,27.82,28.21,27.6,27.09,27.88,General Emilio Aguinaldo,14.18,120.79
TS,2019,25.87,26.18,28.4,30.24,30.11,29.66,28.5,27.9,27.78,28.18,27.72,26.65,28.11,General Emilio Aguinaldo,14.18,120.79
TS,2020,26.21,25.77,27.43,28.75,30.09,29.54,29.07,28.44,28.71,28.34,27.6,27.19,28.1,General Emilio Aguinaldo,14.18,120.79
TS,2021,26.4,26.26,27.55,28.94,30.06,29.0,28.6,28.41,28.36,28.15,27.99,26.81,28.05,General Emilio Aguinaldo,14.18,120.79
TS,2022,26.42,27.02,28.27,28.46,29.41,29.16,28.9,28.26,28.12,28.31,27.81,27.0,28.1,General Emilio Aguinaldo,14.18,120.79
TS,2023,26.03,26.23,27.08,29.04,29.93,29.04,28.81,28.45,28.58,28.49,28.11,27.29,28.1,General Emilio Aguinaldo,14.18,120.79
TS,2024,26.57,26.86,28.11,30.38,31.01,29.83,28.88,29.02,28.52,28.54,28.16,27.41,28.61,General Emilio Aguinaldo,14.18,120.79
TS,2025,26.67,26.76,27.55,29.88,29.8,28.82,28.23,28.14,27.78,28.07,27.87,27.16,28.07,General Emilio Aguinaldo,14.18,120.79
WS2M,1990,4.23,4.22,3.57,3.17,2.81,3.45,3.16,4.72,3.19,3.1,3.77,4.84,3.68,General Emilio Aguinaldo,14.18,120.79
WS2M,1991,4.56,4.03,4.24,3.19,3.22,3.89,3.51,4.21,3.88,3.19,3.91,5.14,3.92,General Emilio Aguinaldo,14.18,120.79
WS2M,1992,3.83,3.94,3.63,2.7,2.69,3.05,2.99,4.36,3.52,3.33,4.51,5.03,3.63,General Emilio Aguinaldo,14.18,120.79
WS2M,1993,4.52,4.1,4.02,2.98,2.71,2.39,2.97,3.75,3.0,4.07,4.33,5.32,3.68,General Emilio Aguinaldo,14.18,120.79
WS2M,1994,4.09,4.05,4.64,3.03,2.18,2.75,4.73,3.3,3.1,3.35,4.86,5.11,3.77,General Emilio Aguinaldo,14.18,120.79
WS2M,1995,4.84,4.22,4.07,3.89,2.65,2.65,2.92,2.96,3.43,3.21,4.04,5.4,3.69,General Emilio Aguinaldo,14.18,120.79
WS2M,1996,5.03,5.25,4.55,3.36,3.02,2.75,3.85,2.85,3.07,2.7,4.72,5.43,3.88,General Emilio Aguinaldo,14.18,120.79
WS2M,1997,4.43,4.89,3.61,2.75,3.65,2.77,2.76,4.36,2.61,3.22,3.98,4.54,3.63,General Emilio Aguinaldo,14.18,120.79
WS2M,1998,4.37,3.27,4.08,3.51,3.59,2.35,1.82,2.32,3.47,3.85,3.53,4.67,3.41,General Emilio Aguinaldo,14.18,120.79
WS2M,1999,5.08,5.21,3.78,2.9,2.17,2.85,3.88,3.54,3.26,3.33,4.16,4.91,3.75,General Emilio Aguinaldo,14.18,120.79
WS2M,2000,4.75,4.53,3.88,2.91,3.02,2.6,4.04,3.35,3.83,3.63,4.13,4.56,3.77,General Emilio Aguinaldo,14.18,120.79
WS2M,2001,4.28,4.5,4.06,2.81,2.67,2.87,3.76,4.34,3.21,3.29,4.84,5.49,3.84,General Emilio Aguinaldo,14.18,120.79
WS2M,2002,4.58,4.44,4.08,3.61,2.95,2.46,4.79,3.37,2.98,2.77,4.13,4.01,3.68,General Emilio Aguinaldo,14.18,120.79
WS2M,2003,4.78,4.7,3.75,2.87,3.68,2.99,2.81,3.39,3.17,2.81,3.86,5.44,3.68,General Emilio Aguinaldo,14.18,120.79
WS2M,2004,4.14,3.9,3.35,2.73,3.48,4.2,2.5,4.61,2.51,3.01,4.44,4.48,3.61,General Emilio Aguinaldo,14.18,120.79
WS2M,2005,3.84,3.45,3.83,2.8,1.9,2.54,3.07,3.51,3.07,2.97,3.37,5.09,3.29,General Emilio Aguinaldo,14.18,120.79
WS2M,2006,3.84,4.6,3.29,3.05,3.01,2.61,4.03,3.71,2.59,3.01,3.32,4.92,3.5,General Emilio Aguinaldo,14.18,120.79
WS2M,2007,4.65,3.95,3.66,3.12,2.53,2.2,2.62,3.61,3.24,3.66,4.2,4.49,3.49,General Emilio Aguinaldo,14.18,120.79
WS2M,2008,4.68,4.82,3.49,3.65,2.8,2.68,2.92,2.9,3.41,2.83,3.75,4.78,3.55,General Emilio Aguinaldo,14.18,120.79
WS2M,2009,4.98,3.96,3.2,2.83,2.77,3.65,3.29,3.69,3.91,3.55,3.49,4.11,3.62,General Emilio Aguinaldo,14.18,120.79
WS2M,2010,4.45,3.34,3.85,2.94,2.15,2.08,2.18,3.14,2.36,3.17,3.29,3.99,3.08,General Emilio Aguinaldo,14.18,120.79
WS2M,2011,4.8,4.0,4.81,3.5,2.64,2.94,3.38,3.49,3.64,3.07,3.71,4.02,3.67,General Emilio Aguinaldo,14.18,120.79
WS2M,2012,3.98,3.97,4.06,2.7,1.95,3.93,3.33,4.31,2.98,3.31,3.58,4.03,3.51,General Emilio Aguinaldo,14.18,120.79
WS2M,2013,4.46,4.47,3.17,2.17,2.11,2.7,2.46,3.65,3.46,3.11,4.13,3.35,3.26,General Emilio Aguinaldo,14.18,120.79
WS2M,2014,4.67,3.12,3.59,2.28,1.99,3.07,3.81,2.89,3.26,2.72,3.71,4.95,3.34,General Emilio Aguinaldo,14.18,120.79
WS2M,2015,4.39,3.88,3.68,3.05,2.2,2.53,3.65,3.11,2.57,3.49,4.04,4.4,3.42,General Emilio Aguinaldo,14.18,120.79
WS2M,2016,3.81,4.06,2.92,2.79,2.4,2.31,2.57,4.13,2.92,3.04,3.97,4.32,3.27,General Emilio Aguinaldo,14.18,120.79
WS2M,2017,4.82,4.36,3.59,2.88,2.39,2.09,3.15,2.95,2.51,2.81,4.16,4.53,3.35,General Emilio Aguinaldo,14.18,120.79
WS2M,2018,4.42,3.57,3.66,3.16,2.65,3.42,3.95,4.44,2.94,2.99,4.12,4.41,3.65,General Emilio Aguinaldo,14.18,120.79
WS2M,2019,4.67,4.02,2.95,2.65,2.18,2.92,3.12,4.6,3.64,2.99,3.24,4.29,3.44,General Emilio Aguinaldo,14.18,120.79
WS2M,2020,4.01,4.87,3.27,3.22,2.21,2.42,2.23,2.83,2.24,3.12,4.15,3.8,3.19,General Emilio Aguinaldo,14.18,120.79
WS2M,2021,4.72,3.85,3.77,3.27,3.06,2.75,4.14,2.94,2.67,3.57,3.75,4.99,3.63,General Emilio Aguinaldo,14.18,120.79
WS2M,2022,4.22,4.43,3.53,3.52,2.4,2.06,2.41,2.75,3.31,3.47,3.66,4.2,3.32,General Emilio Aguinaldo,14.18,120.79
WS2M,2023,4.75,4.28,3.63,2.65,2.8,2.66,3.39,4.18,2.53,2.79,3.98,3.98,3.47,General Emilio Aguinaldo,14.18,120.79
WS2M,2024,4.58,4.4,3.65,3.07,2.68,2.15,3.16,2.67,3.73,3.15,3.2,4.26,3.39,General Emilio Aguinaldo,14.18,120.79
WS2M,2025,4.11,4.28,3.8,2.61,2.79,2.77,4.65,2.49,3.01,2.69,3.85,3.89,3.41,General Emilio Aguinaldo,14.18,120.79
ALLSKY_SFC_SW_DWN,1990,14.58,18.88,19.11,23.07,20.22,17.49,18.36,15.04,16.51,14.94,14.41,12.64,17.08,Carmona,14.31,121.05
ALLSKY_SFC_SW_DWN,1991,13.82,16.07,20.54,21.68,22.15,18.67,17.2,13.3,15.82,16.92,14.58,13.47,17.02,Carmona,14.31,121.05
ALLSKY_SFC_SW_DWN,1992,14.3,17.81,21.56,23.34,21.69,19.96,17.46,14.12,15.24,15.6,14.2,13.04,17.35,Carmona,14.31,121.05
ALLSKY_SFC_SW_DWN,1993,14.83,17.54,19.34,22.27,23.46,20.27,19.1,16.97,15.42,13.77,13.04,10.7,17.22,Carmona,14.31,121.05
ALLSKY_SFC_SW_DWN,1994,13.45,16.69,18.16,21.75,20.1,18.99,13.43,18.56,16.84,17.1,15.7,13.36,17.0,Carmona,14.31,121.05
ALLSKY_SFC_SW_DWN,1995,13.94,17.95,20.65,23.33,20.17,20.86,17.48,16.91,14.02,14.96,13.69,10.09,16.99,Carmona,14.31,121.05
ALLSKY_SFC_SW_DWN,1996,13.25,16.35,19.23,18.34,20.55,20.12,16.85,18.76,16.66,16.14,11.81,11.94,16.67,Carmona,14.31,121.05
ALLSKY_SFC_SW_DWN,1997,14.75,15.37,20.59,21.72,20.49,20.91,16.91,16.88,17.69,17.07,16.58,14.4,17.78,Carmona,14.31,121.05
ALLSKY_SFC_SW_DWN,1998,14.65,18.98,20.62,22.6,20.35,19.42,20.58,19.0,16.29,13.26,13.66,10.35,17.46,Carmona,14.31,121.05
ALLSKY_SFC_SW_DWN,1999,11.86,16.17,18.04,19.12,19.61,17.53,17.01,14.94,15.46,14.73,12.67,10.82,15.65,Carmona,14.31,121.05
ALLSKY_SFC_SW_DWN,2000,13.63,15.1,16.63,22.04,17.65,18.38,14.39,17.88,15.8,13.7,12.25,11.06,15.7,Carmona,14.31,121.05
ALLSKY_SFC_SW_DWN,2001,13.95,14.24,17.51,21.33,20.69,18.81,18.35,14.99,18.14,15.41,13.96,12.15,16.63,Carmona,14.31,121.05
ALLSKY_SFC_SW_DWN,2002,14.76,15.83,20.28,22.52,21.39,20.8,15.15,17.3,16.86,15.77,12.86,13.38,17.24,Carmona,14.31,121.05
ALLSKY_SFC_SW_DWN,2003,14.46,17.81,19.48,23.0,18.2,18.2,18.55,16.54,16.3,16.32,14.5,12.17,17.11,Carmona,14.31,121.05
ALLSKY_SFC_SW_DWN,2004,13.88,15.7,19.12,22.13,19.24,15.86,18.68,16.11,19.2,15.97,11.77,12.62,16.69,Carmona,14.31,121.05
ALLSKY_SFC_SW_DWN,2005,14.06,17.54,18.15,22.28,21.84,18.5,17.11,15.35,15.41,14.09,13.9,10.39,16.53,Carmona,14.31,121.05
ALLSKY_SFC_SW_DWN,2006,13.75,15.92,19.45,23.01,19.64,20.0,13.26,15.29,17.78,14.24,15.49,11.43,16.58,Carmona,14.31,121.05
ALLSKY_SFC_SW_DWN,2007,13.42,17.63,20.35,21.7,20.65,18.79,18.94,15.22,16.46,13.8,12.18,11.64,16.72,Carmona,14.31,121.05
ALLSKY_SFC_SW_DWN,2008,12.71,12.34,18.28,20.31,17.7,19.51,16.92,16.56,16.39,15.28,12.43,10.32,15.73,Carmona,14.31,121.05
ALLSKY_SFC_SW_DWN,2009,11.46,14.83,18.86,17.66,17.97,17.95,17.17,16.48,13.77,14.31,14.65,14.59,15.81,Carmona,14.31,121.05
ALLSKY_SFC_SW_DWN,2010,13.29,20.29,19.52,22.73,23.08,19.33,17.74,17.12,17.22,13.77,12.54,11.04,17.27,Carmona,14.31,121.05
ALLSKY_SFC_SW_DWN,2011,12.4,15.99,14.85,20.14,19.6,16.58,15.89,14.99,16.02,14.9,13.09,11.29,15.46,Carmona,14.31,121.05
ALLSKY_SFC_SW_DWN,2012,12.91,15.09,15.6,23.28,20.37,18.3,16.15,14.63,15.77,15.43,15.93,13.22,16.38,Carmona,14.31,121.05
ALLSKY_SFC_SW_DWN,2013,13.13,15.89,19.37,22.98,19.89,18.77,17.0,14.22,14.62,15.06,13.26,12.19,16.36,Carmona,14.31,121.05
ALLSKY_SFC_SW_DWN,2014,13.75,17.27,18.95,21.72,22.89,19.13,15.65,17.44,16.08,14.81,13.9,10.03,16.79,Carmona,14.31,121.05
ALLSKY_SFC_SW_DWN,2015,12.75,17.16,20.2,22.05,22.63,21.12,16.87,17.96,18.84,15.98,15.71,13.2,17.86,Carmona,14.31,121.05
ALLSKY_SFC_SW_DWN,2016,15.08,15.69,19.53,23.41,20.78,18.91,18.5,15.17,17.09,15.02,13.04,11.38,16.96,Carmona,14.31,121.05
ALLSKY_SFC_SW_DWN,2017,11.78,14.9,19.07,21.1,21.03,20.76,15.31,18.47,16.52,13.21,12.94,10.41,16.29,Carmona,14.31,121.05
ALLSKY_SFC_SW_DWN,2018,12.07,16.27,18.83,21.76,21.21,16.42,15.42,15.2,17.25,18.07,15.41,11.07,16.57,Carmona,14.31,121.05
ALLSKY_SFC_SW_DWN,2019,14.2,18.87,21.77,23.45,20.81,20.46,17.88,14.76,15.57,17.05,13.48,13.3,17.62,Carmona,14.31,121.05
ALLSKY_SFC_SW_DWN,2020,14.15,15.71,21.4,21.21,21.22,20.24,19.06,16.74,18.47,12.97,12.7,11.8,17.14,Carmona,14.31,121.05
ALLSKY_SFC_SW_DWN,2021,11.75,15.04,18.56,20.46,21.99,19.46,14.72,17.21,15.71,13.46,14.11,12.11,16.21,Carmona,14.31,121.05
ALLSKY_SFC_SW_DWN,2022,14.51,14.83,19.27,18.15,20.75,19.62,17.12,15.23,16.49,14.79,13.68,10.93,16.29,Carmona,14.31,121.05
ALLSKY_SFC_SW_DWN,2023,11.17,15.64,20.47,19.73,19.87,19.18,16.72,18.37,16.69,14.38,13.23,12.93,16.53,Carmona,14.31,121.05
ALLSKY_SFC_SW_DWN,2024,13.35,17.85,18.98,24.25,20.81,19.49,14.37,19.07,14.54,14.02,15.33,9.66,16.79,Carmona,14.31,121.05
ALLSKY_SFC_SW_DWN,2025,12.31,14.03,17.19,22.86,20.85,17.2,13.96,16.99,13.29,13.82,12.58,11.56,15.56,Carmona,14.31,121.05
EVLAND,1990,3.38,2.67,2.05,1.01,2.28,3.69,4.09,4.89,4.02,3.98,4.73,5.17,3.5,Carmona,14.31,121.05
EVLAND,1991,4.4,4.16,3.81,2.64,2.72,3.52,3.5,3.61,3.77,4.67,4.47,4.8,3.84,Carmona,14.31,121.05
EVLAND,1992,3.62,3.19,2.03,1.76,2.18,2.69,3.29,3.9,3.86,4.26,5.29,4.86,3.41,Carmona,14.31,121.05
EVLAND,1993,3.87,3.25,2.1,1.53,1.55,2.16,3.34,3.47,3.41,4.52,4.07,5.22,3.21,Carmona,14.31,121.05
EVLAND,1994,4.62,4.55,3.72,3.23,2.82,3.4,3.81,3.9,3.63,4.61,4.79,4.02,3.92,Carmona,14.31,121.05
EVLAND,1995,4.11,4.07,2.81,1.7,2.46,3.84,3.64,3.53,3.72,4.39,4.23,4.59,3.59,Carmona,14.31,121.05
EVLAND,1996,4.58,4.64,3.03,4.06,3.3,3.55,3.38,3.88,3.84,3.72,4.37,5.33,3.97,Carmona,14.31,121.05
EVLAND,1997,4.17,4.1,3.27,2.19,2.78,3.51,3.33,3.84,3.8,4.51,4.06,3.65,3.6,Carmona,14.31,121.05
EVLAND,1998,2.5,1.68,1.53,0.9,1.94,2.73,3.6,3.63,3.45,3.78,3.34,4.28,2.79,Carmona,14.31,121.05
EVLAND,1999,4.99,5.42,4.52,4.77,3.92,3.67,3.52,4.15,3.69,3.81,4.54,4.11,4.25,Carmona,14.31,121.05
EVLAND,2000,5.13,4.67,4.31,3.94,3.68,3.56,3.92,3.64,4.19,3.87,4.29,4.11,4.11,Carmona,14.31,121.05
EVLAND,2001,4.77,5.29,4.28,3.99,3.47,3.3,4.29,3.77,3.37,3.88,4.94,5.35,4.22,Carmona,14.31,121.05
EVLAND,2002,4.28,4.03,3.11,2.42,2.59,3.55,4.14,3.91,3.73,3.85,4.1,4.6,3.69,Carmona,14.31,121.05
EVLAND,2003,4.57,3.61,2.15,1.64,2.98,4.22,4.09,3.82,3.88,4.84,4.59,4.76,3.77,Carmona,14.31,121.05
EVLAND,2004,3.83,3.51,2.97,2.2,3.4,3.5,3.62,3.8,4.25,4.91,4.84,4.63,3.79,Carmona,14.31,121.05
EVLAND,2005,3.97,3.15,2.34,2.31,1.84,3.32,3.48,3.77,3.93,4.2,4.34,4.31,3.41,Carmona,14.31,121.05
EVLAND,2006,4.55,5.36,4.38,3.21,2.84,3.68,3.39,3.98,3.91,4.57,3.79,4.56,4.01,Carmona,14.31,121.05
EVLAND,2007,4.85,3.76,2.96,2.3,2.84,3.06,3.64,3.8,3.39,4.38,4.56,4.76,3.7,Carmona,14.31,121.05
EVLAND,2008,4.79,4.89,4.74,3.9,4.31,4.04,3.87,4.03,3.77,3.93,3.85,4.81,4.24,Carmona,14.31,121.05
EVLAND,2009,4.89,4.21,4.2,4.09,4.78,4.19,3.65,4.35,3.82,4.34,4.88,4.11,4.29,Carmona,14.31,121.05
EVLAND,2010,3.65,2.34,2.18,1.54,1.8,2.58,3.72,4.03,3.89,3.64,3.51,4.03,3.08,Carmona,14.31,121.05
EVLAND,2011,4.69,4.73,4.75,3.42,3.68,4.09,4.21,4.15,3.75,4.06,4.05,4.34,4.16,Carmona,14.31,121.05
EVLAND,2012,4.99,4.74,4.95,4.37,4.18,3.73,3.98,4.24,4.16,4.79,4.46,4.22,4.4,Carmona,14.31,121.05
EVLAND,2013,4.41,4.46,4.31,2.77,2.55,3.84,4.12,3.65,3.67,4.64,4.68,4.05,3.93,Carmona,14.31,121.05
EVLAND,2014,4.51,3.3,2.65,1.87,1.88,2.99,3.6,4.09,4.14,4.2,4.51,4.78,3.55,Carmona,14.31,121.05
EVLAND,2015,4.69,3.97,2.95,1.93,1.59,2.75,3.88,3.92,4.36,4.68,4.9,4.51,3.68,Carmona,14.31,121.05
EVLAND,2016,4.62,4.39,3.96,2.62,2.81,3.4,4.19,4.0,3.62,4.04,4.62,4.31,3.88,Carmona,14.31,121.05
EVLAND,2017,5.04,4.99,4.29,3.69,3.59,3.9,4.01,4.31,4.12,4.13,4.4,4.69,4.26,Carmona,14.31,121.05
EVLAND,2018,4.61,4.61,4.44,3.55,3.08,3.72,3.69,4.29,4.24,4.73,4.54,3.99,4.12,Carmona,14.31,121.05
EVLAND,2019,4.98,3.59,1.83,1.79,3.17,3.69,3.53,4.1,4.29,4.83,3.74,4.73,3.69,Carmona,14.31,121.05
EVLAND,2020,4.64,5.3,5.91,5.95,4.79,4.47,3.9,4.23,4.12,3.78,4.53,3.9,4.62,Carmona,14.31,121.05
EVLAND,2021,4.9,5.08,5.01,4.23,2.71,3.2,4.03,4.18,3.9,4.24,4.19,4.7,4.19,Carmona,14.31,121.05
EVLAND,2022,4.02,4.27,3.92,4.48,4.3,3.97,4.1,3.78,3.79,3.93,3.81,4.17,4.04,Carmona,14.31,121.05
EVLAND,2023,4.82,5.03,3.81,3.08,3.65,3.84,4.45,4.46,4.23,4.23,4.59,4.89,4.25,Carmona,14.31,121.05
EVLAND,2024,4.65,3.7,2.63,1.64,2.37,4.42,4.24,4.03,3.8,4.16,4.53,4.58,3.73,Carmona,14.31,121.05
EVLAND,2025,4.79,5.06,4.65,3.83,4.07,4.0,4.65,4.27,4.11,3.84,4.17,4.44,4.32,Carmona,14.31,121.05
GWETROOT,1990,0.74,0.68,0.63,0.59,0.63,0.84,0.95,0.97,0.96,0.97,0.98,0.93,0.82,Carmona,14.31,121.05
GWETROOT,1991,0.85,0.76,0.72,0.65,0.65,0.72,0.87,0.96,0.95,0.89,0.86,0.86,0.81,Carmona,14.31,121.05
GWETROOT,1992,0.79,0.71,0.63,0.61,0.62,0.67,0.8,0.95,0.95,0.94,0.95,0.87,0.79,Carmona,14.31,121.05
GWETROOT,1993,0.76,0.71,0.64,0.6,0.59,0.62,0.76,0.84,0.92,0.97,0.95,0.97,0.78,Carmona,14.31,121.05
GWETROOT,1994,0.93,0.83,0.71,0.68,0.68,0.74,0.88,0.86,0.88,0.9,0.82,0.78,0.81,Carmona,14.31,121.05
GWETROOT,1995,0.79,0.8,0.68,0.61,0.65,0.78,0.86,0.93,0.99,0.98,0.97,0.98,0.84,Carmona,14.31,121.05
GWETROOT,1996,0.91,0.81,0.69,0.75,0.74,0.81,0.88,0.94,0.92,0.91,0.98,0.95,0.86,Carmona,14.31,121.05
GWETROOT,1997,0.82,0.76,0.7,0.63,0.67,0.75,0.88,0.94,0.93,0.87,0.76,0.73,0.79,Carmona,14.31,121.05
GWETROOT,1998,0.66,0.63,0.6,0.57,0.6,0.68,0.78,0.84,0.88,0.98,0.98,0.99,0.77,Carmona,14.31,121.05
GWETROOT,1999,0.98,0.86,0.82,0.89,0.87,0.88,0.94,0.97,0.98,0.98,0.97,0.99,0.93,Carmona,14.31,121.05
GWETROOT,2000,0.93,0.9,0.85,0.79,0.76,0.82,0.97,0.95,0.97,0.98,0.99,0.98,0.91,Carmona,14.31,121.05
GWETROOT,2001,0.91,0.87,0.82,0.75,0.74,0.79,0.93,0.95,0.9,0.9,0.93,0.92,0.87,Carmona,14.31,121.05
GWETROOT,2002,0.83,0.75,0.68,0.64,0.65,0.71,0.92,0.96,0.96,0.98,0.98,0.94,0.83,Carmona,14.31,121.05
GWETROOT,2003,0.85,0.73,0.64,0.6,0.67,0.82,0.88,0.94,0.96,0.94,0.91,0.86,0.82,Carmona,14.31,121.05
GWETROOT,2004,0.79,0.73,0.68,0.63,0.7,0.85,0.87,0.96,0.93,0.93,0.92,0.91,0.83,Carmona,14.31,121.05
GWETROOT,2005,0.82,0.7,0.64,0.64,0.61,0.76,0.88,0.93,0.97,0.98,0.97,0.98,0.82,Carmona,14.31,121.05
GWETROOT,2006,0.94,0.89,0.79,0.7,0.7,0.77,0.89,0.97,0.94,0.96,0.96,0.94,0.87,Carmona,14.31,121.05
GWETROOT,2007,0.88,0.76,0.68,0.64,0.68,0.73,0.86,0.91,0.94,0.97,0.98,0.96,0.83,Carmona,14.31,121.05
GWETROOT,2008,0.94,0.89,0.86,0.76,0.86,0.88,0.94,0.96,0.95,0.98,0.99,0.97,0.92,Carmona,14.31,121.05
GWETROOT,2009,0.93,0.86,0.78,0.82,0.95,0.98,0.97,0.95,0.97,0.97,0.93,0.83,0.91,Carmona,14.31,121.05
GWETROOT,2010,0.76,0.67,0.63,0.61,0.61,0.66,0.86,0.97,0.97,0.98,0.99,0.98,0.81,Carmona,14.31,121.05
GWETROOT,2011,0.95,0.88,0.84,0.71,0.75,0.91,0.96,0.98,0.97,0.98,0.99,0.99,0.91,Carmona,14.31,121.05
GWETROOT,2012,0.95,0.92,0.85,0.83,0.8,0.86,0.96,0.98,0.99,0.97,0.92,0.85,0.91,Carmona,14.31,121.05
GWETROOT,2013,0.86,0.79,0.77,0.67,0.66,0.81,0.96,0.99,0.99,0.98,0.97,0.97,0.87,Carmona,14.31,121.05
GWETROOT,2014,0.86,0.72,0.66,0.62,0.61,0.7,0.84,0.9,0.98,0.99,0.95,0.96,0.82,Carmona,14.31,121.05
GWETROOT,2015,0.89,0.76,0.67,0.63,0.59,0.65,0.79,0.85,0.92,0.95,0.87,0.9,0.79,Carmona,14.31,121.05
GWETROOT,2016,0.88,0.8,0.75,0.66,0.65,0.74,0.87,0.95,0.95,0.99,0.97,0.97,0.85,Carmona,14.31,121.05
GWETROOT,2017,0.94,0.89,0.78,0.69,0.71,0.79,0.92,0.97,0.97,0.99,0.98,0.98,0.88,Carmona,14.31,121.05
GWETROOT,2018,0.93,0.85,0.78,0.69,0.67,0.86,0.97,0.98,0.97,0.91,0.82,0.84,0.86,Carmona,14.31,121.05
GWETROOT,2019,0.89,0.74,0.63,0.61,0.68,0.76,0.86,0.95,0.97,0.91,0.93,0.91,0.82,Carmona,14.31,121.05
GWETROOT,2020,0.84,0.86,0.91,0.87,0.89,0.93,0.95,0.98,0.94,1.0,1.0,1.0,0.93,Carmona,14.31,121.05
GWETROOT,2021,0.97,0.9,0.85,0.73,0.66,0.74,0.89,0.94,0.98,0.98,0.94,0.9,0.87,Carmona,14.31,121.05
GWETROOT,2022,0.83,0.8,0.76,0.8,0.79,0.85,0.95,0.99,0.98,0.99,0.99,0.96,0.89,Carmona,14.31,121.05
GWETROOT,2023,0.97,0.87,0.74,0.67,0.68,0.79,0.93,0.94,0.94,0.96,0.95,0.93,0.86,Carmona,14.31,121.05
GWETROOT,2024,0.87,0.74,0.65,0.61,0.64,0.84,0.96,0.97,0.98,0.98,0.95,0.95,0.85,Carmona,14.31,121.05
GWETROOT,2025,0.94,0.9,0.82,0.73,0.73,0.85,0.96,0.96,0.99,0.99,0.99,0.98,0.9,Carmona,14.31,121.05
PRECTOTCORR,1990,2.92,1.03,1.48,0.32,5.86,11.11,9.8,11.69,8.7,12.84,11.3,8.5,7.17,Carmona,14.31,121.05
PRECTOTCORR,1991,2.28,4.86,2.1,2.2,3.44,7.57,8.37,10.4,5.93,4.29,7.77,5.58,5.4,Carmona,14.31,121.05
PRECTOTCORR,1992,2.27,1.79,1.16,1.42,3.25,3.71,10.49,8.72,6.34,7.67,11.36,3.99,5.19,Carmona,14.31,121.05
PRECTOTCORR,1993,3.25,1.8,0.96,1.59,1.29,4.53,5.76,7.88,6.32,8.7,8.86,19.07,5.87,Carmona,14.31,121.05
PRECTOTCORR,1994,6.26,2.13,2.07,3.51,3.28,8.15,6.65,4.05,6.88,6.57,3.65,7.18,5.05,Carmona,14.31,121.05
PRECTOTCORR,1995,3.69,5.19,1.06,1.0,4.99,7.27,7.3,8.43,13.83,10.66,9.65,18.64,7.66,Carmona,14.31,121.05
PRECTOTCORR,1996,4.04,1.93,1.64,7.52,4.07,6.71,8.71,3.99,6.88,7.83,15.71,6.05,6.25,Carmona,14.31,121.05
PRECTOTCORR,1997,2.37,4.67,1.67,1.5,7.0,3.7,10.26,6.22,6.34,2.27,3.35,3.88,4.44,Carmona,14.31,121.05
PRECTOTCORR,1998,1.7,0.55,1.25,0.56,3.7,5.12,5.29,5.91,8.45,14.8,7.89,23.72,6.64,Carmona,14.31,121.05
PRECTOTCORR,1999,8.76,3.67,8.43,8.52,4.74,6.78,7.47,12.39,7.29,12.65,13.09,16.58,9.25,Carmona,14.31,121.05
PRECTOTCORR,2000,5.48,6.67,5.5,2.73,5.94,6.43,11.16,5.88,10.48,11.62,10.39,14.41,8.07,Carmona,14.31,121.05
PRECTOTCORR,2001,2.57,9.14,4.02,2.4,4.57,8.13,7.1,7.42,1.73,9.62,9.62,12.65,6.57,Carmona,14.31,121.05
PRECTOTCORR,2002,2.27,3.31,2.36,1.95,3.61,5.78,16.11,8.54,8.75,9.67,13.83,7.08,6.96,Carmona,14.31,121.05
PRECTOTCORR,2003,2.81,1.7,0.96,1.69,8.47,5.5,7.84,7.87,8.73,5.6,7.31,5.46,5.35,Carmona,14.31,121.05
PRECTOTCORR,2004,2.81,3.59,1.52,1.74,6.85,6.77,8.46,8.33,3.85,9.08,14.48,6.33,6.16,Carmona,14.31,121.05
PRECTOTCORR,2005,3.28,1.31,2.09,2.07,2.6,7.35,7.72,7.0,12.77,12.52,8.34,20.22,7.32,Carmona,14.31,121.05
PRECTOTCORR,2006,7.14,3.72,4.91,0.58,5.06,7.55,9.99,6.63,11.98,8.32,5.17,12.67,7.01,Carmona,14.31,121.05
PRECTOTCORR,2007,4.21,1.61,1.9,2.36,4.91,5.84,5.58,10.26,9.23,9.16,16.12,10.08,6.8,Carmona,14.31,121.05
PRECTOTCORR,2008,9.09,9.93,3.31,4.4,9.75,8.87,6.55,8.17,8.79,12.91,13.48,12.08,8.94,Carmona,14.31,121.05
PRECTOTCORR,2009,7.47,4.32,3.96,13.3,11.87,9.61,8.71,6.42,17.27,10.79,6.6,2.48,8.57,Carmona,14.31,121.05
PRECTOTCORR,2010,3.38,0.43,1.97,1.6,1.57,5.06,14.62,8.11,7.41,9.44,14.34,10.8,6.61,Carmona,14.31,121.05
PRECTOTCORR,2011,6.75,3.99,6.37,1.91,7.23,15.79,10.39,9.72,9.5,11.77,15.18,17.23,9.69,Carmona,14.31,121.05
PRECTOTCORR,2012,6.57,9.95,8.18,1.76,6.87,4.99,17.05,14.98,13.24,11.79,4.25,6.49,8.87,Carmona,14.31,121.05
PRECTOTCORR,2013,5.57,7.15,3.04,0.94,4.19,11.59,13.04,17.24,15.65,8.46,13.9,10.48,9.27,Carmona,14.31,121.05
PRECTOTCORR,2014,1.53,1.32,2.47,0.87,2.78,5.39,9.85,9.36,12.54,13.38,7.9,14.72,6.89,Carmona,14.31,121.05
PRECTOTCORR,2015,3.6,2.18,1.89,1.14,1.24,4.74,8.24,7.53,7.98,8.96,5.21,20.99,6.19,Carmona,14.31,121.05
PRECTOTCORR,2016,2.91,5.05,3.34,1.22,4.28,6.78,7.88,11.43,7.72,12.5,12.18,14.82,7.53,Carmona,14.31,121.05
PRECTOTCORR,2017,8.37,6.02,2.12,3.49,5.53,6.4,11.54,9.91,15.21,11.59,15.61,15.66,9.3,Carmona,14.31,121.05
PRECTOTCORR,2018,7.21,3.38,3.16,2.48,4.09,12.88,14.7,8.98,10.27,5.03,4.07,15.33,7.67,Carmona,14.31,121.05
PRECTOTCORR,2019,3.4,1.02,0.57,1.7,6.73,6.26,7.89,10.4,9.23,5.43,6.62,10.35,5.84,Carmona,14.31,121.05
PRECTOTCORR,2020,4.39,25.43,18.56,20.18,7.92,19.95,8.15,7.98,9.02,33.88,35.85,27.74,18.18,Carmona,14.31,121.05
PRECTOTCORR,2021,9.01,5.71,5.25,1.95,2.37,5.79,15.34,6.25,13.65,9.46,7.52,5.87,7.36,Carmona,14.31,121.05
PRECTOTCORR,2022,3.5,5.03,3.24,7.67,5.93,8.16,9.52,11.01,12.3,18.09,7.97,10.21,8.58,Carmona,14.31,121.05
PRECTOTCORR,2023,13.04,4.2,0.75,3.16,4.85,9.07,13.84,6.07,7.9,8.25,10.79,10.93,7.77,Carmona,14.31,121.05
PRECTOTCORR,2024,3.0,1.32,2.26,0.4,8.65,7.95,17.04,7.06,12.85,16.27,5.52,18.5,8.46,Carmona,14.31,121.05
PRECTOTCORR,2025,6.78,7.86,4.19,1.95,6.62,10.22,17.01,9.83,15.02,13.9,18.19,10.79,10.2,Carmona,14.31,121.05
RH2M,1990,83.56,79.16,73.21,67.12,76.19,87.2,88.02,88.87,87.91,89.33,88.71,88.47,83.18,Carmona,14.31,121.05
RH2M,1991,85.65,83.4,79.0,74.41,75.52,82.6,86.91,91.29,89.51,84.07,86.89,86.54,83.82,Carmona,14.31,121.05
RH2M,1992,83.79,78.43,73.79,68.14,73.32,78.0,85.45,89.75,89.07,88.51,87.17,86.72,81.88,Carmona,14.31,121.05
RH2M,1993,82.82,79.86,72.93,70.9,70.05,75.86,85.36,87.51,88.84,89.4,90.81,90.02,82.05,Carmona,14.31,121.05
RH2M,1994,88.34,83.68,80.04,76.81,77.99,83.54,90.29,85.98,87.43,85.75,85.24,84.33,84.13,Carmona,14.31,121.05
RH2M,1995,84.14,82.94,76.9,71.76,78.45,82.93,86.28,89.37,90.17,89.14,90.75,91.13,84.52,Carmona,14.31,121.05
RH2M,1996,88.41,82.95,79.34,83.62,82.21,85.17,87.68,86.73,87.72,87.96,90.89,86.6,85.78,Carmona,14.31,121.05
RH2M,1997,84.77,83.46,76.59,71.86,77.48,81.77,89.44,89.75,87.98,84.9,82.92,82.47,82.8,Carmona,14.31,121.05
RH2M,1998,77.74,74.41,69.94,66.47,76.04,78.57,81.72,85.6,88.49,90.96,91.48,91.14,81.1,Carmona,14.31,121.05
RH2M,1999,89.55,84.51,85.62,86.0,83.84,87.29,89.32,89.28,89.49,90.01,89.65,91.98,88.07,Carmona,14.31,121.05
RH2M,2000,87.17,88.36,87.15,82.13,83.92,86.48,89.46,88.37,89.5,90.72,90.87,91.53,87.98,Carmona,14.31,121.05
RH2M,2001,87.2,86.38,84.91,79.62,80.74,84.55,88.53,90.16,88.41,89.04,87.77,88.41,86.32,Carmona,14.31,121.05
RH2M,2002,84.86,81.99,78.28,73.42,77.19,78.84,89.86,87.8,88.54,88.74,90.52,88.97,84.12,Carmona,14.31,121.05
RH2M,2003,84.8,80.87,75.19,69.16,78.5,84.44,85.74,89.17,89.3,85.46,87.92,85.6,83.03,Carmona,14.31,121.05
RH2M,2004,84.97,82.18,75.83,72.31,82.95,89.66,85.9,91.35,84.54,84.17,89.1,87.6,84.23,Carmona,14.31,121.05
RH2M,2005,84.66,79.28,76.01,72.26,71.76,85.54,88.14,87.31,89.26,88.83,89.27,91.74,83.7,Carmona,14.31,121.05
RH2M,2006,88.94,86.2,83.04,75.27,80.22,83.07,89.43,89.54,86.64,86.31,89.13,89.95,85.66,Carmona,14.31,121.05
RH2M,2007,86.52,82.15,77.75,72.91,78.09,82.8,84.67,87.33,89.4,89.46,89.62,89.94,84.24,Carmona,14.31,121.05
RH2M,2008,89.33,87.65,83.55,83.03,85.05,84.61,87.55,86.04,88.71,89.37,91.53,89.31,87.14,Carmona,14.31,121.05
RH2M,2009,88.03,86.92,82.16,84.52,87.35,88.49,88.66,87.31,89.56,87.59,88.23,84.56,86.94,Carmona,14.31,121.05
RH2M,2010,83.59,77.6,75.55,72.22,68.92,78.3,83.94,87.58,86.47,89.63,91.09,90.82,82.18,Carmona,14.31,121.05
RH2M,2011,88.74,84.9,85.05,76.66,81.54,87.06,87.53,89.24,89.88,88.67,90.21,90.96,86.73,Carmona,14.31,121.05
RH2M,2012,88.57,88.26,86.23,82.11,80.41,87.64,88.04,90.4,87.7,85.96,87.85,87.26,86.7,Carmona,14.31,121.05
RH2M,2013,85.37,84.01,82.26,72.74,77.23,83.18,86.42,89.62,89.73,86.51,90.28,90.33,84.82,Carmona,14.31,121.05
RH2M,2014,83.64,80.17,77.53,71.0,71.16,81.2,88.46,85.82,86.97,87.82,89.15,89.92,82.76,Carmona,14.31,121.05
RH2M,2015,85.59,81.79,77.2,73.06,67.78,76.59,84.37,84.79,85.61,86.07,87.48,88.36,81.57,Carmona,14.31,121.05
RH2M,2016,86.16,84.47,79.77,72.99,75.35,82.35,82.79,89.97,88.34,89.0,89.75,91.16,84.35,Carmona,14.31,121.05
RH2M,2017,88.48,86.44,81.57,75.21,79.7,81.39,87.24,85.69,86.18,87.75,91.1,90.17,85.08,Carmona,14.31,121.05
RH2M,2018,89.05,85.13,80.83,78.33,78.95,87.0,90.73,89.5,87.15,84.9,85.93,87.91,85.46,Carmona,14.31,121.05
RH2M,2019,85.84,80.24,72.17,70.43,76.73,83.82,86.55,90.26,87.91,85.4,88.62,88.34,83.05,Carmona,14.31,121.05
RH2M,2020,83.86,84.98,84.8,84.18,82.99,84.01,84.77,86.05,85.03,90.1,90.68,91.48,86.08,Carmona,14.31,121.05
RH2M,2021,88.84,86.48,84.99,76.85,77.44,83.09,88.97,85.4,87.97,89.23,90.0,87.28,85.55,Carmona,14.31,121.05
RH2M,2022,85.02,85.35,83.08,84.3,80.5,83.05,85.84,87.48,89.38,89.77,91.03,89.68,86.21,Carmona,14.31,121.05
RH2M,2023,90.04,85.72,79.74,75.72,78.41,84.51,86.6,88.84,85.28,88.52,89.7,89.69,85.24,Carmona,14.31,121.05
RH2M,2024,85.65,81.01,78.2,70.49,75.29,82.27,87.61,85.62,89.28,88.54,87.13,90.96,83.53,Carmona,14.31,121.05
RH2M,2025,88.86,87.39,84.31,76.36,80.08,85.39,89.37,84.87,89.34,89.42,90.86,90.02,86.36,Carmona,14.31,121.05
T2M_MAX,1990,30.65,32.41,34.55,38.66,37.36,31.49,31.15,31.41,31.73,31.15,31.01,28.56,38.66,Carmona,14.31,121.05
T2M_MAX,1991,28.95,31.06,31.35,35.86,36.36,34.28,32.19,30.22,32.11,31.24,30.31,29.61,36.36,Carmona,14.31,121.05
T2M_MAX,1992,31.23,33.0,33.62,37.13,35.46,34.78,32.26,30.68,32.1,31.24,30.0,28.32,37.13,Carmona,14.31,121.05
T2M_MAX,1993,30.56,32.2,35.45,35.54,37.11,35.83,32.96,33.27,32.3,30.46,29.13,28.52,37.11,Carmona,14.31,121.05
T2M_MAX,1994,29.86,31.96,31.87,34.53,35.49,32.81,30.61,32.69,31.46,30.57,29.65,30.13,35.49,Carmona,14.31,121.05
T2M_MAX,1995,29.39,31.49,33.34,34.6,36.48,34.18,33.92,31.19,30.89,30.83,29.72,26.95,36.48,Carmona,14.31,121.05
T2M_MAX,1996,28.49,31.5,33.27,32.5,34.0,32.34,31.42,31.91,32.75,30.95,29.84,27.8,34.0,Carmona,14.31,121.05
T2M_MAX,1997,29.31,30.58,34.69,34.69,36.51,33.37,32.25,30.1,31.0,31.89,31.58,30.83,36.51,Carmona,14.31,121.05
T2M_MAX,1998,33.72,34.94,36.34,37.36,36.16,35.06,35.4,31.88,32.17,30.3,30.23,29.85,37.36,Carmona,14.31,121.05
T2M_MAX,1999,29.17,29.71,31.17,32.39,32.62,31.83,30.88,30.72,29.98,30.35,29.69,27.98,32.62,Carmona,14.31,121.05
T2M_MAX,2000,28.91,30.73,30.51,33.79,34.28,32.52,29.9,31.35,31.03,30.8,29.23,28.84,34.28,Carmona,14.31,121.05
T2M_MAX,2001,30.46,31.74,31.19,34.32,35.42,34.19,30.29,30.16,30.31,31.13,30.02,28.78,35.42,Carmona,14.31,121.05
T2M_MAX,2002,30.11,30.98,32.84,35.12,35.46,34.3,33.95,32.57,31.54,31.28,30.56,29.86,35.46,Carmona,14.31,121.05
T2M_MAX,2003,29.27,29.69,34.34,37.99,36.48,32.89,32.95,32.29,34.26,31.18,30.46,28.52,37.99,Carmona,14.31,121.05
T2M_MAX,2004,30.3,31.04,35.57,36.88,34.37,30.64,32.29,29.51,32.78,33.88,30.62,28.84,36.88,Carmona,14.31,121.05
T2M_MAX,2005,29.72,33.31,34.83,36.01,37.38,33.05,31.68,31.93,31.62,31.52,30.28,29.28,37.38,Carmona,14.31,121.05
T2M_MAX,2006,29.72,29.9,33.41,35.18,35.53,33.61,31.05,33.65,31.9,31.13,30.88,29.92,35.53,Carmona,14.31,121.05
T2M_MAX,2007,30.07,31.42,33.73,37.68,36.24,35.17,32.79,32.98,31.83,29.9,30.02,29.76,37.68,Carmona,14.31,121.05
T2M_MAX,2008,28.86,30.11,34.22,33.26,32.59,32.09,31.51,32.95,32.21,30.59,30.06,29.05,34.22,Carmona,14.31,121.05
T2M_MAX,2009,29.62,30.5,33.3,33.6,31.6,32.18,31.48,32.87,32.52,31.29,30.6,29.31,33.6,Carmona,14.31,121.05
T2M_MAX,2010,30.31,33.5,35.29,36.11,37.33,35.58,34.4,32.5,32.69,31.13,30.0,30.26,37.33,Carmona,14.31,121.05
T2M_MAX,2011,28.66,31.03,30.28,35.24,33.65,32.15,32.07,31.32,30.58,31.95,30.61,30.38,35.24,Carmona,14.31,121.05
T2M_MAX,2012,29.68,30.19,31.67,33.08,34.47,31.2,32.47,30.58,33.34,31.51,30.43,31.62,34.47,Carmona,14.31,121.05
T2M_MAX,2013,29.51,30.67,32.51,37.09,37.41,33.63,32.05,31.28,32.44,30.27,30.05,29.78,37.41,Carmona,14.31,121.05
T2M_MAX,2014,29.14,31.46,33.4,36.13,37.3,36.84,32.08,32.5,33.05,31.96,30.82,29.31,37.3,Carmona,14.31,121.05
T2M_MAX,2015,30.56,30.56,33.38,37.37,37.47,37.24,33.57,33.93,32.67,32.68,30.15,30.98,37.47,Carmona,14.31,121.05
T2M_MAX,2016,31.07,31.39,34.07,36.47,36.08,33.56,33.36,33.9,32.02,31.59,30.1,29.37,36.47,Carmona,14.31,121.05
T2M_MAX,2017,28.36,30.08,33.5,37.3,34.84,33.56,34.13,33.84,34.09,31.76,29.85,29.68,37.3,Carmona,14.31,121.05
T2M_MAX,2018,29.51,30.88,32.51,34.25,36.06,34.6,30.61,32.4,32.23,31.93,30.91,30.06,36.06,Carmona,14.31,121.05
T2M_MAX,2019,28.07,30.72,34.73,37.1,37.57,36.08,32.74,29.95,32.58,33.6,31.31,30.45,37.57,Carmona,14.31,121.05
T2M_MAX,2020,31.67,29.75,32.72,34.23,33.8,34.33,31.97,31.59,33.08,31.66,30.9,29.76,34.33,Carmona,14.31,121.05
T2M_MAX,2021,29.14,30.88,32.33,35.71,36.41,34.49,32.2,31.75,31.75,31.46,30.81,29.65,36.41,Carmona,14.31,121.05
T2M_MAX,2022,31.26,30.64,32.71,32.19,34.8,33.23,32.97,31.72,32.46,31.85,29.98,30.33,34.8,Carmona,14.31,121.05
T2M_MAX,2023,28.14,31.37,32.62,35.61,37.93,34.1,32.79,31.38,32.86,32.29,30.71,30.48,37.93,Carmona,14.31,121.05
T2M_MAX,2024,31.09,31.05,35.32,38.09,36.28,36.33,31.93,33.11,33.61,33.21,31.63,30.14,38.09,Carmona,14.31,121.05
T2M_MAX,2025,30.5,31.18,31.93,36.24,35.24,32.98,31.07,32.45,31.45,30.7,31.83,30.44,36.24,Carmona,14.31,121.05
T2M_MIN,1990,18.85,19.91,19.95,21.55,22.72,23.46,22.85,23.36,23.26,22.61,21.01,19.75,18.85,Carmona,14.31,121.05
T2M_MIN,1991,19.43,20.04,19.12,20.84,22.56,23.33,23.39,23.38,22.97,21.13,19.75,19.27,19.12,Carmona,14.31,121.05
T2M_MIN,1992,18.93,18.74,19.59,21.36,21.92,23.8,23.21,23.34,22.79,21.83,18.87,19.02,18.74,Carmona,14.31,121.05
T2M_MIN,1993,18.34,19.08,19.3,19.45,22.79,23.84,23.52,23.09,22.42,22.05,21.85,20.17,18.34,Carmona,14.31,121.05
T2M_MIN,1994,19.31,19.36,20.43,20.7,24.23,23.4,23.18,22.78,22.79,21.26,20.73,19.77,19.31,Carmona,14.31,121.05
T2M_MIN,1995,18.78,19.05,19.56,21.23,22.89,23.93,23.22,23.39,23.28,22.92,22.38,18.59,18.59,Carmona,14.31,121.05
T2M_MIN,1996,18.36,18.76,21.09,22.22,23.29,23.1,23.46,23.26,23.3,22.88,21.87,17.83,17.83,Carmona,14.31,121.05
T2M_MIN,1997,18.24,18.3,18.74,21.24,21.61,23.64,23.0,23.38,23.15,21.46,20.41,19.29,18.24,Carmona,14.31,121.05
T2M_MIN,1998,18.66,19.25,19.39,21.83,24.12,23.48,23.87,23.74,23.59,23.75,23.17,22.51,18.66,Carmona,14.31,121.05
T2M_MIN,1999,20.65,18.28,20.95,22.31,23.21,23.17,23.2,22.42,23.18,22.73,19.86,19.0,18.28,Carmona,14.31,121.05
T2M_MIN,2000,18.76,20.41,21.52,22.04,22.96,23.33,22.77,23.07,22.99,22.69,22.18,21.63,18.76,Carmona,14.31,121.05
T2M_MIN,2001,18.95,19.81,21.31,23.06,23.61,23.79,22.93,23.55,22.24,22.74,18.14,18.37,18.14,Carmona,14.31,121.05
T2M_MIN,2002,17.99,17.91,18.55,20.49,22.59,24.32,23.11,23.28,22.77,23.09,21.1,21.0,17.91,Carmona,14.31,121.05
T2M_MIN,2003,18.33,19.03,19.46,21.44,23.23,23.18,23.26,23.36,22.94,21.04,20.03,18.96,18.33,Carmona,14.31,121.05
T2M_MIN,2004,19.55,18.2,21.03,22.09,23.28,22.94,23.17,23.37,22.96,20.69,21.44,19.91,18.2,Carmona,14.31,121.05
T2M_MIN,2005,18.76,19.64,19.79,20.88,23.24,23.59,23.44,23.31,23.11,23.36,21.24,19.75,18.76,Carmona,14.31,121.05
T2M_MIN,2006,19.72,20.08,21.15,21.25,22.59,23.82,22.92,23.08,23.22,21.31,21.84,21.71,19.72,Carmona,14.31,121.05
T2M_MIN,2007,18.5,18.35,20.48,22.13,22.63,24.08,23.66,22.84,23.09,22.56,19.86,19.83,18.35,Carmona,14.31,121.05
T2M_MIN,2008,19.44,19.46,19.73,22.29,23.03,22.56,23.25,22.59,22.98,23.39,22.07,19.41,19.41,Carmona,14.31,121.05
T2M_MIN,2009,17.74,19.61,21.04,22.48,22.74,23.51,23.11,23.73,23.2,19.58,21.5,19.33,17.74,Carmona,14.31,121.05
T2M_MIN,2010,18.79,19.3,19.49,21.41,24.05,24.51,22.89,23.16,22.84,22.25,22.03,21.36,18.79,Carmona,14.31,121.05
T2M_MIN,2011,19.28,19.04,20.7,20.18,22.64,23.56,23.36,23.38,23.02,22.54,22.37,21.33,19.04,Carmona,14.31,121.05
T2M_MIN,2012,20.92,20.21,20.11,20.91,23.38,23.2,23.53,23.04,22.93,21.94,20.8,21.45,20.11,Carmona,14.31,121.05
T2M_MIN,2013,18.77,20.83,20.08,22.1,24.2,23.68,22.83,23.37,23.73,21.16,22.05,20.94,18.77,Carmona,14.31,121.05
T2M_MIN,2014,16.0,19.32,19.01,21.93,24.16,24.21,23.55,23.07,23.15,22.15,19.95,20.66,16.0,Carmona,14.31,121.05
T2M_MIN,2015,19.33,18.68,18.52,21.21,22.31,24.32,22.82,22.45,23.58,22.41,22.22,20.64,18.52,Carmona,14.31,121.05
T2M_MIN,2016,19.78,19.94,21.52,22.06,24.33,23.94,23.58,23.53,23.19,22.1,21.17,20.78,19.78,Carmona,14.31,121.05
T2M_MIN,2017,19.77,17.94,20.18,21.03,24.14,23.69,23.64,23.39,23.16,22.83,22.29,20.92,17.94,Carmona,14.31,121.05
T2M_MIN,2018,20.15,19.76,20.22,21.55,23.71,23.39,23.01,23.54,23.21,19.44,21.87,21.35,19.44,Carmona,14.31,121.05
T2M_MIN,2019,17.69,18.91,19.13,21.25,23.59,24.29,23.63,22.99,22.82,22.54,21.07,20.78,17.69,Carmona,14.31,121.05
T2M_MIN,2020,19.66,18.46,20.62,21.79,23.21,23.6,24.03,23.56,22.99,22.34,22.01,21.56,18.46,Carmona,14.31,121.05
T2M_MIN,2021,19.37,18.71,21.35,21.44,22.86,24.08,23.7,24.01,23.16,22.33,21.78,20.27,18.71,Carmona,14.31,121.05
T2M_MIN,2022,19.1,21.7,20.7,22.06,23.57,23.8,24.18,23.49,23.33,23.32,22.0,19.65,19.1,Carmona,14.31,121.05
T2M_MIN,2023,19.93,20.14,19.11,21.49,23.94,24.6,24.37,24.3,24.0,23.63,22.58,22.15,19.11,Carmona,14.31,121.05
T2M_MIN,2024,19.32,20.29,20.72,22.77,24.76,24.04,23.95,24.21,23.71,23.35,22.77,22.64,19.32,Carmona,14.31,121.05
T2M_MIN,2025,20.29,20.16,20.7,22.79,24.08,24.1,23.72,23.07,22.84,23.85,22.41,21.27,20.16,Carmona,14.31,121.05
TS,1990,24.31,25.21,26.37,29.47,28.65,26.75,26.26,26.3,26.19,25.77,25.38,24.09,26.23,Carmona,14.31,121.05
TS,1991,23.74,24.75,25.33,28.0,28.5,27.36,26.38,25.97,25.99,26.01,24.66,23.87,25.88,Carmona,14.31,121.05
TS,1992,24.08,24.92,26.81,29.07,28.6,28.29,26.61,26.17,25.83,25.84,24.27,23.95,26.2,Carmona,14.31,121.05
TS,1993,23.64,24.67,26.15,28.15,28.95,28.79,27.0,26.17,25.86,25.46,25.27,24.2,26.2,Carmona,14.31,121.05
TS,1994,23.89,24.61,25.89,27.86,28.58,27.39,25.78,26.34,26.18,25.73,24.8,24.2,25.94,Carmona,14.31,121.05
TS,1995,23.86,24.3,25.68,27.95,27.8,27.82,26.6,26.56,26.38,26.22,25.62,23.43,26.02,Carmona,14.31,121.05
TS,1996,23.34,23.75,26.08,26.7,27.7,27.12,26.68,26.51,26.59,26.38,25.45,23.3,25.8,Carmona,14.31,121.05
TS,1997,22.92,24.37,25.44,28.18,27.82,27.43,26.29,25.86,26.13,26.5,25.96,24.81,25.98,Carmona,14.31,121.05
TS,1998,25.0,26.6,27.02,28.99,28.96,28.59,27.73,27.13,26.62,26.29,25.83,25.27,27.0,Carmona,14.31,121.05
TS,1999,24.42,23.46,26.0,26.63,27.16,26.42,26.04,25.8,25.92,25.89,25.06,24.21,25.6,Carmona,14.31,121.05
TS,2000,23.89,24.46,25.64,27.51,27.41,26.78,25.78,26.31,25.83,25.95,25.49,24.84,25.83,Carmona,14.31,121.05
TS,2001,24.57,24.95,25.86,27.95,28.23,27.2,26.15,26.35,26.0,26.06,24.86,23.93,26.01,Carmona,14.31,121.05
TS,2002,23.68,23.98,25.87,27.87,28.27,28.36,26.39,26.42,26.13,26.33,25.16,25.02,26.13,Carmona,14.31,121.05
TS,2003,23.5,24.32,26.49,29.38,28.62,26.75,26.87,26.3,26.13,26.11,25.77,23.41,26.14,Carmona,14.31,121.05
TS,2004,24.5,24.75,27.22,29.0,27.68,26.24,26.46,25.79,26.57,25.77,25.38,24.25,26.13,Carmona,14.31,121.05
TS,2005,23.58,25.38,26.39,27.99,29.65,27.15,26.63,26.55,26.32,26.35,25.8,24.25,26.34,Carmona,14.31,121.05
TS,2006,24.53,24.67,26.07,27.87,27.81,27.62,26.3,26.09,26.62,26.2,25.74,24.95,26.21,Carmona,14.31,121.05
TS,2007,24.37,24.74,26.36,28.61,28.44,27.87,27.28,26.59,26.35,25.92,25.15,24.74,26.37,Carmona,14.31,121.05
TS,2008,24.06,24.14,25.74,27.15,26.91,26.96,26.28,26.31,26.32,26.49,25.53,24.05,25.83,Carmona,14.31,121.05
TS,2009,23.11,24.76,26.56,26.9,26.78,26.56,26.45,26.99,26.34,25.68,25.7,23.91,25.81,Carmona,14.31,121.05
TS,2010,24.43,25.81,27.09,28.81,30.34,28.61,27.21,26.62,26.63,26.1,25.54,24.62,26.82,Carmona,14.31,121.05
TS,2011,23.49,24.25,24.93,26.48,27.7,26.81,26.52,26.32,26.16,25.99,25.59,24.95,25.77,Carmona,14.31,121.05
TS,2012,24.6,24.72,25.41,27.23,28.1,26.68,26.43,25.94,26.66,26.02,25.7,25.38,26.07,Carmona,14.31,121.05
TS,2013,24.04,25.16,26.33,29.21,28.77,27.69,26.68,26.09,26.3,25.86,25.46,25.1,26.39,Carmona,14.31,121.05
TS,2014,22.55,24.72,26.18,28.74,29.94,28.17,26.6,26.64,26.61,26.3,25.52,24.48,26.37,Carmona,14.31,121.05
TS,2015,23.3,24.03,25.72,28.23,30.08,28.98,27.02,27.27,27.3,26.66,26.0,25.26,26.67,Carmona,14.31,121.05
TS,2016,24.98,24.72,26.91,29.19,29.45,27.99,27.53,26.6,26.69,26.4,25.57,25.13,26.77,Carmona,14.31,121.05
TS,2017,24.06,23.88,25.84,28.4,28.66,28.11,26.83,27.21,27.15,26.52,25.94,24.9,26.47,Carmona,14.31,121.05
TS,2018,24.41,25.1,25.85,27.79,28.66,27.03,26.24,26.2,26.6,26.47,25.87,25.23,26.29,Carmona,14.31,121.05
TS,2019,23.73,24.35,27.2,29.16,28.97,28.41,26.86,26.43,26.4,26.68,25.8,25.13,26.6,Carmona,14.31,121.05
TS,2020,24.85,23.87,25.92,27.15,28.43,27.84,27.32,26.89,27.39,26.48,25.72,25.27,26.43,Carmona,14.31,121.05
TS,2021,24.1,24.57,26.21,27.66,29.17,27.65,27.02,27.18,26.87,26.37,26.12,24.43,26.45,Carmona,14.31,121.05
TS,2022,24.36,25.4,26.79,26.89,28.24,27.63,27.55,26.61,26.51,26.54,25.99,24.77,26.45,Carmona,14.31,121.05
TS,2023,23.96,24.64,25.69,28.27,29.03,28.01,27.41,27.13,27.71,26.9,26.17,25.75,26.73,Carmona,14.31,121.05
TS,2024,24.52,25.34,26.82,29.62,29.91,28.54,27.23,27.66,26.97,26.87,26.5,25.52,27.13,Carmona,14.31,121.05
TS,2025,24.82,25.02,26.29,28.67,28.66,27.5,26.86,27.02,26.37,26.62,26.25,25.17,26.61,Carmona,14.31,121.05
WS2M,1990,1.69,1.75,1.65,1.47,1.26,1.29,1.23,1.85,1.24,1.21,1.48,1.84,1.5,Carmona,14.31,121.05
WS2M,1991,1.73,1.68,1.75,1.5,1.41,1.54,1.27,1.56,1.46,1.3,1.6,1.99,1.57,Carmona,14.31,121.05
WS2M,1992,1.54,1.67,1.64,1.31,1.23,1.18,1.17,1.68,1.36,1.35,1.74,1.88,1.48,Carmona,14.31,121.05
WS2M,1993,1.76,1.78,1.81,1.53,1.35,1.01,1.18,1.29,1.09,1.62,1.67,2.18,1.52,Carmona,14.31,121.05
WS2M,1994,1.6,1.64,1.9,1.41,0.97,1.1,1.82,1.23,1.12,1.35,1.87,1.99,1.5,Carmona,14.31,121.05
WS2M,1995,1.92,1.71,1.74,1.79,1.15,1.11,1.07,1.12,1.29,1.31,1.58,2.1,1.49,Carmona,14.31,121.05
WS2M,1996,1.83,2.1,1.89,1.51,1.11,1.12,1.42,1.1,1.2,1.11,1.72,1.96,1.5,Carmona,14.31,121.05
WS2M,1997,1.66,1.93,1.56,1.34,1.49,1.09,1.08,1.68,1.04,1.28,1.51,1.73,1.45,Carmona,14.31,121.05
WS2M,1998,1.74,1.47,1.75,1.62,1.5,1.01,0.87,0.98,1.28,1.53,1.27,1.8,1.4,Carmona,14.31,121.05
WS2M,1999,1.88,1.93,1.55,1.18,0.95,1.13,1.43,1.42,1.24,1.28,1.58,1.86,1.45,Carmona,14.31,121.05
WS2M,2000,1.8,1.77,1.58,1.26,1.21,1.03,1.52,1.25,1.49,1.39,1.6,1.74,1.47,Carmona,14.31,121.05
WS2M,2001,1.64,1.83,1.61,1.3,1.1,1.02,1.49,1.57,1.32,1.27,1.84,2.12,1.51,Carmona,14.31,121.05
WS2M,2002,1.77,1.82,1.76,1.62,1.33,1.01,1.8,1.18,1.09,1.08,1.51,1.52,1.46,Carmona,14.31,121.05
WS2M,2003,1.79,1.84,1.71,1.37,1.52,1.23,1.14,1.32,1.2,1.18,1.51,2.05,1.49,Carmona,14.31,121.05
WS2M,2004,1.66,1.66,1.47,1.28,1.51,1.55,1.0,1.73,1.04,1.21,1.8,1.75,1.47,Carmona,14.31,121.05
WS2M,2005,1.51,1.53,1.75,1.44,0.89,1.05,1.16,1.32,1.18,1.14,1.32,1.91,1.35,Carmona,14.31,121.05
WS2M,2006,1.51,1.82,1.45,1.47,1.36,1.09,1.5,1.4,1.03,1.14,1.23,1.9,1.41,Carmona,14.31,121.05
WS2M,2007,1.82,1.63,1.64,1.47,1.08,0.96,1.01,1.31,1.18,1.42,1.63,1.76,1.41,Carmona,14.31,121.05
WS2M,2008,1.76,1.92,1.48,1.53,1.14,1.08,1.16,1.09,1.28,1.14,1.38,1.8,1.39,Carmona,14.31,121.05
WS2M,2009,1.91,1.59,1.39,1.18,1.15,1.33,1.22,1.46,1.43,1.44,1.4,1.54,1.42,Carmona,14.31,121.05
WS2M,2010,1.75,1.46,1.73,1.5,1.13,0.89,0.86,1.16,0.97,1.24,1.22,1.44,1.28,Carmona,14.31,121.05
WS2M,2011,1.75,1.52,1.93,1.53,1.12,1.19,1.29,1.42,1.39,1.2,1.44,1.58,1.45,Carmona,14.31,121.05
WS2M,2012,1.53,1.56,1.66,1.19,0.86,1.44,1.24,1.68,0.96,1.24,1.34,1.55,1.35,Carmona,14.31,121.05
WS2M,2013,1.73,1.87,1.41,1.14,0.93,1.03,0.96,1.31,1.26,1.17,1.57,1.3,1.3,Carmona,14.31,121.05
WS2M,2014,1.72,1.42,1.66,1.25,1.03,1.12,1.4,1.18,1.21,1.06,1.38,1.93,1.36,Carmona,14.31,121.05
WS2M,2015,1.68,1.58,1.61,1.43,1.03,1.05,1.42,1.22,1.0,1.43,1.53,1.68,1.39,Carmona,14.31,121.05
WS2M,2016,1.54,1.68,1.36,1.38,1.09,1.03,1.02,1.52,1.13,1.22,1.48,1.65,1.34,Carmona,14.31,121.05
WS2M,2017,1.79,1.68,1.56,1.26,1.08,0.88,1.21,1.13,0.99,1.12,1.52,1.74,1.33,Carmona,14.31,121.05
WS2M,2018,1.7,1.48,1.57,1.56,1.2,1.32,1.41,1.62,1.18,1.18,1.57,1.71,1.46,Carmona,14.31,121.05
WS2M,2019,1.75,1.63,1.45,1.36,0.94,1.17,1.16,1.76,1.36,1.16,1.21,1.66,1.38,Carmona,14.31,121.05
WS2M,2020,1.59,1.9,1.36,1.31,0.97,1.0,0.93,1.05,0.93,1.19,1.6,1.43,1.27,Carmona,14.31,121.05
WS2M,2021,1.77,1.5,1.54,1.4,1.35,1.08,1.54,1.17,1.03,1.32,1.35,1.88,1.41,Carmona,14.31,121.05
WS2M,2022,1.56,1.77,1.49,1.45,1.11,0.92,0.91,1.07,1.27,1.31,1.32,1.51,1.3,Carmona,14.31,121.05
WS2M,2023,1.8,1.7,1.62,1.29,1.22,1.04,1.38,1.67,0.98,1.15,1.49,1.57,1.41,Carmona,14.31,121.05
WS2M,2024,1.76,1.8,1.67,1.56,1.35,0.88,1.25,1.04,1.33,1.32,1.29,1.66,1.41,Carmona,14.31,121.05
WS2M,2025,1.64,1.71,1.64,1.3,1.25,1.09,1.74,0.98,1.2,1.06,1.5,1.43,1.38,Carmona,14.31,121.05
ALLSKY_SFC_SW_DWN,1990,14.58,18.88,19.11,23.07,20.22,17.49,18.36,15.04,16.51,14.94,14.41,12.64,17.08,General Mariano Alvarez,14.3,121.0
ALLSKY_SFC_SW_DWN,1991,13.82,16.07,20.54,21.68,22.15,18.67,17.2,13.3,15.82,16.92,14.58,13.47,17.02,General Mariano Alvarez,14.3,121.0
ALLSKY_SFC_SW_DWN,1992,14.3,17.81,21.56,23.34,21.69,19.96,17.46,14.12,15.24,15.6,14.2,13.04,17.35,General Mariano Alvarez,14.3,121.0
ALLSKY_SFC_SW_DWN,1993,14.83,17.54,19.34,22.27,23.46,20.27,19.1,16.97,15.42,13.77,13.04,10.7,17.22,General Mariano Alvarez,14.3,121.0
ALLSKY_SFC_SW_DWN,1994,13.45,16.69,18.16,21.75,20.1,18.99,13.43,18.56,16.84,17.1,15.7,13.36,17.0,General Mariano Alvarez,14.3,121.0
ALLSKY_SFC_SW_DWN,1995,13.94,17.95,20.65,23.33,20.17,20.86,17.48,16.91,14.02,14.96,13.69,10.09,16.99,General Mariano Alvarez,14.3,121.0
ALLSKY_SFC_SW_DWN,1996,13.25,16.35,19.23,18.34,20.55,20.12,16.85,18.76,16.66,16.14,11.81,11.94,16.67,General Mariano Alvarez,14.3,121.0
ALLSKY_SFC_SW_DWN,1997,14.75,15.37,20.59,21.72,20.49,20.91,16.91,16.88,17.69,17.07,16.58,14.4,17.78,General Mariano Alvarez,14.3,121.0
ALLSKY_SFC_SW_DWN,1998,14.65,18.98,20.62,22.6,20.35,19.42,20.58,19.0,16.29,13.26,13.66,10.35,17.46,General Mariano Alvarez,14.3,121.0
ALLSKY_SFC_SW_DWN,1999,11.86,16.17,18.04,19.12,19.61,17.53,17.01,14.94,15.46,14.73,12.67,10.82,15.65,General Mariano Alvarez,14.3,121.0
ALLSKY_SFC_SW_DWN,2000,13.63,15.1,16.63,22.04,17.65,18.38,14.39,17.88,15.8,13.7,12.25,11.06,15.7,General Mariano Alvarez,14.3,121.0
ALLSKY_SFC_SW_DWN,2001,13.95,14.24,17.51,21.33,20.69,18.81,18.35,14.99,18.14,15.41,13.96,12.15,16.63,General Mariano Alvarez,14.3,121.0
ALLSKY_SFC_SW_DWN,2002,14.76,15.83,20.28,22.52,21.39,20.8,15.15,17.3,16.86,15.77,12.86,13.38,17.24,General Mariano Alvarez,14.3,121.0
ALLSKY_SFC_SW_DWN,2003,14.46,17.81,19.48,23.0,18.2,18.2,18.55,16.54,16.3,16.32,14.5,12.17,17.11,General Mariano Alvarez,14.3,121.0
ALLSKY_SFC_SW_DWN,2004,13.88,15.7,19.12,22.13,19.24,15.86,18.68,16.11,19.2,15.97,11.77,12.62,16.69,General Mariano Alvarez,14.3,121.0
ALLSKY_SFC_SW_DWN,2005,14.06,17.54,18.15,22.28,21.84,18.5,17.11,15.35,15.41,14.09,13.9,10.39,16.53,General Mariano Alvarez,14.3,121.0
ALLSKY_SFC_SW_DWN,2006,13.75,15.92,19.45,23.01,19.64,20.0,13.26,15.29,17.78,14.24,15.49,11.43,16.58,General Mariano Alvarez,14.3,121.0
ALLSKY_SFC_SW_DWN,2007,13.42,17.63,20.35,21.7,20.65,18.79,18.94,15.22,16.46,13.8,12.18,11.64,16.72,General Mariano Alvarez,14.3,121.0
ALLSKY_SFC_SW_DWN,2008,12.71,12.34,18.28,20.31,17.7,19.51,16.92,16.56,16.39,15.28,12.43,10.32,15.73,General Mariano Alvarez,14.3,121.0
ALLSKY_SFC_SW_DWN,2009,11.46,14.83,18.86,17.66,17.97,17.95,17.17,16.48,13.77,14.31,14.65,14.59,15.81,General Mariano Alvarez,14.3,121.0
ALLSKY_SFC_SW_DWN,2010,13.29,20.29,19.52,22.73,23.08,19.33,17.74,17.12,17.22,13.77,12.54,11.04,17.27,General Mariano Alvarez,14.3,121.0
ALLSKY_SFC_SW_DWN,2011,12.4,15.99,14.85,20.14,19.6,16.58,15.89,14.99,16.02,14.9,13.09,11.29,15.46,General Mariano Alvarez,14.3,121.0
ALLSKY_SFC_SW_DWN,2012,12.91,15.09,15.6,23.28,20.37,18.3,16.15,14.63,15.77,15.43,15.93,13.22,16.38,General Mariano Alvarez,14.3,121.0
ALLSKY_SFC_SW_DWN,2013,13.13,15.89,19.37,22.98,19.89,18.77,17.0,14.22,14.62,15.06,13.26,12.19,16.36,General Mariano Alvarez,14.3,121.0
ALLSKY_SFC_SW_DWN,2014,13.75,17.27,18.95,21.72,22.89,19.13,15.65,17.44,16.08,14.81,13.9,10.03,16.79,General Mariano Alvarez,14.3,121.0
ALLSKY_SFC_SW_DWN,2015,12.75,17.16,20.2,22.05,22.63,21.12,16.87,17.96,18.84,15.98,15.71,13.2,17.86,General Mariano Alvarez,14.3,121.0
ALLSKY_SFC_SW_DWN,2016,15.08,15.69,19.53,23.41,20.78,18.91,18.5,15.17,17.09,15.02,13.04,11.38,16.96,General Mariano Alvarez,14.3,121.0
ALLSKY_SFC_SW_DWN,2017,11.78,14.9,19.07,21.1,21.03,20.76,15.31,18.47,16.52,13.21,12.94,10.41,16.29,General Mariano Alvarez,14.3,121.0
ALLSKY_SFC_SW_DWN,2018,12.07,16.27,18.83,21.76,21.21,16.42,15.42,15.2,17.25,18.07,15.41,11.07,16.57,General Mariano Alvarez,14.3,121.0
ALLSKY_SFC_SW_DWN,2019,14.2,18.87,21.77,23.45,20.81,20.46,17.88,14.76,15.57,17.05,13.48,13.3,17.62,General Mariano Alvarez,14.3,121.0
ALLSKY_SFC_SW_DWN,2020,14.15,15.71,21.4,21.21,21.22,20.24,19.06,16.74,18.47,12.97,12.7,11.8,17.14,General Mariano Alvarez,14.3,121.0
ALLSKY_SFC_SW_DWN,2021,11.75,15.04,18.56,20.46,21.99,19.46,14.72,17.21,15.71,13.46,14.11,12.11,16.21,General Mariano Alvarez,14.3,121.0
ALLSKY_SFC_SW_DWN,2022,14.51,14.83,19.27,18.15,20.75,19.62,17.12,15.23,16.49,14.79,13.68,10.93,16.29,General Mariano Alvarez,14.3,121.0
ALLSKY_SFC_SW_DWN,2023,11.17,15.64,20.47,19.73,19.87,19.18,16.72,18.37,16.69,14.38,13.23,12.93,16.53,General Mariano Alvarez,14.3,121.0
ALLSKY_SFC_SW_DWN,2024,13.35,17.85,18.98,24.25,20.81,19.49,14.37,19.07,14.54,14.02,15.33,9.66,16.79,General Mariano Alvarez,14.3,121.0
ALLSKY_SFC_SW_DWN,2025,12.31,14.03,17.19,22.86,20.85,17.2,13.96,16.99,13.29,13.82,12.58,11.56,15.56,General Mariano Alvarez,14.3,121.0
EVLAND,1990,3.38,2.67,2.05,1.01,2.28,3.69,4.09,4.89,4.02,3.98,4.73,5.17,3.5,General Mariano Alvarez,14.3,121.0
EVLAND,1991,4.4,4.16,3.81,2.64,2.72,3.52,3.5,3.61,3.77,4.67,4.47,4.8,3.84,General Mariano Alvarez,14.3,121.0
EVLAND,1992,3.62,3.19,2.03,1.76,2.18,2.69,3.29,3.9,3.86,4.26,5.29,4.86,3.41,General Mariano Alvarez,14.3,121.0
EVLAND,1993,3.87,3.25,2.1,1.53,1.55,2.16,3.34,3.47,3.41,4.52,4.07,5.22,3.21,General Mariano Alvarez,14.3,121.0
EVLAND,1994,4.62,4.55,3.72,3.23,2.82,3.4,3.81,3.9,3.63,4.61,4.79,4.02,3.92,General Mariano Alvarez,14.3,121.0
EVLAND,1995,4.11,4.07,2.81,1.7,2.46,3.84,3.64,3.53,3.72,4.39,4.23,4.59,3.59,General Mariano Alvarez,14.3,121.0
EVLAND,1996,4.58,4.64,3.03,4.06,3.3,3.55,3.38,3.88,3.84,3.72,4.37,5.33,3.97,General Mariano Alvarez,14.3,121.0
EVLAND,1997,4.17,4.1,3.27,2.19,2.78,3.51,3.33,3.84,3.8,4.51,4.06,3.65,3.6,General Mariano Alvarez,14.3,121.0
EVLAND,1998,2.5,1.68,1.53,0.9,1.94,2.73,3.6,3.63,3.45,3.78,3.34,4.28,2.79,General Mariano Alvarez,14.3,121.0
EVLAND,1999,4.99,5.42,4.52,4.77,3.92,3.67,3.52,4.15,3.69,3.81,4.54,4.11,4.25,General Mariano Alvarez,14.3,121.0
EVLAND,2000,5.13,4.67,4.31,3.94,3.68,3.56,3.92,3.64,4.19,3.87,4.29,4.11,4.11,General Mariano Alvarez,14.3,121.0
EVLAND,2001,4.77,5.29,4.28,3.99,3.47,3.3,4.29,3.77,3.37,3.88,4.94,5.35,4.22,General Mariano Alvarez,14.3,121.0
EVLAND,2002,4.28,4.03,3.11,2.42,2.59,3.55,4.14,3.91,3.73,3.85,4.1,4.6,3.69,General Mariano Alvarez,14.3,121.0
EVLAND,2003,4.57,3.61,2.15,1.64,2.98,4.22,4.09,3.82,3.88,4.84,4.59,4.76,3.77,General Mariano Alvarez,14.3,121.0
EVLAND,2004,3.83,3.51,2.97,2.2,3.4,3.5,3.62,3.8,4.25,4.91,4.84,4.63,3.79,General Mariano Alvarez,14.3,121.0
EVLAND,2005,3.97,3.15,2.34,2.31,1.84,3.32,3.48,3.77,3.93,4.2,4.34,4.31,3.41,General Mariano Alvarez,14.3,121.0
EVLAND,2006,4.55,5.36,4.38,3.21,2.84,3.68,3.39,3.98,3.91,4.57,3.79,4.56,4.01,General Mariano Alvarez,14.3,121.0
EVLAND,2007,4.85,3.76,2.96,2.3,2.84,3.06,3.64,3.8,3.39,4.38,4.56,4.76,3.7,General Mariano Alvarez,14.3,121.0
EVLAND,2008,4.79,4.89,4.74,3.9,4.31,4.04,3.87,4.03,3.77,3.93,3.85,4.81,4.24,General Mariano Alvarez,14.3,121.0
EVLAND,2009,4.89,4.21,4.2,4.09,4.78,4.19,3.65,4.35,3.82,4.34,4.88,4.11,4.29,General Mariano Alvarez,14.3,121.0
EVLAND,2010,3.65,2.34,2.18,1.54,1.8,2.58,3.72,4.03,3.89,3.64,3.51,4.03,3.08,General Mariano Alvarez,14.3,121.0
EVLAND,2011,4.69,4.73,4.75,3.42,3.68,4.09,4.21,4.15,3.75,4.06,4.05,4.34,4.16,General Mariano Alvarez,14.3,121.0
EVLAND,2012,4.99,4.74,4.95,4.37,4.18,3.73,3.98,4.24,4.16,4.79,4.46,4.22,4.4,General Mariano Alvarez,14.3,121.0
EVLAND,2013,4.41,4.46,4.31,2.77,2.55,3.84,4.12,3.65,3.67,4.64,4.68,4.05,3.93,General Mariano Alvarez,14.3,121.0
EVLAND,2014,4.51,3.3,2.65,1.87,1.88,2.99,3.6,4.09,4.14,4.2,4.51,4.78,3.55,General Mariano Alvarez,14.3,121.0
EVLAND,2015,4.69,3.97,2.95,1.93,1.59,2.75,3.88,3.92,4.36,4.68,4.9,4.51,3.68,General Mariano Alvarez,14.3,121.0
EVLAND,2016,4.62,4.39,3.96,2.62,2.81,3.4,4.19,4.0,3.62,4.04,4.62,4.31,3.88,General Mariano Alvarez,14.3,121.0
EVLAND,2017,5.04,4.99,4.29,3.69,3.59,3.9,4.01,4.31,4.12,4.13,4.4,4.69,4.26,General Mariano Alvarez,14.3,121.0
EVLAND,2018,4.61,4.61,4.44,3.55,3.08,3.72,3.69,4.29,4.24,4.73,4.54,3.99,4.12,General Mariano Alvarez,14.3,121.0
EVLAND,2019,4.98,3.59,1.83,1.79,3.17,3.69,3.53,4.1,4.29,4.83,3.74,4.73,3.69,General Mariano Alvarez,14.3,121.0
EVLAND,2020,4.64,5.3,5.91,5.95,4.79,4.47,3.9,4.23,4.12,3.78,4.53,3.9,4.62,General Mariano Alvarez,14.3,121.0
EVLAND,2021,4.9,5.08,5.01,4.23,2.71,3.2,4.03,4.18,3.9,4.24,4.19,4.7,4.19,General Mariano Alvarez,14.3,121.0
EVLAND,2022,4.02,4.27,3.92,4.48,4.3,3.97,4.1,3.78,3.79,3.93,3.81,4.17,4.04,General Mariano Alvarez,14.3,121.0
EVLAND,2023,4.82,5.03,3.81,3.08,3.65,3.84,4.45,4.46,4.23,4.23,4.59,4.89,4.25,General Mariano Alvarez,14.3,121.0
EVLAND,2024,4.65,3.7,2.63,1.64,2.37,4.42,4.24,4.03,3.8,4.16,4.53,4.58,3.73,General Mariano Alvarez,14.3,121.0
EVLAND,2025,4.79,5.06,4.65,3.83,4.07,4.0,4.65,4.27,4.11,3.84,4.17,4.44,4.32,General Mariano Alvarez,14.3,121.0
GWETROOT,1990,0.74,0.68,0.63,0.59,0.63,0.84,0.95,0.97,0.96,0.97,0.98,0.93,0.82,General Mariano Alvarez,14.3,121.0
GWETROOT,1991,0.85,0.76,0.72,0.65,0.65,0.72,0.87,0.96,0.95,0.89,0.86,0.86,0.81,General Mariano Alvarez,14.3,121.0
GWETROOT,1992,0.79,0.71,0.63,0.61,0.62,0.67,0.8,0.95,0.95,0.94,0.95,0.87,0.79,General Mariano Alvarez,14.3,121.0
GWETROOT,1993,0.76,0.71,0.64,0.6,0.59,0.62,0.76,0.84,0.92,0.97,0.95,0.97,0.78,General Mariano Alvarez,14.3,121.0
GWETROOT,1994,0.93,0.83,0.71,0.68,0.68,0.74,0.88,0.86,0.88,0.9,0.82,0.78,0.81,General Mariano Alvarez,14.3,121.0
GWETROOT,1995,0.79,0.8,0.68,0.61,0.65,0.78,0.86,0.93,0.99,0.98,0.97,0.98,0.84,General Mariano Alvarez,14.3,121.0
GWETROOT,1996,0.91,0.81,0.69,0.75,0.74,0.81,0.88,0.94,0.92,0.91,0.98,0.95,0.86,General Mariano Alvarez,14.3,121.0
GWETROOT,1997,0.82,0.76,0.7,0.63,0.67,0.75,0.88,0.94,0.93,0.87,0.76,0.73,0.79,General Mariano Alvarez,14.3,121.0
GWETROOT,1998,0.66,0.63,0.6,0.57,0.6,0.68,0.78,0.84,0.88,0.98,0.98,0.99,0.77,General Mariano Alvarez,14.3,121.0
GWETROOT,1999,0.98,0.86,0.82,0.89,0.87,0.88,0.94,0.97,0.98,0.98,0.97,0.99,0.93,General Mariano Alvarez,14.3,121.0
GWETROOT,2000,0.93,0.9,0.85,0.79,0.76,0.82,0.97,0.95,0.97,0.98,0.99,0.98,0.91,General Mariano Alvarez,14.3,121.0
GWETROOT,2001,0.91,0.87,0.82,0.75,0.74,0.79,0.93,0.95,0.9,0.9,0.93,0.92,0.87,General Mariano Alvarez,14.3,121.0
GWETROOT,2002,0.83,0.75,0.68,0.64,0.65,0.71,0.92,0.96,0.96,0.98,0.98,0.94,0.83,General Mariano Alvarez,14.3,121.0
GWETROOT,2003,0.85,0.73,0.64,0.6,0.67,0.82,0.88,0.94,0.96,0.94,0.91,0.86,0.82,General Mariano Alvarez,14.3,121.0
GWETROOT,2004,0.79,0.73,0.68,0.63,0.7,0.85,0.87,0.96,0.93,0.93,0.92,0.91,0.83,General Mariano Alvarez,14.3,121.0
GWETROOT,2005,0.82,0.7,0.64,0.64,0.61,0.76,0.88,0.93,0.97,0.98,0.97,0.98,0.82,General Mariano Alvarez,14.3,121.0
GWETROOT,2006,0.94,0.89,0.79,0.7,0.7,0.77,0.89,0.97,0.94,0.96,0.96,0.94,0.87,General Mariano Alvarez,14.3,121.0
GWETROOT,2007,0.88,0.76,0.68,0.64,0.68,0.73,0.86,0.91,0.94,0.97,0.98,0.96,0.83,General Mariano Alvarez,14.3,121.0
GWETROOT,2008,0.94,0.89,0.86,0.76,0.86,0.88,0.94,0.96,0.95,0.98,0.99,0.97,0.92,General Mariano Alvarez,14.3,121.0
GWETROOT,2009,0.93,0.86,0.78,0.82,0.95,0.98,0.97,0.95,0.97,0.97,0.93,0.83,0.91,General Mariano Alvarez,14.3,121.0
GWETROOT,2010,0.76,0.67,0.63,0.61,0.61,0.66,0.86,0.97,0.97,0.98,0.99,0.98,0.81,General Mariano Alvarez,14.3,121.0
GWETROOT,2011,0.95,0.88,0.84,0.71,0.75,0.91,0.96,0.98,0.97,0.98,0.99,0.99,0.91,General Mariano Alvarez,14.3,121.0
GWETROOT,2012,0.95,0.92,0.85,0.83,0.8,0.86,0.96,0.98,0.99,0.97,0.92,0.85,0.91,General Mariano Alvarez,14.3,121.0
GWETROOT,2013,0.86,0.79,0.77,0.67,0.66,0.81,0.96,0.99,0.99,0.98,0.97,0.97,0.87,General Mariano Alvarez,14.3,121.0
GWETROOT,2014,0.86,0.72,0.66,0.62,0.61,0.7,0.84,0.9,0.98,0.99,0.95,0.96,0.82,General Mariano Alvarez,14.3,121.0
GWETROOT,2015,0.89,0.76,0.67,0.63,0.59,0.65,0.79,0.85,0.92,0.95,0.87,0.9,0.79,General Mariano Alvarez,14.3,121.0
GWETROOT,2016,0.88,0.8,0.75,0.66,0.65,0.74,0.87,0.95,0.95,0.99,0.97,0.97,0.85,General Mariano Alvarez,14.3,121.0
GWETROOT,2017,0.94,0.89,0.78,0.69,0.71,0.79,0.92,0.97,0.97,0.99,0.98,0.98,0.88,General Mariano Alvarez,14.3,121.0
GWETROOT,2018,0.93,0.85,0.78,0.69,0.67,0.86,0.97,0.98,0.97,0.91,0.82,0.84,0.86,General Mariano Alvarez,14.3,121.0
GWETROOT,2019,0.89,0.74,0.63,0.61,0.68,0.76,0.86,0.95,0.97,0.91,0.93,0.91,0.82,General Mariano Alvarez,14.3,121.0
GWETROOT,2020,0.84,0.86,0.91,0.87,0.89,0.93,0.95,0.98,0.94,1.0,1.0,1.0,0.93,General Mariano Alvarez,14.3,121.0
GWETROOT,2021,0.97,0.9,0.85,0.73,0.66,0.74,0.89,0.94,0.98,0.98,0.94,0.9,0.87,General Mariano Alvarez,14.3,121.0
GWETROOT,2022,0.83,0.8,0.76,0.8,0.79,0.85,0.95,0.99,0.98,0.99,0.99,0.96,0.89,General Mariano Alvarez,14.3,121.0
GWETROOT,2023,0.97,0.87,0.74,0.67,0.68,0.79,0.93,0.94,0.94,0.96,0.95,0.93,0.86,General Mariano Alvarez,14.3,121.0
GWETROOT,2024,0.87,0.74,0.65,0.61,0.64,0.84,0.96,0.97,0.98,0.98,0.95,0.95,0.85,General Mariano Alvarez,14.3,121.0
GWETROOT,2025,0.94,0.9,0.82,0.73,0.73,0.85,0.96,0.96,0.99,0.99,0.99,0.98,0.9,General Mariano Alvarez,14.3,121.0
PRECTOTCORR,1990,2.92,1.03,1.48,0.32,5.86,11.11,9.8,11.69,8.7,12.84,11.3,8.5,7.17,General Mariano Alvarez,14.3,121.0
PRECTOTCORR,1991,2.28,4.86,2.1,2.2,3.44,7.57,8.37,10.4,5.93,4.29,7.77,5.58,5.4,General Mariano Alvarez,14.3,121.0
PRECTOTCORR,1992,2.27,1.79,1.16,1.42,3.25,3.71,10.49,8.72,6.34,7.67,11.36,3.99,5.19,General Mariano Alvarez,14.3,121.0
PRECTOTCORR,1993,3.25,1.8,0.96,1.59,1.29,4.53,5.76,7.88,6.32,8.7,8.86,19.07,5.87,General Mariano Alvarez,14.3,121.0
PRECTOTCORR,1994,6.26,2.13,2.07,3.51,3.28,8.15,6.65,4.05,6.88,6.57,3.65,7.18,5.05,General Mariano Alvarez,14.3,121.0
PRECTOTCORR,1995,3.69,5.19,1.06,1.0,4.99,7.27,7.3,8.43,13.83,10.66,9.65,18.64,7.66,General Mariano Alvarez,14.3,121.0
PRECTOTCORR,1996,4.04,1.93,1.64,7.52,4.07,6.71,8.71,3.99,6.88,7.83,15.71,6.05,6.25,General Mariano Alvarez,14.3,121.0
PRECTOTCORR,1997,2.37,4.67,1.67,1.5,7.0,3.7,10.26,6.22,6.34,2.27,3.35,3.88,4.44,General Mariano Alvarez,14.3,121.0
PRECTOTCORR,1998,1.7,0.55,1.25,0.56,3.7,5.12,5.29,5.91,8.45,14.8,7.89,23.72,6.64,General Mariano Alvarez,14.3,121.0
PRECTOTCORR,1999,8.76,3.67,8.43,8.52,4.74,6.78,7.47,12.39,7.29,12.65,13.09,16.58,9.25,General Mariano Alvarez,14.3,121.0
PRECTOTCORR,2000,5.48,6.67,5.5,2.73,5.94,6.43,11.16,5.88,10.48,11.62,10.39,14.41,8.07,General Mariano Alvarez,14.3,121.0
PRECTOTCORR,2001,2.57,9.14,4.02,2.4,4.57,8.13,7.1,7.42,1.73,9.62,9.62,12.65,6.57,General Mariano Alvarez,14.3,121.0
PRECTOTCORR,2002,2.27,3.31,2.36,1.95,3.61,5.78,16.11,8.54,8.75,9.67,13.83,7.08,6.96,General Mariano Alvarez,14.3,121.0
PRECTOTCORR,2003,2.81,1.7,0.96,1.69,8.47,5.5,7.84,7.87,8.73,5.6,7.31,5.46,5.35,General Mariano Alvarez,14.3,121.0
PRECTOTCORR,2004,2.81,3.59,1.52,1.74,6.85,6.77,8.46,8.33,3.85,9.08,14.48,6.33,6.16,General Mariano Alvarez,14.3,121.0
PRECTOTCORR,2005,3.28,1.31,2.09,2.07,2.6,7.35,7.72,7.0,12.77,12.52,8.34,20.22,7.32,General Mariano Alvarez,14.3,121.0
PRECTOTCORR,2006,7.14,3.72,4.91,0.58,5.06,7.55,9.99,6.63,11.98,8.32,5.17,12.67,7.01,General Mariano Alvarez,14.3,121.0
PRECTOTCORR,2007,4.21,1.61,1.9,2.36,4.91,5.84,5.58,10.26,9.23,9.16,16.12,10.08,6.8,General Mariano Alvarez,14.3,121.0
PRECTOTCORR,2008,9.09,9.93,3.31,4.4,9.75,8.87,6.55,8.17,8.79,12.91,13.48,12.08,8.94,General Mariano Alvarez,14.3,121.0
PRECTOTCORR,2009,7.47,4.32,3.96,13.3,11.87,9.61,8.71,6.42,17.27,10.79,6.6,2.48,8.57,General Mariano Alvarez,14.3,121.0
PRECTOTCORR,2010,3.38,0.43,1.97,1.6,1.57,5.06,14.62,8.11,7.41,9.44,14.34,10.8,6.61,General Mariano Alvarez,14.3,121.0
PRECTOTCORR,2011,6.75,3.99,6.37,1.91,7.23,15.79,10.39,9.72,9.5,11.77,15.18,17.23,9.69,General Mariano Alvarez,14.3,121.0
PRECTOTCORR,2012,6.57,9.95,8.18,1.76,6.87,4.99,17.05,14.98,13.24,11.79,4.25,6.49,8.87,General Mariano Alvarez,14.3,121.0
PRECTOTCORR,2013,5.57,7.15,3.04,0.94,4.19,11.59,13.04,17.24,15.65,8.46,13.9,10.48,9.27,General Mariano Alvarez,14.3,121.0
PRECTOTCORR,2014,1.53,1.32,2.47,0.87,2.78,5.39,9.85,9.36,12.54,13.38,7.9,14.72,6.89,General Mariano Alvarez,14.3,121.0
PRECTOTCORR,2015,3.6,2.18,1.89,1.14,1.24,4.74,8.24,7.53,7.98,8.96,5.21,20.99,6.19,General Mariano Alvarez,14.3,121.0
PRECTOTCORR,2016,2.91,5.05,3.34,1.22,4.28,6.78,7.88,11.43,7.72,12.5,12.18,14.82,7.53,General Mariano Alvarez,14.3,121.0
PRECTOTCORR,2017,8.37,6.02,2.12,3.49,5.53,6.4,11.54,9.91,15.21,11.59,15.61,15.66,9.3,General Mariano Alvarez,14.3,121.0
PRECTOTCORR,2018,7.21,3.38,3.16,2.48,4.09,12.88,14.7,8.98,10.27,5.03,4.07,15.33,7.67,General Mariano Alvarez,14.3,121.0
PRECTOTCORR,2019,3.4,1.02,0.57,1.7,6.73,6.26,7.89,10.4,9.23,5.43,6.62,10.35,5.84,General Mariano Alvarez,14.3,121.0
PRECTOTCORR,2020,4.39,25.43,18.56,20.18,7.92,19.95,8.15,7.98,9.02,33.88,35.85,27.74,18.18,General Mariano Alvarez,14.3,121.0
PRECTOTCORR,2021,9.01,5.71,5.25,1.95,2.37,5.79,15.34,6.25,13.65,9.46,7.52,5.87,7.36,General Mariano Alvarez,14.3,121.0
PRECTOTCORR,2022,3.5,5.03,3.24,7.67,5.93,8.16,9.52,11.01,12.3,18.09,7.97,10.21,8.58,General Mariano Alvarez,14.3,121.0
PRECTOTCORR,2023,13.04,4.2,0.75,3.16,4.85,9.07,13.84,6.07,7.9,8.25,10.79,10.93,7.77,General Mariano Alvarez,14.3,121.0
PRECTOTCORR,2024,3.0,1.32,2.26,0.4,8.65,7.95,17.04,7.06,12.85,16.27,5.52,18.5,8.46,General Mariano Alvarez,14.3,121.0
PRECTOTCORR,2025,6.78,7.86,4.19,1.95,6.62,10.22,17.01,9.83,15.02,13.9,18.19,10.79,10.2,General Mariano Alvarez,14.3,121.0
RH2M,1990,83.56,79.16,73.21,67.12,76.19,87.2,88.02,88.87,87.91,89.33,88.71,88.47,83.18,General Mariano Alvarez,14.3,121.0
RH2M,1991,85.65,83.4,79.0,74.41,75.52,82.6,86.91,91.29,89.51,84.07,86.89,86.54,83.82,General Mariano Alvarez,14.3,121.0
RH2M,1992,83.79,78.43,73.79,68.14,73.32,78.0,85.45,89.75,89.07,88.51,87.17,86.72,81.88,General Mariano Alvarez,14.3,121.0
RH2M,1993,82.82,79.86,72.93,70.9,70.05,75.86,85.36,87.51,88.84,89.4,90.81,90.02,82.05,General Mariano Alvarez,14.3,121.0
RH2M,1994,88.34,83.68,80.04,76.81,77.99,83.54,90.29,85.98,87.43,85.75,85.24,84.33,84.13,General Mariano Alvarez,14.3,121.0
RH2M,1995,84.14,82.94,76.9,71.76,78.45,82.93,86.28,89.37,90.17,89.14,90.75,91.13,84.52,General Mariano Alvarez,14.3,121.0
RH2M,1996,88.41,82.95,79.34,83.62,82.21,85.17,87.68,86.73,87.72,87.96,90.89,86.6,85.78,General Mariano Alvarez,14.3,121.0
RH2M,1997,84.77,83.46,76.59,71.86,77.48,81.77,89.44,89.75,87.98,84.9,82.92,82.47,82.8,General Mariano Alvarez,14.3,121.0
RH2M,1998,77.74,74.41,69.94,66.47,76.04,78.57,81.72,85.6,88.49,90.96,91.48,91.14,81.1,General Mariano Alvarez,14.3,121.0
RH2M,1999,89.55,84.51,85.62,86.0,83.84,87.29,89.32,89.28,89.49,90.01,89.65,91.98,88.07,General Mariano Alvarez,14.3,121.0
RH2M,2000,87.17,88.36,87.15,82.13,83.92,86.48,89.46,88.37,89.5,90.72,90.87,91.53,87.98,General Mariano Alvarez,14.3,121.0
RH2M,2001,87.2,86.38,84.91,79.62,80.74,84.55,88.53,90.16,88.41,89.04,87.77,88.41,86.32,General Mariano Alvarez,14.3,121.0
RH2M,2002,84.86,81.99,78.28,73.42,77.19,78.84,89.86,87.8,88.54,88.74,90.52,88.97,84.12,General Mariano Alvarez,14.3,121.0
RH2M,2003,84.8,80.87,75.19,69.16,78.5,84.44,85.74,89.17,89.3,85.46,87.92,85.6,83.03,General Mariano Alvarez,14.3,121.0
RH2M,2004,84.97,82.18,75.83,72.31,82.95,89.66,85.9,91.35,84.54,84.17,89.1,87.6,84.23,General Mariano Alvarez,14.3,121.0
RH2M,2005,84.66,79.28,76.01,72.26,71.76,85.54,88.14,87.31,89.26,88.83,89.27,91.74,83.7,General Mariano Alvarez,14.3,121.0
RH2M,2006,88.94,86.2,83.04,75.27,80.22,83.07,89.43,89.54,86.64,86.31,89.13,89.95,85.66,General Mariano Alvarez,14.3,121.0
RH2M,2007,86.52,82.15,77.75,72.91,78.09,82.8,84.67,87.33,89.4,89.46,89.62,89.94,84.24,General Mariano Alvarez,14.3,121.0
RH2M,2008,89.33,87.65,83.55,83.03,85.05,84.61,87.55,86.04,88.71,89.37,91.53,89.31,87.14,General Mariano Alvarez,14.3,121.0
RH2M,2009,88.03,86.92,82.16,84.52,87.35,88.49,88.66,87.31,89.56,87.59,88.23,84.56,86.94,General Mariano Alvarez,14.3,121.0
RH2M,2010,83.59,77.6,75.55,72.22,68.92,78.3,83.94,87.58,86.47,89.63,91.09,90.82,82.18,General Mariano Alvarez,14.3,121.0
RH2M,2011,88.74,84.9,85.05,76.66,81.54,87.06,87.53,89.24,89.88,88.67,90.21,90.96,86.73,General Mariano Alvarez,14.3,121.0
RH2M,2012,88.57,88.26,86.23,82.11,80.41,87.64,88.04,90.4,87.7,85.96,87.85,87.26,86.7,General Mariano Alvarez,14.3,121.0
RH2M,2013,85.37,84.01,82.26,72.74,77.23,83.18,86.42,89.62,89.73,86.51,90.28,90.33,84.82,General Mariano Alvarez,14.3,121.0
RH2M,2014,83.64,80.17,77.53,71.0,71.16,81.2,88.46,85.82,86.97,87.82,89.15,89.92,82.76,General Mariano Alvarez,14.3,121.0
RH2M,2015,85.59,81.79,77.2,73.06,67.78,76.59,84.37,84.79,85.61,86.07,87.48,88.36,81.57,General Mariano Alvarez,14.3,121.0
RH2M,2016,86.16,84.47,79.77,72.99,75.35,82.35,82.79,89.97,88.34,89.0,89.75,91.16,84.35,General Mariano Alvarez,14.3,121.0
RH2M,2017,88.48,86.44,81.57,75.21,79.7,81.39,87.24,85.69,86.18,87.75,91.1,90.17,85.08,General Mariano Alvarez,14.3,121.0
RH2M,2018,89.05,85.13,80.83,78.33,78.95,87.0,90.73,89.5,87.15,84.9,85.93,87.91,85.46,General Mariano Alvarez,14.3,121.0
RH2M,2019,85.84,80.24,72.17,70.43,76.73,83.82,86.55,90.26,87.91,85.4,88.62,88.34,83.05,General Mariano Alvarez,14.3,121.0
RH2M,2020,83.86,84.98,84.8,84.18,82.99,84.01,84.77,86.05,85.03,90.1,90.68,91.48,86.08,General Mariano Alvarez,14.3,121.0
RH2M,2021,88.84,86.48,84.99,76.85,77.44,83.09,88.97,85.4,87.97,89.23,90.0,87.28,85.55,General Mariano Alvarez,14.3,121.0
RH2M,2022,85.02,85.35,83.08,84.3,80.5,83.05,85.84,87.48,89.38,89.77,91.03,89.68,86.21,General Mariano Alvarez,14.3,121.0
RH2M,2023,90.04,85.72,79.74,75.72,78.41,84.51,86.6,88.84,85.28,88.52,89.7,89.69,85.24,General Mariano Alvarez,14.3,121.0
RH2M,2024,85.65,81.01,78.2,70.49,75.29,82.27,87.61,85.62,89.28,88.54,87.13,90.96,83.53,General Mariano Alvarez,14.3,121.0
RH2M,2025,88.86,87.39,84.31,76.36,80.08,85.39,89.37,84.87,89.34,89.42,90.86,90.02,86.36,General Mariano Alvarez,14.3,121.0
T2M_MAX,1990,30.65,32.41,34.55,38.66,37.36,31.49,31.15,31.41,31.73,31.15,31.01,28.56,38.66,General Mariano Alvarez,14.3,121.0
T2M_MAX,1991,28.95,31.06,31.35,35.86,36.36,34.28,32.19,30.22,32.11,31.24,30.31,29.61,36.36,General Mariano Alvarez,14.3,121.0
T2M_MAX,1992,31.23,33.0,33.62,37.13,35.46,34.78,32.26,30.68,32.1,31.24,30.0,28.32,37.13,General Mariano Alvarez,14.3,121.0
T2M_MAX,1993,30.56,32.2,35.45,35.54,37.11,35.83,32.96,33.27,32.3,30.46,29.13,28.52,37.11,General Mariano Alvarez,14.3,121.0
T2M_MAX,1994,29.86,31.96,31.87,34.53,35.49,32.81,30.61,32.69,31.46,30.57,29.65,30.13,35.49,General Mariano Alvarez,14.3,121.0
T2M_MAX,1995,29.39,31.49,33.34,34.6,36.48,34.18,33.92,31.19,30.89,30.83,29.72,26.95,36.48,General Mariano Alvarez,14.3,121.0
T2M_MAX,1996,28.49,31.5,33.27,32.5,34.0,32.34,31.42,31.91,32.75,30.95,29.84,27.8,34.0,General Mariano Alvarez,14.3,121.0
T2M_MAX,1997,29.31,30.58,34.69,34.69,36.51,33.37,32.25,30.1,31.0,31.89,31.58,30.83,36.51,General Mariano Alvarez,14.3,121.0
T2M_MAX,1998,33.72,34.94,36.34,37.36,36.16,35.06,35.4,31.88,32.17,30.3,30.23,29.85,37.36,General Mariano Alvarez,14.3,121.0
T2M_MAX,1999,29.17,29.71,31.17,32.39,32.62,31.83,30.88,30.72,29.98,30.35,29.69,27.98,32.62,General Mariano Alvarez,14.3,121.0
T2M_MAX,2000,28.91,30.73,30.51,33.79,34.28,32.52,29.9,31.35,31.03,30.8,29.23,28.84,34.28,General Mariano Alvarez,14.3,121.0
T2M_MAX,2001,30.46,31.74,31.19,34.32,35.42,34.19,30.29,30.16,30.31,31.13,30.02,28.78,35.42,General Mariano Alvarez,14.3,121.0
T2M_MAX,2002,30.11,30.98,32.84,35.12,35.46,34.3,33.95,32.57,31.54,31.28,30.56,29.86,35.46,General Mariano Alvarez,14.3,121.0
T2M_MAX,2003,29.27,29.69,34.34,37.99,36.48,32.89,32.95,32.29,34.26,31.18,30.46,28.52,37.99,General Mariano Alvarez,14.3,121.0
T2M_MAX,2004,30.3,31.04,35.57,36.88,34.37,30.64,32.29,29.51,32.78,33.88,30.62,28.84,36.88,General Mariano Alvarez,14.3,121.0
T2M_MAX,2005,29.72,33.31,34.83,36.01,37.38,33.05,31.68,31.93,31.62,31.52,30.28,29.28,37.38,General Mariano Alvarez,14.3,121.0
T2M_MAX,2006,29.72,29.9,33.41,35.18,35.53,33.61,31.05,33.65,31.9,31.13,30.88,29.92,35.53,General Mariano Alvarez,14.3,121.0
T2M_MAX,2007,30.07,31.42,33.73,37.68,36.24,35.17,32.79,32.98,31.83,29.9,30.02,29.76,37.68,General Mariano Alvarez,14.3,121.0
T2M_MAX,2008,28.86,30.11,34.22,33.26,32.59,32.09,31.51,32.95,32.21,30.59,30.06,29.05,34.22,General Mariano Alvarez,14.3,121.0
T2M_MAX,2009,29.62,30.5,33.3,33.6,31.6,32.18,31.48,32.87,32.52,31.29,30.6,29.31,33.6,General Mariano Alvarez,14.3,121.0
T2M_MAX,2010,30.31,33.5,35.29,36.11,37.33,35.58,34.4,32.5,32.69,31.13,30.0,30.26,37.33,General Mariano Alvarez,14.3,121.0
T2M_MAX,2011,28.66,31.03,30.28,35.24,33.65,32.15,32.07,31.32,30.58,31.95,30.61,30.38,35.24,General Mariano Alvarez,14.3,121.0
T2M_MAX,2012,29.68,30.19,31.67,33.08,34.47,31.2,32.47,30.58,33.34,31.51,30.43,31.62,34.47,General Mariano Alvarez,14.3,121.0
T2M_MAX,2013,29.51,30.67,32.51,37.09,37.41,33.63,32.05,31.28,32.44,30.27,30.05,29.78,37.41,General Mariano Alvarez,14.3,121.0
T2M_MAX,2014,29.14,31.46,33.4,36.13,37.3,36.84,32.08,32.5,33.05,31.96,30.82,29.31,37.3,General Mariano Alvarez,14.3,121.0
T2M_MAX,2015,30.56,30.56,33.38,37.37,37.47,37.24,33.57,33.93,32.67,32.68,30.15,30.98,37.47,General Mariano Alvarez,14.3,121.0
T2M_MAX,2016,31.07,31.39,34.07,36.47,36.08,33.56,33.36,33.9,32.02,31.59,30.1,29.37,36.47,General Mariano Alvarez,14.3,121.0
T2M_MAX,2017,28.36,30.08,33.5,37.3,34.84,33.56,34.13,33.84,34.09,31.76,29.85,29.68,37.3,General Mariano Alvarez,14.3,121.0
T2M_MAX,2018,29.51,30.88,32.51,34.25,36.06,34.6,30.61,32.4,32.23,31.93,30.91,30.06,36.06,General Mariano Alvarez,14.3,121.0
T2M_MAX,2019,28.07,30.72,34.73,37.1,37.57,36.08,32.74,29.95,32.58,33.6,31.31,30.45,37.57,General Mariano Alvarez,14.3,121.0
T2M_MAX,2020,31.67,29.75,32.72,34.23,33.8,34.33,31.97,31.59,33.08,31.66,30.9,29.76,34.33,General Mariano Alvarez,14.3,121.0
T2M_MAX,2021,29.14,30.88,32.33,35.71,36.41,34.49,32.2,31.75,31.75,31.46,30.81,29.65,36.41,General Mariano Alvarez,14.3,121.0
T2M_MAX,2022,31.26,30.64,32.71,32.19,34.8,33.23,32.97,31.72,32.46,31.85,29.98,30.33,34.8,General Mariano Alvarez,14.3,121.0
T2M_MAX,2023,28.14,31.37,32.62,35.61,37.93,34.1,32.79,31.38,32.86,32.29,30.71,30.48,37.93,General Mariano Alvarez,14.3,121.0
T2M_MAX,2024,31.09,31.05,35.32,38.09,36.28,36.33,31.93,33.11,33.61,33.21,31.63,30.14,38.09,General Mariano Alvarez,14.3,121.0
T2M_MAX,2025,30.5,31.18,31.93,36.24,35.24,32.98,31.07,32.45,31.45,30.7,31.83,30.44,36.24,General Mariano Alvarez,14.3,121.0
T2M_MIN,1990,18.85,19.91,19.95,21.55,22.72,23.46,22.85,23.36,23.26,22.61,21.01,19.75,18.85,General Mariano Alvarez,14.3,121.0
T2M_MIN,1991,19.43,20.04,19.12,20.84,22.56,23.33,23.39,23.38,22.97,21.13,19.75,19.27,19.12,General Mariano Alvarez,14.3,121.0
T2M_MIN,1992,18.93,18.74,19.59,21.36,21.92,23.8,23.21,23.34,22.79,21.83,18.87,19.02,18.74,General Mariano Alvarez,14.3,121.0
T2M_MIN,1993,18.34,19.08,19.3,19.45,22.79,23.84,23.52,23.09,22.42,22.05,21.85,20.17,18.34,General Mariano Alvarez,14.3,121.0
T2M_MIN,1994,19.31,19.36,20.43,20.7,24.23,23.4,23.18,22.78,22.79,21.26,20.73,19.77,19.31,General Mariano Alvarez,14.3,121.0
T2M_MIN,1995,18.78,19.05,19.56,21.23,22.89,23.93,23.22,23.39,23.28,22.92,22.38,18.59,18.59,General Mariano Alvarez,14.3,121.0
T2M_MIN,1996,18.36,18.76,21.09,22.22,23.29,23.1,23.46,23.26,23.3,22.88,21.87,17.83,17.83,General Mariano Alvarez,14.3,121.0
T2M_MIN,1997,18.24,18.3,18.74,21.24,21.61,23.64,23.0,23.38,23.15,21.46,20.41,19.29,18.24,General Mariano Alvarez,14.3,121.0
T2M_MIN,1998,18.66,19.25,19.39,21.83,24.12,23.48,23.87,23.74,23.59,23.75,23.17,22.51,18.66,General Mariano Alvarez,14.3,121.0
T2M_MIN,1999,20.65,18.28,20.95,22.31,23.21,23.17,23.2,22.42,23.18,22.73,19.86,19.0,18.28,General Mariano Alvarez,14.3,121.0
T2M_MIN,2000,18.76,20.41,21.52,22.04,22.96,23.33,22.77,23.07,22.99,22.69,22.18,21.63,18.76,General Mariano Alvarez,14.3,121.0
T2M_MIN,2001,18.95,19.81,21.31,23.06,23.61,23.79,22.93,23.55,22.24,22.74,18.14,18.37,18.14,General Mariano Alvarez,14.3,121.0
T2M_MIN,2002,17.99,17.91,18.55,20.49,22.59,24.32,23.11,23.28,22.77,23.09,21.1,21.0,17.91,General Mariano Alvarez,14.3,121.0
T2M_MIN,2003,18.33,19.03,19.46,21.44,23.23,23.18,23.26,23.36,22.94,21.04,20.03,18.96,18.33,General Mariano Alvarez,14.3,121.0
T2M_MIN,2004,19.55,18.2,21.03,22.09,23.28,22.94,23.17,23.37,22.96,20.69,21.44,19.91,18.2,General Mariano Alvarez,14.3,121.0
T2M_MIN,2005,18.76,19.64,19.79,20.88,23.24,23.59,23.44,23.31,23.11,23.36,21.24,19.75,18.76,General Mariano Alvarez,14.3,121.0
T2M_MIN,2006,19.72,20.08,21.15,21.25,22.59,23.82,22.92,23.08,23.22,21.31,21.84,21.71,19.72,General Mariano Alvarez,14.3,121.0
T2M_MIN,2007,18.5,18.35,20.48,22.13,22.63,24.08,23.66,22.84,23.09,22.56,19.86,19.83,18.35,General Mariano Alvarez,14.3,121.0
T2M_MIN,2008,19.44,19.46,19.73,22.29,23.03,22.56,23.25,22.59,22.98,23.39,22.07,19.41,19.41,General Mariano Alvarez,14.3,121.0
T2M_MIN,2009,17.74,19.61,21.04,22.48,22.74,23.51,23.11,23.73,23.2,19.58,21.5,19.33,17.74,General Mariano Alvarez,14.3,121.0
T2M_MIN,2010,18.79,19.3,19.49,21.41,24.05,24.51,22.89,23.16,22.84,22.25,22.03,21.36,18.79,General Mariano Alvarez,14.3,121.0
T2M_MIN,2011,19.28,19.04,20.7,20.18,22.64,23.56,23.36,23.38,23.02,22.54,22.37,21.33,19.04,General Mariano Alvarez,14.3,121.0
T2M_MIN,2012,20.92,20.21,20.11,20.91,23.38,23.2,23.53,23.04,22.93,21.94,20.8,21.45,20.11,General Mariano Alvarez,14.3,121.0
T2M_MIN,2013,18.77,20.83,20.08,22.1,24.2,23.68,22.83,23.37,23.73,21.16,22.05,20.94,18.77,General Mariano Alvarez,14.3,121.0
T2M_MIN,2014,16.0,19.32,19.01,21.93,24.16,24.21,23.55,23.07,23.15,22.15,19.95,20.66,16.0,General Mariano Alvarez,14.3,121.0
T2M_MIN,2015,19.33,18.68,18.52,21.21,22.31,24.32,22.82,22.45,23.58,22.41,22.22,20.64,18.52,General Mariano Alvarez,14.3,121.0
T2M_MIN,2016,19.78,19.94,21.52,22.06,24.33,23.94,23.58,23.53,23.19,22.1,21.17,20.78,19.78,General Mariano Alvarez,14.3,121.0
T2M_MIN,2017,19.77,17.94,20.18,21.03,24.14,23.69,23.64,23.39,23.16,22.83,22.29,20.92,17.94,General Mariano Alvarez,14.3,121.0
T2M_MIN,2018,20.15,19.76,20.22,21.55,23.71,23.39,23.01,23.54,23.21,19.44,21.87,21.35,19.44,General Mariano Alvarez,14.3,121.0
T2M_MIN,2019,17.69,18.91,19.13,21.25,23.59,24.29,23.63,22.99,22.82,22.54,21.07,20.78,17.69,General Mariano Alvarez,14.3,121.0
T2M_MIN,2020,19.66,18.46,20.62,21.79,23.21,23.6,24.03,23.56,22.99,22.34,22.01,21.56,18.46,General Mariano Alvarez,14.3,121.0
T2M_MIN,2021,19.37,18.71,21.35,21.44,22.86,24.08,23.7,24.01,23.16,22.33,21.78,20.27,18.71,General Mariano Alvarez,14.3,121.0
T2M_MIN,2022,19.1,21.7,20.7,22.06,23.57,23.8,24.18,23.49,23.33,23.32,22.0,19.65,19.1,General Mariano Alvarez,14.3,121.0
T2M_MIN,2023,19.93,20.14,19.11,21.49,23.94,24.6,24.37,24.3,24.0,23.63,22.58,22.15,19.11,General Mariano Alvarez,14.3,121.0
T2M_MIN,2024,19.32,20.29,20.72,22.77,24.76,24.04,23.95,24.21,23.71,23.35,22.77,22.64,19.32,General Mariano Alvarez,14.3,121.0
T2M_MIN,2025,20.29,20.16,20.7,22.79,24.08,24.1,23.72,23.07,22.84,23.85,22.41,21.27,20.16,General Mariano Alvarez,14.3,121.0
TS,1990,24.31,25.21,26.37,29.47,28.65,26.75,26.26,26.3,26.19,25.77,25.38,24.09,26.23,General Mariano Alvarez,14.3,121.0
TS,1991,23.74,24.75,25.33,28.0,28.5,27.36,26.38,25.97,25.99,26.01,24.66,23.87,25.88,General Mariano Alvarez,14.3,121.0
TS,1992,24.08,24.92,26.81,29.07,28.6,28.29,26.61,26.17,25.83,25.84,24.27,23.95,26.2,General Mariano Alvarez,14.3,121.0
TS,1993,23.64,24.67,26.15,28.15,28.95,28.79,27.0,26.17,25.86,25.46,25.27,24.2,26.2,General Mariano Alvarez,14.3,121.0
TS,1994,23.89,24.61,25.89,27.86,28.58,27.39,25.78,26.34,26.18,25.73,24.8,24.2,25.94,General Mariano Alvarez,14.3,121.0
TS,1995,23.86,24.3,25.68,27.95,27.8,27.82,26.6,26.56,26.38,26.22,25.62,23.43,26.02,General Mariano Alvarez,14.3,121.0
TS,1996,23.34,23.75,26.08,26.7,27.7,27.12,26.68,26.51,26.59,26.38,25.45,23.3,25.8,General Mariano Alvarez,14.3,121.0
TS,1997,22.92,24.37,25.44,28.18,27.82,27.43,26.29,25.86,26.13,26.5,25.96,24.81,25.98,General Mariano Alvarez,14.3,121.0
TS,1998,25.0,26.6,27.02,28.99,28.96,28.59,27.73,27.13,26.62,26.29,25.83,25.27,27.0,General Mariano Alvarez,14.3,121.0
TS,1999,24.42,23.46,26.0,26.63,27.16,26.42,26.04,25.8,25.92,25.89,25.06,24.21,25.6,General Mariano Alvarez,14.3,121.0
TS,2000,23.89,24.46,25.64,27.51,27.41,26.78,25.78,26.31,25.83,25.95,25.49,24.84,25.83,General Mariano Alvarez,14.3,121.0
TS,2001,24.57,24.95,25.86,27.95,28.23,27.2,26.15,26.35,26.0,26.06,24.86,23.93,26.01,General Mariano Alvarez,14.3,121.0
TS,2002,23.68,23.98,25.87,27.87,28.27,28.36,26.39,26.42,26.13,26.33,25.16,25.02,26.13,General Mariano Alvarez,14.3,121.0
TS,2003,23.5,24.32,26.49,29.38,28.62,26.75,26.87,26.3,26.13,26.11,25.77,23.41,26.14,General Mariano Alvarez,14.3,121.0
TS,2004,24.5,24.75,27.22,29.0,27.68,26.24,26.46,25.79,26.57,25.77,25.38,24.25,26.13,General Mariano Alvarez,14.3,121.0
TS,2005,23.58,25.38,26.39,27.99,29.65,27.15,26.63,26.55,26.32,26.35,25.8,24.25,26.34,General Mariano Alvarez,14.3,121.0
TS,2006,24.53,24.67,26.07,27.87,27.81,27.62,26.3,26.09,26.62,26.2,25.74,24.95,26.21,General Mariano Alvarez,14.3,121.0
TS,2007,24.37,24.74,26.36,28.61,28.44,27.87,27.28,26.59,26.35,25.92,25.15,24.74,26.37,General Mariano Alvarez,14.3,121.0
TS,2008,24.06,24.14,25.74,27.15,26.91,26.96,26.28,26.31,26.32,26.49,25.53,24.05,25.83,General Mariano Alvarez,14.3,121.0
TS,2009,23.11,24.76,26.56,26.9,26.78,26.56,26.45,26.99,26.34,25.68,25.7,23.91,25.81,General Mariano Alvarez,14.3,121.0
TS,2010,24.43,25.81,27.09,28.81,30.34,28.61,27.21,26.62,26.63,26.1,25.54,24.62,26.82,General Mariano Alvarez,14.3,121.0
TS,2011,23.49,24.25,24.93,26.48,27.7,26.81,26.52,26.32,26.16,25.99,25.59,24.95,25.77,General Mariano Alvarez,14.3,121.0
TS,2012,24.6,24.72,25.41,27.23,28.1,26.68,26.43,25.94,26.66,26.02,25.7,25.38,26.07,General Mariano Alvarez,14.3,121.0
TS,2013,24.04,25.16,26.33,29.21,28.77,27.69,26.68,26.09,26.3,25.86,25.46,25.1,26.39,General Mariano Alvarez,14.3,121.0
TS,2014,22.55,24.72,26.18,28.74,29.94,28.17,26.6,26.64,26.61,26.3,25.52,24.48,26.37,General Mariano Alvarez,14.3,121.0
TS,2015,23.3,24.03,25.72,28.23,30.08,28.98,27.02,27.27,27.3,26.66,26.0,25.26,26.67,General Mariano Alvarez,14.3,121.0
TS,2016,24.98,24.72,26.91,29.19,29.45,27.99,27.53,26.6,26.69,26.4,25.57,25.13,26.77,General Mariano Alvarez,14.3,121.0
TS,2017,24.06,23.88,25.84,28.4,28.66,28.11,26.83,27.21,27.15,26.52,25.94,24.9,26.47,General Mariano Alvarez,14.3,121.0
TS,2018,24.41,25.1,25.85,27.79,28.66,27.03,26.24,26.2,26.6,26.47,25.87,25.23,26.29,General Mariano Alvarez,14.3,121.0
TS,2019,23.73,24.35,27.2,29.16,28.97,28.41,26.86,26.43,26.4,26.68,25.8,25.13,26.6,General Mariano Alvarez,14.3,121.0
TS,2020,24.85,23.87,25.92,27.15,28.43,27.84,27.32,26.89,27.39,26.48,25.72,25.27,26.43,General Mariano Alvarez,14.3,121.0
TS,2021,24.1,24.57,26.21,27.66,29.17,27.65,27.02,27.18,26.87,26.37,26.12,24.43,26.45,General Mariano Alvarez,14.3,121.0
TS,2022,24.36,25.4,26.79,26.89,28.24,27.63,27.55,26.61,26.51,26.54,25.99,24.77,26.45,General Mariano Alvarez,14.3,121.0
TS,2023,23.96,24.64,25.69,28.27,29.03,28.01,27.41,27.13,27.71,26.9,26.17,25.75,26.73,General Mariano Alvarez,14.3,121.0
TS,2024,24.52,25.34,26.82,29.62,29.91,28.54,27.23,27.66,26.97,26.87,26.5,25.52,27.13,General Mariano Alvarez,14.3,121.0
TS,2025,24.82,25.02,26.29,28.67,28.66,27.5,26.86,27.02,26.37,26.62,26.25,25.17,26.61,General Mariano Alvarez,14.3,121.0
WS2M,1990,1.69,1.75,1.65,1.47,1.26,1.29,1.23,1.85,1.24,1.21,1.48,1.84,1.5,General Mariano Alvarez,14.3,121.0
WS2M,1991,1.73,1.68,1.75,1.5,1.41,1.54,1.27,1.56,1.46,1.3,1.6,1.99,1.57,General Mariano Alvarez,14.3,121.0
WS2M,1992,1.54,1.67,1.64,1.31,1.23,1.18,1.17,1.68,1.36,1.35,1.74,1.88,1.48,General Mariano Alvarez,14.3,121.0
WS2M,1993,1.76,1.78,1.81,1.53,1.35,1.01,1.18,1.29,1.09,1.62,1.67,2.18,1.52,General Mariano Alvarez,14.3,121.0
WS2M,1994,1.6,1.64,1.9,1.41,0.97,1.1,1.82,1.23,1.12,1.35,1.87,1.99,1.5,General Mariano Alvarez,14.3,121.0
WS2M,1995,1.92,1.71,1.74,1.79,1.15,1.11,1.07,1.12,1.29,1.31,1.58,2.1,1.49,General Mariano Alvarez,14.3,121.0
WS2M,1996,1.83,2.1,1.89,1.51,1.11,1.12,1.42,1.1,1.2,1.11,1.72,1.96,1.5,General Mariano Alvarez,14.3,121.0
WS2M,1997,1.66,1.93,1.56,1.34,1.49,1.09,1.08,1.68,1.04,1.28,1.51,1.73,1.45,General Mariano Alvarez,14.3,121.0
WS2M,1998,1.74,1.47,1.75,1.62,1.5,1.01,0.87,0.98,1.28,1.53,1.27,1.8,1.4,General Mariano Alvarez,14.3,121.0
WS2M,1999,1.88,1.93,1.55,1.18,0.95,1.13,1.43,1.42,1.24,1.28,1.58,1.86,1.45,General Mariano Alvarez,14.3,121.0
WS2M,2000,1.8,1.77,1.58,1.26,1.21,1.03,1.52,1.25,1.49,1.39,1.6,1.74,1.47,General Mariano Alvarez,14.3,121.0
WS2M,2001,1.64,1.83,1.61,1.3,1.1,1.02,1.49,1.57,1.32,1.27,1.84,2.12,1.51,General Mariano Alvarez,14.3,121.0
WS2M,2002,1.77,1.82,1.76,1.62,1.33,1.01,1.8,1.18,1.09,1.08,1.51,1.52,1.46,General Mariano Alvarez,14.3,121.0
WS2M,2003,1.79,1.84,1.71,1.37,1.52,1.23,1.14,1.32,1.2,1.18,1.51,2.05,1.49,General Mariano Alvarez,14.3,121.0
WS2M,2004,1.66,1.66,1.47,1.28,1.51,1.55,1.0,1.73,1.04,1.21,1.8,1.75,1.47,General Mariano Alvarez,14.3,121.0
WS2M,2005,1.51,1.53,1.75,1.44,0.89,1.05,1.16,1.32,1.18,1.14,1.32,1.91,1.35,General Mariano Alvarez,14.3,121.0
WS2M,2006,1.51,1.82,1.45,1.47,1.36,1.09,1.5,1.4,1.03,1.14,1.23,1.9,1.41,General Mariano Alvarez,14.3,121.0
WS2M,2007,1.82,1.63,1.64,1.47,1.08,0.96,1.01,1.31,1.18,1.42,1.63,1.76,1.41,General Mariano Alvarez,14.3,121.0
WS2M,2008,1.76,1.92,1.48,1.53,1.14,1.08,1.16,1.09,1.28,1.14,1.38,1.8,1.39,General Mariano Alvarez,14.3,121.0
WS2M,2009,1.91,1.59,1.39,1.18,1.15,1.33,1.22,1.46,1.43,1.44,1.4,1.54,1.42,General Mariano Alvarez,14.3,121.0
WS2M,2010,1.75,1.46,1.73,1.5,1.13,0.89,0.86,1.16,0.97,1.24,1.22,1.44,1.28,General Mariano Alvarez,14.3,121.0
WS2M,2011,1.75,1.52,1.93,1.53,1.12,1.19,1.29,1.42,1.39,1.2,1.44,1.58,1.45,General Mariano Alvarez,14.3,121.0
WS2M,2012,1.53,1.56,1.66,1.19,0.86,1.44,1.24,1.68,0.96,1.24,1.34,1.55,1.35,General Mariano Alvarez,14.3,121.0
WS2M,2013,1.73,1.87,1.41,1.14,0.93,1.03,0.96,1.31,1.26,1.17,1.57,1.3,1.3,General Mariano Alvarez,14.3,121.0
WS2M,2014,1.72,1.42,1.66,1.25,1.03,1.12,1.4,1.18,1.21,1.06,1.38,1.93,1.36,General Mariano Alvarez,14.3,121.0
WS2M,2015,1.68,1.58,1.61,1.43,1.03,1.05,1.42,1.22,1.0,1.43,1.53,1.68,1.39,General Mariano Alvarez,14.3,121.0
WS2M,2016,1.54,1.68,1.36,1.38,1.09,1.03,1.02,1.52,1.13,1.22,1.48,1.65,1.34,General Mariano Alvarez,14.3,121.0
WS2M,2017,1.79,1.68,1.56,1.26,1.08,0.88,1.21,1.13,0.99,1.12,1.52,1.74,1.33,General Mariano Alvarez,14.3,121.0
WS2M,2018,1.7,1.48,1.57,1.56,1.2,1.32,1.41,1.62,1.18,1.18,1.57,1.71,1.46,General Mariano Alvarez,14.3,121.0
WS2M,2019,1.75,1.63,1.45,1.36,0.94,1.17,1.16,1.76,1.36,1.16,1.21,1.66,1.38,General Mariano Alvarez,14.3,121.0
WS2M,2020,1.59,1.9,1.36,1.31,0.97,1.0,0.93,1.05,0.93,1.19,1.6,1.43,1.27,General Mariano Alvarez,14.3,121.0
WS2M,2021,1.77,1.5,1.54,1.4,1.35,1.08,1.54,1.17,1.03,1.32,1.35,1.88,1.41,General Mariano Alvarez,14.3,121.0
WS2M,2022,1.56,1.77,1.49,1.45,1.11,0.92,0.91,1.07,1.27,1.31,1.32,1.51,1.3,General Mariano Alvarez,14.3,121.0
WS2M,2023,1.8,1.7,1.62,1.29,1.22,1.04,1.38,1.67,0.98,1.15,1.49,1.57,1.41,General Mariano Alvarez,14.3,121.0
WS2M,2024,1.76,1.8,1.67,1.56,1.35,0.88,1.25,1.04,1.33,1.32,1.29,1.66,1.41,General Mariano Alvarez,14.3,121.0
WS2M,2025,1.64,1.71,1.64,1.3,1.25,1.09,1.74,0.98,1.2,1.06,1.5,1.43,1.38,General Mariano Alvarez,14.3,121.0
